{"message":"Aggregated IX data for Ashburn IX","data":{"nServiceId":null,"width":287,"jServiceId":null,"start":1486973100000,"end":1487058900000,"name":"Ashburn IX","in_octets":[],"out_octets":[],"in_bps":[2440.5535482133337,2273.4439769066666,2298.787983386667,2218.16641,2342.83578904,2220.406740906667,2201.314555866667,2187.7690742666664,2189.87479456,2148.3481563733335,2121.3366613333333,2065.1124998133337,2199.4645258933333,2138.0066541066667,2206.4667547199997,2366.7747320266667,2276.6406344,2376.0415211733334,2420.5538931466667,2402.5166282666664,2500.8871648533336,2542.73900968,2331.1246856266666,2436.8588767466663,2437.3855992800004,2488.056348266666,2434.0249264533336,2570.45057136,2641.9774953333335,2626.6073756533337,2641.52216264,2737.181685493333,2792.1071076,2937.1894624,2881.3761507466666,3146.514531786667,2992.0912835733334,3445.3150385599997,3500.962937946667,3699.31968928,3696.04469416,3808.2926079466665,3866.82900104,3942.737234,4008.035064986667,4062.457387546667,4166.902203306667,4221.965422666667,4289.292007973333,4374.407709306667,4538.497820453333,4806.789318773333,4798.145264986667,4920.990783653333,5038.223221866667,5100.707583253333,5134.222953093334,5352.53243528,5373.734274186667,5546.340302266666,5651.264852693333,5763.3091317866665,5894.80256696,5888.0818428,6065.835292613334,6225.704762506666,6247.232171786666,6325.92844408,6469.06076616,6456.553753066667,6554.559906346666,6843.399060773334,6781.623768666666,7105.9865081866665,6882.56018,7053.5712736000005,7079.999486773334,7226.538425546666,7292.337360533334,7483.662266933334,7457.421166826666,7562.886252026667,7630.56457168,7537.078780853333,7588.33985496,7507.656810533334,7520.758557386666,7695.676738506666,7704.6720206400005,7718.876012026667,7851.759839893333,7760.296790293334,7708.746942133334,7876.40045296,7639.256195733334,7865.948444906666,7791.9050168,7884.41829032,7857.27043784,7988.272268026667,8221.92088256,8169.929219226666,8114.374164533335,8097.008324026666,8113.900115413335,8301.916701466665,8127.785214373334,8062.282985226666,8049.531156933334,7932.48978272,8236.524246026665,8246.519054693335,7908.933310933334,8315.668366586666,8304.382732106666,8229.491792613335,8463.117468800001,8208.680973333334,7901.511919786666,8278.00530504,8065.906287306665,8001.971026506665,7898.200234399999,8055.40082152,8021.496428053334,7948.251848293334,7738.96515528,7970.028844026667,8136.694137226666,8381.365849973334,7875.308009439999,7917.075860106666,7883.281671520001,7570.386355253334,6279.71689616,6417.364655626666,6221.25593552,5911.9094772,6062.823682533333,6171.302232746666,7714.050741626666,7962.512828,8038.488459439999,7609.9383408,7799.881767466666,7831.69863264,7823.354397706666,7700.07710816,7895.96206608,7926.932383653334,7884.349994453334,8252.89462344,7925.13936816,7766.6659064,7804.16919848,7870.398737013334,8342.886238533334,7818.59850448,7819.69717608,7842.4147868266655,7927.52487784,8238.181012906665,8057.111833333334,8097.91616512,7631.621688026667,7902.318007600001,7765.255832693334,8089.729898533335,7626.786712373334,7398.147819813334,7424.964597253334,7354.552664053334,7627.196584586666,7362.882721093334,7503.59120432,7668.00525592,7429.79999288,7444.47931272,7403.493994133334,7081.75691776,6946.750439066666,6659.80781768,6743.7191391999995,7348.475775466666,6695.020800560001,6786.120476426666,6619.583351386666,6349.22949904,6561.001831733333,6666.659834453334,6528.380792293334,6611.3957681599995,6452.64911208,6451.46552168,6836.17574992,6801.12268208,6755.922545893333,6847.669521119999,6737.11854384,7182.764253066666,7012.196133146666,6925.2417026933335,6958.0356432533345,7108.832531333334,7323.895095093334,7186.053100186667,7112.032131520001,6965.71727304,7149.314127493334,7403.16737152,7611.055245466666,7217.6871371199995,7229.9335988,7269.317947573334,7297.33441416,7568.814971546666,7445.87302056,7420.925554026667,7485.207133706666,7415.17284472,7259.0924512,7483.82380304,7313.307766826666,7546.07693696,7350.954100986667,7365.247429466666,7425.44959112,7216.717240586666,7223.0725095200005,7212.843315173334,7128.50534696,7219.6730207733335,7119.951150746666,7122.08381776,6990.498557973333,6723.980029333334,6828.464922373334,6769.5642122399995,6487.769318453334,6371.3720571466665,6325.081930186667,6227.238928,6194.942771653334,6136.196136426666,6026.6611436,5899.407448186666,5736.0062252533335,5938.166086853334,5468.094404613333,5323.901460293333,5081.463221466667,5083.455605866667,4868.020951733333,4616.224704,4459.844062933334,4381.70052792,4313.137463626667,4314.565397626667,4080.5719766133334,4163.2352425066665,4079.551574026667,4107.673332746667,3853.205366986667,3791.9607713600003,3651.1423268000003,3630.871310373333,3550.0519765066665,3425.218333786667,3328.876652746667,3345.751660186667,3294.675652853333,3382.928323893333,3081.245191306667,3154.360947946667,3123.0242822933333,2882.32645736,2878.8688403200003,2763.2538247733337,2699.0598570399998,2707.5904028266664,2691.910813093333,2583.5015446933335,2711.46917776,2539.7245994133336,2471.582926346666,2437.48593824,2469.7286508],