{"message":"Aggregated IX data for Ashburn IX","data":{"nServiceId":null,"width":263,"jServiceId":null,"start":1503417900000,"end":1503496500000,"name":"Ashburn IX","in_octets":[],"out_octets":[],"in_bps":[13556.926260346667,13550.816080426666,13462.336797173333,13433.29871816,13597.047504,13688.832743306666,13657.358636826666,13922.591884026664,13721.206007653334,13623.411124826665,13643.718855093333,13400.890049173335,13964.962853146666,14146.674399360001,14085.189023973335,14216.883126053335,14176.815589253334,13737.827542373336,14159.968568799999,13833.389419973335,13948.930233333334,13890.747226186666,13754.40767872,13532.911252613334,14024.19787344,13951.06623392,13941.933013146665,13824.679589013334,13949.706222026665,13810.62441328,14132.529189893336,14092.911422053336,14133.385219573334,13958.306486853335,13926.493139573333,13680.652644693335,13911.521495813333,14044.617387946664,14056.15124776,13981.036560026665,13990.792836879999,14002.042354906665,14169.583667386665,14285.802331866666,13980.397880053335,14053.1197584,13919.027270293334,13748.663243653333,13998.797914613335,13699.536236586666,13477.04496672,13805.870246026665,13852.51423552,13573.60012496,13685.829110266666,13693.821158453335,13554.879729013333,13926.605934959998,13392.61566728,13524.12503184,12960.372909493333,12904.079967200001,12880.565574293334,13121.358130853334,12949.690881466666,12878.12521136,12627.435580399999,12507.447521573335,11728.952943653334,11915.9946504,12083.403056453335,12036.022413866665,11744.322062266667,11617.100178853334,11757.51919008,11420.932695546666,11700.49941656,11615.154086613335,11534.469088773334,11102.514024346667,11348.326916773334,11421.092931546666,11673.88926944,11504.406221706666,11434.267163946664,11747.574294986665,11666.81601016,11710.083934613334,11605.842173973335,12177.863379146665,13566.226626826667,13879.810483493335,14038.90892056,13957.971837946665,13909.532460293334,14095.346417653334,14052.247076799998,13823.871923893335,14219.287867306666,14060.442919120002,14273.602307680001,14198.73290816,14165.087957866665,14594.770608773335,14349.2268256,14494.027512746667,14413.353542453335,14424.381131066666,14849.431401306665,14874.533432826665,14725.402297786664,14751.362080853334,14888.531334186666,14592.553632,14736.139173893336,14718.593581173334,14741.436865493333,14498.131329546664,14441.19610176,14351.953181653334,14186.415975413334,14291.244424746666,14173.339536213334,14148.942355653333,14062.65408024,13680.06113592,13715.668782773335,13685.300567733333,12947.631811626665,12018.413034293335,11578.399855893334,11842.898525413333,11156.359491973335,10600.917917653334,10393.672987093334,10126.028042026664,10068.58286456,9823.736154986665,9702.0365396,9448.107323733333,9372.961405253334,9250.740880613335,9061.218272613334,8840.659374613335,8443.446355306665,8232.50082328,8101.2261769333345,7837.843391173335,8204.96790544,9548.033502373335,9867.80242416,9646.149879813334,9445.809020346667,9194.612030479999,9329.18378936,8885.7188868,8619.387982906666,8795.147850613335,8517.58523496,8288.8199548,8201.146644800001,8006.5036258400005,8163.109258506665,8158.86055144,7608.88656112,8012.9141033333335,7339.04448288,7332.156330186666,7558.182284026667,7483.443161386666,7417.765845173334,7026.7012808,7188.88329488,7216.51038624,6860.10013216,6712.58296216,6598.0413744,6694.051898,6828.460109680001,6587.1078644,6711.623019866666,6887.1425265866665,6581.652970986666,6604.95233584,6519.965366853334,6257.605498133335,6275.077888986667,6283.348846373334,6294.989878,6276.408243333334,6682.495969359999,6700.479722133334,6739.90561488,6636.775852293334,6002.06382192,6111.378344186666,6153.687326826666,5887.131109013333,6061.0286533066665,5976.304336293334,5881.028158586666,5859.889213253334,6055.229534213334,5999.29319632,6424.72279328,6174.51814544,6163.06655568,6293.330423173335,6494.045838613334,6372.021874613334,6677.831719173334,6610.629284373334,6469.328397946666,8702.184168346666,6535.57637272,6745.21118456,7295.572728239999,7341.58748096,7438.49753176,7443.795296266667,7430.41754032,7342.208571306666,9392.710094613334,7572.839070586666,7640.034742613334,7779.424249413334,7822.9787571199995,8112.854419733335,8531.371555173335,8477.388432346665,8756.312306293335,8942.565134666665,9522.808301706666,9152.565245306665,9841.93872752,9674.939865813334,9845.325963866664,10128.570994346666,10540.498726959999,10948.416847466666,11348.977093306665,11531.986595226666,11803.026702506666,11855.274708986666,12089.869523786665,11971.28411376,12423.57283536,12300.993731306666,12924.724424906666,12849.301838933334,13161.803797440001,13605.422538933335,13901.006968266667,14206.911480746667,14066.375864533335,14432.420040906665,14505.66444024,14850.856915226666,14628.644735653334,15096.282145680001,14780.97480224,14722.410049546665,14889.325501866664],