{"message":"Aggregated IX data for Ashburn IX","data":{"nServiceId":null,"width":288,"jServiceId":null,"start":1476843000000,"end":1476929100000,"name":"Ashburn IX","in_octets":[],"out_octets":[],"in_bps":[752.77973808,733.2656629866667,700.1501318400001,779.06951496,785.75969528,737.0310465599999,745.5150410133333,762.8622122133334,782.8267148533333,746.5727122133334,732.2876469600001,743.8042577333333,700.0586838666667,695.26072336,671.8034922133334,644.0954127733335,663.7764314933333,623.0810046933334,608.9029217866666,614.4954504266666,590.84144672,612.2771220533334,623.8412908533334,554.9390085066667,485.6314738933333,488.95514383999995,526.30421936,531.5516010133333,504.86519418666666,701.4442973600001,547.2632162133334,511.8510598666667,476.7492320266667,484.57938317333327,457.23610256,481.0917007466667,448.0770259466667,546.80425392,540.9383394133333,435.2229715733333,450.2648330933333,437.33364528,409.54351504000005,405.76101744,375.78479656,390.51368352,393.0120717866667,383.94964989333334,365.7648918933333,396.5864396266667,341.07450749333333,349.59648906666666,362.3494910933333,339.57158978666666,323.3312764266667,341.34220432,342.48258018666667,334.0663374666667,321.3027890133333,348.1700598933333,350.0423354933333,342.79987250666665,325.65492357333335,308.1509671733333,315.35616216000005,362.12163776,304.7335745066667,330.78917648000004,331.403312,339.9553465066667,317.6465889066667,343.5500478933333,338.4431908266667,319.5223708533333,357.5879182133333,348.4325885333333,351.1491599733333,370.73946613333334,343.3653711733333,339.5954592,332.3831589066667,369.85371760000004,407.4724003466667,427.1991245333333,397.0510179466667,417.48482368000003,409.5210146133333,431.69384525333334,405.1580904,419.53399176,406.23323557333333,452.2598226933333,475.22472224,476.8406614133333,476.7156592266667,494.0371339733333,452.49160112,466.28358527999995,451.01860074666666,473.99043488,459.6476366133333,494.2184952,465.2959522133333,511.31079426666673,497.6592014666667,472.4309648,475.70080464,551.15983696,520.0617126133333,521.7295527733334,581.2552471466666,538.9785786933332,540.44101616,573.8172735733333,558.4554291466667,569.6479258400001,551.4946489066666,562.2541941333333,634.0691354666666,709.62200112,638.15490864,577.8963942133333,644.76523552,732.72977712,667.7777528266666,660.56758392,654.8987743733334,641.3348992,641.5932666133333,675.9936098933334,676.13855344,688.2158058133334,699.4919494400001,675.0589292533333,674.2844139199999,706.1926414933333,733.3736172,832.0632620533333,826.6182405599999,766.65797336,750.3469006666667,968.1011657333335,848.3405949600001,822.73018376,739.3991897066666,809.0089490666666,819.98437368,716.42307264,762.3251549866667,751.22177128,726.7519918666667,758.61137696,734.0936251466667,720.4867649333333,697.90495864,763.2436552,737.1691728533334,758.011234,787.2025171466667,779.86389176,741.5769536266666,805.0799054933335,791.2157445066666,858.96541384,763.2241274666666,749.6635585333335,815.4400029333334,777.7463846666666,808.55722176,805.9340271466665,806.4988504533335,818.0420251466666,777.1240084266666,880.19359488,853.2561591466665,819.77557656,776.1187121866666,787.4040859466666,803.4714048266666,781.0458426666667,872.1670001866667,942.4812538933335,952.1658908266666,951.0539844,969.48583,884.4621691733335,927.3642039466666,977.45986464,989.5360816799999,979.8933348266665,908.06435624,958.0857575733334,1059.6860441333336,1049.7375601333335,929.63838976,942.9973966666665,913.3787882400001,965.2390698133333,964.3096819466666,946.4242489333334,934.7862667733334,950.5115274666666,965.0877668533335,1060.5439930666666,1008.5470201333335,1048.31341344,1004.6505409066665,1042.6479049866666,943.5227707733334,983.4065127733335,894.3517619466666,944.3362603200001,908.1571983733335,925.46379488,881.43190192,876.49516984,893.9745445066666,928.2100742666665,915.82292136,853.0103765333334,880.6926620533334,863.71307736,948.4386234933335,963.4092632533334,865.76194864,815.0631073333335,811.5560103733335,767.3043099733334,749.69677112,739.22110704,903.6850497066666,859.3397220266665,884.1107962933335,927.03700488,901.1347551733334,845.5919140266665,825.22026872,840.2751533866665,813.133652,847.8410930666666,813.2805974400001,797.7738959466666,774.2125019199999,772.4260460266667,857.1564609333334,879.4117384,800.7107904266666,834.07454504,835.5010245599999,785.8566533866666,770.8884786133333,814.9360733066666,787.85335824,813.5129717866665,788.1295868266666,745.57256552,791.0779821333333,792.9820864533334,769.4791995733334,784.8469465066667,800.1016682133335,755.42106584,928.7949157866665,811.71721344,793.1301795733334,802.8341974133334,792.4715061866666,899.9931628533335,1009.01304504,846.9829291466665,809.6109021066666,834.22095632,826.3522576,829.8131135466665,826.7121811466666,866.2584458666665,896.85712168,915.4717025866665,906.8733040266666,893.36514176,892.0719239199999,895.2132920266665,931.6035375733334,893.2869519733334,928.0585962133335,988.3224721066665,914.3223285333335,955.9447196799999],