{"message":"Aggregated IX data for Ashburn IX","data":{"nServiceId":null,"width":287,"jServiceId":null,"start":1505894700000,"end":1505980500000,"name":"Ashburn IX","in_octets":[],"out_octets":[],"in_bps":[4257.9549697600005,4217.129326506667,4137.969894613333,4120.396813493333,4081.9833154933335,4181.980839013333,4243.803204186667,4353.248383466667,4206.4651601333335,4234.602557093333,4184.667450293333,4275.29562824,4473.084295493333,4550.7417797866665,4554.5751234399995,4661.0151388,4632.81960712,4704.031911946667,4724.893806533333,4781.142878479999,4830.794569093333,4912.5900531199995,4997.0748237866665,5235.804631893334,5433.020909093333,5498.807392533333,5498.1807240533335,5696.3895624,5806.573584,5896.734973493334,6224.1013148,6074.606548586666,6173.4158276533335,6822.2192211733345,6595.926388773333,6672.228281653333,6759.845877199999,6787.940997893334,6858.487967573334,7028.4621862133345,7211.258697253334,7320.374450426666,7546.470013813334,7876.243603013333,8659.847469413335,8014.1231851466655,8033.113058133335,8218.85466416,8445.710941973335,8693.88183208,8746.554826693335,8951.928631280001,9158.997872133335,9042.135817333334,11572.46953944,9493.586545573333,9581.672512719999,10891.267686373334,10016.767374613335,10023.643983040001,10649.152371946664,10834.867105866664,10965.9272332,10778.487360106665,10987.733773200001,10973.902528346667,11299.352831013335,11457.953708506666,11523.03199144,11474.607024933335,11541.245232746665,11853.971034453334,11725.57410392,12269.305774479999,12294.1139712,12407.674436933334,12212.020349306666,12301.121310826666,12235.127596106664,12112.173934613334,12381.104898239999,12599.36958312,12560.715126,12245.465955626665,12652.557407786666,12620.284338399999,12295.616516373335,12142.53208128,11790.124300133335,11855.304187066666,11982.730992453335,11904.222369733334,12025.693941146666,11981.935785493333,11821.9411728,11787.01868744,11759.819351893335,11785.373645733334,11798.206976053336,11644.829664026665,11797.145184879999,11871.494586693334,12525.83169552,12911.14166832,12475.75746256,12752.109326106665,12539.74547056,12384.278127093334,12784.0736368,13449.123634346666,12402.17154968,12191.39553368,12386.03230648,12500.317718773334,12679.674932373335,12613.106193866664,12709.250878933335,12518.712217040002,12417.556469626665,12606.796888186667,13048.819572773335,12900.258431626666,13058.012413893335,12896.4035724,12778.571689626666,12288.201464506667,12960.925690693335,12812.624841840001,12756.518242186667,12844.083986746666,12571.045772853335,12125.709411200001,12498.098310613335,12753.272452773335,12762.865374693334,12837.111939546665,12392.288613706665,12433.10988704,12646.179971893336,12949.538792133335,12825.866244933335,12843.3950824,12874.718792799998,12939.74928616,13214.240789520001,13229.154036133335,13296.243079546664,13126.12764144,12725.085943413334,12550.75705416,12664.089886453336,12842.552051120001,12860.89548728,12856.38444512,12626.986861333335,12492.775386559999,12302.898079706665,12611.72463128,12401.444592746666,12402.834421466665,11982.321055173334,11954.6757316,12024.319226213334,11813.874876959999,11803.451921360002,11656.579836746667,11505.947249866666,11601.18838784,11194.252060826666,10940.16765032,10893.51052208,10782.482810266667,10657.62429048,10773.697603626666,10768.47193856,10766.430827786666,10791.950821253335,10754.16792264,10648.046172933335,10458.312765546665,10578.710489493335,10392.626962293334,10310.826658639999,10446.238674906666,10420.865021200001,10519.079505466665,10512.142167760001,10336.589955200001,10539.637495626665,10785.330456133335,10806.006611653334,10815.667026133335,10670.965788666666,10470.192090986666,10597.718117306666,10722.475256213334,10717.32917384,11048.833951093335,11120.068118453335,11067.65797968,11161.460922986666,11135.777427733334,10991.53961768,10951.443841493334,11209.99267408,11097.795484746666,11396.837763520001,11190.73875064,11265.515177786665,11245.018134079999,11181.63277448,11017.256933706665,11162.309197066666,11239.992926,10978.263796746665,11138.562206346667,11023.253123653334,10945.95858144,10701.885243946665,10919.29919672,10705.415111706665,10826.641919386666,10525.80390992,10524.064788213334,10511.969920933334,10241.93976176,10112.786183173333,10046.173060986666,10018.364208906665,9797.275385573334,9633.428876693335,9506.339136826666,9478.597906879999,9357.875083386665,9184.372133626664,8678.460337333334,8597.933148346667,8631.123271626666,8247.559474773334,8346.86282232,8059.701634533335,7828.395781493334,7854.18557816,7542.88312096,7302.044970586666,7095.629357733334,7126.990590693334,6928.66628048,6805.949350106666,6597.257129653333,6451.59808968,6431.97141848,6559.969416213334,6256.115831813334,5961.744628186667,5856.332757146666,5938.3281829066655,5875.59414184,5686.616017439999,5733.603829146667,5511.78533912,5619.8321762666665,5445.947073973333,5393.92536456,5280.18811584,5284.565667866666,5511.825444906667,5313.864216933333,5265.20405512,5354.335910693333,5159.77636296,5081.027900026666,5024.2719120266665,5120.958610666667,4935.12970744,4924.58257736,5031.9137096800005,4639.959012853334,4609.35260072,4701.331302053333,4652.028069066667,4633.135146479999,4531.11447088,4491.047041626667,4291.746249413333,4319.939587066667,4316.27617912],