{"message":"Aggregated IX data for Ashburn IX","data":{"nServiceId":null,"width":286,"jServiceId":null,"start":1503993900000,"end":1504079700000,"name":"Ashburn IX","in_octets":[],"out_octets":[],"in_bps":[4327.15647272,4217.028703093333,4262.37467272,4236.33968456,4191.245873706667,4198.527720533333,4167.947328053333,4383.434878720001,4258.22960808,4383.422890693333,4397.1068696,4344.124292133333,4466.845752906666,4491.201734426667,4598.47091168,4858.87353376,4661.87471304,4605.59286368,4592.48273136,4606.416974,4633.81576792,4817.33686176,4958.725646906667,5155.31071,5351.643067893334,5286.561958266667,5362.76386824,5532.770205866666,5822.569326693334,5899.247510346667,6057.11483832,5958.42749008,5974.64643512,6237.921161733334,6438.027590693334,6555.608321653333,6553.7268248,6636.974007626666,7020.705049439999,7195.572279973333,7232.12778216,7307.215969893334,7273.699304613334,7513.237580746666,7694.573284133334,7962.53390888,8038.225660613335,8210.475785386665,8517.079113253334,8532.47417264,8627.87092816,8886.535156426666,8884.496273706665,9064.595430186666,9293.94684384,9266.647563573333,9423.150489866664,9612.907402506666,9718.630498213335,10286.744508533335,10677.509103653334,10667.685366426665,11019.94983528,10946.804011146665,11121.226562906666,11119.4814036,11360.84212256,11424.053443786665,11577.452242746665,11636.522835813334,11561.904221386665,11705.99601552,11987.690508346666,12140.254811013334,12400.60316584,12180.094989866664,12450.30204824,12277.259128959999,12129.563089173334,12331.032969386666,12161.227892826666,12244.249239013334,13251.504542933335,12109.913593973335,12793.229736213336,12899.9249284,12866.072430453334,12748.800141173335,12574.98349584,12218.560691546665,12481.387221146666,12490.806766053334,12443.665104293335,12153.627764,12278.203941706664,12385.918510559999,12458.573170133335,12543.67257272,12598.5590632,12537.244427066666,12653.623728186667,12446.455299973335,12536.432565546666,12884.394352399999,12910.320742133335,12706.194519253335,12555.213046506666,12590.308387893336,12973.15938648,13103.315379360001,12931.302883706665,13005.797461173333,12648.912714186667,12703.88093088,12808.92614664,13188.60391592,13118.683291653333,12979.381535066666,12857.643316826667,12785.527184186667,13025.0207104,13330.385728346666,13222.975224639998,13410.993013706666,13002.795153946665,12959.178413253334,12975.449832986666,13331.75459408,13227.152409866665,13013.330843946665,12856.36403432,13025.95181456,13208.558374639999,13443.520089466665,13328.774669306666,12995.664985200001,13078.50065608,13011.7680128,13046.24961728,12935.984308879999,13075.214904346667,13083.798770826666,12870.388477573333,12796.895691893335,13050.279117066666,13273.0882604,13380.9120804,13303.342347546664,13225.90239544,13140.58959512,13314.013484613335,13299.19048952,13149.377054613335,13057.544754666666,13159.75380096,12987.978370586667,12815.89150896,12346.702991466665,12189.063966853335,12334.641553946665,12353.780473493334,12297.758650239999,12264.074182346667,12178.065042826665,12191.403485973335,12094.6524152,11767.293315786665,11803.319944426667,11835.713815306666,11632.954770693335,11866.430570133336,11491.55322736,11580.967061066665,11616.260380959999,11403.781467013334,11058.12865176,10992.83638144,11296.678890826666,11291.51817032,11299.58273808,11419.849396293335,11389.207683546665,11441.062037173335,11375.178135013335,11590.826711813334,11496.691723626665,11484.273662026664,11544.4889804,11753.2283136,11886.307450373335,11473.260287093333,11345.479750373335,11421.20568992,11338.363320826666,11553.29684272,11485.317245893335,11495.795173413333,11614.332043813334,11417.096499973335,11499.537652746665,11514.030047973336,11908.35040216,11584.157289280001,11794.676277386665,11731.988661866664,11805.572903386665,11967.965497066665,12230.027901706666,11950.538133413334,12035.731394693335,11799.05548392,12080.383376853335,11958.641766053335,11939.891657706665,11822.680364613334,11494.034339653334,11721.185511973335,11670.44934016,11635.71067008,11424.582255013334,11477.477718213335,11394.212458453334,11026.249930639999,10916.234343200002,11016.955569786665,10966.68904192,10792.502883573334,10475.78098968,10282.303490853334,10234.928989573335,10375.898815440001,10019.513893813333,9830.31908952,9733.5464372,9566.998384346667,9321.5422764,9108.018270133334,8904.429859466665,7403.600999413334,6058.604615706666,5862.385404986667,5485.753806826667,5368.267746266666,5267.874872373333,5103.798748426667,5039.808492586667,4996.356464506667,4830.48243352,4682.753253146667,4613.813541093334,4412.484512026666,4302.828708293333,4226.3252464533325,3994.7167452,3920.663671866667,3838.8355969866666,3804.9125688000004,3711.409869626667,3573.776881626667,3420.73574272,3373.774807306667,3292.39275624,3279.18438664,3207.210698,3153.712330026667,3022.39075296,2937.437192613333,2949.986302026667,2844.5595356,2817.9211741066665,2783.3828866933336,2779.93918536,2608.8419833333337,2722.07980688,2659.3317085066665,2612.1226556266665,2504.9124126933334,2457.41825352,2462.80213128,2400.3250710933335,2525.9626978933334,2496.70236776,2432.182910533333,2347.89269368,2337.5330141333334,2369.3816282933335],