{"message":"Aggregated IX data for Ashburn IX","data":{"nServiceId":null,"width":286,"jServiceId":null,"start":1498205100000,"end":1498290600000,"name":"Ashburn IX","in_octets":[],"out_octets":[],"in_bps":[2746.6208082666662,2666.1027031466665,2760.2066628800003,2854.4845062133336,2834.09557448,2839.4347524,2865.5735596,2876.7784377866665,2934.619570906667,2943.733622906667,2914.112342746667,2879.67437616,2957.5524269333328,2992.41163048,3000.9849391999996,3036.92093064,3076.9732542133333,3175.1973766933334,3254.52515288,3277.101015653333,3332.245399813333,3329.44647752,3425.4629543200003,3487.2558757600004,3667.713886853333,3743.164661786667,3945.709678213333,4030.08229088,4107.442619706667,4186.491007893333,4326.422984106666,4401.417194026667,4521.198097173333,4662.472659146667,4799.959697439999,4932.675538613333,5090.7333535200005,5101.5731892799995,5251.461145733334,5476.55342608,5635.225759733334,5776.34217472,5919.736821946666,6081.40143016,6252.34745648,6362.404619626666,6441.772595813333,6576.704450186667,6686.403547653334,6854.2214506400005,7024.723266026666,7193.630280026667,7338.1787987200005,7519.190055226666,7519.441574933333,7638.37068672,7880.7241718666655,7865.170497973333,7948.923251893333,8097.164296826666,8227.632875199999,8407.683456693334,8580.941042693335,8431.92732104,8582.466020746666,8669.268164586667,8894.65367896,8929.906428773334,8769.38908632,8804.638032026665,8951.38211784,8813.572419866665,8984.355728533335,8928.6683692,8965.832819386666,9038.93692376,9068.60380504,9037.076695706664,8579.19329632,8904.53258808,8925.404066559999,8415.202835466665,9007.632603546665,8968.781589973336,8594.00118272,8612.778791306666,9096.587844506666,8845.449238373334,8425.58570672,8960.725036453336,8937.268903600001,8606.291330106666,8641.744523013334,9062.730849386666,9104.2501648,9047.386056933334,9036.56129856,8943.541131706665,9009.266883866665,9056.465604133335,9160.673693333334,9127.33986584,9218.983942879999,9105.2951548,9096.350548986666,9094.351510053335,9240.759740106665,9149.407066426666,9133.509597066666,8834.154427360001,9007.118069146665,9118.864335600001,9215.8330744,9198.469430373334,9332.180777386666,9132.948693893335,9251.530875546665,9355.127460986665,9340.086204746665,9191.77581016,9162.166131093334,8959.569166906665,9233.98661616,9295.08171232,9239.99896984,9152.832481813333,9164.79591104,9155.474388506665,9222.720282346667,9192.303208773334,9314.86361224,9140.302040586666,9078.662381626666,9312.453281866665,9424.509498533334,9381.304002106664,9434.70631112,9318.662756293335,9396.494321866665,9466.098950426665,9613.758824613335,9605.096517013335,9446.722414453336,9492.090529493335,9318.102624773335,9285.866869813333,9424.968385786666,9412.973655306665,9228.146525706665,9155.713554133335,9094.636123066666,8957.950024666667,8902.43843928,8946.881812666667,8859.56861592,8799.318411706665,8570.752709546665,8579.468302586665,8577.30674344,8498.905263413335,8538.532878293334,8511.68317408,8576.594089706667,8372.872939359999,8394.540521386665,8197.363585520001,8184.819100213334,8071.172020213334,7972.8646369866665,8255.775114053335,7975.077486053334,8111.4980371733345,8035.28347904,8067.84841416,7907.636054026667,7879.43749576,7643.560033306667,7747.348855173334,7680.418974906665,7716.291638346666,7632.21651768,7660.2889372,7928.852017253334,7687.175683546666,7606.517851653333,7683.870666693334,7775.91379784,7714.104117013333,7762.13736904,7658.485625066666,7689.72538256,7749.111948693334,7771.787408853334,7691.67406728,7898.305221013334,7904.381607893333,7976.443653466667,7947.805109306666,7983.62291592,8059.97850544,8012.786596266666,8042.56210432,8102.055133253334,8014.02268928,8122.2929208000005,8241.61629656,8362.521925386665,8427.583248613335,8387.0883304,8549.57535784,8543.39877176,8510.29545576,8368.936114106666,8438.915801893334,8457.130563226665,8468.750613813334,8396.96606224,8403.43292352,8462.649125093334,8479.67710992,8426.98619136,8285.77625784,8233.35350888,8298.208914933335,8113.695392746666,8019.993262266666,7936.9645146933335,7863.468073093334,7774.611380426666,7692.303085466666,7664.249817093334,7882.569619013333,7829.453979866666,7514.53143152,7433.81688136,7321.4849384,7222.701962506666,7174.061173386666,7056.57102992,7048.79279984,6749.974653813333,6511.125154746666,6438.35813064,6553.791830746666,6248.635445706666,6180.150429573334,6064.166567546667,5919.607586613333,5890.594021226667,5750.614083866667,5591.138396133333,5591.8351602933335,5486.758056479999,5422.725780479999,5321.142734266667,5076.585747866667,4967.15764536,4847.859209386667,4745.019787066667,4705.653570773334,4774.724494773333,4575.74649624,4517.651791146666,4366.069935439999,4302.224742506667,4177.14085016,4145.065299973333,4039.722048586667,4220.869016053333,3927.0790802399997,3756.995944,3594.1555294133327,3538.9888294666666,3494.0179104266667,3486.17798448,3336.950333973333,3346.6012679466667,3409.6585424,3226.528570373333,3188.9507149866668,3102.97260104,3008.247761706667,3034.284353973333,3009.602838906667,3007.13629376,2877.7548348],