{"message":"Aggregated IX data for Ashburn IX","data":{"nServiceId":null,"width":287,"jServiceId":null,"start":1509422700000,"end":1509508500000,"name":"Ashburn IX","in_octets":[],"out_octets":[],"in_bps":[5792.15663624,5439.502820906667,5334.656833226666,5305.0489909866665,5389.805992986667,5084.5301291999995,5109.141605146667,4916.599121146666,4632.03438416,4549.886956186667,4529.544361413333,4455.678010613333,4514.446150426667,4402.08808304,4320.698721333333,4332.406187279999,4047.9640516,4032.225592826667,4147.24158944,4031.296720026667,3765.7968405866673,3793.243969786667,3655.214622746667,3606.938028506667,3749.95138056,3972.0053261599996,3837.4690535199998,3905.78566504,3861.1777326133333,3692.177714293333,3587.711547146667,3577.337178453333,3437.053889653333,3558.7609950133333,3379.661592933333,3408.661035226667,3506.167828986667,3379.0737268000003,3543.424804,3508.806448026667,3376.8155247199998,3305.971519813333,3277.6008649866667,3342.2274208000003,3203.193900906667,3287.360761333333,3334.2163713866667,3382.5456698400003,3154.9334079200003,2990.058206293333,3245.917080986667,3351.517603866667,3228.9723354666667,3241.456624266667,3353.5124157866667,3452.2033360533333,3412.489064053333,3387.5505550133335,3301.270659866667,3316.225929813333,3511.30647992,3590.94615504,3669.08015384,3756.699116453333,3648.35190456,3854.1499997600004,3620.22446352,3667.56641936,3786.034795226667,4091.23040896,4066.975019573333,4066.435349066667,4396.2119938666665,4192.975645760001,4247.298818453333,4463.87791104,4382.476572666667,4424.7449392,4612.090624,4628.455377253333,4716.811750933333,4739.023212533333,4877.16416632,4951.167455466667,5242.182779626667,5308.274325066666,5466.488476853334,5697.111511946667,5684.811513333333,5746.2553172533335,5949.260392346667,6069.023614053334,6153.6885576800005,6639.58293808,6720.52626616,7022.092574826665,7342.832133973333,7369.394223066666,7740.01455096,7776.649762586666,7776.423537946665,8035.62975416,8072.244569413335,8306.7084348,8458.650168853334,8620.330611093334,9039.340884959998,9179.87436656,9861.531061653333,9747.842017386665,9958.180015786666,10118.467401226666,10011.57673552,9915.026977226666,10396.529048746666,10324.104683013335,10695.585251786664,10593.186437573333,10252.345877706664,10407.534475040002,10995.30968384,11100.581699013333,11231.193072586666,11220.744603226665,11175.476323813333,11048.47182584,11371.528466746666,11115.515552213335,11085.556761973336,11286.807869786666,10980.003276399999,10954.96194192,11308.90525208,11433.76740928,11172.762384826667,11090.335308506666,11196.080095786665,11152.414913653334,11364.911944293335,11392.066649706665,11337.054910159999,11183.09897016,11234.117273413334,10893.429190693334,11249.404106693335,11245.795618,11095.573173146666,11234.340705013334,10825.562048986665,11314.476501680001,11175.613188186666,11336.830534346665,11416.815326933334,11168.408670853334,10971.058720773335,10754.27566664,10610.451526853334,11092.033419306665,11132.969392186667,11367.634672506667,11694.624384186667,11595.12565824,12090.221986879998,12076.585037946665,11896.394700053335,11544.70350072,11328.543964826666,11406.548730666666,12139.588496666665,11351.22805144,11479.876452479999,10986.596735893336,11575.35670104,11381.1224992,11982.05521984,11837.556347626665,11893.141649866664,11501.285502373335,11256.106679733333,11314.042365626665,11566.793411493334,11577.190469466665,11930.085415573334,12302.581742986666,11651.129037226665,11361.784340666665,11232.69750976,11236.847623333333,11249.0048188,11044.42250024,10976.14761768,10783.628588053336,11123.586981280001,11202.241963120001,11138.033501200001,11053.571026053336,10970.012095146665,10961.196593493334,10968.605813786666,10619.232846719999,10461.96925904,9790.167549066666,9764.31364032,9942.665349093335,10041.308247973335,9727.639254373335,9794.877477626665,9603.229226106665,9385.164917386664,9448.26719552,9398.392578826666,9114.762593200001,9256.531408826666,9128.1655048,8910.960862533335,8865.47141832,8816.1850152,8911.740854693335,8856.144263600001,8940.03423856,8799.029186693335,8559.82857776,8583.062604666666,8613.839668186667,8439.334219866665,8435.819379253335,8199.77420912,8129.4056684,8476.116013573335,8456.096107226665,8424.791503333334,8389.804346266665,8233.03482728,8145.99891704,8147.826592906666,8218.206743466666,7981.585607973333,8169.663936533335,8263.362253386666,8286.673820186665,8131.990329973334,8282.987213546665,8589.631614079999,9017.7100536,9074.075052346667,8903.2077376,8890.45458512,8942.641405173334,8852.62012352,8891.457242026665,8747.880486346667,8846.559088106666,9189.09476528,8985.270123066666,9176.53528784,9267.6339944,9109.318936586666,9181.898026453335,9115.951819466665,9050.293701493334,8749.729508293334,8965.093145253333,9025.649090373336,8853.939982026664,8885.164531040002,8884.08470752,8716.282686426666,8572.99958312,8366.624737733335,8353.35794272,8302.55311416,8155.83646024,8063.3693068,8089.467832213334,7737.15055808,7734.642981066667,7720.089644693334,7492.744955333334,7323.54114904,7405.376060666666,7054.962186533334,6964.656401573334,6846.771428746666,6620.501743946666,6696.36257496,6517.7952328,6300.42196408],