{"message":"Aggregated IX data for Ashburn IX","data":{"nServiceId":null,"width":287,"jServiceId":null,"start":1509753900000,"end":1509839700000,"name":"Ashburn IX","in_octets":[],"out_octets":[],"in_bps":[10632.367128506667,10257.58270856,10454.790897280001,10433.860659386666,10625.162291733333,10521.127863493333,10406.908012,10247.7505112,10289.170092133336,10166.60702288,9974.58809888,10119.546746266666,10363.024434746665,10203.221074986666,11166.4574284,13451.715595466665,13748.674007706664,14078.397559893336,13756.531702666665,13589.56715848,13467.834531333334,13816.4159736,13849.334991493333,13614.691352799999,11341.315626239999,10034.624220959999,10047.383892959999,9872.311857146666,9857.968056239999,9885.893403813334,9700.201813306665,9616.62263648,9466.534126506665,9405.49326744,9267.939166613334,9296.418096773334,9443.622353013334,8946.27300872,8918.808012773334,8645.552916586666,8602.031341546664,8519.661529013334,8782.52970824,8194.741786506665,8245.642664346666,8068.00844304,7922.911085680001,7770.16370776,7386.14876304,7242.855709840001,7432.046913306666,7412.07051064,7143.315291653334,7068.7039746400005,6902.72049736,6733.16265568,6664.766924773334,6479.001526720001,6318.617167146666,6305.99859528,6443.4654834133335,6158.421535653334,5979.576992293334,5946.0828496,5745.128623173333,5481.830261466667,5448.365321893333,5219.091601466667,5300.557162133333,5164.628443626667,5206.605181573333,5125.94159392,5183.720429546667,5129.386353600001,5182.25464568,4936.335271493333,4701.404940186667,4740.68493512,4670.914545279999,4645.2313896000005,4515.24927456,4393.76923752,4285.33787184,4518.731920933334,4606.328907226666,4244.144611786667,4078.82452384,4213.629152133333,4264.925204,4160.4419064,4041.770044053333,4071.5272311999997,4037.20595792,3905.339820906667,3877.2130611999996,3926.6549011999996,4287.386458666667,4149.637881786667,4139.463984213333,3988.7808124000003,3931.761902026667,3841.87501432,3978.54693808,3774.688696853333,3772.5651684533327,3884.60621688,3891.4211717333333,3777.8039840799997,4035.35781992,4017.280241413333,3874.246099813333,3976.5453406133333,3988.2579907199997,3922.2827838400003,3949.1493530133334,4043.673623066667,4005.242959733333,4028.12548448,4174.487245866667,4268.573107413333,4379.655583066667,4435.4168544799995,4317.1732483999995,4390.679282640001,4443.799800346667,4640.453986693333,4732.885710906667,4637.523833226666,4753.128526026667,4863.85089904,4861.75789224,4952.742093893334,5333.73985312,5284.900219413333,5376.822211413333,5404.90922248,5544.012919093333,5502.86986496,5699.78690568,5892.643544053334,6072.304951253334,6129.4030813066665,6246.65712616,6471.497901199999,6805.88458576,6818.030452293334,6831.053799413334,7800.630998213334,7240.3540926666665,6984.81381232,7190.210279866666,7326.7871416533335,7531.9110416,7662.881992986667,7646.405167546666,7734.249518666666,7911.475418720001,7942.17496208,8209.612257253333,8128.44742816,8136.1130631999995,8248.298607893334,8412.730250373334,8442.407846986665,8625.813960426667,8805.12228728,8638.040119573334,8791.72021896,8724.868716373336,8987.707031626665,8962.816284053335,8899.598467573334,8846.790815226666,8871.99738776,8843.544394879998,8966.24445264,9109.425901946664,8925.845001946665,8858.091511306666,9058.746950719998,9151.502288533335,8966.453929813333,8989.12316144,9007.626326,9041.748888959999,8950.74024472,8993.372677333335,9188.840884613335,8935.92321328,9088.927772186666,9115.62645672,8730.388872293335,8987.579007306666,9091.340089360001,8884.103286933334,9067.390454533335,8992.115330826666,8902.130235946664,9136.724426879999,9014.397777493334,8869.711335893335,9343.320842026666,9020.111573226666,9160.31967128,9148.721832133335,9021.15750064,9043.29474744,9083.175805626664,8997.507930773334,9098.819913653333,9059.40618552,9220.7663904,9084.01344784,8947.059658533335,9081.504147413334,9301.060134826666,9347.74278584,9340.528634453334,9460.1940876,9590.145315466665,9513.584664453334,9321.749733946664,9318.52813184,9547.7671428,9461.249015813333,9397.842610666667,9339.689144586666,9432.059632879998,9510.468202613334,9529.952244106664,9386.778463893335,9481.950755626665,9494.425536159999,9369.550604853335,9680.088893813334,9679.232848986665,9478.5253108,9369.777358373334,9178.141801546664,9251.722668853334,9198.825574346667,9197.19406624,9178.65505784,9307.719664933335,9324.815239253334,9373.903977253334,9306.136013333335,9301.628330506666,9455.17320192,9572.477973386665,9509.936315573334,9434.154757706665,9903.106915146665,9574.107279493333,9246.184057466666,9343.133727893335,9460.091780746667,9432.6041864,9102.519788853335,9314.382863840001,9274.50969064,9208.050208,9061.474427973335,9156.064606079999,9441.510242506667,9372.318654133334,9265.86358608,9198.892996266666,9273.953773733334,9050.920091760001,9088.407659466666,9228.987152293335,9197.391811093334,9441.0761884,9200.988461066665,9294.539924293334,9359.34696336,9333.333821173333,9234.538606506667,9610.23180648,9430.477386453334,9550.01733664,9595.451927866665,9585.631352186667,9612.565899013334,9616.79367888,9672.138618293335],