{"message":"Aggregated IX data for Ashburn IX","data":{"nServiceId":null,"width":167,"jServiceId":null,"start":1500869100000,"end":1500918900000,"name":"Ashburn IX","in_octets":[],"out_octets":[],"in_bps":[6630.316549946666,6384.5468653866665,6340.238037093334,6319.344687893334,6255.982596053334,6096.558861013334,6011.564995093334,5822.53949296,5709.621544053333,5548.76390128,5542.125373146667,5422.351766266666,5321.944091066666,5114.1770698400005,5119.446617093333,5026.037512479999,5150.2618472799995,4801.794139653332,4718.269109573333,4538.516280346667,4729.4041761866665,4577.782604319999,4574.532071626667,4365.500897626667,4304.669683973333,4168.02169784,4214.45516328,4118.81129096,4132.7614755466675,4122.471905893333,3891.7089867199998,3814.341606933333,3687.005206213333,3670.196657813333,3570.27586952,3445.858785973333,3525.71836376,3433.354126373333,3350.880544,3203.0876066933333,3221.4701408,3167.730470186667,3259.717836133333,3220.0615413066666,3112.796344906667,3074.6726648000003,3094.06023008,3101.44049264,3158.017789786667,3053.9250475999997,3013.832543706667,3026.4016324266668,2973.272850906667,3001.5320380533335,2877.7635011733337,2932.5779333066666,2952.915709306667,2959.733620106667,2963.901652186667,3097.651263813333,3207.317207253333,3163.949514,3166.800815253333,3190.253611626667,3178.1805624266667,3288.450564586667,3411.210635653333,3372.248846293333,3415.60936104,3607.46768416,3653.0526276533333,3572.773166853333,3780.637857733333,3868.7352586133334,3861.775809173333,4033.5787233066667,4072.3783504266667,4162.978579413333,4365.849208666667,4350.951517173333,4500.355031546667,4686.050491066667,4733.639088346667,4885.974661333333,5010.176370346668,5105.12044912,5136.969666666667,5229.352156773333,5433.518716613333,5432.934968826667,5665.673384266666,5841.3870529333335,5925.204382906666,6038.069941066667,6155.537380106666,6253.951943706666,6386.359441279999,6536.385701786666,6644.062945600001,7095.782628373334,7108.88651208,6993.146020453334,7086.1372851999995,7152.133709013333,7207.658386213334,7350.657916106667,7332.723961653333,7426.555270746666,7693.003013653333,7857.196749520001,7935.294129093334,8039.740037359999,8033.918396053335,8081.37346136,8152.65931544,8263.822503813335,8397.049826693334,8248.79100648,8317.43868784,8450.911692453335,8322.99213176,8479.436225946665,8484.952090373334,8636.624027013335,8674.76946512,8687.808782826665,8762.327271600001,8599.089348,8625.803674,8441.325004479999,8706.087017493333,8653.777348853335,8514.109581733335,8592.920287813333,8678.8947312,8670.892556693334,8658.150399306665,8739.139443013335,8703.068487333334,8737.526245893336,8734.642237413334,8747.218267413335,8626.41371728,8521.184943546665,8598.358763466666,8707.702549386666,8676.037262053334,8710.684831786664,8406.52667104,8723.989766693334,8816.052546933335,8663.6578636,8339.181765066665,8730.24845208,8831.443231253334,8647.103861813333,8794.407694746666,8714.66049624,8807.179586746666,8352.548556,8480.98401536,8484.02694528,8567.96458712,8645.30321168,8447.29161448,8213.247332906665,8420.06294344],"out_bps":[8353.610548613335,8472.892912880001,8500.8298108,8644.947904133334,8685.769472266666,8695.056707653333,8786.486489813333,8602.0757108,8637.911804373334,8455.21637744,8691.426447173335,8679.948908506667,8561.98712344,8591.5428004,8656.580718133335,8695.89841656,8680.253778906666,8770.54603976,8694.084786506666,8738.91831688,8785.067764053336,8731.466292133335,8624.615257813333,8536.797408666665,8604.4363644,8722.47547784,8691.628114826666,8715.33812552,8449.473046,8684.90525616,8844.069447786665,8668.102032053335,8380.191048853334,8747.226744533335,8825.30057128,8661.500272959998,8800.455141280001,8731.41026248,8820.611484666666,8344.590476666666,8503.146527626666,8501.625276346665,8576.096233786666,8643.89620832,8479.523946773335,8216.119376826666,8416.377538346665,8362.466950213335,8504.047784746666,8603.466253733333,8694.089831333335,8455.93300808,8644.115845146665,8838.332891146665,8689.846097066666,8481.098450026666,8600.853903466665,8594.125815813333,8663.814175413334,8586.611881626666,8667.2778552,8660.963653013334,8474.044397066666,8433.44397248,8725.750326106665,8703.036449573334,8745.360733786665,8689.621100693335,8806.3081924,8892.46752528,8730.92222384,8916.352363946666,8823.794330319999,8454.839735493335,8800.973891333333,8758.377985333334,8804.239663866665,8634.804690693334,8476.550178186666,8765.02964144,8664.846948186667,8673.36047712,8853.55698752,8693.913103120001,8600.630602373334,8529.937284426665,8377.24113,8566.209011573335,8626.700791680001,8390.65850192,8081.22745312,8321.251740266665,8213.47156768,8058.367477466665,8079.698923306665,7834.624381706666,7968.9421351733345,7760.5366644,7780.61572104,7780.327484,7832.5889926400005,7827.459564906666,7675.366901653334,7601.704134933333,7582.526525226666,7561.25947096,7119.680087493334,6908.558844693333,7187.045384986666,6982.993179653334,7055.680142693333,7144.73601872,7152.882447466666,7259.43169416,7080.13922256,7185.304837866666,7039.560950906666,7023.503244026667,7116.7392556800005,7222.77132856,7309.616540266667,7304.3313964,7426.91395896,7463.779839813334,7546.299199413334,7687.319222746666,7790.786134533334,8079.539609439999,7898.565650213334,7763.28025896,7710.055710426666,7668.451862453334,7827.323572640001,8152.5695560799995,8216.77573032,8182.45113464,8220.731919093334,8359.06530696,8246.49860704,8254.067498186665,8233.269477333333,8167.61642944,8333.83877328,8166.12877464,8217.690653173335,8259.817403626666,8138.56249792,8201.642471946665,8255.916046346665,8159.644979306666,8116.6099819733345,8066.686955653335,8022.412149093334,8058.799676106665,7920.7453699200005,7886.95012192,7967.341659333334,8141.908833093335,7966.835733253334,7764.59425424,7647.454748533334,7636.812085760001,7570.0893189866665,7543.245217546666,7491.87230696,7274.14340712,7042.143968453333],"in_packets":[],"out_packets":[],"in_errors":[],"out_errors":[]}}