{"message":"Aggregated IX data for Ashburn IX","data":{"nServiceId":null,"width":285,"jServiceId":null,"start":1497787500000,"end":1497873300000,"name":"Ashburn IX","in_octets":[],"out_octets":[],"in_bps":[5811.30340248,5833.918924746666,6057.23005368,6094.639788853334,6347.91488984,6211.134235333334,6311.163621333334,6334.774382266666,6543.62697704,6447.864772399999,6571.164525306666,6627.851215573333,6624.503439733334,6689.218215306666,6791.651965733334,6801.45095608,6945.3144583466665,7022.106542293334,7025.944603973333,7094.63949904,7024.068412426666,7067.863487600001,7187.564724773333,7265.59534232,7109.926430533334,7180.922877520001,7352.435617893333,7373.837932266666,7416.533910933334,7251.457354506666,7300.39615888,7406.395270213334,7543.22104992,8694.130452986667,7633.150518426666,7683.10001296,7219.18690024,7245.649830293334,7259.17736496,7256.5312880266665,7249.229913813334,7254.001196640001,7231.073340800001,7272.871949359999,7276.368053573334,7261.175266026667,7377.098709626666,7255.3208792,7263.020548266666,7244.878189520001,7127.1186829066655,7213.291159173335,7221.922628186667,7216.302648,7193.628514106666,7241.133520933334,7258.763353439999,7182.775672693334,7255.417008586666,7288.781744933333,7219.609346026667,7169.457864319999,7266.46258176,7215.7032786400005,7225.87641232,7167.0859024266665,7172.404238186667,7303.403558213334,7262.494474773333,7268.721492266666,7172.319623466667,7349.767176293334,7364.592753520001,7400.7212942666665,7421.010049786666,7530.254035386666,7415.35442584,7408.070071093334,7377.9164711466665,7433.197734666666,7463.192995173335,7443.15466304,7383.247941626666,7485.534328293334,7518.246573813333,7466.24400592,7474.72852344,7622.1091366400005,7617.513265359999,7559.70898,7709.36287304,7724.932658213334,7705.65452008,7736.460026613334,7708.865514133334,7578.9718946133335,7673.15037512,7763.208533733334,7805.478887493334,7924.087042,7843.877109253334,7926.657502906666,7886.050160026667,8007.634070426665,7961.79129496,7969.815521093335,7898.470405226666,7753.72690688,7849.932337653334,7900.80658656,7938.085704266667,7978.252932986667,7891.2467744,7822.095460426666,7927.971293786666,7835.570334853333,8015.7226302399995,7983.309872773333,7851.289878693334,7919.578509093334,7887.408398106667,7898.2702512,7872.923762560001,7873.529671786666,7888.930797333334,7875.40436528,7976.57684624,7898.564783146667,7810.820408906666,8057.845863306666,7955.6413588000005,8004.142619813334,7969.7837808,8161.024109333334,8064.1916504,8117.890950026665,8122.850528666666,8212.617054373333,8214.097117093334,8336.084588239999,8206.275952186665,8243.446086666667,8271.383939493335,8229.4560108,8251.623399573335,8392.111830666667,8592.51127424,8551.96309224,8856.392751520001,8710.401683386664,8890.4890588,9113.495558053335,9022.037732213335,9120.019560319999,8988.346260639999,9067.772000879999,9056.047324666666,9245.456729146666,9267.847587226666,9295.87434912,9173.732412613335,9266.99810144,9321.66585896,9338.350428053334,9403.73021056,9436.869301973335,9322.620794506665,9226.768633333333,9123.926265493334,9215.017418826666,9252.817012053336,9157.131004373336,9133.939855706665,9073.540354,9088.706253280001,8933.55338256,9020.144142346666,8811.853686479999,8614.08787544,8466.573875013335,8414.080809013334,8407.245642186666,8488.755250373333,8253.464443866666,8171.722851653335,8086.471253386665,7808.307851733333,7668.570481546666,7518.41059592,7385.433086293334,7158.426117146667,6921.847603866666,6701.517844506666,6910.365636533334,6855.048707653334,7214.41397496,6261.29317616,6174.721956453333,5940.20549848,5876.071542906666,5746.740836106666,5626.498467813333,5487.346007413333,5250.38534368,5207.573918213333,5065.947725946667,5003.833802506667,4885.626146853334,4947.926245279999,4895.99052584,4588.589908933333,4595.74976248,4302.477424186666,4131.482088533333,4076.58265376,4129.09556368,3944.7842781333334,3917.1410702666667,3975.435571413333,3834.036106293333,3675.1231999733327,3520.2929954666665,3566.0884762133333,3410.009125813333,3490.215357706667,3793.374994933333,3762.4472515466673,3715.7763496,3788.6364877600004,3514.46675136,3563.2997804,3574.3227528,3406.118745093333,3514.65517248,3505.08442768,3434.3877331199997,3374.6931892,3388.402636426667,3395.3854919200003,3324.59491408,3319.797553146667,3376.380943146667,3353.146537333333,3319.9428182133333,3361.800600106667,3376.0739580266672,3379.1886832533332,3465.096794186667,3439.144669866667,3494.418416373333,3459.832967653333,3487.206453973333,3557.99329696,3645.714693146667,3609.142511413333,3665.189667066667,3828.9681350133333,3914.04065696,3910.1206937066668,3988.562537893333,4108.044852746667,4258.556652266667,4308.775139066666,4429.568071680001,4574.652784906667,4656.063742666667,4811.046747306667,5009.479616613333,5100.772359493333,5170.033023653333,5259.710846,5456.943099733334,5565.765190533333,5684.116784746667,5852.094252373334,5900.03420096,6218.38977704,6345.7037576,6515.430460186666,6795.2233843466665,6867.08598688,6936.864027173334,7017.648456666666,7192.570447333334,7372.384207066667],