{"message":"Aggregated IX data for Ashburn IX","data":{"nServiceId":null,"width":286,"jServiceId":null,"start":1497009900000,"end":1497095700000,"name":"Ashburn IX","in_octets":[],"out_octets":[],"in_bps":[7722.40227,8114.624160426665,8328.902773306665,8379.04917744,8483.052819946666,8425.793971973335,8577.765518906666,8756.739425093334,8809.994284986666,9023.410595706666,9095.29374256,9306.107268666667,9355.513141066665,9482.318317680001,9668.069038266667,9702.488409040001,9633.050012026664,9753.014445893336,9801.052751333335,9725.70756824,9925.806145226665,10024.2098524,10116.33280696,10152.544018826666,9911.52753856,10061.157059546666,10099.201466373335,10227.154563866665,10078.355060293336,10132.256667200001,10100.664859413333,10258.577986533335,10396.82458384,10309.088988613335,10251.859079146665,10288.384879653333,10215.69013288,10388.942647626665,10334.45050208,10293.42709032,10342.476467786664,10387.570509306666,10379.206204773334,10333.91276968,10361.256848933333,10374.33980392,10049.745323573334,10324.321814186667,10252.72902224,10335.744245040001,10278.5199148,10422.375063786665,10276.527067226665,10387.7167704,10295.747941626665,10372.397123813333,10280.7608132,10304.496248053336,10173.897106479999,10367.071873813333,10217.163547386665,10286.097602666667,10151.811352426666,10209.498858426667,10252.057404346666,10155.489084,10289.406935680001,10269.64350216,10275.69269256,10301.333527226665,10457.473278959998,10435.913496906665,11784.612661306666,10386.16768456,10414.306627786666,10379.744043173334,10210.245841413334,10302.429145760001,10390.0258956,10431.059342693334,10232.635256506666,9942.939891653334,9961.979905866665,9956.162293573334,9955.775685866665,9835.634181360001,9936.23118008,9982.450085946664,9639.235677893335,9897.161828213335,9961.373872746666,10052.14432184,10171.10372848,10301.254702426666,10168.569532773334,10004.542787306666,10031.508757333335,9975.445386533334,10029.148602719999,9997.973048746666,9893.76555896,9913.271416399999,9885.94383384,9730.900316533334,9741.084703093335,9809.68452432,9387.023462693334,9458.80718616,9375.296426266666,9234.138928693335,9132.40360624,9144.760676186666,8954.906318186666,8856.895162026665,8884.98504216,8833.048405333335,8857.6767872,8822.773648586666,8603.78319176,8302.203301973334,8424.288505333334,8472.360687946666,8334.911909306666,8308.346765173334,8304.443221706666,8127.685684053335,7967.482524613334,8065.732332613335,8079.2950712,8001.185129386666,8102.155174,7924.5571686133335,7912.260681786666,7871.926715866666,7892.075254693334,7824.30614728,7950.462715333334,7888.185027439999,8031.179011093334,7831.990295653333,7971.142743813333,7976.331166826666,8015.967804506665,8031.034415093334,7910.798128186667,8031.827578560001,8298.923108933335,8303.937213626667,8303.704101146666,8264.144745013335,8347.46739912,8367.031186853334,8369.866127546666,8303.393335386665,8713.20957464,8712.497855306665,8821.898459626665,8753.474231546665,8978.701187866665,8925.18783824,8940.421867386665,8873.50216416,9139.998606906665,8977.493072533334,8935.831806479999,8976.025872586666,8977.595133173334,9012.730980453334,9078.541521706666,9040.40621288,8969.623471146666,9028.240329573333,8888.7173928,9010.961093146665,9019.084836106666,9000.255614,8871.628958933334,8667.548762479999,8494.855275973334,8266.411840426665,8342.301788640001,8408.996114693335,7902.879822853333,7932.344428053334,8236.654863439999,8058.902633253334,8091.904686853334,7934.778307093334,7825.660067226667,7678.66582096,7698.004656346667,7281.143934053334,7260.346067946666,7215.903030133334,7138.312948399999,7055.962811546666,6904.786738373334,6832.2917024533335,6669.601047386666,6561.2976598666655,6432.35594928,6254.116571466666,6171.082636,6079.709375546666,5927.401598026667,5847.118465093335,5603.342150053333,5423.159331706667,5437.463152373333,5299.813020373333,5086.605248213333,5060.260400186667,4836.610155306667,4740.607280373333,4779.920181946667,4600.537528213333,4590.5460388,4452.033616533333,4377.090363573333,4461.253223946666,4249.48309856,4217.021687546667,4007.43433624,4016.002550426667,3974.8438330666672,3885.31414256,3870.832443146667,3790.535643546667,3694.7300396799997,3717.076723253333,3601.315779226667,3508.339247653333,3447.79970344,3366.473913786667,3353.602701626667,3296.165045173333,3305.9420689866665,3189.40166576,3246.728213173333,3186.559804666667,3229.74068192,3191.771990586667,3189.4116125333335,3145.933366453333,3154.79902864,3212.13418208,3253.03134552,3182.1832071199997,3179.0169308000004,3117.1322907199997,3186.5326688,3248.398985413333,3333.9201044,3344.022951786667,3189.239050666667,3268.594548453333,3268.649712053333,3266.6385431733333,3306.653902,3302.38348456,3388.3892206133332,3331.068751413333,3568.58624752,3498.5058773600003,3615.0976037866667,3776.019233573333,3826.801347253333,4000.53281424,3967.497400773333,4039.9565809066667,4197.61129288,4277.07410744,4381.72599096,4474.456407680001,4677.802121866667,4661.001608026667,4851.5353099466665,5026.75514704,5027.110604933333,5086.670248213333,5272.8238336,5425.33203664,5512.027823066666,5642.041724666667,5844.772384986667,5902.940893973333],