{"message":"Aggregated IX data for Ashburn IX","data":{"nServiceId":null,"width":288,"jServiceId":null,"start":1481947500000,"end":1482033600000,"name":"Ashburn IX","in_octets":[],"out_octets":[],"in_bps":[1197.39848656,1159.3593792533334,1170.6012606400002,1236.6436043733333,1172.69546728,1137.0135796,1359.4966618133335,1173.0585348,1005.14334664,972.0670074666666,1018.2368496,968.45849408,998.9548032533335,954.6826313066666,1039.50758168,948.2494217866665,995.0901604,1035.6864616266666,1010.1887334133335,1027.9247279466665,1033.9425978133334,1084.0894651733333,1054.8914876266665,1039.61437624,1086.6914770399999,922.7058096000001,994.33727928,924.79619688,920.0219675733334,926.408676,931.5434350133335,960.0612630933335,888.13538504,935.5782332266666,940.28712648,837.7526856533334,878.3738243733335,907.9826309066665,867.89336392,948.1153113866666,846.6306151733334,859.9484207200001,864.7218934133334,870.4507052533335,852.20361544,830.0594309866666,840.4450774400001,801.6200994666666,830.9070161866666,806.0184132533335,802.4765955466665,829.0176725866665,823.8259032533334,890.7876233333335,896.9263496799999,832.4315267999999,801.4959663200001,785.7026756266666,826.9325302666665,863.1232192533334,857.60149112,864.5969038666666,976.9995247999999,943.40480344,919.5727979466666,926.1337972533335,924.8742866666665,962.27925024,909.6323230933335,952.9029347999999,912.41286672,885.7931806666666,887.9620628266666,921.3771382666665,850.2795793066666,894.8662731466666,925.9328617866665,967.1647413066667,1046.0201477866665,1047.87125296,996.9108160266666,1038.5446402933335,1054.3989303466665,1041.4489683466666,1055.3568629333333,1048.17438256,1036.7246324266666,1067.8199453866666,986.0073011466666,1026.7122138133334,1002.21970624,1050.3583667733335,1013.7003014400001,957.9520282933335,985.0994374400001,1029.2173542666665,1098.4321296800001,1083.33979896,1076.9555546666666,1110.9903060266665,1082.2020233066667,1081.6045398133335,1152.8241026666665,1136.59393976,1233.94358872,1199.8795219200001,1146.2743070933334,1156.3028982933336,1187.7733066666665,1274.0849153066665,1257.9222798399999,1271.9069513066665,1274.8919142933335,1289.5673915999998,1280.3447913333334,1263.3099654933333,1287.6444434666664,1284.4321825333336,1243.5979807733336,1288.5388394666666,1263.7184009866664,1242.13577896,1326.6615166666666,1287.3666136266665,1349.0276763466666,1239.0812016266666,1288.1506988266665,1260.65575808,1185.9100966133335,1159.63501664,1195.93928744,1160.7588553066666,1259.6223864,1307.05126624,1258.21860896,1262.7605338933333,1340.7192413066666,1339.8640459466665,1346.59660144,1380.1444429866665,1333.7316065066666,1322.8238233333334,1306.1675868,1395.77336128,1329.1078598133336,1347.1009097866665,1339.5017365066667,1301.3022835733334,1262.2295952533334,1350.7572958133335,1337.6653224000002,1315.3999225866667,1365.5465622666666,1307.6053727466667,1353.0763942133333,1328.9367609333333,1404.08785768,1426.6122781866666,1339.99906472,1366.0902812,1376.7473334933334,1395.2493588533334,1487.1108157866665,1404.3488665866666,1379.3122401333335,1450.8506184533335,1403.7080366666664,1461.0628482933334,1407.9622497066664,1365.2107825333335,1370.0172251733334,1372.70649928,1408.4917280266666,1468.1689178133336,1389.1329370133335,1425.5716051466666,1400.2116316,1407.4392490133337,1436.1672530933336,1414.7341682933336,1428.7387100266667,1423.9260553333336,1411.2330627200001,1356.79582376,1384.4609831199998,1375.18470064,1352.6460200266667,1307.8427637866666,1298.55512632,1305.5871385866667,1380.7493406133335,1327.7636476,1314.0293050666667,1314.3141288266665,1285.0129658399999,1352.901816,1411.8988265599999,1379.1060816,1458.67656592,1447.4694429600002,1438.6502677333333,1466.1408285866667,1464.48270304,1460.56454184,1478.1451304533334,1439.6419516266665,1561.6444500799998,1508.73903648,1476.90576704,1469.9138496533335,1485.217224,1546.4910628,1512.9285248800002,1512.8507768533334,1457.1116004533333,1466.7415799733333,1398.8198102666668,1464.70432248,1377.9636620266667,1389.3873007466666,1411.0143950933334,1450.03848952,1375.9142398666665,1370.48568,1353.3106213333335,1419.03197688,1419.1760901866664,1343.2312697866666,1359.46927888,1421.3034290133335,1390.0118674666664,1321.7655719200002,1384.22698952,1308.8510696533335,1283.7833901333333,1275.7597874666665,1376.2948291733335,1343.6296260266665,1401.08048088,1287.2288834666665,1303.4948706933335,1349.4477118133334,1234.4554355999999,1217.0042872266665,1216.41446872,1181.2335029866665,1185.8049449333334,1178.4746230666667,1184.7033897333333,1297.8163159733333,1248.72602992,1111.8439326666664,1155.4140566133335,1145.0487091199998,1143.0236666133335,1148.6079664000001,1128.2124561066667,1196.1920919466666,1150.0510730933336,1111.9676364533334,1140.66933376,1188.40199192,1182.544306,1210.37883,1204.1632388,1103.3436053866665,1168.9552021066665,1216.2172870666666,1208.34272152,1221.1657230133335,1181.7135418399998,1204.1650917333334,1197.5451598666666,1186.4570163466665,1195.9942341600001,1184.29127792,1187.6532014666664,1166.1965577866667,1204.8511686666666,1252.85168112,1181.1789533066667,1149.4245252,1169.7812686133334,1223.4227156266666,1280.8561370666666,1174.5685684266664,1230.28560808,1184.1786539466664],