{"message":"Aggregated IX data for Ashburn IX","data":{"nServiceId":null,"width":262,"jServiceId":null,"start":1476806700000,"end":1476885300000,"name":"Ashburn IX","in_octets":[],"out_octets":[],"in_bps":[863.6635814933335,866.34268624,935.3290662933334,859.1375494666665,917.99628808,893.5696298933334,934.55790576,903.3091046666665,903.1468168266666,915.0252236,931.6606529866666,857.9314679733335,896.7256791733334,841.9445096533334,928.9192578666666,891.80067224,839.2149847200001,898.1299124533335,882.6391560533334,871.6100089600001,890.8538937866665,872.0916352266665,880.4731970666666,894.7628221866667,875.0211420533334,872.8908467466665,873.7856323999999,834.3931480533334,878.1988537866665,875.4664248266666,894.8140756266665,858.9743800800001,840.5288541599999,875.3354577066666,887.0467437066666,865.0132734933335,898.8808093866666,858.8002481866666,863.6679386666665,860.18875464,840.0489562133334,885.7273541866666,917.3833117066666,935.7804029866666,861.89741552,926.9266155466665,914.62566184,881.82094952,894.29328008,893.3264863200001,870.2099672266665,858.4082244800001,938.7658306666665,957.4201074666665,915.1073564533335,834.84641664,848.0287241599999,831.57016336,845.9415523466665,740.4832904266666,736.1975833866667,749.5125568533333,764.78268744,710.35959,692.3599791733334,651.0046398133334,678.3565004266666,620.8916343200001,636.7827755466666,663.2663203733333,699.3283658666667,687.6718847733334,722.7597414400001,687.43075336,684.64400856,725.3322671733334,705.96233776,718.6328130933333,720.97306744,724.3985066133333,721.12551088,753.86463928,788.38078712,779.2031221066666,733.2915575733334,716.7747602666667,728.3242675466666,784.8079037866667,787.9019612533333,762.2572348533333,770.99239184,816.470452,747.9454338400001,743.18775544,0.0,763.0799356533335,773.1645484533334,756.08657992,779.25238416,807.5222970666666,795.70002536,827.8528930133334,818.8731836000001,856.6545982133335,776.9199236266667,804.1795465333335,830.60574848,935.91036792,940.86126672,786.7862914133334,788.6295613333334,800.6280342133335,825.7525809333334,765.6858606133334,840.5595326933334,802.5019338666666,796.6546459733333,749.8545950933334,840.8061729066665,785.08041632,752.77973808,733.2656629866667,700.1501318400001,779.06951496,785.75969528,737.0310465599999,745.5150410133333,762.8622122133334,782.8267148533333,746.5727122133334,732.2876469600001,743.8042577333333,700.0586838666667,695.26072336,671.8034922133334,644.0954127733335,663.7764314933333,623.0810046933334,608.9029217866666,614.4954504266666,590.84144672,612.2771220533334,623.8412908533334,554.9390085066667,485.6314738933333,488.95514383999995,526.30421936,531.5516010133333,504.86519418666666,701.4442973600001,547.2632162133334,511.8510598666667,476.7492320266667,484.57938317333327,457.23610256,481.0917007466667,448.0770259466667,546.80425392,540.9383394133333,435.2229715733333,450.2648330933333,437.33364528,409.54351504000005,405.76101744,375.78479656,390.51368352,393.0120717866667,383.94964989333334,365.7648918933333,396.5864396266667,341.07450749333333,349.59648906666666,362.3494910933333,339.57158978666666,323.3312764266667,341.34220432,342.48258018666667,334.0663374666667,321.3027890133333,348.1700598933333,350.0423354933333,342.79987250666665,325.65492357333335,308.1509671733333,315.35616216000005,362.12163776,304.7335745066667,330.78917648000004,331.403312,339.9553465066667,317.6465889066667,343.5500478933333,338.4431908266667,319.5223708533333,357.5879182133333,348.4325885333333,351.1491599733333,370.73946613333334,343.3653711733333,339.5954592,332.3831589066667,369.85371760000004,407.4724003466667,427.1991245333333,397.0510179466667,417.48482368000003,409.5210146133333,431.69384525333334,405.1580904,419.53399176,406.23323557333333,452.2598226933333,475.22472224,476.8406614133333,476.7156592266667,494.0371339733333,452.49160112,466.28358527999995,451.01860074666666,473.99043488,459.6476366133333,494.2184952,465.2959522133333,511.31079426666673,497.6592014666667,472.4309648,475.70080464,551.15983696,520.0617126133333,521.7295527733334,581.2552471466666,538.9785786933332,540.44101616,573.8172735733333,558.4554291466667,569.6479258400001,551.4946489066666,562.2541941333333,634.0691354666666,709.62200112,638.15490864,577.8963942133333,644.76523552,732.72977712,667.7777528266666,660.56758392,654.8987743733334,641.3348992,641.5932666133333,675.9936098933334,676.13855344,688.2158058133334,699.4919494400001,675.0589292533333,674.2844139199999,706.1926414933333,733.3736172,832.0632620533333,826.6182405599999,766.65797336,750.3469006666667,968.1011657333335],