{"message":"Aggregated IX data for Ashburn IX","data":{"nServiceId":null,"width":262,"jServiceId":null,"start":1501344300000,"end":1501422900000,"name":"Ashburn IX","in_octets":[],"out_octets":[],"in_bps":[6644.911371626666,6636.6550742399995,6496.056554586666,6554.422005786666,6568.12606016,6569.5970207733335,6491.966630106666,6495.613461946666,6417.074696453334,6451.974036853334,6411.915087733333,6512.190555786666,6531.716867653334,6395.106791706666,6411.60758328,6338.801280426666,6359.409851573334,6486.204316906666,6339.381013333334,6323.811059973334,6369.119366453334,6340.6665776,6405.16287296,6325.999695146666,6273.221766986667,6302.291677866666,6348.007860853333,6343.352743493334,6358.693687173334,6343.5088010399995,6390.12695112,6324.69528368,6316.057762106667,6408.513906613333,6338.356585466666,6320.727379946666,6363.5283793066665,6416.6880232799995,6272.702203306666,6311.5407213066665,6429.940947466666,6338.174243493334,6492.2915237866655,6529.650098053335,6518.13048968,6482.639652853333,6522.60144584,6561.4201009066655,6603.336396746666,6697.478971333334,6763.820650213334,6665.5903998133335,6642.350779359999,6600.825230266666,6596.329005733333,6586.8942903199995,6634.339422293334,6549.876846213334,6615.342752613334,6500.13392256,6588.275029893333,6540.602766319999,6585.43298872,6501.72349552,6537.1945720799995,6571.29716296,6597.124704053334,6503.2603782666665,6491.0022297333335,6353.443934586666,6410.31132128,6558.54564096,6465.606724613333,6389.404425706666,6480.508627866666,6478.724403573334,6543.464351306667,6512.671780426666,6567.4940865066665,6498.508967413334,6426.0645975200005,6304.031039493334,6346.348213733334,6361.523215493334,6493.406086,6445.061091946665,6419.823718213334,6426.822655386666,6449.698165706666,6456.740576453334,6440.81232352,6444.97215976,6407.916858293334,6451.284050453334,6487.716974293334,6413.835546426666,6580.44176888,6578.79894728,6483.146184853334,6757.3132886133335,6839.6378975200005,6614.82987632,6719.730766453334,6819.476538933333,6656.816758826666,6690.578311306666,6766.66478912,6900.706271093334,7037.896452133335,6939.33207872,6960.126263093334,7087.535855866666,6946.554901546666,6978.710301146666,7033.47796736,7111.0095851999995,7083.14570096,7032.176993946666,7069.611725173334,7055.705381013333,7161.348207386666,7187.63053064,7114.73506344,7126.738307386667,7130.94632712,7150.472009253334,7117.648196266667,7101.563172239999,7014.47290008,6947.21453632,7044.532344746666,6924.243210666666,6974.904772826666,7000.06755952,6882.935436586666,6855.399578533334,6844.683968506666,6666.4918134399995,6648.6884331733345,6597.419525146666,6465.884104026667,6431.1049580533345,6380.725496533334,6220.311559093334,6145.235780453334,6024.819725946666,5964.472177946665,5936.33360592,5942.951397946666,5926.144188133334,5883.441327626666,5775.183074133334,5660.77829352,5543.75466832,5388.913202106666,5512.0666028000005,5619.740796266667,5435.946581413333,5255.460736213333,5200.54870464,5144.867703626667,5022.725931173333,5006.717126133333,4861.69284912,4898.4063988,4887.753144826667,4836.036696933334,4723.471661173333,4707.534780800001,4814.958915813333,4518.088267173333,4424.564209733334,4262.180761493333,4200.318493173333,4142.508230693333,4038.01621016,4002.47510288,3975.0771228266667,3955.305054853333,3918.0293049333327,3777.1248092533333,3702.1462854666665,3682.677756666667,3576.91417568,3476.91207936,3416.754564266667,3336.28063872,3295.952086346667,3354.569019146667,3238.93489248,3212.84794056,3167.592353013333,3112.379360266667,2993.7349370399997,2900.161143333333,2910.808784346667,2947.183583306667,2884.105649466667,2811.00765696,2756.500006933333,2748.9203902666663,2743.0807256,2733.1121411999998,2806.98669944,2809.74435344,2834.86802104,2794.7613528,2723.55336488,2678.639608613333,2765.6964421066664,2795.7664870666667,2825.7204624,2971.1056917866667,2867.1467537066665,2890.030947253333,3067.088600373333,3089.903543653333,3244.8809025333335,3174.6298624,3144.2809008266668,3181.3142794933333,3256.152488106667,3333.1666485333335,3529.4207412533333,3614.8270950933334,3765.324579333333,3811.0643270133332,4155.634639226667,4209.136515653333,4316.932927520001,4396.5438064,4585.31269504,4512.438537093333,4605.52891648,4740.426848613332,4843.104526346668,5014.490770266666,5138.89484272,5264.2021525066675,5402.38976472,5412.4535021599995,5551.812269733334,5553.28114824,5678.15164264,5785.6490032,5829.377734266666,5985.609044399999,5973.02528064,5993.218169546666,6053.3586384,6043.043891439999,6015.590273093334,6084.348706853333,6077.2192688800005,6266.811037093335,6168.334478853333,6124.24078424,6191.201999093334,6240.736160426666,6313.065180666666,6265.019024453334,6333.55322384],