{"message":"Aggregated IX data for Ashburn IX","data":{"nServiceId":null,"width":287,"jServiceId":null,"start":1485156900000,"end":1485242700000,"name":"Ashburn IX","in_octets":[],"out_octets":[],"in_bps":[2122.9191213866666,1969.0872559200002,1972.15952208,2068.58561416,2022.1042694133334,2003.64755752,2007.2793102933335,1977.3846192533333,1960.8288215733335,1996.7946682133334,1884.8728714933334,1822.4063859733333,1813.0488894933333,1776.4444059733335,1877.5469244533333,1904.2880665599998,1782.31045024,1758.8280278133336,1751.8065515466667,1782.1500333866666,1806.4285234933334,1916.9651807999999,1904.7136052266665,1890.0408185333335,1853.1778302933335,2001.21978608,1939.9395796533333,1933.98351544,1997.24024272,1942.8288767466668,2009.14429928,2002.4908094133334,2093.0945756266665,2174.2995908800003,2154.4451566133334,2293.4460217600003,2243.0614088,2381.6483784,2420.6472107733334,2448.7550465866666,2471.4553852,2585.599783653334,2650.445251493333,2681.4261564533335,2768.4684514933333,2827.7240089333336,2846.7203077866666,2888.66372856,3005.417533226667,3164.109390853333,3089.154455786667,3224.0134947466668,3273.780426266667,3416.683442586667,3420.7129220799998,3424.3149840799997,3490.72308904,3703.095925626667,3783.1991601333334,3905.947294,4022.6908883466667,4079.703124666667,4165.90374808,4281.063135626667,4457.538414826667,4507.592987226666,4555.08271272,4806.854323706667,4862.195232773333,4906.367453253333,5151.3563172799995,5232.517680133333,5417.613154693333,5504.05245912,5542.6317768,5639.75639896,5768.566908613334,5854.03534456,5761.9828316,5818.516271626666,5877.411032853333,6068.46189592,6136.40170656,6044.624362186666,6201.16501984,6436.2210818133335,6345.434999546666,6307.83966224,6460.9315513599995,6538.650812266666,6397.924424906666,6557.742180453334,6584.129592293334,6679.4893548266655,6731.092446479999,6694.0183365600005,6589.2684312,6737.49270832,6745.8237638400005,6640.98387784,6846.646170533334,6751.419842586666,6636.271341093334,6814.2970267733335,6736.012084453334,6806.912049173334,6809.451799546666,6984.58102192,6757.8022556000005,6818.65424344,6692.128857146667,6955.88197016,6609.114344613334,6525.559434026667,6850.697179546666,6502.20729848,7047.954975546666,6955.215657680001,6936.235583493334,6645.68750688,7209.8537495733335,7334.127111146667,6773.624347626666,7056.981848693334,7264.354355946666,6883.850926773333,6998.597354373334,7335.355166506666,7152.3559308,7152.1997417600005,7184.988254373334,7733.74715536,7682.740574133334,7641.358430746666,7605.300614746666,7856.13669784,7609.593407066666,7545.7983776,7640.934330186667,7454.54620656,7491.640415173334,7548.127740773333,7730.232791813333,7820.071221466666,7927.070944293334,7777.619201386667,7661.6366283199995,8038.162880826666,7478.461593893334,7685.558497386666,7595.283681093334,7696.377439706666,7571.647489813334,7477.280068666666,7512.3994116,7502.787692853333,7486.0678008800005,7478.126823226667,7297.782871439999,7342.646763813334,7231.425520026667,6981.842473146667,7020.14143552,7142.688438426666,7141.105317546666,7228.50098312,7285.181584106666,7390.8306354666665,7347.06622912,7558.783907626666,7713.0148264,7784.911312213334,7692.810577813333,7649.236836399999,7361.5214760533345,7194.116045680001,7414.062164106666,7418.604706453334,7636.259435413333,7396.931462666666,7238.587650106667,7185.5436858933335,7264.25664288,7122.093075466666,7149.596949306666,7148.445496640001,7275.596890453334,6794.571886906666,6981.932933413334,6885.93430792,6976.135737173334,6731.242939306667,6652.74716336,6707.608075493334,6703.028822453334,6785.316581786666,6819.931284933334,6919.22216632,6808.18761968,6589.587684826666,6799.3932987200005,6894.796034800001,6897.194008,6961.150733386667,6970.367993626666,6961.0129690933345,6835.216547013333,6998.240048826666,7012.4890029866665,6924.976964666666,6888.507791706666,7069.418033173334,7496.168748053335,6807.995570906666,6983.443571093334,7079.817485866666,7027.515668319999,7055.628535306666,6935.190953226666,7000.320384666666,6987.49451696,7162.151246666666,7059.26294792,6971.581156666666,7050.0736566666665,7227.191660373334,7190.728663546666,7253.558537813334,7237.442734213334,7155.912007093334,7299.480839600001,7117.652025626666,7188.1247684,6954.741269973333,7051.50217688,7015.74001288,7365.241141466666,6976.699325466666,6862.596681813334,6701.582588053334,6727.6830412,6515.066536933334,6438.61865824,6494.9314596,6249.5145163199995,6760.80195,6667.18859,6335.19609696,6172.837794,6053.943600186666,5961.064322666666,5848.2586192,6028.772041653334,5687.315762666667,5547.5657318133335,5382.16325776,5227.505314399999,5208.835775253333,4990.744069626667,4628.1096453066675,4476.8790116,4437.0748437600005,4251.77533608,4285.907250613333,4122.318810719999,4124.936617866667,4044.007183733333,3892.82607248,3878.135137306667,3777.5472214933334,3756.073579706667,3737.2843489066668,3447.5756866133333,3464.19991472,3407.8903682933333,3403.37553416,3182.578401866667,3170.766856,3066.625836586667,2995.36355896,2969.242207333333,3007.6158657600004,3046.4713776,2869.0051141866666,2900.941485786667,2885.269183653333,2870.3463670666665],