{"message":"Aggregated IX data for Ashburn IX","data":{"nServiceId":null,"width":263,"jServiceId":null,"start":1502467500000,"end":1502546100000,"name":"Ashburn IX","in_octets":[],"out_octets":[],"in_bps":[10886.552728293334,11012.037184426666,10914.924774746665,11070.495974373334,11058.838655733334,11199.382145973335,11290.504427973336,11203.208762773334,10971.08528664,10935.250092426666,10930.837139306665,10881.39225192,11085.002671493334,10913.939967493334,11006.50156408,11392.620317786665,11517.559759386666,11197.075846666667,11092.503589040001,11106.763999413333,11230.586928613335,11150.23967408,11118.771229946666,11099.077443173333,11066.319426853335,11199.500959973335,11105.674680773334,11228.812870053334,11204.141780799999,11376.764593200001,11388.860046426666,11405.621335973336,11227.70381872,11232.3234892,11402.466748666666,11556.41166144,11324.796964533334,11379.435626879998,11083.692477733333,11200.685028186666,11262.51997504,11413.61913128,11228.94764976,11350.286319386665,11362.448585786666,11194.016633253334,11092.624122586667,11125.313079520001,11235.038418053335,11217.823330613335,11166.649794666666,11289.910512133336,11252.988869573333,11125.22300448,11127.18287808,10888.513136746666,10935.5779192,10842.282146799998,10773.760694106664,10763.84211568,10652.260416186666,10654.53954568,10427.9926968,10448.403631680001,10409.080351093335,10303.680018346666,10157.055134479999,10156.222683466665,10198.744976053335,10088.185693653333,9862.02542544,9993.754431013334,10024.634753386665,9948.37773096,10022.993704053335,9819.520538373336,9839.50130072,9809.997735786665,9667.277022213335,9765.380278293334,9885.961875973335,9814.47581304,9508.051076506667,9672.722598426666,9839.202452266667,9809.947631893336,9874.161048106665,9677.558675040002,9679.63549376,9657.629491573334,9641.485195680001,9647.165579653334,9741.996753946665,9704.82483656,9835.434833253334,9666.845170213335,9567.784494453335,9619.490747226666,9593.393750293335,9952.329030346666,9985.987986906666,10029.355663493334,9934.648564373334,10125.367226,9946.663637386666,10090.044368426667,9965.020371893335,10227.597075546666,10161.992029653333,10320.5819016,10314.605577066666,10405.836846506667,10331.2583648,10313.64702024,10284.451964639999,10320.115114346667,10355.39968576,10361.858178986666,10367.323673573334,10300.334086053335,10197.7148572,10311.098615813333,10377.97005224,10158.254212346666,10124.523591893336,9967.982025893336,9854.676633813333,9857.465659813333,9835.164273306666,9848.860666213335,9775.337795013334,9666.729800266667,9721.279611493334,9732.309446586665,9628.4952968,9669.44047136,9497.879041440001,9548.89759232,9308.00401384,9353.790889893335,9274.50291936,9202.21172752,8959.590104826666,8923.983911493333,8375.793684693335,8126.2584796266665,8464.30213168,8357.37459016,8022.725945386665,7837.010010853333,7905.5387881333345,7677.28141048,7381.378388933334,7328.264003706666,7085.2123355466665,7007.014094773333,6877.607110986667,6723.5164791199995,6507.731875173334,6169.179960906666,6493.684049173334,6172.54122376,6107.28644336,6042.435569386666,6005.315080213334,5933.040372586666,5622.340616933333,5469.288344773334,5528.246490666667,5405.850791093333,5340.83859,5312.147204133334,5291.5159910933335,5191.85210384,4936.501487413333,4879.17417224,4729.355582640001,4700.155582586667,4662.024187946667,4631.3710088,4694.89102672,4504.263813279999,4464.8672144266675,4378.8448000533335,4340.35392248,4259.8165438666665,4253.768590586667,4613.443032,4160.7882876,4170.290235840001,4082.347142373333,4015.8146592,4105.0627577333335,4026.66057512,4062.929909786667,4708.906547359999,4685.119668026667,3878.6721248266667,3865.513927306667,3873.2484634400003,3810.1326885333333,3789.3717951999997,3877.5218503200003,3856.26430144,3999.85903048,3911.587179226667,3889.5513504,3862.81681464,3837.5206129866665,3842.706117253333,3975.91944744,3946.0776694933334,3963.19490272,4004.893642373333,4018.8830686133333,4084.665136213333,4283.833210266667,4325.1065828,4329.534091626667,4352.84469784,4489.121296640001,4583.973852346668,4581.827945546667,4735.171869946666,4812.71793392,5041.243889093334,4951.22471864,5074.247345973334,5341.430456293333,5336.37026056,5550.297564533333,5599.9580925066675,5698.371593413333,5828.536773146667,5906.180409386667,6068.77228768,6202.538130613334,6306.4209976,6416.402157946666,6558.024663973333,6716.308695973334,6814.173745226666,7058.7839408266655,7169.145676293334,7290.90686272,7420.5803988,7439.97425184,7452.819864426666,7552.75792632,7615.703632613334,7817.815010640001,8031.4730288266655,8132.300721146666,8047.583771386665,8144.223265226666,8125.13555424,8307.62696976,8186.6213437333345,8194.83311456,8355.00053896,8456.20475192,8438.272150613335,8432.24352344],