{"message":"Aggregated IX data for Ashburn IX","data":{"nServiceId":null,"width":287,"jServiceId":null,"start":1509091500000,"end":1509177300000,"name":"Ashburn IX","in_octets":[],"out_octets":[],"in_bps":[3620.922157573333,3530.496485173333,3534.83226552,3386.88771456,3485.8017463466667,3353.571947653333,3582.862575253333,3438.5561005066666,3327.4392737333333,3454.441474666667,3625.8812342399997,3712.781778773333,4069.062551306667,3936.5848590933333,3930.20284488,3910.8890010933333,3870.393932853333,3956.5652088800002,3966.813201866667,4025.0159393866666,4238.146132453333,4240.18038592,4370.909295013334,4437.767585946667,4591.799346853333,4726.765785359999,4818.982459520001,4759.957014186666,4855.799335786667,4944.54962904,4883.238377973334,5072.737828746667,5233.435670693333,5088.502304213333,5118.489205653333,5197.216680533333,5316.9584107733335,5310.690816213333,5375.886783706667,5495.516465306668,5792.472869413334,5802.221558159999,6235.76552976,6233.329775493334,6316.083990533334,6570.530296453334,6715.908201733334,6945.77235776,7232.067861359999,7412.558986906666,7818.780396506666,7820.899140693334,7958.206884453334,8014.658321573334,8131.663642826666,8396.383421573335,8532.223747813334,8731.430201120002,8799.347841013334,9013.705839173334,9432.201814693335,9671.916538613335,9666.93521464,9734.28835264,9836.033482666666,9947.814632453335,10282.266424213334,10092.242680533334,10354.117901946665,10405.075282239999,10445.989094586666,10490.323341226665,10626.454302106664,10806.349223173334,10906.34039288,10584.03326896,10567.078478773334,10601.923323706666,10739.301522693335,10590.04994,10981.709551546664,10743.095330133336,10629.65965528,10462.750987253334,10878.545110533334,10619.050059733334,10932.563304373334,10770.44364376,10740.488096266667,10564.692608453335,11048.828749013333,11041.082313466666,10757.805744506666,10561.665345306665,10438.955035866666,10135.281153093334,10020.431854186667,9939.525174586666,10310.614142186667,10115.5811124,10640.8411688,10207.567268853334,10346.722224133335,10221.189692799999,10199.438169546665,10132.015512533335,9845.197852933334,10092.902516773334,10744.30487792,10553.343295440001,10611.959666266666,10245.740918693335,10419.162692773334,10497.885956426666,10524.39410072,10860.117255333334,10738.23433888,10627.687471120002,10626.081744773335,10618.40331776,10998.976032906667,10804.334821893335,10564.479579706665,10427.467999013334,10555.266861040001,10498.690277546666,10459.853483786665,10609.218341546664,10467.694522826665,10538.538449733334,10402.715676186666,10222.116958426666,10240.9579532,10271.557964586666,10175.947212133335,10240.641920799999,10015.010326666667,9770.306029520001,9619.17184272,9643.753918213335,9603.304371333334,9360.86126944,9324.29147304,9314.284228346667,9508.3263392,9424.40754016,9316.660329173334,9093.360697946664,9214.422441173334,9097.606102746666,9092.068352186667,9297.751755146666,9320.734214506667,9150.355474293336,9003.354423146666,8723.769695893336,8781.80283352,8829.919270906666,8643.059582986665,8365.26344184,8307.7958164,8180.902499466665,8119.328129573335,8104.7240432533345,8146.6460628,8068.689163466665,7861.88623784,8485.005771333334,8139.63508888,7786.531368133335,7795.594590453334,7788.389614293334,7826.827834746666,7583.07186904,7552.013631119999,7524.36405464,7696.804198266666,7516.178856293334,7497.6181232533345,7575.042872319999,7678.42407296,7596.551315600001,7420.50891168,7475.7937905066665,7514.81386744,7562.092077786666,7674.916453093334,7683.737627893333,7570.378775866666,7646.474662186666,7952.882750933333,7656.300687893334,7696.585123813334,7623.784573573334,7934.423062479999,7897.9335570133335,7701.70932304,7797.978425413334,7948.991436826665,7945.21449568,7939.959550826666,7915.8773768,7717.507731093334,7810.49872144,7826.804307706666,7852.376783226667,7676.004408906666,7658.04828192,7736.358549093334,7697.72634416,7576.7884232,7524.348876533334,7625.4398134133335,7476.029529013334,7592.689430453333,7677.347121706666,7574.618590613333,7531.411804053334,7440.0713136800005,7240.683485493334,7274.932243946666,7260.3533360266665,7353.657630933333,7237.636661253334,7127.830614666666,7064.992225546666,6800.324092,6755.595102053334,7008.525083546666,6846.327968746666,6742.385103173334,6696.5277132266665,6806.945486586666,6416.398550746666,6450.166495439999,6307.896876506667,6096.24759824,6184.108155653334,5940.388002,5781.145787359999,5665.894282213333,5578.41356808,5696.897939866667,5670.879422053334,5574.075221653333,5471.028247573333,5665.772547279999,5956.86107256,5789.69736352,5541.537195733334,5224.598882426667,4865.061387413333,5148.088915786667,5111.250325253333,4962.707976586667,4699.735357466667,4538.295397226667,4481.4690865600005,4536.801852746667,4526.028667866667,4517.6789751999995,4348.569868266666,4486.630866,4259.8774748000005,4304.9009800799995,4336.650731333333,4234.131885013333,4246.728037013333,4234.105240133334,4124.90335144,4030.7093284000002,3896.956222266667,3744.85090376,3582.45934904,3358.922078266667,3265.12730424,3468.6669827466667,3364.0652117600002,3359.200637973333,3388.337369333333,3389.9087785066667,3343.605807573333,3375.130264586667,3370.5199643466667,3292.896903626667,3297.099389626667,3259.7242808],