{"message":"Aggregated IX data for Ashburn IX","data":{"nServiceId":null,"width":287,"jServiceId":null,"start":1502093100000,"end":1502178900000,"name":"Ashburn IX","in_octets":[],"out_octets":[],"in_bps":[3073.5720072266668,2988.1738404000002,2982.6950515733333,3011.825765893333,3008.66357208,2963.91279936,3120.9216904533328,3182.34842136,3098.0497482399996,3151.9833085333335,3090.35888464,3078.683320666667,3199.653442026667,3175.0632105333334,3201.41565776,3324.4672656,3354.040244026667,3353.5065575999997,3361.432614746667,3471.023197653333,3552.6751485066666,3612.92651448,3608.625405333333,3771.11478112,3935.9641204533327,3909.792372933333,4088.360013306667,4083.473092666667,4139.576162320001,4282.0330632,4404.810997173333,4514.419377146666,4571.807637573333,4776.14557184,4869.117423066667,4967.130520666667,5191.890256906667,5360.205945226667,5555.800895973333,5572.653957893333,5694.118754986666,5761.2448676,5809.24988688,6083.564183439999,6187.133481946666,6330.8041996,6365.4659730933345,6531.332697546666,6587.533357226666,6680.789945253334,6782.005763946666,6859.259336613333,6980.784466426666,7149.342154506666,7155.702352186667,7275.010264186666,7411.434025493334,7520.304191893333,7592.084884266666,7603.132399946666,7854.39600224,7885.274350133334,7971.04719224,8041.675695093334,8138.316802,8159.630202560001,8245.979508693335,8334.860328266666,8331.146721253333,8464.656840293334,8368.181207093334,8487.833387226665,8407.098890506666,8508.218295626666,8631.7159916,8600.192124266667,8545.33243416,8468.73987456,8481.734335226665,8548.921888693334,8506.513736426665,8632.718019226666,8539.88346816,8605.819143120001,8640.195239466666,8576.683539893334,8584.426394293334,8664.715900266667,8615.03635344,8699.102936773335,8688.25518264,8608.456359200001,8652.769602506667,8522.049734746666,8819.674644666666,8760.03312824,8616.8416664,8613.77814,8495.33373576,8732.815679786665,8764.315841253334,8441.625464213334,8826.666233733333,8680.2575188,8582.107779893335,8645.636158346666,8577.191906933334,8464.688584506664,8684.635055546665,8644.714345946664,8615.481566586666,8588.190562560001,8539.450308426665,8617.015772133334,8720.748933253333,8687.3786028,8739.122917706665,8859.494004346667,8973.207772666667,8806.10888256,8634.790554106665,8781.667157386666,8706.253420586667,8552.016326613335,8478.982715893335,8487.595165093335,8271.499709333333,8510.061095546665,8283.600612853334,8344.968306506666,8302.573618026665,8654.68600392,8738.681245413334,8663.995532826666,8521.982537813334,8602.8305124,8990.3247868,8691.434938586666,8641.073769226665,8974.95715224,9052.951546506667,9166.87721864,9129.269451413335,9182.397532693334,9210.137897306666,9241.895460586666,9260.607708666666,9354.257582826665,9252.296056853334,9095.3869328,8992.1735936,8948.247123813333,9130.562586906666,9038.219047146666,9104.077716826665,9025.136605466665,8944.920039786664,8804.490191653334,8747.20929848,8850.053966559999,8794.24883728,8791.56691784,8674.881063653334,8331.025781306666,8433.154076933335,8410.26105016,8214.8451636,8438.606344293334,8336.219231306666,8171.6860887466655,8032.235821066665,8202.921424293334,8176.9968648,8080.103936666666,7872.919845253334,7935.581821493334,8054.798560560001,7907.146747893334,7942.967131893333,8054.347184506665,8095.64848592,8058.073591573335,8043.58569616,8065.978509173334,7958.212290506666,8020.1630692,7948.900489173334,8054.036919226665,8034.5974771733345,8068.94965208,8074.02631352,8060.20555752,8205.176579173334,8162.638738133334,8059.1069690133345,8512.975693013334,8689.482664373334,8555.038185173335,8442.799046906666,8684.606906426667,8600.360985120002,8645.915784266666,8557.61596064,8590.773207946664,8617.815941626664,5370.740975306668,5225.9184765066675,5410.559855013334,8890.923693946665,8590.135174986666,8583.200151706666,8879.798817706665,8840.849063013335,8724.269606639999,8817.265603146665,8582.331548826665,8663.653400133335,8778.357920933335,8351.442905866666,8488.430597066666,8432.93549872,8472.42667672,8369.485482026666,8323.881024666665,8153.41095904,8041.283498026665,7896.842578373334,7926.282613973333,7983.724612613334,7869.56761896,7707.577241306666,7593.9867672,7549.3209188,7447.109871333334,7416.120383439999,7263.7947963999995,7142.40433144,6949.48381864,7068.866338026666,6763.897227706666,6607.14561768,6520.95972384,6389.749152586666,6335.489566506666,6178.537524133334,6076.4330311466665,6143.60157504,5920.573952106666,5845.6585676800005,5710.771321413333,5661.387811226667,5585.409262560001,5726.736781626667,5484.741784826667,5253.743816666667,5158.53133488,5058.412385946666,4913.041435653333,4909.251519866667,4747.70808,4665.321682293333,4503.6167024,4426.051636720001,4304.3486438400005,4208.4177704,4161.532898373333,4101.483992133333,4033.2894150399998,4009.0925820533334,3804.8315436,3824.0313915466672,3660.930106666667,3620.9510080266673,3532.558370773333,3565.137730293333,3456.461250933333,3527.7103252800002,3368.33973232,3396.716220453333,3313.089317813333,3244.94349584,2550.610571413333,2512.15649384,3145.38186568,3114.523744746667,3058.755346266667,3074.3905438666666],