{"message":"Aggregated IX data for Ashburn IX","data":{"nServiceId":null,"width":205,"jServiceId":null,"start":1512334500000,"end":1512395700000,"name":"Ashburn IX","in_octets":[],"out_octets":[],"in_bps":[10146.37938248,10307.7477668,10326.84409848,10116.751931413333,10270.04328032,10137.429769813334,10168.7140952,10377.159045893335,10135.497350453335,10089.59058472,10017.493730959999,10438.33307632,10410.675521306666,10334.010495120001,10527.20077448,10725.25226992,10346.627521786664,10553.716626,10439.238045466665,10385.98397976,10399.78967536,10533.071690186667,10335.849984613335,10474.87014472,10677.47008112,10741.48992816,10735.917715040001,10621.733355013333,10499.453641786666,10454.969045573334,10533.208695306665,10549.61435392,10574.129550026664,10895.006153626666,10651.740642453335,10704.472694,10648.839127813333,10739.952677493335,10831.800345946665,10917.132014613335,10941.51233072,10878.979255013333,11077.242442933335,11147.911225653334,11200.8038232,11023.825114533334,11245.404304133335,11484.523713893335,11580.867780986666,11582.662288133335,11506.949116506667,11509.632368693334,11421.97662048,11419.481978453336,11363.877227786665,11495.756857226666,11469.153846559999,11390.107304826666,11226.606708559999,11434.5260924,11547.061094853334,11460.90118264,11312.691273013334,11367.209105173333,11336.094740986666,11223.79213776,11258.812316986665,11493.636754426667,11126.820075493333,11188.004394959999,11170.932978693334,10855.842395306665,10936.255897173334,10684.697881786666,10682.35610856,10711.358901386666,10690.438841893336,10702.443066826665,10459.463766053335,10306.72156048,10131.507188933334,10100.028493013335,10076.77080216,10149.320132053335,9829.042815893336,9541.79454496,9943.191112,9407.87045072,9079.382849093334,9109.589694026665,8804.827297813334,8663.937399333334,8913.233901573334,8512.757220373334,8295.51256104,8242.510865813334,8045.460021893335,7773.4476882399995,7458.36871992,7619.396072613334,7325.903530133334,7416.785247333334,7196.211735893334,6862.323665173334,6873.52251688,6725.45326416,6620.618977493334,6563.090295093334,6455.27564904,6319.75328472,6255.133020186667,6179.9034136,6308.502571786666,6113.3930428,5868.55607848,5982.638139226667,5670.289405760001,5667.35456168,5614.356588479999,5617.279794746667,5577.7797244799995,5598.6763324799995,5578.69830632,5729.24289632,5637.588769066667,5460.29825976,5378.686949706667,5200.280265226666,5036.755908986666,4855.808895973333,4864.9711644,4827.568531653333,4687.11744216,4834.206699413333,4972.82973576,4946.958876533333,4800.782867226667,4783.623252106667,4686.566532293333,4842.967809093333,4674.39815784,4725.44016216,4620.2065248,4828.944531093333,4628.69258008,4705.047814026667,4789.85292032,4746.533001706667,3965.13735152,2808.3865150666666,2794.3449897866662,2736.7124738666666,2905.1344290933334,2868.7416893600002,2939.15331712,3198.07124208,2930.869756506667,3085.469619546667,3329.43737968,3350.9210234933335,3224.9966869866666,3286.6623893066667,3442.10385,3386.021835626667,3428.965500213333,3384.984183333333,3438.80009736,3336.0638322399996,3484.791134026667,3625.200966746667,3849.777682693333,3961.0081079733327,4082.999911413333,4218.096854746667,4316.865262133333,4390.856623866667,6334.871474853334,6355.581508853334,6394.853522426666,6418.800109573333,6608.71264968,6791.09786864,7112.99737544,7153.249242293334,7607.899856293334,7885.446684346666,7667.629087653334,7795.046834266666,7811.90087712,7951.379282533334,8203.83021304,8401.850878,8541.129578586666,8881.132604479999,9168.442313333335,9410.759135866665,9606.076538133335,9692.86128648,9697.050124933334,9953.091761786665,10150.82239832,10547.756356799999,10543.640548399999,10904.746382693334,11207.515672213334],"out_bps":[10138.563275946664,10321.747345493333,10346.141491280001,10156.854858106664,10285.05102384,10112.734462773335,10218.402663893336,10346.727403786665,10206.079160373334,10099.621793226666,10101.188418666667,10394.485661306666,10423.369344319999,10381.64406016,10537.04134552,10742.384247653334,10296.789997493333,10558.175490213334,10500.886715706665,10407.7858896,10420.426423066665,10560.198686693335,10339.869279573333,10478.894659040001,10740.782129786665,10713.344146959998,10752.06832152,10697.680360053335,10479.431013466665,10468.231624586666,10542.69722016,10565.511117546665,10571.16295072,10927.503552853334,10683.222674906665,10717.446001013333,10676.9154048,10782.4700916,10819.024252666666,10955.870641013335,10982.8614084,10851.499507653334,11057.43344224,11208.816806533334,11236.40944072,11017.415312266667,11278.169398026665,11503.334808506666,11544.865237706665,11658.832368346666,11520.408562693334,11544.798401253334,11374.626188213335,11488.67868472,11378.59079248,11491.59466856,11527.155474346666,11370.213251893336,11286.75781464,11422.850092106664,11542.402339573333,11579.5375576,11263.983648986667,11355.818022906666,11355.93162672,11275.137961546665,11286.514439440001,11484.196695146666,11156.016792346667,11193.667259146665,11235.024569093333,10858.828257786665,10954.021192586666,10713.529405146666,10695.61951264,10767.260306639999,10685.625198106665,10713.359390293335,10448.5943644,10331.035175973335,10192.62484664,10078.840743866665,10101.816245706665,10128.224242746666,9826.000189253335,9564.43541072,9993.156754799998,9411.853825973336,9128.486537066665,9086.168230559999,8796.98370592,8686.74007432,8948.03131576,8532.756059520001,8289.146894399999,8286.40978888,8028.80587408,7814.017855706666,7444.025880560001,7610.7591420533345,7367.680082613334,7450.38224808,7160.598833786666,6899.287280906666,6870.484225573334,6741.696811173334,6611.09585304,6580.353487946666,6471.664869946666,6317.310092479999,6286.121751146667,6167.853477973334,6317.360129546666,6128.233986746666,5864.918760186666,5996.974499786666,5661.706188,5671.568481146666,5654.6334588,5602.020430853334,5604.9967930933335,5590.922625066667,5585.42818344,5750.71372968,5646.8861512799995,5454.44071864,5418.7859992799995,5190.665566613333,5025.176790773334,4885.5585272,4866.6183691999995,4815.070530666667,4715.482295306668,4834.664200106667,4984.9555454933325,4951.316921600001,4762.916641733334,4820.524012266666,4728.429512186666,4826.068283013334,4724.826875173333,4659.11403448,4660.62414328,4809.981922986667,4654.201181466668,4712.951087093334,4791.449443013334,4762.430889466667,3941.82956288,2817.90465136,2799.6485901066667,2740.4551141866664,2914.66465024,2881.4458635466667,2949.24693032,3190.890526346667,2944.154048133333,3085.9344748000003,3348.311252933333,3351.82372944,3230.11692912,3304.1118962399996,3430.5486993866666,3393.8926324,3457.1649072533332,3376.713139146667,3444.5397799733328,3341.559733253333,3491.9551820799998,3627.525574693333,3881.173455813333,3966.4302070133335,4087.633757066667,4223.935840133333,4302.655487306667,4393.574040586667,6388.624691226666,6361.740148986667,6430.441113093334,6396.014250560001,6630.84926608,6787.51718032,7129.0861669333335,7185.431451013334,7611.595691306667,7876.1518672,7649.441696880001,7829.3986024,7826.83530136,7958.450678,8235.32386208,8397.199284693335,8559.461712133334,8921.73077024,9209.431776346666,9418.703916773335,9603.443853146666,9714.994393893336,9717.871388693335,9975.99074672,10183.609803733334,10562.728036879998,10608.33005064,10855.885122106665,11299.587194453336],"in_packets":[],"out_packets":[],"in_errors":[],"out_errors":[]}}