{"message":"Aggregated IX data for Ashburn IX","data":{"nServiceId":null,"width":286,"jServiceId":null,"start":1510272300000,"end":1510357800000,"name":"Ashburn IX","in_octets":[],"out_octets":[],"in_bps":[10762.799487573333,10361.145683626664,10450.10478224,10443.817271013335,10541.10143248,10496.748484026664,10303.516521893336,10270.878362693335,10454.769996693334,10347.7907056,10410.35043728,10392.28821128,10551.26478584,10406.864668186667,10341.878627333333,10380.793480133336,10443.833561573334,10475.329512479999,10318.421213813333,10327.665534213334,10356.464132186666,10298.686897546666,10149.501847253334,10503.643859173335,10392.170338666667,10361.68938904,10347.217607253335,10458.005292826665,10274.68498304,10385.031474106665,10308.22943352,10305.939527866665,10100.722104319999,10001.3218248,10043.028153120002,10098.095594853334,10121.272830453336,10156.770720186667,9940.34244296,9860.78749936,9880.091962,9655.47039976,9324.892390933333,9110.322623786666,8936.328494933334,8980.674920026664,8797.454095653333,8624.591176639999,8783.906999066665,8513.399883279999,8010.169022906666,7957.150557333334,7733.997189893334,7711.1314742133345,7655.623099066666,7507.84126992,7249.600429733334,7230.500241306667,7080.033634106667,7158.579587466666,6693.105660560001,6696.626020693334,6555.626064266667,6470.924854106666,6387.626602693334,6326.0773725066665,6290.275495066667,6043.721180906666,5926.75189672,5892.13184464,5768.908443866666,5848.24403136,5767.684308693334,5517.589440666667,5465.29018816,5352.907394586667,5320.997323013334,5244.5956212,5079.501782586667,4939.560114,4966.46542904,4869.5741508,4765.682672533333,4870.40869176,5175.973065093333,4812.135010106666,4790.794061946667,4758.32506304,4714.301725733334,4721.3584097600005,4378.467008853333,4338.5869924,4282.252885386667,4305.7915096533325,4288.022331573333,4233.962172826667,4327.891531733334,4297.105879173333,4258.3617676,4255.273687173333,4281.603072773333,4144.46797592,4183.344112453333,4178.700953626667,4086.3041424266667,4120.447788613334,4108.587954186667,4097.78315184,4371.702076506667,4156.294817946667,4181.630033253333,4162.98853352,4297.180877493332,4201.2006454133325,4325.192684479999,4214.035219626667,4280.603712666667,4463.424802,4451.85079008,4429.601913706667,4963.412147226666,4929.558320186667,4735.2496964266675,4818.705014906667,4756.474340693333,5022.66109792,4912.906001333333,4944.57663856,5335.847131173333,5344.578879573332,5357.692185520001,5339.86426616,5902.092859439999,5767.4087000533345,5794.5676899733335,6154.0933186933335,6232.4449058400005,6354.449117813334,6781.796554666666,6546.9333005866665,6318.570337466666,6836.583009386666,6685.943171093334,7090.463413439999,7255.959997093334,7033.99080392,6974.320423226666,7072.71869616,7253.481480213334,7529.750645306666,7576.97630024,7616.513788106667,7754.572218133334,7986.286231546666,8367.164227813335,8333.917635733334,8760.68054968,8863.637662106665,9012.518970133335,9180.163314186666,9058.857342666666,9321.35930752,9604.024758186666,9382.46851056,9855.513736026665,10041.711620906666,10157.720598693335,10236.775450346666,10724.08613088,10637.313133066666,10780.784486986666,10956.0660204,11278.110255733334,10702.785321013334,11240.30076416,11427.016062026665,11535.417311333335,11488.533977520001,11439.443452559999,11516.059170586666,11815.57172736,11896.512079626666,11969.980767120001,11746.010461573334,11787.637074293334,11900.405315653334,11817.639128453335,12042.392054533335,11708.85616968,12163.19118136,12179.94391032,12444.411867333334,12379.99799296,12247.984367226665,12160.02158704,11967.367878533334,11435.357403466665,12046.003588853335,11926.677407573334,11939.248555893335,12151.13680032,11802.227360106664,12000.257971653333,11882.471532586665,11974.500662853334,11843.402494906666,11926.02038944,11901.379138586666,11747.910264186667,11696.298352933334,11784.059591573334,11689.718965786666,11716.465093546665,11775.049581093333,11648.519918026665,11490.172490506666,12061.009530106665,11877.222815013334,11567.351994826666,11455.564934373335,11661.062806373335,11932.514594826665,12467.193302266667,12510.86206432,12345.24710232,12351.941493386665,12050.320482986666,12079.874633093334,12363.307857173335,12366.92855808,12186.232985706665,12190.155801626664,12235.71088608,12116.17105176,12093.728600186667,11856.099180133335,12051.038539093333,11930.709751280001,11848.6627952,12042.89758144,12106.704621146666,12087.296732719999,11952.197223680001,11645.634634906666,11719.415085013334,11998.200428746666,12141.383111386665,11925.87563824,11824.935525013334,11847.69121968,12176.015059386666,12128.266653813334,12453.1744948,12298.880558026665,12112.534500906666,12276.23598976,12080.447472959999,12214.480369786665,11971.092299760001,11950.63067432,11921.448566426667,12711.303749626664,12011.17194344,11798.952630666667,11653.143566826666,11646.576737866664,11579.456285146665,11451.013441013334,11107.387961306666,11247.54098632,11337.616542426666,11274.409392693335,11250.043468,11007.16165968,11067.139311280001,10859.701429626664,11093.638319173335,11022.148655413333,10825.066921786665,10624.055860426666,10822.9658536,10646.690598773335,10277.491978746666,10161.0564904,10609.5605328,10875.9547696],