{"message":"Aggregated IX data for Ashburn IX","data":{"nServiceId":null,"width":175,"jServiceId":null,"start":1484436300000,"end":1484488500000,"name":"Ashburn IX","in_octets":[],"out_octets":[],"in_bps":[1797.7615865333335,1708.21442032,1708.8081736266665,1773.8338497333334,1674.6188125333335,1666.2145262133333,1703.0555240533336,1735.7301970133335,1771.8979738399998,1761.4623294133335,1770.0535824533333,1714.56933976,1696.7688938133335,1845.7603195466666,1799.7061663733334,1655.6871377066664,1650.0547203466665,1647.2490328800002,1582.6324859466665,1529.5848502666668,1565.1317038933335,1515.8925164533334,1503.7931512,1510.0931242133333,1567.76570424,1447.2580248533334,1527.2516243733335,1488.7356527733336,1467.6024375466666,1509.8251989866665,1607.04978304,1513.31193368,1492.3828070666666,1445.9095900266666,1462.6860886400002,1503.8906899466665,1509.89787096,1516.3587710133336,1521.4534992533333,1543.8179256533335,1580.2821365333336,1428.2118849066665,1348.0011592533333,1389.5571118666664,1421.2934808533334,1442.4289722666667,1487.70646,1431.9040082666666,1443.3267724533334,1597.18132048,1501.7680606133335,1466.0590277866665,1463.3792051199998,1415.7587734400001,1466.6350482133334,1373.7350458933333,1408.28713024,1371.3262380533336,1334.5060574666666,1440.3042421866664,1445.0268869066665,1373.28723304,1597.2671606400002,1512.5199102933336,1551.57050496,1490.41206352,1410.9990694133335,1327.72353656,1315.9968134933333,1321.349224,1309.6647636266666,1293.14717008,1310.6531347733335,1246.3890639200001,1269.96735784,1258.85667824,1239.4180064533334,1261.4207573333335,1185.3209404000002,1164.1824780533336,1230.1011902933335,1207.1884517333333,1096.4733411733334,1071.7487418933335,1069.9359098933335,1093.4953458133334,1113.4480609333334,1054.0574596266665,1023.2398372533335,1011.61306816,1109.1116331199999,1068.9758790133335,1083.1923449866665,1094.3077862666667,1078.5542303733334,1054.5762093066667,1048.4773267466664,1033.6614783466666,976.8697419733335,1037.1142143466666,947.0168021333335,999.73303528,916.2073638400001,982.5731194133334,951.4273401333335,946.09724104,969.1625201333335,971.4682589333333,1027.6250604,974.2329816533335,974.0488970666667,999.84326672,903.4629021333335,990.9329165866666,957.4202297066665,983.51367088,956.29426168,971.73601048,956.2814947733334,930.9894926933334,957.02487416,1082.3691637066665,1057.6944688533335,1077.4397352266665,1079.06080864,1134.5453207733335,1211.0192208266667,1158.0599569600001,1091.17923136,1093.8547488,1147.70943704,1151.50677952,1149.3461690666666,1232.0126101600001,1132.9974237866666,1227.59887552,1200.2374833066667,1179.6275965066666,1139.8978692266664,1155.1800243466666,1228.5831898133335,1219.3877124,1224.7322971733333,1217.4086165333335,1168.15414424,1169.8394009333333,1163.5128292533334,1189.7544970933334,1201.0538284000002,1226.6555216266665,1198.58643336,1218.4105862133333,1224.7690838133335,1215.5175496266666,1210.4825211199998,1221.3323052,1227.4482565066667,1229.31073496,1256.0457998133336,1267.8904379466665,1273.9736256266665,1260.68763768,1311.5677577333333,1308.9261554133334,1382.5857711466665,1269.1014808533334,1295.2692857333334,1334.2188559466665,1325.87672656,1308.0792568533334,1380.03577992,1435.5111566133335,1332.6546502933336,1475.1597103733334,1363.25195792],"out_bps":[1808.5249335733336,1695.3253236266667,1699.8831256800001,1777.706454,1671.1960821866664,1662.2091884533334,1703.9659953333335,1724.4476489600002,1784.27367568,1756.25917024,1760.72465392,1716.9905137599999,1703.3046377866667,1858.39509816,1769.7378233066665,1655.25059968,1655.3799910666667,1656.3419283733335,1573.8613116,1532.0765787466667,1563.3458242933336,1510.33065472,1492.9157946666664,1516.1595166666666,1565.6463171199998,1437.0620174133335,1528.52561752,1484.0358050133336,1467.63305824,1520.0835280533336,1600.8510222933335,1510.2745964266664,1493.0992608800002,1440.1961086933334,1470.0772363733336,1494.2581537866665,1502.2679230133335,1518.4964347466666,1530.1364431466666,1520.5829216266666,1593.1023444533334,1426.1054141866664,1349.7398654933334,1386.3880385333334,1422.1647766666665,1429.2480982133334,1498.4502912,1424.8426818666665,1443.7464162666668,1589.5852058399998,1508.0193423733335,1457.6239510133335,1474.5680470933335,1405.1785133066667,1469.0955233333334,1369.4285396266666,1405.9804717066665,1376.34241464,1321.2716435466666,1437.7140192266666,1452.2394613066667,1370.2854321866664,1617.0849043199999,1479.2641630133335,1564.9170392,1494.9155797866667,1404.29473776,1317.5169502133333,1313.81630248,1326.3413530133334,1297.19773944,1299.41529304,1304.49483016,1252.7325918933334,1262.0733074933332,1266.4507858133336,1231.80250536,1259.2793757066665,1186.70434504,1164.09690496,1226.4715775733334,1202.5864720266666,1100.1227265066666,1069.22511248,1069.7344342933334,1088.9425351199998,1102.6595805866666,1065.46064976,1017.80820784,1013.4568151466665,1108.717158,1066.1431033066667,1087.9924119733334,1081.7282584000002,1080.8038353866666,1051.4476296533335,1048.7460354933335,1031.5556303466665,987.2619573333335,1031.7258357066667,944.3400259733335,993.51862448,913.6863836,982.16088656,947.5863826933333,957.7315194666666,966.39803016,969.28230936,1022.8802403466666,975.7822058933334,973.1662395733334,996.84356144,906.2559625866666,981.9159134666666,961.83451024,979.2157196533334,953.09561984,970.7183338933335,963.6608612,931.8428648266666,946.95052864,1079.9948391733335,1067.36954888,1072.4497482933334,1065.3419322133334,1149.3138921333334,1200.3868148,1156.5559737333333,1098.0891062933335,1089.6450845066668,1162.9339472266665,1133.3611366666664,1157.1633790133335,1221.7414571733334,1147.2221720266666,1217.2498355466666,1200.3501041066665,1176.6338204266665,1128.9696265333334,1165.3135797066664,1228.3591580266666,1211.1195742133334,1231.1133759200002,1206.4570617066665,1173.91515184,1169.1082176,1167.3218289066665,1182.52284208,1209.6791346933335,1220.50407624,1199.8333126666664,1212.5819912266666,1222.47765528,1212.9510356533335,1214.44374592,1221.2520624533333,1231.4435862933335,1221.7135944000001,1246.25247024,1277.0085750133335,1265.6036140266667,1267.3231826666665,1309.5672091733334,1298.21766896,1385.1932801333335,1276.1688884266664,1291.0071785866667,1332.2897236,1327.1490122133334,1312.3941567466666,1375.6368090133335,1434.1884586933334,1339.07657904,1464.6352774933334,1358.3747050133336],"in_packets":[],"out_packets":[],"in_errors":[],"out_errors":[]}}