{"message":"Aggregated IX data for Auckland IX","data":{"nServiceId":null,"width":287,"jServiceId":null,"start":1486166700000,"end":1486252500000,"name":"Auckland IX","in_octets":[],"out_octets":[],"in_bps":[4987.623121493333,5250.265804026667,5037.296728613333,5014.724209973333,5048.344237333333,5240.201296053333,5115.733037333333,5209.324552213333,4994.049272266667,5140.213019306668,5258.935953866667,5302.17548208,5290.182321386667,5169.3560061866665,5261.69507216,5114.93916296,5156.127580373333,5103.73662024,5258.131825866667,5230.599317439999,4905.875229786667,4864.777476746667,4744.571703653332,4885.233134666667,5344.723013306668,5296.56192,5160.04388208,5469.893769653333,5262.68627616,5397.789266693333,5012.62801896,4980.22965032,5141.258126373333,5216.461166453333,5372.516860293333,5642.832441226667,5583.8445909600005,5323.459507706667,5341.12853216,5368.697614586667,5520.565438506667,5399.022520986667,5554.313884453333,5537.232266293333,5549.8913889333335,5474.598534693333,5519.887170906667,5247.447386453333,5326.449352693333,5245.087622026666,5336.117679306667,5441.272901813333,5273.648362853333,5403.224391706667,5271.402143386667,5214.059089226666,5197.31564056,4978.606594266666,5062.289256133333,5303.260349386667,5559.974666666667,5180.390050293333,4970.793731600001,5002.927820293333,5254.5354184,5233.42179736,5225.479965706667,5230.552866773333,5397.419949493333,5226.116064,5325.53135872,4872.200517626667,5096.703484133333,5368.386931413333,5062.965021413333,5436.307423066666,5332.3578428266665,5396.132911520001,5505.16891936,5770.957528826666,5776.186590586666,5861.988397226666,5975.6463616,5881.953699386666,6240.29073856,6157.822493226667,6387.47749184,6691.56722376,6526.791089066666,6745.087161386667,6866.92186032,7127.5692184,6922.81751128,7049.903048293334,7090.513046826666,7545.544381600001,7304.791537466666,7552.6451172,7538.391244053334,7591.635789253334,7510.62531608,7705.02963544,8060.750507493335,7679.179464373334,7774.930651093334,7639.551727146667,7586.602575733334,7391.28100152,7528.542024986667,7669.367992213334,7190.69145456,7063.138451066667,6992.55975136,7117.5100064,6882.395756506666,6826.773244319999,6712.589466133334,6472.511012399999,6552.907445813334,6496.946765680001,6263.417879973334,5821.139629253334,5701.897721146666,5793.396478213334,5604.35699784,5705.153900560001,5251.441520346667,5183.969314479999,4809.43817072,4838.328398586667,4452.739724453333,4625.437475973334,4618.970784666667,4684.942582479999,4967.43209216,4694.889710533333,4710.543309946666,4779.0522828,4740.40184728,4536.308718159999,4466.398836293333,4608.948708453333,4285.182312533333,4214.47028104,4182.763210906667,3892.343263626667,3649.6153776799997,3580.14650376,3333.93968208,3484.542839413333,3294.526137066667,3171.084314693333,3073.45386288,3026.1192177333332,2719.2030922133335,2712.2242941599998,2795.5068318666667,2487.328235866667,2647.6602111733337,2550.2324917333335,2387.5132641066666,2416.4749248533335,2416.6089081066666,2345.087644133333,2153.4172938133333,2215.9371718400002,2177.0436587466666,2017.7656826666664,2013.67352848,1999.7675270133336,1964.8433481866664,2248.52747896,2672.30262856,2850.41406904,2743.8037233333334,2633.8718694133336,2555.8711276266667,2606.4463586399997,2255.90622512,2237.3140057866663,2327.4097353066663,2235.0897687733336,2225.4374067466665,2110.0573976,2081.75052168,2115.5316246666666,1954.47083032,2373.707289866667,2509.8099282133335,2401.9119173066665,2357.7760064,2315.4275157066663,2253.44421784,2154.9190568533336,2201.9156245866666,2186.557949013333,2161.62210688,1927.5912654933334,1830.9095195999998,1748.7809409866663,1882.7097714666666,2044.3234112266664,1944.4176649600001,1926.9772154933332,2021.6980706933334,1786.2774764533333,1821.1620307466667,1738.4631571733335,1825.45286192,1935.5624882666666,2292.0923964533335,2272.5077832266666,2210.7885442399997,2240.7798052533335,2257.60065848,2353.5142704,2502.9937070933333,2591.2935917600003,2519.3308182666665,2815.6849312,3048.425200586667,3064.3599582133334,3175.31332952,3171.25855296,3114.092945786667,3550.5711069866666,3361.032760186667,3395.4432153333332,3582.42975824,3466.555416666667,3388.488406853333,3675.193636826667,4120.94045048,3741.288841973333,3787.8168703466667,3965.1885060266673,3912.420405386667,3712.868639786667,3826.0972529866667,3766.885055893333,4288.190318106667,4034.325939626667,4034.476431786667,3987.091060453333,3876.3504104,3938.11525072,4017.212851866667,4185.013388746667,4214.378689546667,4311.421894266667,4202.31760848,4364.352405173333,4697.672862346667,4340.039919413333,4416.346423253333,4141.182713546667,4186.9687142933335,4104.705903893333,4250.454409573334,4473.523051093333,4330.311624826667,4276.61848368,4226.552902933333,4287.88152736,5190.089019546667,4452.744156373333,4360.759146506667,4527.87584992,4591.475244213333,4540.063016720001,4517.807917493333,4302.604339253333,4444.39635264,4448.350477226666,4263.7212516,4487.4399831733335,4609.47566584,4647.926762906667,4661.912283626667,4659.000981013333,4541.851129199999,4592.578322213333,4680.16582416,4640.6828367200005,4635.565887866666,4723.507898746667,4407.1980682133335],