{"message":"Aggregated IX data for Auckland IX","data":{"nServiceId":null,"width":287,"jServiceId":null,"start":1474697100000,"end":1474782900000,"name":"Auckland IX","in_octets":[],"out_octets":[],"in_bps":[9045.329037893336,8695.11870376,7904.52287816,8032.07536096,8815.877478666665,9022.238006959999,9433.078906026665,9374.48382024,9674.177792213335,9441.068971413333,9427.457929306665,8919.945058613335,8965.26252088,8954.16150808,8842.42104624,8639.87983752,8715.753786426667,8494.053680293335,8360.19368328,8544.960648666665,8762.403903573333,9070.40844808,9181.507655706666,9192.680133813334,9147.667550959999,9327.665721173335,9579.096132986666,9675.747673786665,9524.430439413334,9779.772069546665,10667.768181253334,10834.952426586666,11198.369309733334,10991.76401648,11200.576502079999,11651.229702613335,11913.90165152,11626.023574533334,11597.571803013334,11743.736688906665,11292.72947432,11062.714920906667,10495.56626896,9721.703015253333,9286.075291546666,9133.144725173333,9288.80916552,8937.33579992,8798.284597360001,8746.110680239999,8787.54587576,9209.531445093335,8911.70041432,8179.490451306666,7848.0308229600005,7924.12326472,8214.513599413334,7845.1165524,7735.478362586666,7797.012973333334,8031.401734106666,7309.137410773334,7142.20171784,6884.175263733334,6758.1781723466665,6668.678669973333,6406.36197504,6160.7351313066665,6152.250340666666,5779.157387973333,5615.667662826667,5402.099481653333,6217.286927226666,6461.224315466667,6242.947685546666,5924.1741436,6110.25383024,6067.54072104,5838.0270250933345,6013.8476331733345,5989.408131706666,5898.265673173334,5711.030088453333,5804.45859304,5515.90796144,5264.357349946667,5954.50958488,5975.146216266667,6250.046179066667,6269.668294426666,6132.97420192,5683.62887096,5711.999490933334,6072.461851653334,6068.816934533334,5891.242718853334,5945.131573600001,6149.770690133334,6300.99709232,5982.4988391199995,5401.637863893334,5012.762139840001,5368.703717493333,4761.39588648,4379.59870848,4102.29021624,3681.926570506667,3840.0751655733334,4462.87877104,4757.106130666667,4746.545427733334,4669.915361893333,4044.44138592,5039.20299272,4579.101055546667,3542.25722608,3541.203991653333,3386.412284,3190.393408266667,2955.7302301333334,2929.3112388000004,2734.2693879733333,2544.9280377066666,2528.1711621599998,2352.3039596,2422.2989459200003,3246.57821664,3744.46295448,3268.702169626667,2652.1392002933335,2428.0279833866666,2271.2968318133335,2431.6227862933333,2678.415522426667,2627.3510405866664,2811.2082142666663,2637.27314488,3321.47389952,2908.6232708000002,2560.0381861066667,2692.74656744,2658.28038608,2399.7435488,2445.8296883733333,2788.1046934933333,3009.15138464,3128.300136693333,3397.2765568,3630.234169386667,3755.9376649866667,3864.71349768,3776.756120213333,3848.0176809066666,4137.073137466667,4079.9768735733333,3905.984908453333,4152.236085226667,4288.259309466666,4273.78992792,4221.98705176,4214.56820064,4258.458023093333,4631.5348678400005,4941.574966106667,5043.386161066666,5324.453998746667,5309.728712293333,5618.609726479999,6486.9853328,6232.50524888,6281.54754608,6277.0562291999995,6428.243129439999,6728.19781736,6417.497640613334,6368.727004373334,6235.921498,6242.231175333334,6684.6972208,6445.70510848,6391.6564392,6591.496349973333,6745.143166106666,6573.846045706666,6534.149024666666,6683.097091253334,6857.040321386667,6628.325434853334,6984.808182053334,7083.517598266666,7094.816233253334,7212.099781600001,7494.349878399999,7538.581722906666,7611.295998293334,7557.4151878933335,7621.7401265866665,7932.46327728,7851.310879173334,7729.344657226667,7647.0596724,7597.855310346667,8410.394178,8719.61887576,8739.697892133336,8716.932920453335,8523.942674773334,7991.50090584,7849.401954,7846.95150848,7881.359308506666,8076.99163288,8281.766742986665,8248.058653546665,7796.954390186666,7960.683469706666,8498.22107272,8754.698810186666,9118.074683813333,9096.129167893336,8863.900755333334,8685.35782408,8980.134293093333,9165.045969120001,9218.211001226666,9277.02454224,9346.580074799998,9240.668710799999,9154.383444346666,8899.398310586666,8939.106570053335,8767.907462613335,8922.967377413333,9181.9330156,9458.789857786665,8877.38375992,8661.430409466666,8884.070438666666,10025.843602533334,9733.6347692,9320.290898693334,9290.404395093334,9592.538547440001,9631.136279946664,9330.232139306665,9434.275270613334,9483.791006026664,9389.727939146665,9297.011634533335,9369.638605386664,8935.289788906666,8955.34134856,8620.10861208,9624.378181306665,10382.212388346667,10476.120112346667,10225.884280026665,10326.778315200001,10031.893564693335,9549.899895280001,9221.50755888,8773.337851013333,8803.13941368,8693.44710656,9220.525367146665,10192.29387952,10036.428568986667,10104.673532906665,10364.707255653333,10444.148000906665,10610.94292408,10885.868502,10260.756799146666,10296.7171936,9980.785708906666,9125.301579146666,8690.28662472,8718.741526906666,8888.020581146666,9217.787218293335,9285.951993786664,9242.478661333334,8486.509887306665,8527.0818624,8566.961493946666,8635.819766213335,8660.904866746667],