{"message":"Aggregated IX data for Auckland IX","data":{"nServiceId":null,"width":287,"jServiceId":null,"start":1475323500000,"end":1475409300000,"name":"Auckland IX","in_octets":[],"out_octets":[],"in_bps":[7156.169176373334,7179.94693264,6539.691840933333,6912.205192986667,6802.126540133334,6254.536860533334,6520.334297946666,6613.73793608,6388.121327493333,6052.613629093335,6350.391458186667,6041.50805192,6599.813367893334,6439.372278373334,6502.229054186667,6033.45857096,5901.309400826666,6206.726340053334,6081.602000266666,5680.226153333333,5945.34444,5384.674173253333,5240.855408053333,5109.74836816,4902.61788832,4925.979993706667,3947.2027445066665,3421.2537529866668,3284.422659813333,3152.2153250133333,3252.553723573333,3206.8267607199996,3102.052209786667,3490.939678853333,4720.5620285333325,4948.479564853334,4943.623543413333,4808.094272213333,5069.71178632,5228.17807256,5007.144558053334,4710.07600224,4053.336281573333,3798.812538853333,3780.850717946667,3921.0331034933333,3695.0628625333334,3603.192715546667,4036.862600826667,2954.688997253333,2981.3962500533335,3012.4139790666673,2899.91332488,2523.4028200533335,2400.1579888266665,2772.4454244000003,3408.431797306667,3817.830346133333,4460.1807710933335,4666.15757464,3555.63627224,2797.0465589066666,2693.07418656,2613.6869486933338,2945.654113146667,2993.6167590933333,3255.882772133333,3259.841680533333,3227.860793866667,3164.132195626667,3123.0862076,3202.8351400799997,3320.63538032,3281.493455546667,3370.5295275999997,3543.2152280266673,3885.3158,4578.20772896,4371.067957439999,3769.968809706667,3415.890400426667,3627.7968081333333,3819.501314026667,3956.108410906667,3921.56732256,3983.356541813333,4193.526772826667,4331.219287253333,4562.353573706667,5132.440929706667,5267.44794504,4933.95404112,5049.138519786667,4689.71937168,4853.801519093333,4741.073747706667,4707.358146213333,4824.350057626667,4800.378045653332,4407.2888809333335,4468.750635146666,4266.720297626667,4937.146240346668,5851.1592249333335,5883.625488746666,5712.697299973333,5624.0510696,5788.561943706666,5973.94176616,5683.365628613333,5964.216315013334,5955.161562533333,6172.381372853333,6395.48389192,6986.242614666666,6672.48627616,7431.1122946666665,7785.162969573334,8098.38309408,7553.598846746666,7435.654988373334,7181.388692106667,6906.836548159999,6901.037210746666,6900.381632826666,6901.253194826666,6929.44148792,6991.012628026667,7592.476983413334,7654.790183866666,7110.994550106667,7298.922503600001,7281.1209724,7345.817631973333,7067.556116,7040.837235066667,7014.367248426666,6896.393082586666,6911.554740613334,7410.3166656,6924.7597979466655,6686.32838568,6727.395415866666,6701.199490106666,6419.199549520001,6178.38606008,6178.563879306666,6335.870545386666,6744.0703812266665,6616.4108616,6626.686041973333,6741.027136453334,6407.435980853334,6588.370358533334,6808.879314053334,6620.483583493334,6212.38301752,6113.0252284,6346.297606746666,6908.080900453334,6845.667679306666,6964.797063493334,7113.33205592,7302.99925904,7455.746861573334,7522.838891866666,7425.127296,7227.546561093334,7348.937296266667,7909.309485893334,7662.26989712,7209.774951253334,7251.191801946666,7437.153205946665,8053.31670352,8248.911334319999,7857.746807786666,7832.907814933334,8008.177144640001,7751.354480506666,8281.337514773335,8497.305393386665,8845.207742693334,8628.711264453335,8878.444278746665,8713.388844453335,8721.201369813334,8929.21895152,9314.30898848,9113.175832773335,8666.037550559999,8528.590164026666,8476.671131013334,8258.78422944,7884.58942776,8364.523787866667,8573.511043093335,8834.529195946665,9021.979719120001,9167.207784293336,9346.694622026665,9417.075233493333,8284.957864213335,8072.29647392,8102.700563146665,8197.598721893335,8196.073623786666,8535.912623733335,8336.773521253333,8383.094838746665,8401.747712853334,8812.984829866666,9257.27072808,9220.932686586666,9151.899711413334,8574.788619226665,8550.74069568,8558.52452648,8597.840538506665,8800.989713413333,9576.835470639999,9656.18768784,9861.347169066667,9959.785426906667,10215.463715173335,9960.261648826667,9450.943836666665,9606.219431653333,9537.510038506665,9898.427000186666,10433.912891866665,10802.96949048,10903.500353573334,10176.513920559999,10232.718184986667,11358.648201893335,11394.926574,11643.50342888,11688.761600826665,11705.596004666666,12095.403810639998,11991.617187386666,11326.245502053334,11226.299764959998,11243.903020133335,11333.437776906665,11640.172603013334,11463.76861176,11261.59170728,11148.21233776,10687.086111786664,10476.384464693334,10288.35349936,10106.15794632,9895.812468426666,9542.944643146666,9292.4846284,9489.70413736,9459.774178346666,9082.57838992,8830.789753893336,8642.853194106665,8248.170164426665,7731.099255413334,7673.752597653333,7728.906681066666,7267.2239312,6960.171881146666,6589.66841504,6254.9891584,5715.930964613332,5563.430888266666,5701.68919272,5561.604554,5182.876932613332,5494.806344053333,6803.282381253334,6600.204073413334,5201.692882586667,4808.4411858133335,4539.97849248,4806.553757493333,5209.068717973333,5106.370726533333,4692.471548506667,4519.998141013333,4535.068131146667],