{"message":"Aggregated IX data for Auckland IX","data":{"nServiceId":null,"width":288,"jServiceId":null,"start":1483704300000,"end":1483790400000,"name":"Auckland IX","in_octets":[],"out_octets":[],"in_bps":[5555.5571609866665,5259.095029146666,5302.739276586667,4873.447763066667,4666.878116693332,4773.256635973334,4726.988943786667,4559.922259653333,4370.12918008,4218.239748533333,4141.8698164533325,3884.3283716,3878.324678373333,4037.341794586667,3940.097913413333,3949.1611325333333,3729.705722213333,3535.86570768,3303.54419128,2363.7123596799997,2074.2742782933337,2140.04979392,2304.6295709333335,2424.8839047466663,2400.0881157866665,2031.5429148533335,1944.0340557866666,1696.5050026400002,1797.7430639466666,2055.04803728,2330.0403871999997,2532.3022825333333,2511.83443416,3953.450497733333,3430.60595144,2594.0709459466666,2506.731996026667,2374.161564026667,2270.50857032,2214.3075205866667,2007.9203434400001,1934.0542565333335,1642.7118837333333,1563.9772380533336,1470.7798996266665,1539.7256423466665,1893.6301037866667,2053.31715992,1683.6456848266666,1775.8217840799998,1706.3481713333335,1511.6220366933335,1539.9103337866666,1621.4489356,1670.0525794933333,1774.1404541066665,1729.2568702666667,1823.7066899733334,1812.8725082400001,1854.1624151733333,1772.3447186933333,1549.9868820533336,1480.9101574666665,1506.3870425333334,3088.8072696,2536.656262,1631.5528627200001,1753.8162469866663,2032.816826,2146.90060112,2411.5643988,2307.5133290133335,2611.1412144,2640.8815169866666,2623.2119320799998,2907.132458773333,2648.039098933333,2492.856285866667,2428.2656456533336,2415.8467873333334,2330.42803448,2342.8581693066662,2603.0399416,2988.55778528,3342.0008557866668,3449.2135742133332,3372.962316213333,3123.1220196,2820.2419163733334,2792.6050068000004,3454.2823781066672,2954.789394666667,3125.2332654933334,3629.4268354666665,3643.373953306667,3831.633487706667,3430.646212586667,3591.84567,3585.437766373333,3393.843835893333,3367.666476213333,3217.4844031733332,3645.781976133333,3591.6085224266667,3428.174116213333,3279.654032186667,3738.6449414666668,3410.9430166399998,3261.613107146667,3275.6696885866672,3237.50057264,3318.852102026667,3400.80315544,3492.4417705066667,3613.8035925599997,3504.298358826667,3534.7754118400003,3711.532794986667,3696.8389047466667,3988.87189504,3977.858132133333,3881.7490972533333,3763.31506432,3540.363501546667,3836.58977984,4097.35173088,3848.08066752,3658.321977706667,3739.68720808,4110.129584533333,4197.553818826666,4000.61822992,3940.291023946667,3841.268832266667,3891.99998184,3981.33379472,4076.682849733333,4472.547232586667,4372.378722426667,4347.50080544,4047.625120213333,3810.9779180266673,3771.511820293333,3889.355183146667,4076.5565567199997,4113.970905706667,4187.351370293333,4203.518050426666,4289.319302453333,4241.729389973333,4392.635356026667,4596.34748728,4405.82775904,4518.483901226667,4379.231242533333,4513.747186026667,4792.36657096,4789.494245466667,4449.386554826667,4238.15210344,4206.899810453333,4085.3399893066667,4287.265756613333,4507.555382986667,4197.3594303733325,4601.137433973333,4494.143564746667,4385.443554506667,4359.70632096,4141.727485733333,4195.174355173333,4250.0079752,4427.23438896,4597.641875306667,4653.0820288,4722.4740534133325,4662.801688666667,4531.485051653332,4626.2948888,4705.275242,4816.94535208,4583.89798024,4550.300679306667,4571.1866388533335,4650.471148693333,4844.166592773334,4732.21926976,4566.445114133333,4498.254265066666,4666.91686768,4662.713049493333,4744.286298373333,4818.373390533333,4577.40803672,4668.86131688,4881.619956053333,4958.40016504,4778.873959386668,4663.802037466668,4736.320233946667,4796.5845778933335,4771.605306453333,4755.4407448,4606.7005063999995,4675.782819413333,4812.4384098400005,4643.850509413333,4811.991908373333,4743.101937546667,4690.106156,4904.983486186667,4828.945760346667,4893.928248239999,5086.768788133333,5347.196054666667,5031.4477034933325,5264.97043904,4935.266998186667,4876.789781653332,5040.831402986667,5047.617652613333,5054.411996346667,5238.807044986666,5409.882435333333,5642.611845093334,5486.295847573333,5547.176744986667,5637.756091013333,5904.543968213334,6151.12223424,5970.512667733334,6143.737895813333,6321.379178533334,6348.251021626666,6623.36450016,6679.49434112,6822.145315680001,6891.573634746666,6783.575050773334,6790.919475626666,6778.839908986667,7293.533251813334,7223.413442666666,7029.60696584,7289.03826496,7017.706467946666,6868.5109824266665,7083.615632133334,7286.917301013334,7349.6709407200005,7132.907703733334,7030.37386224,7347.972654266667,7058.467886906666,6826.656730666666,6871.045165413334,6607.92992184,6503.009903333334,6332.022812666666,6470.320217093335,6170.312722373334,6097.45388536,6011.928589146666,5870.48684808,5942.0746870133335,5452.489947386667,5274.630820026667,5301.421487573332,5190.071764506667,4825.6110370666665,4794.75342592,4715.001484506667,4503.757259866667,4289.574065466667,4128.9392016,4163.85637344,4001.596761093333,4140.9864315466675,4178.086025866667,4153.3206404,3988.462435013333,3766.482161866667,3844.621293893333,3773.356597893333,3766.496370586667,3537.580943013333,4922.085337093334,4870.870191413333],