{"message":"Aggregated IX data for Auckland IX","data":{"nServiceId":null,"width":216,"jServiceId":null,"start":1486411200000,"end":1486475700000,"name":"Auckland IX","in_octets":[],"out_octets":[],"in_bps":[6228.01736408,6639.735294533334,6444.369949333334,6062.27666928,6062.067063573334,6225.102044533333,6098.908269653333,5886.04243176,5644.583111813334,5758.961874,5915.005373786666,5787.809435253334,5698.6623364533325,6093.982907626666,6072.804614293334,5934.793497279999,6043.912369253334,6131.913099066666,6038.40431304,6395.59119208,6088.59907032,5944.299365413334,6178.26350792,6033.565287466667,5972.4230532266665,6359.626300319999,6116.269170826666,6164.704394853334,6143.368352906666,5993.784481066667,6009.19791832,5782.84378104,6050.1509897333335,5879.747403786666,5737.48259896,6109.940514399999,6608.331472373334,7248.059420773334,6567.549303600001,6307.694174853334,6490.281902906666,6560.894124026667,6522.813239973333,6013.011493066667,6616.179115013333,6155.863207866666,6104.45909568,6061.415175546666,6205.140442533334,6378.797997600001,6103.185662426667,6022.603806693333,6149.884488106666,6652.87053184,6261.56946144,6606.359502773334,6234.590417893333,6053.477395146667,6087.887184239999,6251.734924933334,6020.418561866666,6174.990211866666,6421.756567386667,6130.39303008,6095.9964699466655,6018.695716186667,5643.023099333333,5673.763947173333,5756.561654,5515.8820821066665,5492.569105866667,5623.745298399999,5620.396160453333,6050.411114,5682.926949493333,5380.06271512,5805.119297493334,5935.942341706666,6184.093628186666,6065.664449653334,6234.368131573334,6316.061050640001,6505.899645066666,6412.523377253334,6533.771357546666,6781.956468506666,6591.406444426666,6684.382565520001,6759.4622096,6826.929489653334,6992.361992106667,7178.329265146666,6823.5820854133335,7276.55389216,6774.898621493334,6895.550744586666,6538.709082266666,6604.906398133334,6515.3041246933335,6583.5757444266665,6771.47403896,6576.8834492,6679.26238816,6839.2006309066655,6393.171859786666,6309.163537546666,6203.02988608,6502.763876773333,6703.884176,6297.10362752,6683.138364853334,6507.638725386666,6417.688038640001,6464.990496,6663.158227253334,6543.811715813334,6649.713927146667,6399.919414479999,6461.822521173334,6536.855079306666,6374.799973013333,6468.45300312,7305.059150746666,6696.0410706933335,7022.675715946666,6762.509393786666,6949.6934296,7200.2969444,7229.479512506666,7452.31876896,7494.27943408,7388.38138752,7753.138734693333,8224.97420408,8287.396953066665,8130.515282426665,8242.286718853335,8217.694014640001,8164.470434479999,8112.29714504,8220.102186746666,8347.164796186666,8832.170523466666,8651.416499573334,9050.254462586667,9157.072543653334,9382.163821333334,9346.351218746666,9416.452342506665,9561.832429226666,9461.543388266666,9530.269222186667,9396.975343413334,9257.691230506665,9091.941219306666,9010.057094933334,8842.150887813334,8958.55870816,9128.186021040001,9112.934058346666,8711.107677493334,8369.620630026666,8202.964528026665,8054.539863013334,7487.604349386666,6928.273129946666,6884.501097226666,6568.034295386667,6371.709367359999,6389.104866373334,5840.6133644266665,5738.965197466667,5377.213765866667,5571.892966746667,4911.979328853334,4988.134849066667,5004.46537096,4584.14354328,4421.893403413333,4206.0370797333335,4120.678089253333,4301.374062693332,4147.63017792,4134.754637146667,4078.0323150666673,3971.1643686133334,4042.47180064,3863.9539444,3778.4749496266672,3794.527300293333,3711.13563712,3876.6185157600003,3702.62113792,3643.927369146667,3566.619735253333,3329.048128933333,3356.05072816,3408.2772610133334,3273.082321733333,2972.2116110933334,2967.2256789866665,2872.6075030133334,2791.9250705066665,2734.6089017066665,2616.14732464,2746.8552885599997,2616.64901208,2520.4554908266664,2663.981732,2507.98885592,2569.6344525599998,2786.80445648,2428.650178906667,2242.4159075466664,2402.7884109333336,2069.4822765333333],"out_bps":[6315.91867336,6593.62216608,6575.540774586666,5992.171428666666,6240.37277864,6232.763035520001,6126.245334373334,5963.900913546666,5589.332570106667,5716.74514528,5827.556042826666,5760.516192533333,5698.85757712,6021.747184399999,6085.125871866666,5858.172966746666,6004.605948773334,6038.701224026667,6138.193323253334,6366.230193226666,6145.421478346666,5903.563769333334,6220.898843413333,5941.80327712,6040.667768186667,6393.558418533334,5997.28890704,6140.928483066667,6091.569986133334,5936.873417733334,6031.5784803999995,5809.4749561866665,6040.966971973334,5757.260002133333,5699.067264106667,6160.539825173334,6653.304032693333,7305.62153184,6464.179054586666,6297.071358906665,6496.089829279999,6574.2609984,6498.780099493334,5986.485625626666,6621.05080608,6120.240553306667,6094.66329296,5942.790103439999,6180.74761912,6451.759213653334,6062.115795866665,6139.094451893334,6113.284587813334,6849.913533066667,6257.610347146667,6573.002344533334,6251.801726613334,6130.320016746666,6063.004134586666,6273.246785093334,5951.626898026667,6173.01879224,6476.709411813334,6024.785713066666,6041.344084133334,6011.67288792,5638.592767546667,5650.968260106667,5634.624696666667,5475.82703416,5454.011701786667,5708.3707896000005,5636.146971146666,6041.240324666666,5680.43713104,5354.9850151733335,5769.245891680001,5891.4168388533335,6166.345416693333,6154.441875813333,6198.278361173334,6333.967132346666,6495.156666880001,6508.569877973333,6403.8399755733335,6795.073887226667,6651.125945013333,6673.682729546666,6813.341266666666,6722.583574106667,6915.26060912,7053.4423005066665,6638.331494613334,7241.278179946666,6699.113838533333,6741.127379893333,6519.686377493334,6709.719999146667,6330.5536801866665,6562.27174528,6765.49116784,6594.6165069866665,6643.474923973334,6732.037386213334,6280.5533110666665,6389.509357733334,6164.50141112,6522.654671439999,6893.762839306666,6137.686957706666,6603.894513493334,6506.477069413334,6553.349094746666,6555.882770346666,6658.6444863199995,6483.938713946666,6565.061442666666,6491.204475386667,6566.129118693334,6377.58107368,6418.700253333334,6433.349457706666,7174.2030168,6716.227681493334,7126.588400346666,6691.377007866666,6990.2463049066655,7169.563070106667,7061.184686426666,7623.866531946665,7430.844964106666,7533.974774106667,7691.784164986667,8251.03541984,8308.84316304,8124.921004053334,8421.22904984,8199.438225813334,8227.543721066666,8273.408337973335,8178.396514533335,8456.95632816,8841.157300453335,8530.07551896,8902.065184719999,9137.885316079999,9174.739243813334,9411.883274799999,9332.218924346666,9444.42917376,9571.264747413334,9491.6313716,9669.966119306666,9338.344983573334,9121.48724792,9051.438608293334,8998.270648239999,8975.68959784,9083.462605866665,9152.54810088,8552.337386693334,8440.24214696,8106.614187813335,8111.880054693334,7510.383738186666,6982.4649629333335,6903.096431786666,6537.102806506666,6279.037952906666,6259.712985146666,5867.042552453334,5705.488706186667,5386.619188666667,5657.508134853333,4861.72632712,5055.310826693332,5048.449829466667,4601.805994933334,4445.358586560001,4258.517360693333,4227.921874586667,4382.38209912,4247.8741648800005,4180.70422888,4121.628591626667,4040.129122666667,4111.718849786667,3864.39632568,3766.375274853333,3775.8200256,3713.559437626667,3841.25549808,3705.695774906667,3603.729994266667,3545.1749116533333,3410.5684930133334,3325.03804456,3264.2122068000003,3202.514486266667,3101.56769608,2962.0949552800002,2952.044717813333,2892.40087232,2629.4385990933333,2600.0914186933337,2626.66029032,2758.8524236,2723.0857051733337,2703.6888413066663,2526.756620826666,2459.5675540533334,2504.4647615999997,2305.56414144,2261.993570693334,2284.7139004533333,2005.3883025333334],"in_packets":[],"out_packets":[],"in_errors":[],"out_errors":[]}}