{"message":"Aggregated IX data for Auckland IX","data":{"nServiceId":null,"width":215,"jServiceId":null,"start":1476389100000,"end":1476453300000,"name":"Auckland IX","in_octets":[],"out_octets":[],"in_bps":[6602.96533216,6915.55895008,6695.71510032,6714.756773253334,7368.556441813334,6910.693141573333,6534.345118640001,6216.4583334399995,5996.103804773334,6090.363804,6666.04543184,6257.53759464,6493.915581093334,6515.3682225600005,6216.43042904,6204.889714373334,5942.11509728,6276.256819893333,6112.44592272,6369.7742237600005,6396.969013466666,6736.873569333334,6512.016645680001,5958.630294213334,6324.300456933333,6228.4945915200005,6209.551786826666,6264.8197681599995,6129.40140168,6042.580877413334,6151.412850666666,7278.550996,7583.847711866666,6705.363748026667,7226.835851013333,7022.564194,6598.319601306666,6601.691806746666,6488.7927124,6990.5638687733335,6567.442533013334,6236.288087306666,6244.081647520001,6502.753832293334,6661.686430666666,6727.561850906666,6520.400411493334,6463.074150346666,6236.644348986667,6442.33016888,6756.08201096,6302.3732624799995,6395.202184026667,6467.235717359999,6450.3839776,6774.75530968,6950.248658426666,6650.49793296,6852.670079493334,7035.82838984,6531.289671386667,6612.540570640001,6577.036188986666,6718.085302133334,6558.539002933333,6363.539198533334,6511.971532133334,6620.9643785866665,6522.940534560001,6322.826794613334,6501.914081013333,6291.979353226667,6116.952050853333,6258.128740453334,6299.75252344,6400.26278896,6858.2126313066665,6768.771925013333,7386.129936746666,7466.461278399999,7638.818229333334,7821.219282,7841.146146826666,7980.5517022133345,7715.116855386666,7553.788719813334,7877.449904373334,8230.909526346666,8129.38386256,7667.009843493333,7872.86637072,7887.342105413334,8011.770886640001,7519.38179312,7722.802742826666,7309.572706186666,7469.63294296,7703.005627813333,7463.70766544,7581.176879279999,7738.594723226666,7780.47775232,7992.581779733334,7656.874150906666,7783.699599279999,7748.350807600001,7612.826789813334,7342.927025813334,7738.792952773333,7875.578979973333,7818.177252933333,7862.601370986667,7839.84393576,8476.125142293335,8912.132158826666,9011.328064346666,9207.560879226665,8988.631658586666,8723.930051146666,8464.72861896,8689.55848656,8798.248187680001,8405.900373093335,8572.89604304,8716.305683146666,8745.721946586666,8829.061104879998,8601.737985626665,8793.433950586666,9087.122917706665,9401.038326186666,9106.70546624,9531.592480533334,9701.095871946665,9792.238901066665,10139.032644,10153.131695013335,10043.23339904,10503.9777632,10174.281246346667,10397.766400986666,10663.020930693334,10594.22493848,10535.585441413334,10251.004741866665,10452.840154186666,10424.814233333334,10634.935100906665,10445.937317973336,10253.622422533335,10423.81313432,10343.548421626665,10571.877145546665,10589.594494453335,10503.195548693335,10554.012687466666,10629.264467786665,10689.04533288,10414.33863,10321.044455626665,10038.200829493333,9852.620290879999,9793.42264408,9799.110975013335,9490.90169224,9478.611721946665,9212.645152559999,9026.133056293334,8248.720086880001,7851.64584288,7379.825007253334,7649.731566906666,7269.40995664,6981.105822986667,6908.258435413334,7072.724821520001,6575.047396346667,6249.109363813333,6242.516825306667,5801.35482592,6041.0277811999995,5955.990993413334,5825.9975481599995,5464.800016293333,5268.18502208,5709.367108106667,7128.038856213334,6297.689677573334,6129.47391504,5991.258458826665,5707.437155733333,5548.303931093334,5554.790918133333,5415.5338003199995,5384.322617786667,5823.66817016,6261.03118232,6166.658245253334,6428.4909448,6249.91586896,6221.979328746666,6453.931733333334,6221.351882826666,6315.3417524,6215.335466293334,5745.28432728,5960.699582106667,6441.657871546666,5479.253475760001,5885.769931520001,5476.802830746667,4358.865590533333,3339.01395256,3077.65008704,3045.901530426667],"out_bps":[6636.181860506666,6929.460164640001,6732.82049568,6697.3059409066655,7344.86935704,6861.845467653334,6551.253648853333,6272.67703176,5962.349738186666,6156.861592640001,6630.771780453334,6316.85503216,6391.554683813333,6526.960530106667,6235.116926373334,6283.852154746666,5903.335454,6204.523378,6156.13934448,6345.999672133335,6421.86939376,6760.661027013333,6504.117315386667,5939.57622312,6295.897652666666,6261.10476288,6238.266333680001,6239.744163733333,6107.639074533334,6103.266196426666,6167.79137208,7221.37286872,7654.078139226666,6685.659075093335,7219.894659306667,7030.136319733334,6616.564385173334,6578.340918293334,6483.227108,7024.8494961333345,6552.7052072,6266.944495680001,6192.73151584,6514.749892479999,6607.0892406133335,6753.850613786666,6537.344606133334,6520.86131904,6193.384150373334,6461.0297061599995,6729.7311303199995,6342.088373226667,6431.305891520001,6440.993862133334,6459.244399066667,6774.012264346667,6992.60185632,6639.474569493334,6886.992310746666,6992.105467146666,6537.51563752,6652.297897866666,6562.90003128,6745.407836853334,6507.91807376,6365.547141653334,6534.917454426666,6614.029482106666,6536.73355816,6349.03291824,6522.24936872,6253.10584544,6129.25713448,6239.371142666666,6266.787895546666,6431.409505146667,6851.830724186667,6820.87838632,7375.3184371199995,7403.806355573333,7734.674914426666,7867.915017093334,7802.175248426666,7945.760447333334,7730.953561226666,7533.696928186667,7960.7182089066655,8222.4155564,8057.584996986666,7752.358981413334,7824.074788906666,7906.072270213334,7992.238238319999,7547.604744640001,7710.5208500533345,7295.639165573334,7515.214438453334,7778.18607968,7367.096898293334,7631.686188479999,7770.019951439999,7768.2256808,7990.868608186666,7648.120669253334,7835.653408266667,7738.205728826666,7587.456873653334,7388.413727333334,7730.314595493333,7871.910728479999,7830.033028826666,7881.50611512,7819.156094399999,8571.150541386665,8914.50298544,9007.96418536,9244.929483466665,8970.345033706664,8705.973042106665,8392.442190293334,8753.893542906666,8811.870245066666,8381.98726752,8585.468493653334,8753.696520399999,8693.400115546665,8855.612106826666,8614.830520346666,8813.929146053335,9084.108337360001,9420.723625813334,9154.532232053336,9540.608492453335,9728.822790346667,9802.929376613334,10050.677673066666,10236.845252213336,10030.091337626665,10536.469323546666,10190.7484384,10384.23685424,10660.060385013334,10575.898842373335,10539.74523736,10279.888941866664,10439.346417786664,10391.743362266667,10634.426981493334,10433.087286586666,10306.00013616,10418.416922346667,10398.10964128,10606.309338026666,10617.517996026665,10457.233853253334,10641.030826293336,10530.912372026665,10745.83678344,10432.381670373336,10304.514586506666,9942.119402506667,9944.31496576,9788.887312773335,9816.472337573334,9490.376318293334,9464.086589386665,9192.270777946665,9077.211089866665,8276.96044384,7800.6615576,7414.939948426666,7648.3112604,7252.48310488,7033.924924746666,6888.1926740533345,7005.3194059200005,6600.264103573334,6248.090653706666,6278.471553733333,5805.512174986667,6043.0320904,5978.258758346667,5838.700999013333,5437.94472384,5244.5423116266675,5626.237903733334,7152.774529973333,6288.16263224,6101.633380266667,6032.454876826666,5649.284015946667,5608.724574826667,5544.272632213333,5373.921128506667,5395.959800453333,5795.816608906665,6207.502965173334,6164.875422053335,6384.352803066667,6238.072525386667,6194.207585946666,6429.950430026666,6224.065243466666,6263.884723466666,6222.729397786666,5751.960545706667,5917.87179352,6350.0816916,5493.157068293333,5895.14214712,5389.05270352,4392.667859413333,3352.9390496533333,3044.470159013333,3030.459919306667],"in_packets":[],"out_packets":[],"in_errors":[],"out_errors":[]}}