{"message":"Aggregated IX data for Auckland IX","data":{"nServiceId":null,"width":287,"jServiceId":null,"start":1491437100000,"end":1491522900000,"name":"Auckland IX","in_octets":[],"out_octets":[],"in_bps":[11151.117446639999,11296.260140373335,11111.959667013334,11202.164176506667,10787.737191440001,10428.475045013334,10581.854073466666,10624.175127626666,10722.79062672,10522.144480933335,11072.991937413333,10990.008714399999,11190.860373173335,10735.842196613336,11180.172777226666,11055.565550106665,11413.462048959998,10718.964057013334,11314.95563488,11518.208979946665,11654.112967893336,11326.688921493334,11084.241469573333,11093.131609093334,11262.183787146665,11406.294897333333,11676.913386266666,11788.456197386666,11879.874926346667,11551.880951466665,11071.336825573333,11595.081305226666,11272.9684096,11208.955498826666,10861.75691864,10664.55545216,11326.42201984,11509.655522986666,11459.22712768,11447.165431973335,11506.603048879999,11710.75615672,12013.0977012,12492.894499546665,12635.085902106664,12870.758854026664,13521.370070506666,12563.574646106665,13103.0992456,12994.84995896,12927.977139706665,13326.342519813334,13274.918400319999,13489.40630912,13251.050306,13241.087198133335,13767.803120506665,13493.75155848,13702.752716533334,13742.299976373335,13342.8250312,13032.225527120001,12300.565130826666,12266.437971866664,11971.659499813333,12200.702338213336,11675.435632319999,11615.016907120002,11664.354612293335,11653.472606666666,11725.663116853335,11443.370232746665,11959.945929813333,11445.36982752,11235.191796906665,11629.935871173335,11397.9004928,11450.578364426667,12157.002523386665,12502.801191306666,12253.028355973336,12280.470879946664,12069.811296373335,12029.360747706665,12770.069664506666,12797.779404373336,13484.216981626665,13428.021820586666,13553.621167520001,13808.286393466666,14872.033761440001,14253.193128506666,14734.074524373334,14649.813219200001,14673.868946186667,14890.0338432,15372.953794506666,16240.69466032,16789.246403786667,17101.9868384,17055.468676933335,16856.26140608,16632.778478693333,16499.908675706665,16967.432815493336,17299.491154613333,18471.926465946668,16887.110693893337,16909.213014906665,16720.75832312,15986.418618026664,15527.95872912,15521.931450026665,15080.961360399999,15886.830149093334,16800.371975706665,16086.648485573334,16284.195271626666,15766.436644133335,14841.627389306665,14999.268384346666,14127.352666693334,13425.84807512,13488.561297893335,12909.250147173334,12704.087712773335,12442.852144586666,11898.052315546665,11326.38453048,11302.7454944,10813.16395864,10579.249024159999,10310.464664426667,9598.312492559999,9151.160757733334,8758.205054426666,8442.26542728,8220.486752906665,7727.3522330666665,7770.296079546666,7381.978615706666,7211.060943786666,6897.404244773334,6622.988911333334,6769.172015226666,7041.3218452266665,7111.534347946666,6955.741410053334,6784.46061016,6534.99639896,6463.481378266666,5913.779392426666,5639.832051093334,5253.141844426667,5007.27701864,4954.090980426668,4578.614692773333,4435.208956346667,4149.415047173333,3880.06408256,3532.438757573333,3617.683569546667,3700.216090133333,3697.3886375466673,3487.2219548266667,3248.6760110933333,2935.8219827733333,2808.992396506667,3457.787620026667,3324.221394693333,3213.634843306667,3024.0719227199997,3053.0359256533334,3328.352752346667,3570.262839626667,3597.170019386667,3253.032303866667,3122.66993672,3182.982638373333,2783.8662304,3991.062537146667,5285.256449626667,4366.645803946667,3873.567572533333,3521.04825192,3079.5571820266673,3329.17426392,3526.0475249066667,3809.485599493333,3514.0999884000003,3571.7822064,3780.5324573333332,3793.267633306667,3480.1780819466667,3228.19715856,3406.605439866667,3364.37317736,3372.694296506667,3580.81640472,3094.79491448,3130.3671073066666,3209.5163229066666,2794.1384312,2346.0192910666665,2160.61269392,2130.7133581066664,2009.0146214133333,2078.1420560533334,2219.3565979200002,2200.76165912,2347.94079544,2611.0411966933334,2510.2795804266666,2935.046402586667,3202.492560666667,3704.23977672,4141.273173546667,4362.333022586667,4637.252042986666,4660.391487253333,5070.81426288,4891.205286773334,5032.2636162399995,4957.753646666667,5167.810285226667,5369.321763946667,5886.326819520001,6391.973599893334,6894.100430293334,6610.193596053335,6795.713081813334,6668.651824026667,6418.277069493334,6861.742510213334,6557.55234688,6497.130500026667,6292.419182453334,6572.941591466666,6832.986127573334,7149.0900844533335,7603.65047656,8479.614435626667,8138.092593493335,8241.069919386666,8733.495429866665,8633.469659653334,8537.427369680001,8370.000118853335,8372.427786293334,8674.35289016,8356.86873088,8409.83263936,8896.567123280001,9338.810084266666,9263.642060799999,8957.998933093335,8809.141284586665,8549.054538293334,8484.41557176,8609.92047408,8646.928552853335,8771.963655226666,8412.784096186666,9022.500500373335,9237.52368864,8329.045768533335,8745.774654719999,8807.015618826666,8706.866969253335,8553.079591733334,8799.8768096,8957.001149653333,8429.002824906665,8619.757505040001,8816.279512773335,8819.876709546665,9039.050945386665,8579.504548506666,8948.36216808,8634.321454533334,8392.051698746665,8597.502209946664,8699.701513226666,8438.747829093334,8961.1679328,9532.674219893335,9756.456322853335],