{"message":"Aggregated IX data for Auckland IX","data":{"nServiceId":null,"width":285,"jServiceId":null,"start":1498176300000,"end":1498261800000,"name":"Auckland IX","in_octets":[],"out_octets":[],"in_bps":[20955.229428933333,21186.111911306667,22008.16252104,20952.904164986663,20741.101593493335,17687.109585413335,16696.31438848,15976.007733440001,15816.866017413335,16540.764894826665,16739.486558906665,16413.687949440002,16907.753216,16846.686484506667,16770.43010096,17147.342730773333,17877.157099173335,18027.647617759998,18243.694951786667,17927.518326880003,18556.19120976,18055.58185616,18316.052602080003,18546.225229413332,18680.831737013337,18802.396221466668,17977.76259752,17532.029664213333,17615.105562533332,16876.252701573332,17181.153680426665,17847.463344933334,18604.29807021333,18630.68449536,18778.877949226666,18279.005768906667,19097.62374672,19172.749637066667,18826.090461253334,18419.051584693334,19669.346590186666,20726.965134426668,20465.69000424,21295.628032346664,21904.688530986663,21527.209496373333,22187.303927093333,22937.119260693333,23474.694547439998,22429.128851066667,20000.996627733333,17837.63291024,17784.02409648,21631.40848848,22528.312846959998,18779.651818613336,21015.356039706665,22962.969170426666,23114.586897706664,23711.670104080004,23678.239539813334,23853.570345279997,24664.641588986662,24425.848084346664,24984.964345200002,24177.215832586666,24498.7878592,24735.634528666666,24690.30142832,24783.456539146668,24353.145887413335,24474.61261352,25294.546859733335,25642.252942933334,25002.460291493335,25207.48404024,24587.559047226667,25231.7969152,25403.246849119998,25249.115098506663,25175.778887599998,25376.713723706664,25952.441525706665,26395.160216106666,26153.059182666664,26349.34675592,26511.551244293336,26632.75334984,26610.501178746665,26551.12852568,26436.19825208,26876.242466933334,27123.353920666665,27704.077862746664,27673.592870586665,27378.25088114667,27722.092910400002,28452.38046832,27672.106198026664,27396.739921306667,27229.276153759998,27328.860604906666,27880.099745493335,27866.472702720002,27624.834080426666,28267.372595546665,28125.533640346664,28373.99861256,29136.59156797333,28709.299549599997,28478.320775626667,28776.993533173336,28926.13881602667,28432.35062885333,28351.635871973336,27709.000141973334,27818.57785872,27291.12210592,27188.35007696,27036.69847136,26765.724329866665,26836.463202506664,26118.55926488,25687.345317173334,25636.257995946668,25624.54395088,25288.997323226664,24508.546009973335,24061.730313893335,23698.813206666666,23386.346991066664,23270.45629848,23119.500850426666,22558.465779493337,22477.037577573334,22010.30544,20689.375734986665,20421.3177932,20617.796147493336,19818.106471626666,19633.97989736,18684.480817786665,18464.967415733332,18446.51767208,19481.186649946667,19591.644680639998,18503.713781413335,17699.284425786667,17572.916349439998,17431.29333104,16465.518050453335,16432.988576133335,16256.175680986666,15176.760408213335,15034.74731616,14729.459846293335,14369.577987120001,14080.063282,13439.360968053335,12751.373410639999,12412.75351416,12204.355389600001,11813.121585066665,11034.56099328,11171.556128133336,10968.377770373334,10306.978928479999,10930.090027173334,10238.534745013334,9634.524407333334,10121.70734664,9719.798853013333,9381.921121386666,9261.42547432,8881.597068613335,9008.895709226665,8519.24615704,8329.828151173335,8036.758628906666,8908.74662576,7947.208992453334,7175.23998984,6832.87851528,6682.741055866666,7048.550227146667,7450.392425013333,8078.381763359999,8515.031373386666,7605.181501520001,7440.34258592,7083.71428576,6709.75584376,6954.0614916,6881.26431304,6298.860345253334,6411.982512586666,6294.858998693334,6140.584128026667,5846.381528399999,5525.777391813333,5940.21380424,6143.94449696,6158.623503306666,6046.222762586666,6139.4561616,5714.530425226666,5548.440680479999,5720.085801093333,5544.608925253333,5177.420575226666,6306.44346656,5793.170609466666,5687.172201973333,5546.060374746667,5475.013905466667,5404.8368330133335,5447.404898053333,5661.198406533333,5646.459661386667,5808.182453786666,6217.2187023199995,6518.176116426666,6432.6930954399995,7312.48542544,7435.375135386666,7136.29269744,7468.672347066667,7770.824260986667,7996.516033386666,8341.500874880001,8891.834414613335,9023.690741146665,9413.436326186666,9669.374268666666,9710.886031600001,10094.027615866666,10535.325192773334,10843.904859173334,11032.944290826666,11338.129955226665,11633.614556693334,12014.974285946664,12555.531601120001,12402.839638906666,12884.997138293335,13358.100965333333,14096.434709680001,14773.80683304,14320.13910152,14177.62964424,14684.822537066666,14397.616957946664,14908.83996624,15131.865718266667,14543.725205306666,14303.076556986665,14817.876997173335,15417.001447866665,15699.849534026665,15287.158527200001,15655.450187946664,15846.475652453335,15846.01614768,16437.34375272,17134.32698944,18260.475373786667,18582.807214080003,18795.8190816,18318.220600053333,18550.155694533332,17914.444140213334,17509.873465306668,17225.27865024,17381.529694106666,17843.069138186664,17300.751516053333,16814.876059333335,16981.172254906665,16947.865564986667,17048.772912746666,17818.5387596,18867.35514730667,19087.15344088,18250.21347616,18222.643216080003],