{"message":"Aggregated IX data for Auckland IX","data":{"nServiceId":null,"width":286,"jServiceId":null,"start":1513253400000,"end":1513338900000,"name":"Auckland IX","in_octets":[],"out_octets":[],"in_bps":[10884.331766399999,10079.7814864,10076.455547573334,9997.568295653333,9317.241061253335,8987.554725066666,8708.071066746666,8460.539683866666,9212.073011573333,8910.253350559999,9309.701555093334,9012.080089173334,8569.532051013335,7809.594269173334,8498.500986053334,7662.88492168,7706.953562933333,7067.053038613334,6394.949888906665,6412.9098670133335,6697.012491439999,6689.94294168,6403.24234176,7687.96017728,7998.725402346667,7453.905053733333,7043.328183573334,7515.3836261333345,7811.927386186667,8237.761976346665,8764.339945386666,8481.867406906666,7722.755038106667,7296.712549493333,6459.5051529600005,6975.806017066667,8177.005572746666,9762.995405093334,8885.293513386665,9369.11647264,10435.71622056,9274.015370879999,9544.767810826666,11087.48121464,10330.42119544,11011.64929856,10607.33137784,10069.018660373335,9332.011492213334,10828.857633173335,10034.098705893335,9657.860739733334,10819.177137013334,10092.777145493334,9214.570624213335,8431.75751384,10830.111934586666,9976.449879733334,9918.826630426665,11244.449542933335,9881.87354664,9134.601591866665,8702.2802192,7511.92321024,7360.119344373334,7774.755896479999,7628.037494560001,8256.374860853335,8968.459496533334,9250.576416959999,9819.886287306665,10360.644697893335,10314.294962586666,10215.65162552,10279.391732586666,10020.330178826665,10266.901647813334,10458.5199752,10645.757092293336,11357.542835040002,11447.375838959999,12246.375706213335,12493.390810026665,13096.774478613335,13214.883554053335,13061.664885146665,12668.109895466665,13033.202388853335,13552.87731528,14089.561707280001,13987.50725816,13453.051108133335,12994.262305546665,13306.040849493334,13154.056812906665,13896.717156293334,13524.303594853334,13588.022410133335,13244.932398186667,14106.225771333335,14362.244795306666,14040.28789776,14039.319399253334,13493.200978133335,13953.647736053335,13942.464629573335,13504.647333786665,13429.820675013334,13510.703265706665,13235.104502293336,12848.1436308,13615.148635546666,13376.508300106665,12653.106803786664,13377.10395264,13850.440635573334,12252.44686176,12128.373633093333,12689.686290666667,13313.692410666667,13720.058696,13350.686154719999,13552.704017626666,13956.628313413334,13993.545412933334,14327.23397744,14292.67168672,14783.227691200002,14443.10359496,13725.06320104,13971.379310213335,14409.081308106664,14598.096826746665,14237.066469173335,14210.741081866665,14827.502700506666,14650.158449066666,14496.727510453335,13798.409947893335,13505.73917176,12914.839711866665,13174.16878824,13314.628106426666,13038.92011936,13006.64831104,13977.749603093334,14565.583277946665,13402.139099973336,13041.050279093333,12869.448580639999,14181.506502053335,14317.69849408,13880.048791013334,13682.473355253334,13540.180439253334,13436.93165568,13428.987006026664,13924.899554799998,14990.941232559999,14472.304847226666,14097.503324026664,13901.953472133335,13852.575302879999,14547.726557226666,15072.278661466666,14533.717378506666,14088.964005146665,14530.775201226665,14688.984001333334,15115.029655546665,15356.198962053335,14738.111077306665,14829.69442632,15387.025553466665,15702.209005733333,15592.86440592,15624.958801813333,16193.819826986666,15606.292841013334,16101.1195808,16147.84070176,15623.490594453335,15335.339389306666,15067.6529852,15099.761579466665,14543.133968826665,15055.399002666665,14408.249495546665,14972.60086008,15305.394472506667,15244.123594426666,15177.935138853334,15389.263320799999,15618.610506746665,15965.349676453336,15397.291294613335,15867.992202826666,14746.448022826666,15018.8392636,14654.133667413334,15313.504360426667,14773.03297704,14389.076990293335,14518.680967866665,15087.537120693334,15423.235450293336,15472.04533544,15358.302847333334,15860.764730746667,15493.03721808,14676.090442906665,14692.286651173334,15050.76231488,14550.882043253334,15878.382021173335,15483.990895306666,15502.70760168,16000.089682346666,16388.286651493334,16088.788820693335,15562.627111920001,16320.187176106665,16674.23350056,16574.794191733334,16906.34105904,16673.944883786666,16345.980561626666,16708.24003136,17063.834480613335,17463.788839653334,17016.876722666668,17559.181776213332,18186.167905413335,18600.735666826666,18595.74098037333,17933.424423333337,18272.066335919997,18741.079116959998,17488.900642453336,17637.64172936,18672.184467466668,19190.33923992,19599.567044986663,19169.665408346664,19908.26431869333,19947.245115706664,19095.952788346665,18916.354976453335,19034.21741216,18233.704298773333,17862.094524400003,18730.549958373333,18713.193118799998,18396.321910693332,19369.86339664,18680.74350928,18546.818843893332,17496.521500586667,17234.921988666665,17756.08882448,18417.444988373332,17853.131196213333,17075.211589333336,16633.841745333335,16183.222001546665,15956.318438666665,15654.038220533335,15489.925473173334,14966.711262106664,15278.29769904,14966.443833120002,14193.26245512,14091.662740106665,12888.597634853335,12869.842958373334,13052.945614746666,11885.86889072,11446.247400586666,12647.6129516,13244.980146986665,11690.978034186666,11654.981206506665,10683.794568453335,10036.529482933334,9730.462610586666,9782.768153493334],