{"message":"Aggregated IX data for Auckland IX","data":{"nServiceId":null,"width":287,"jServiceId":null,"start":1507435500000,"end":1507521300000,"name":"Auckland IX","in_octets":[],"out_octets":[],"in_bps":[21586.940871919996,21458.974867173336,21342.08758864,21404.425203093335,21730.962063466668,22249.228378666663,21705.106172053333,21228.03777464,20617.825336426667,20337.805399786666,20530.120383893332,20740.772905333335,20355.081988213333,19962.38875624,20207.74962496,21098.483052106665,20257.10242424,20070.393891306667,20174.629076666664,20299.004703119997,20350.35407616,20216.641835253333,20317.076855306666,20721.826557386667,20769.960694026664,20520.291244826665,20129.508897013337,20538.835980826665,21741.883077093335,21363.77642296,20586.920674693334,20479.910570213335,20769.191601813334,21363.336352986666,21562.358444240002,22513.40949616,22685.94117653333,23997.142004133337,23284.673117546667,22250.384420613336,21961.881484,22137.326181599998,23120.010460906666,22902.04062104,23595.20505648,23500.355488453333,24311.360772133336,24224.514023893335,24329.94003264,23729.569,24500.982243813334,23949.747559546664,24543.327895360002,24319.89947832,24190.364027786665,24142.89739984,23967.659688373333,24385.97899544,22936.01513053333,23228.80040136,23577.644467653336,22867.068441733332,22414.749436453334,22370.423959946667,22292.91970352,22041.13890512,21636.570920773334,19798.481924213334,19569.557818266665,19531.163117786666,18656.772297973333,17877.812694959997,17584.775330080003,16848.268321173335,16612.703978853333,16260.004947226666,16041.627867333335,15362.161912826667,14258.564299253334,14183.832913066666,14031.905677653334,13626.27702608,12772.829409093334,12238.960515253333,12414.590963573333,11620.398592266667,12154.44512672,11639.991260426666,10756.43753144,10266.665752186667,10242.28373808,9876.964919146665,9944.488486906666,9871.49464312,9226.950877786665,9022.39900768,9229.0417384,9231.860938506667,9214.80417216,8591.273215733334,7999.423948,7653.633239786666,7999.233251093334,7622.254052266667,7236.216547093334,6547.15569272,6694.413573093334,6217.791882853334,6108.120345226666,6203.653847653333,6832.730399946666,6939.621155813334,6618.611473813334,6882.74289032,6936.669951413334,6573.273554453333,6493.80501544,6408.0542427733335,6511.93543792,6382.338019946666,6198.866614213334,6007.3236752,6553.982065973333,6549.13707072,6565.7552545866665,6114.765125306666,6006.440290213334,5651.190310586667,5444.713371813334,5059.81786568,4509.801996666667,4635.577802533333,4498.495019653333,4156.375919013333,3974.357564026667,3895.3485094933335,3721.6393596,3735.3064816533333,3835.6555857333333,3417.316397626667,3640.10909048,3365.0215908,3058.563172853333,3127.3896349066667,3146.426856586667,3232.0466401599997,3595.3409312,3263.024948773333,3456.4230260266672,3454.061234106667,3543.714101786667,3789.4808646133333,3731.984248186667,3801.5779992,3413.0616873866666,3331.248481733333,3873.44078224,4473.712360986667,4314.4657319200005,4127.424040586667,3901.017536693333,3983.583855973333,4248.222883840001,5022.760461893334,4929.654445866667,4997.292830186667,5027.079032453333,5137.350599573333,5677.1256464,5836.813046346666,5963.838088213334,6280.04827544,7137.969930506666,7625.136986133334,7621.22670296,7866.201115173334,8290.87981096,9048.175085546665,8827.043622106665,9261.974896133335,9616.059086986666,9980.844894666667,10226.229156826666,10397.870321013334,10837.18032368,10979.904256239999,11390.150698293335,11948.086269946665,12217.36253752,12347.887091866665,12232.707419253335,12255.82203192,12525.048141626665,12962.594535466666,12359.489021333335,12223.70301936,12780.085872186666,12495.333775066665,13065.457831786665,12855.341527093335,13002.680980559999,12568.456627013335,12509.932924719998,12659.499101653333,12859.806847413334,13129.462846506665,13682.670150266666,13987.507621973335,13852.848966799998,13313.055452666666,13978.196190666666,13452.187105573334,13451.22272896,13577.454363280001,13671.339619946664,13738.55182848,14538.553302293334,14482.15748656,14302.506682373334,14617.65953008,14422.821525706666,14636.53232704,14518.331816666667,14503.79694056,14661.034615733333,14264.037146053335,14478.163958586667,14214.079997173334,14700.40033816,14381.77014488,14613.069327866664,14440.590161466665,14016.399661493333,14331.552112533334,14750.435578186667,14801.48720008,14860.896463946665,15433.480933493334,15958.795265280001,15253.7742824,14757.8913912,15017.75378952,15630.154280053335,14621.24808112,14637.665278373335,15240.57526016,15288.614721786666,14934.442355013334,14887.445210426666,15412.964144613336,15134.827321706665,14957.10230936,14947.435149573334,15233.67701744,16007.502946053335,15449.29405432,16090.0449648,15910.53324952,16302.3889668,16828.196619573333,15500.027437333334,15301.964699813334,15875.88428056,15584.583745546664,16203.140054559999,15615.23532376,15361.94550056,15938.59223168,16468.232633173335,16008.431951146666,16315.961007173335,15683.36864816,16145.031780773334,16086.739869680001,16565.944117066665,16720.2486332,16799.619376399998,17038.13320488,16853.620934773335,17229.96577304,16846.857631946667,16814.02840592,16928.7047256,17121.553762479998,17050.712112346668,17064.871181066665,17683.403094933336],