{"message":"Aggregated IX data for Auckland IX","data":{"nServiceId":null,"width":261,"jServiceId":null,"start":1496419500000,"end":1496498100000,"name":"Auckland IX","in_octets":[],"out_octets":[],"in_bps":[3417.9208942933333,3448.738868933333,3201.3222362133333,3203.3927057600004,3171.942130586667,3358.763666773333,3471.343221466667,3338.39775568,3185.0922070133333,3092.923224853333,3032.82780184,2923.100057786667,3144.2555719733327,3164.409559626667,3031.8967574933336,3172.515001146667,3119.299990453333,2865.35691616,2783.0105548266665,2842.8731613333334,2766.7097048266664,3365.6420456533333,3180.5193437333332,3261.19132352,3446.289914186667,3468.811521546667,3751.715343173333,3838.3476898666668,3832.222325893333,3778.719864186667,4198.16016544,3975.6728432,4144.6046254133325,4324.5265422933335,4544.5321157866665,4696.284100986667,5231.488442826667,5249.1273735466675,5643.7781427733335,5864.534651520001,6381.150977973333,6352.36396688,6716.102486266666,6853.544521226667,7203.8583424533335,7365.64804352,7581.652965573334,7873.093791866666,8192.057277813334,8566.476068613334,9060.970180186667,9503.297252693335,9623.32120848,9738.041803226666,9918.495236906665,10146.212374453335,9917.292717786664,10001.322944853335,10175.968555013334,10626.461778159999,10230.274959013334,10002.63316992,10287.01537032,10501.928836373334,10334.7126716,10830.165620933334,10874.656693866666,10769.365366453334,10816.478588986665,10934.118802746665,10710.32736176,10883.570174426666,11002.201363306665,10688.616220586666,11001.286056719999,10728.60715632,11004.66085528,11067.671465333335,10801.532067600001,10420.599063413334,11103.531706959999,10964.141290266667,10990.93645536,10924.210178533334,11042.802057733334,10848.567036586666,11057.895821306665,11077.497838346666,11425.70968624,11366.684119040001,11252.434935946665,11372.801638,11295.237969413334,11196.381163333333,11802.226173946665,12078.461754533335,12201.180953786665,12479.326017360001,11987.38709792,11907.226178773335,11872.311107493333,12817.584820133336,13352.1112084,12847.63127792,13101.570619013335,13107.735831013335,12961.19013128,13022.11251096,11876.89360784,11686.618491893336,11911.188203733334,12273.72261384,12216.548384106665,12047.59997592,12443.490278933334,12743.271724133336,12762.560660879999,12787.457414879998,12588.733125066665,12524.260115226665,12897.49135088,13549.247725120002,13145.546816826665,13058.535337706666,13047.441164933334,13340.546218559999,13529.614127466666,13077.23101616,12795.587218906665,13244.394615893336,13310.445129013335,13195.882544666665,13517.630692853334,13708.369303520001,13549.719956773335,13680.906292346666,13916.164745893335,13723.762608106665,14399.45794208,14379.306573253334,14496.14728112,14327.805831706664,14163.205905573333,14489.48104384,14085.901925573333,14480.867112213335,14810.016543040001,14888.71946608,14784.601956826666,14529.250223253333,14470.289696506667,14682.123010773335,14400.550495253334,14055.6924512,14024.059713626664,14653.317015226665,15124.042639013334,14864.279531333334,14799.318438479999,14819.096302933334,14748.67020696,14867.373662959999,14895.757047226665,15150.20122552,14926.967478933335,15106.15469288,14896.117201653333,15024.854958266666,14681.684146986665,14869.119341173335,15054.363134186666,15497.506575066665,15884.396090133336,15555.410706373335,15627.68038264,15455.295819493334,15641.343429706665,15078.194860826667,15131.472259786666,15531.423213413334,15967.797264186667,15651.651736213335,15802.858560719998,16028.847161866664,16231.57919328,16562.705784826667,16838.821383066665,16639.368160453334,16866.51532464,16307.736885280001,17010.942006613335,16873.678401173333,16907.35209416,17276.611075306668,17834.574304133333,17707.738408826663,18366.87746824,18355.46293544,18713.450186613336,18525.584439466667,18075.772671226667,18379.02877914667,18311.832913786668,18729.077964453336,18331.839170613333,18602.53297512,18666.224894026665,18462.176391279998,18860.43161376,18830.181942693333,18360.171569013335,18262.93980608,18819.49774888,18457.10403762667,18710.094733333335,17309.10138848,17650.249126346665,17098.685470986667,17091.477639413333,17064.690851013333,16590.137700346666,16145.082478906666,15907.151615386665,15429.217367973335,14670.911386533335,14497.850168826666,14354.066299653334,14075.21913664,13666.474830293335,13326.60428864,12916.670329653334,12099.450403893336,12231.887496773334,11817.498636506667,11305.755763893336,10996.279406239999,10503.26910304,10288.438451653334,10346.277563626665,9859.768050693334,9610.700579493334,9099.27706528,9403.294781706665,9163.031949706665,9119.650528426666,8342.19937848,8217.090759946666,7950.507449253334,7637.881049680001,7377.516177786666,7283.58519688,7075.5902358133335,6650.82018552,6419.2287141333345,6183.63906032,6048.690595626666,6018.99016184,5708.954697973333,5737.117781093333,5435.56951808,5206.686662720001],