{"message":"Aggregated IX data for Auckland IX","data":{"nServiceId":null,"width":287,"jServiceId":null,"start":1486857900000,"end":1486943700000,"name":"Auckland IX","in_octets":[],"out_octets":[],"in_bps":[7875.910229173334,7985.647449253334,7846.67834184,7740.0826956266665,7608.773946,7826.812945733333,7844.6015971199995,7989.548082640001,7848.845778693334,8233.072297466666,8195.015913866666,8249.224918586666,8636.226616133335,8003.36565608,8296.80279424,8436.672202746666,7974.71266472,8228.41929992,8507.183947653335,8813.325378773334,8711.296376346667,8508.047128506665,8614.51147272,8539.912085866667,8731.99048568,8944.391057893336,8882.317375253335,9100.931112666665,8914.962894,9171.545068506666,9289.098348053336,8952.413723653333,9009.858854293336,9005.854335413334,9294.14439824,9586.500023946664,9873.187883706665,9913.83306032,10199.03081,9918.061005466665,9919.320229786665,10069.157405893335,10330.046009040001,10090.874710506667,10412.224678293334,10128.433074026665,10070.17068288,10109.587973386666,10340.594069386665,10429.700810106664,10232.687705600001,10021.969462826666,10388.68584616,9984.0319832,10250.40974744,10250.842151733334,9824.275355200001,9527.219625306665,9364.863404853335,9722.10620024,9487.033922293334,9868.74685432,9361.084917173333,9235.478263066665,9222.852931413334,9413.41234056,9502.396277466665,9492.105259146665,9268.502302186667,9656.923577493333,9838.714100026666,10028.118745306665,9800.361871680001,9675.176765440001,9801.14286824,10109.51683104,10125.255936266667,10255.328020186667,10643.517096533335,10949.7610948,10877.714274746666,11032.711911440001,10746.447384719999,10837.706107413334,11205.507463253334,11329.578527706664,11298.3840688,11712.6676708,11681.751284426666,11766.60296752,11975.427482666666,12097.2667024,12075.164296879999,12193.149356426666,12610.987222239999,12439.165189120002,12646.918378053335,12649.148216799998,12824.341811413335,12756.271246026665,12645.004383226666,12725.169131733333,12727.65946624,12342.21201672,12337.399884186667,11725.253459866664,11735.26607592,11649.67660568,11657.92064536,11405.5000712,11352.798604426665,10865.311132933335,10751.538354213335,10509.350500186667,10377.332897733333,9830.559052106664,9718.88723392,9359.84348784,9693.544122266667,8854.312653120001,8813.6378776,8306.455412373334,8058.006051626666,7724.89035816,7388.198845600001,7139.960399413334,6745.772456826666,6459.4548998400005,6255.580291786666,6123.770608933333,5970.35062696,5700.27036984,5637.848664773333,5642.162440666667,5349.19840728,5165.5575469333335,5033.746354506668,4830.665828266667,5866.878220346666,6120.798549866666,5336.170883546667,4684.589881573333,4436.739280399999,4018.30691784,3906.7923011733333,3773.770670586667,3853.5693722133333,3980.2909832533333,3580.9913523466666,3450.977837546667,3475.03903856,3313.2640758666666,3178.9575293333332,3104.27541504,2876.4724040799997,2930.915909653333,3157.81087648,3139.5724030933334,3104.805930053333,2845.1743740266666,2567.3102194666667,2174.414950133333,2090.6490451733334,2122.3078489066665,2019.4630010399999,2079.6903887466665,1961.76132528,2102.8703003733335,2283.5069334933332,1968.6535192266665,2192.3359543200004,2251.63903312,2420.3677219733336,2413.6156348266663,2131.4587685066667,2402.7458706933335,2224.6481068000003,2190.4365765866664,2509.6876820266666,2438.3564748533336,2564.8731637600004,2435.8239364,2614.8669636533336,2384.9462480533334,2304.2582337866666,2124.3180232,1938.67621104,1744.68953824,1597.7286091466665,1464.34002616,1541.61008,1547.03470504,1516.54193128,1463.6564374933334,1411.8127695733335,1400.2997997333334,1336.08243816,1661.7557513066665,2248.3983564533332,2257.7824854133332,1789.0350161066665,1728.3750468800001,1787.87218288,1676.1814633333336,2026.3145224533334,2312.459206026667,2334.7610473333334,2033.46207736,2031.7707589066665,2129.3931025066668,2379.2320949866667,2652.63368136,3006.2734447199996,2711.721599013333,2691.9588888000003,2925.390622026667,4132.673216586667,3958.8617540266673,4088.2964717866666,3673.1274156266672,3828.164859226667,3917.874803706667,4046.55579696,4466.286006586667,3987.8969377333333,4016.012831013333,4159.31070096,4350.317676746667,4931.93116928,5094.045251760001,5336.166014053333,5536.324541013333,5286.1587816,5391.8903036,5321.3323283733325,5574.031780906666,5839.4613124,5611.5774647200005,5743.497631066667,6060.062388853334,6345.990158693334,6287.315043786666,6135.36683128,6078.313081946666,5795.944658666666,5967.262064693334,6155.653710586666,6218.835738479999,5956.170258986666,6244.33308096,6242.394483226666,6460.817909413334,6511.717680906666,6314.332025653333,6459.75559792,6300.692015386666,6374.881755626666,6201.915354533334,6064.2249768,6602.052135893334,6161.750305493334,5953.491869653334,6141.54971608,6390.0167060799995,6625.906442853334,6677.215701733334,6639.788534186667,6350.849963626666,6678.911256266666,6439.295893493334,6246.615797066666,6338.236192533333,6299.508834666666,6110.845851306666,6102.088585626666,6347.385119013334,6659.66458096,6344.07732832,6388.826842533334,6397.778508426666,6451.00300512,6566.155480560001,6178.18872776,6739.6419544,6623.75205424,6416.876624373334,6402.10453032],