{"message":"Aggregated IX data for Auckland IX","data":{"nServiceId":null,"width":287,"jServiceId":null,"start":1475496300000,"end":1475582100000,"name":"Auckland IX","in_octets":[],"out_octets":[],"in_bps":[5985.599043893333,5851.28447128,6127.4998308,5793.6322241866665,5791.713188453334,6191.793473173334,6347.357399013334,5127.772880773334,5111.666934880001,5603.51933232,5571.662589706667,5339.8679351733335,4721.753995253333,4537.2951831733335,4355.012337173333,4171.88571024,4361.097408106667,4360.4259996,4507.67422112,4116.853490906667,3806.016983253333,3674.6235349866665,4821.568928133333,5561.095963813334,5662.2797720533335,4650.631086693333,5075.105909333333,5335.35233776,4075.1292335733333,4495.625222026667,4443.61636112,4288.176588906666,4297.17003744,4452.7105652,4505.723049866667,4248.173964426666,4224.1709748,4033.667548613333,4104.097261546667,3811.4955332,3708.030203786667,3812.1374134933335,3621.75511184,3737.05887608,3789.6177280533334,3832.181576293333,3529.24489224,2614.3940736,2365.9263843466665,2279.4623972266663,2329.3943531466666,2318.57766048,2291.2908990933333,3107.05742608,3739.802746053333,3487.7550184,3757.425401973333,3956.562921306667,3387.23042456,2465.3832537333337,2231.8960197600004,2289.8608242399996,2516.7127592533334,2599.7535188800002,2939.337836213333,3083.34330688,3249.3162690666672,3644.009341786667,3252.35600432,2853.5300986666666,2615.20593928,2478.9481647466664,2907.3937558666667,3135.8186728,3081.6223334933334,3131.3966762399996,3508.07239512,5197.217026560001,4444.67309408,4225.90400416,4327.138655093333,4345.71309528,4752.997965546667,4682.005991520001,4786.331227866667,5234.50148904,5493.095463306668,5793.777043786666,6063.107621413334,5850.611694026667,5274.52604968,5583.820952906667,5557.199055573333,5774.30041688,6090.052011573333,6014.2932224,6295.900449386666,6670.017525813333,6960.546673306666,7420.852285893334,7310.913763946665,7284.2614112266665,7264.622903706666,6566.7572001066665,7488.895561653334,7504.335362693334,7012.623954826666,6028.176541333334,6261.008043973334,6804.2211592799995,6690.2661744,6765.70511896,6487.221636453334,6543.176664026667,6588.213863066667,6432.77602096,6401.2619845066665,6738.709686720001,6736.31054408,6920.765781786666,7357.8877168,8045.774355546665,8897.302821386666,7704.166192693334,7294.272451466666,6945.9797527733335,6721.206280106667,6842.608197893333,6872.648661706666,6459.8684197600005,6447.461893973334,6595.033054,6592.407859386666,6195.169412373334,6050.034530666666,6269.930339493334,6507.8924834399995,6326.468716853334,6425.3604324,6486.5764465600005,6467.058079493334,6601.52418048,6642.448248346666,7006.785373680001,7265.05865376,7274.90708824,6945.841248853333,7045.555085093334,7081.479026853333,6920.73813448,6985.377965306667,6808.86175128,6552.79978472,6791.038142266666,6534.401298373334,6581.068401546666,6634.855465626666,6447.9198804533335,6306.886617733334,6289.713584239999,6550.111078533334,6442.505513866666,6710.178165093334,6666.376199066666,6803.22339112,6612.785264053335,6762.8058232799995,6418.536111973333,6705.4215310399995,6453.317256693334,6626.404979386666,6626.2883992,6527.94546912,6496.27530776,6535.697828026667,6677.914593413334,6814.978899386666,6898.181215573334,6804.764564133334,7053.578424933334,7135.01146032,6868.6055189866665,6930.717225813333,6937.247133253334,7040.27487328,7157.888610613334,7141.470917306667,6973.429119786666,6860.327497093334,7006.50419272,7013.852668613334,6964.0475952,7147.82650536,7017.24642656,7139.579558906666,7025.1655262133345,6860.3082808,6834.908568213334,6621.188527973333,6579.43506104,6723.663713973333,6744.991053066667,6730.850261573334,7009.50899288,7403.453906666666,7455.97386368,7293.593137893334,7233.76210416,7237.898790426666,7744.050617653334,7731.108504,7582.601295626666,7437.00499088,7468.8875351199995,7658.692241680001,7831.312637706666,7978.511744026667,7960.694275893334,7917.402228933333,7858.996910773333,7865.470384373334,8200.18608408,8549.55915488,8829.139026266666,9019.964752266666,9085.049916453334,9405.304485813334,10038.05834952,9854.412768959999,9808.66665728,9887.325329066665,10054.572417546666,10201.328804026665,10199.00393568,10225.080050879998,10305.351952453335,11252.564029520001,10500.794710906666,10381.148716853335,10434.544808613335,10532.232656186667,10676.274571626665,10529.553718613335,10646.999717066665,10508.329825573333,10463.866458346667,10512.178427013334,10219.713175626664,10417.479086666666,10417.3371608,10006.121723146665,9896.240737786666,9945.457074853335,9724.665681733333,9319.703224159999,9782.2489136,9693.827941093334,8609.161939146665,8496.402107173335,8135.9448886400005,7593.931166933334,7284.5502952,6949.69163176,6946.10358896,6986.86341936,6852.158422346666,6767.276172586666,6754.356546746666,6156.0298315733335,5882.426179333334,5904.397119733334,5586.332984666667,5629.121675546667,5505.67061368,5746.108954506667,5381.9183487733335,6728.948181173334,6211.431265946666,5180.014241546667,4954.930522533333,5113.034233546667,5602.457103386667,7176.8063003199995,6979.551801226667,5979.699918186667,6691.939638933333,7117.564667546666],