{"message":"Aggregated IX data for Auckland IX","data":{"nServiceId":null,"width":288,"jServiceId":null,"start":1479600300000,"end":1479686400000,"name":"Auckland IX","in_octets":[],"out_octets":[],"in_bps":[7063.416570506666,6804.635455306667,6565.231268053334,6896.5107677333335,7180.437378933333,6898.103546026667,7456.657007600001,7536.06277056,7522.3912413866665,7617.102149253334,7409.95900728,7485.4517286400005,7458.603169146667,7494.477696746666,7265.252349546666,7261.770594586666,7071.213115413334,7564.024490533334,7154.3185800266665,7414.4354433066665,7415.5155114399995,7217.592934186667,7139.015411439999,7769.780516933333,7825.337139226666,7830.0741072,7635.411359066667,7515.95107216,7048.93397408,7084.309575066666,6937.040298026666,7257.749412506666,7452.35918936,7754.7161266133335,7958.810491146666,8054.894791386665,8378.843653786666,8398.61484592,8604.410570453334,8543.341695946665,8278.543200773334,8047.09416784,7852.829331866666,8159.56595512,8261.113422933335,8183.79510648,8126.0614669333345,8127.111573146665,7910.000010479999,8584.99219688,8643.627309200001,8317.977040746666,8127.581983093334,8268.481042213334,8388.1421288,8302.142718346666,8287.362838453335,8275.208360853334,8296.520473013334,8305.338149706666,8317.507502746666,8284.619798,8100.231728906666,8197.73206576,8177.48962104,8325.405446186665,8428.795325493335,8003.014647520001,8069.9666736533345,8247.064900986667,8343.553347733334,8212.356859493335,8354.23144872,8324.537374586665,8552.62163256,8509.17820256,8748.611581546666,8707.388019866665,8826.874919573334,9489.901988533335,9878.898392826666,10074.528233066665,9454.620735733333,9287.914643813334,9654.635595226666,9695.567129413334,10019.230347146666,9868.54703416,10390.879549733334,10120.858758693335,10497.20710184,10633.891303013334,10481.291638666666,10893.664457013334,10668.910141493334,11113.59540696,10898.804790639999,10934.352917946664,10634.753770853335,10424.970782026665,10634.935379546665,10884.344791546666,10881.5069364,10881.386043280001,10692.50848216,10221.131120346667,9671.738865013334,9641.742508506666,9669.59043664,9417.627044773335,8779.024843146666,8998.6966964,8697.753246453334,7964.54653336,7397.109080826666,7528.623590346667,7421.750997253334,7074.590367546666,6798.4805105333335,6538.93148672,6952.796224453334,6707.572121466666,6514.785991253334,6247.178795253334,6295.345047546666,6205.361615813334,6093.545063786666,5736.150278133333,5572.85168576,5489.534649546667,5277.010308853333,5323.41002312,5490.379925626667,5747.64925512,6062.187317813334,6510.805045706666,6632.06612872,6436.267220213334,6114.32680432,5750.071037306668,6484.4924932799995,6740.189087893334,7335.2035045600005,7095.869372586666,7081.267095253334,6751.33859456,6441.170131973334,5917.424257413334,5719.163480560001,5998.4180794133335,6672.249744293334,6528.37724016,6217.183007866666,6339.587221973334,6045.48700536,5391.5387268800005,5524.31104912,5273.714053466667,4473.50471592,3777.9076722933332,3531.77310512,3214.891005973333,3204.822386373333,3163.2108412800003,3138.0864409866667,3050.7203914933334,2800.8776878133335,2955.6010372533333,2977.05133664,4065.907999893333,4246.565071893333,4515.284474026666,3819.080894026667,2945.9112623466667,3246.789655226667,3270.56205576,3079.637946693333,2938.37132704,2869.3278136266667,2674.706178613333,2485.7824506133334,2386.5982716533335,2300.74584056,2216.345131173334,1972.7512638399999,1746.3836974666665,2519.094705546667,2591.4874899466668,2493.9670556799997,2201.2776309866667,2254.0648587733335,2087.6022835999997,2111.5241156266666,2157.7585523733333,2130.872347546667,2129.8456321866665,2016.3670328266667,1802.9688587466667,1841.5774755999998,2470.7034918133336,2411.1944889333336,2235.9387220266667,3339.997420293333,3833.876926133333,3503.710125733333,3601.061002133333,3163.317225386667,3159.7049581866668,3376.1927431733334,3318.8928414666666,3381.578847946667,3649.445952826667,3784.268236186667,3846.6318037600004,3973.40519456,3997.8975038666667,4567.441756373333,4857.859953173333,5156.46299992,4896.871745013334,4664.443449866667,4555.481356506667,4470.16456584,4511.851221520001,4745.779967066666,5138.88748408,5334.06101848,6134.328362186667,6886.98737792,6776.078265546666,6624.1675210933345,6334.087338,6046.419013066667,6266.62741608,6477.05277464,6575.044697973333,7176.753386666666,9017.732896746666,7922.939150293334,7025.202886906666,7258.893049626666,7553.10954104,7498.2243444,7484.823331386667,7367.309215626666,7019.6591744,6629.294802133334,6424.6257028,6641.172723226667,6996.77584512,6301.93650064,6428.436227786666,6648.702307066666,6480.072485413334,6506.1358016,6559.01753328,7379.048938693333,6691.90210616,6724.934367706666,6338.780916,7503.686883573334,7030.427438266666,6917.397288426666,6244.452911866666,6222.63605152,6801.616827520001,6464.926749626666,6241.092950293334,6426.343203786666,6435.276878133334,6559.450611813333,7093.16746872,7030.834677386666,7044.86858944,6729.853833706666,6622.41005896,6638.518242613333,6565.239699786666,6602.5329652,6451.898112613334,6206.668317680001,6058.670663226667,6238.181021253334,6666.1046037333335,6662.401975226667,6732.990530613333,7025.298598693334,7142.214134479999],