{"message":"Aggregated IX data for Auckland IX","data":{"nServiceId":null,"width":287,"jServiceId":null,"start":1490083500000,"end":1490169300000,"name":"Auckland IX","in_octets":[],"out_octets":[],"in_bps":[17568.229215706666,18078.402846266665,17575.918112773335,18455.660787413333,19019.761069226664,18192.472876133335,17643.638952693334,17126.220978213336,17327.074310346663,16994.0661616,16626.995672666668,16092.630047440001,16580.892234106665,15917.47683352,15629.104573333334,15140.643639866665,14807.26358664,14053.627726213335,13741.436566639999,13409.532246133334,12726.699088106665,12324.461347626666,12129.456483946666,12134.05437752,11924.48049976,11358.38603032,11140.614563866666,10243.601396426666,9965.279909546665,9704.773946933334,9310.471383040001,8914.18986208,8836.659653733333,8471.52992248,8475.234473493334,8067.51508424,8371.51703168,7712.640492266666,7483.236479786666,7469.725317866666,7034.090070506666,7013.667395146666,7102.256211013333,6952.34616304,6442.109818693333,6303.9547204,5912.162934133335,5923.079573866666,5561.4756833599995,5653.329385093333,5283.911903466667,5255.220781546667,5098.33364016,4860.60170296,4828.909215279999,4832.112346293333,4788.75653336,4482.442284479999,4178.5854059466665,3987.072402826667,4335.578886453333,4073.830688213333,3919.88443128,3742.918726266667,3596.619204213333,3508.8553705333334,3554.087693413333,3358.937187333333,3710.26791736,3978.767908,3853.4107461599997,3429.700438853333,3744.370740666667,3661.997211146667,3246.09090944,3401.543553626667,3509.5533116799998,3738.45146408,4168.291493306667,4374.875290533333,3609.501747386667,3524.436323813333,3135.711329546667,3366.177809813333,3044.975538213333,2849.183351946667,2732.3812760533333,2697.33196928,2509.27636304,2587.9807917866665,2965.251060213333,3020.0377337866666,3011.43352848,3223.952467466667,3319.411829333333,3257.691986213333,3022.709539093333,2918.902703733333,3000.231740373333,3097.467178933333,3388.085146133333,3532.0568104,3036.03204864,3214.698510026667,3253.23785232,3940.2794445333334,4060.903434053333,3884.510952853333,3796.96422712,3652.590036186667,3424.750044293333,3466.282623333333,4704.496924426668,4350.234458746667,4411.96540256,4490.680446133333,5350.135648186667,6215.483437733334,5958.370818746666,6386.81301688,6067.899258826666,5704.786976426667,5860.293940106667,6413.288230293334,6681.427984613334,7234.128422266666,6940.9311173333335,7548.342146826666,7669.018136933333,7392.288550266667,7162.076847706666,7200.549895973333,7626.483972693333,8069.817040613335,8214.550716746666,8292.747296533335,8189.59963968,8470.95959272,8888.437242293336,9563.3384264,9160.524405973336,9202.463490639999,8646.856047893336,8976.9672796,9296.197979866665,9503.265878346667,9218.059578106664,8922.23221776,9243.181174906666,9744.670667173334,9817.112342186667,9880.946725653333,9779.301704746666,9553.531480613334,9131.387381253335,8597.564054773335,9032.015781600001,8811.912175706666,8629.304692693335,8524.747054666666,8270.529430613335,8600.10135048,8706.016505653333,9527.472754053335,9701.335936746666,9199.992416533334,9060.936504053336,8809.106907520001,8790.940334453335,9349.521116906666,9326.9813976,9365.075482826665,9422.783371893336,9001.587274106665,8857.36290832,8597.75438232,8364.27699832,9161.099446266666,9122.285047573334,8963.630053840001,9047.563136159999,8676.57524816,8630.965095493333,8888.328542213336,8797.913147626665,9602.093676826666,9612.719914586665,9976.054968319999,9486.585446,9519.138030826665,9674.6567472,9151.780971466666,8692.127603306666,8792.515943040002,8827.365078879999,9141.09306112,9172.45195648,9162.6690324,9459.277310826667,9317.604348719999,9419.57147616,9415.9723804,9462.447697813333,9757.147940826666,9777.403012,9461.194402933334,9447.18491544,9402.08737888,9352.799503253334,9236.088676586665,9119.489600773335,9248.185382693335,9091.067924,8968.72117008,9467.35269208,9400.167433866665,9780.921681013335,9372.29474608,9533.9517088,9645.70089032,9587.297343706665,9964.543806693335,9962.945925893335,10329.90379808,10551.516219493335,10834.72328552,10745.346801653333,10727.51763704,11177.822334319999,11318.38335224,11996.003193466666,11745.260186346666,11198.363920186666,11488.947390373334,11331.359192746666,11605.845790213336,11651.754756586666,12503.966899733334,12309.608325813333,11787.137467280001,11467.598521066666,11784.221170879999,11860.655052746666,11539.325290186667,11848.582613626666,11340.960667973335,11692.336926693335,12122.354923280001,11665.747382106665,11934.766080746665,11282.524235893336,11643.178331973335,11482.284748639999,11907.528782773334,11821.848424799999,12121.155574693335,12220.69407544,12132.741370053334,12421.431101066666,12800.848671253334,12541.543254586666,12561.745095653334,12692.364826559999,12641.2264464,12735.707999306665,12618.352848479999,12853.126550666666,13556.024092933334,14340.592383226665,13921.96672016,14233.262804106665,14575.580264373335,14664.22744216,14511.824479226665,14754.338341280001,14714.854697013334,15236.85846336,15719.420302026665,15713.904489786664,16293.435193360001,15864.059552719998,16228.734631893336,16769.894687706666,16763.695517333334,17115.7936988,17528.005031333338,18343.899724400002],