{"message":"Aggregated IX data for Auckland IX","data":{"nServiceId":null,"width":286,"jServiceId":null,"start":1507608300000,"end":1507694100000,"name":"Auckland IX","in_octets":[],"out_octets":[],"in_bps":[17866.01960712,17683.914858346663,18454.589000773336,18293.6160096,17702.452737306667,17604.229663706665,18162.20581530667,17929.6376088,18571.306946986664,18372.27021048,18990.79433304,18430.876213973334,19087.135820053332,18520.149716933334,19284.65664130667,18623.213118373333,18930.105825173338,19040.203642773333,18946.039679226666,19426.78507130667,19521.753064026663,19495.303883706663,19831.674335733333,19575.612891466666,19638.034714293335,20273.104843066667,19701.729570479998,20197.78499085333,21242.974185973337,21764.84719472,21983.11800632,22470.38143936,22445.976497866664,22574.144083040002,22822.031069866665,22755.236808453334,22809.823486560002,23807.824395493335,23771.681100053334,23605.814733546664,24062.456201226665,24188.392258506665,23956.749827919997,25421.875976986663,25592.524623546666,25201.17027005333,25641.0176012,25460.150542400002,25505.5393632,25990.486942346666,27252.998569413336,26107.09516736,27034.34064285333,26759.240256639998,26099.937849653335,26054.35996296,25768.054674506664,25721.597292053335,25863.366138933336,24615.251891919997,25072.289321386666,24369.211851493335,24367.204126853332,24055.246206400003,22550.185454773335,22222.93351736,22581.243904986663,21850.20300128,20833.081317706667,20681.017056666664,20579.718058426668,20370.45646192,19514.108581173336,18215.413357893332,17206.13120536,16733.782944533334,16358.698780853334,15915.343240266666,15822.393345253335,15040.172585946664,15007.165704186666,14458.317708426666,13415.055738773335,13282.437204906666,12476.132603040001,12452.50342424,12753.093284693334,12712.476940106664,12463.883334293336,11805.682478453335,11267.607689253335,11532.830581573333,10720.261458746665,10571.516030773335,10315.520538506666,10873.932335413334,10693.842593226665,10271.793566426666,9853.286852453335,9094.636315253334,8376.688473466666,8220.945503466664,8267.180409786666,8498.44029888,7910.350645733333,7927.1146612,7632.694238026666,7552.734691306667,8064.138239733335,8440.008302933335,8285.946879893334,7266.68938984,7263.804119840001,7248.43633136,7427.71119896,7063.226550346666,7353.059343813334,7762.13209528,8682.63248752,8699.219224293334,7946.871319226667,8096.28488464,7427.180583439999,7309.674740693334,7446.75077448,7759.096850426667,7114.497814933334,6257.5762813599995,6489.322266266667,5833.886559226667,5853.7336544,6476.711846853334,6006.520618346666,6109.64032704,6866.0786584,6497.71338216,5836.822097573334,5676.677176346668,5081.180563386667,5315.383727653333,5413.72348552,5464.731517493333,5751.992862666667,6285.886642373334,6494.904573466666,6066.83294808,6120.003935253334,6355.760811226666,6421.702047866665,5343.133677093333,5573.168950293333,5294.577434,5156.887728133333,4853.502149093333,5573.601921439999,6735.65922728,6180.153873093334,6100.345838373334,6034.208096293334,6128.634747573334,5983.26580296,6578.318374266666,6591.125310453333,6683.598120106667,6727.162711413333,6859.227967573333,7105.849901093334,8023.1021382399995,8817.081009093334,8318.216869439999,8903.380825066666,10118.27590624,10684.25711448,10778.624949493334,10894.779349013334,11476.799025146665,11859.630215813333,12343.104986453334,12341.111552106664,12430.616296693335,13016.294549493334,13680.208792,13557.223050746667,14415.425411413335,13532.638258933335,14166.48482272,15545.610485626665,15511.053932719999,14586.396001813333,13626.581025626665,14470.2675908,15136.289472933335,15628.484719413334,15503.88294,15865.615903546664,15542.385001386665,14293.909855893335,15078.201958053336,14470.874687466665,14592.9002484,15513.79172768,15518.573795333334,14814.250780213335,15393.983835893336,15456.384257173335,15715.659492159999,17248.905921706664,16848.723224613335,16760.041202959997,16241.80392752,17249.494754266667,17873.10601416,18574.094138826666,17615.028560666666,16627.422265386664,16866.680962773335,16774.903875253334,17069.78523776,17269.58043776,17580.90467264,17408.728636026666,15733.545531493333,16451.233450346666,16887.52073952,17083.591194826666,16612.624631573333,16526.261843333334,16719.775648613333,16440.79922184,15648.25042072,15733.229234,15504.85199232,15894.401475866665,16267.841268,16037.170060346667,16118.715052693335,16212.86983496,16176.744347866665,15807.93067792,16531.900885760002,16765.767737573333,17139.013445200002,17307.292046613336,18241.136373333335,18486.2002728,19057.853878613336,18370.05878669333,19037.950683893334,19783.101649546665,18663.018834293336,18221.788757626666,19442.04615736,19125.732246400003,19058.71247464,18424.531327626668,18865.71904048,18908.698844,18609.002141200002,18408.521627786668,18998.891040106668,18925.383216186663,19072.162574533333,19948.31697824,19523.137014026666,19984.650550933333,19650.717958426667,19839.303254906667,20903.498396933333,20133.104806053332,19623.391466746667,19215.268691279998,20382.013313546664,20208.8091324,20829.47388768,21158.086076,21323.286561386667,20753.157851493335,21681.6811828,21688.85329344,21572.158937919998,21850.430741520002,21150.814679973337,21318.09387112,21894.700923599998,21218.48135384,21165.300288053335],