{"message":"Aggregated IX data for Auckland IX","data":{"nServiceId":null,"width":264,"jServiceId":null,"start":1483977600000,"end":1484056500000,"name":"Auckland IX","in_octets":[],"out_octets":[],"in_bps":[1619.0010798666665,1487.0753301866664,1884.97989248,1910.42534952,1869.4551340266667,1796.6712824266665,1650.4186203466666,1830.6872233866666,1961.67811488,1959.6781347466667,2003.40233248,2024.1773228,2016.2052795733334,2070.6160129600003,2037.5252710666666,1838.4363628266665,1798.0567968,2036.6236207466666,2155.4741467733334,2342.5087672,2315.9194018666667,2436.5125696533337,2752.799438533333,2834.45105264,2765.322585573333,2871.4473498666666,3710.5668154133327,3459.033779733333,3097.9860793333332,3181.06910216,2846.266623013333,2668.6676277600004,3037.07218184,4540.397271866666,4577.128399573333,3669.4022828,4003.1617441599997,3935.11254288,3739.706519626667,4390.7977462399995,4228.760844,4148.58632608,4187.763999786667,4106.809827226667,4435.216131813334,4253.427615466667,4164.266321973333,4255.578579466666,4530.9822396,5299.322760399999,5387.2005817066665,5328.298846266666,5058.462054613333,4747.741684746667,4566.141453093333,4850.01464656,4931.653227946666,4400.580192373333,4679.768243493333,4608.613050453333,4618.527221733333,4956.994202826667,5177.55583672,5265.959660453333,4905.321108826667,4660.226877226666,4648.17318976,4669.15383504,4491.99330576,4552.62955184,4614.15373488,4606.001334693333,4613.264780560001,4798.7785346400005,4849.460126666667,4831.783181520001,4879.232496773334,4868.214854933333,5019.435990533333,4914.227773466667,4951.083716,5016.132461733334,4980.902744053334,4890.8109188,4631.178383493333,4937.678390906667,4892.95239392,4646.089837013334,4938.339830106666,5343.166326986667,5225.609758346667,5649.90945432,5278.71491264,5049.660119173333,5074.97822896,5192.4173849066665,5091.474567413333,5208.422825653332,5102.40781888,5069.3329152,5063.4007176000005,5105.675874986667,5254.037118266667,5404.718785813334,5355.615598586667,5333.96359192,5198.16218096,5532.213711546667,5974.919254186667,6140.0302158666655,5480.51358096,5103.143016773333,5240.56353192,5822.409461306666,5888.167863573333,5667.9935458400005,5628.122384106667,5612.329411199999,5976.129618373334,5927.537241253334,6030.651475466666,5828.54934272,5878.338012586666,5709.7089880799995,5701.99410976,5559.147157893333,5561.445845466667,5495.40692912,5626.190810026666,5582.827098213334,5717.820069493333,5676.447729760001,5413.600257626667,5752.6075085600005,5541.39815152,5546.56008696,5432.6872968533335,5648.144825386667,5649.497068666667,5736.1724674666675,5713.271934666667,5823.707571946666,5819.7961278933335,5719.719168346667,5694.5391062399995,5785.387137626666,5321.10815776,5366.976250933333,5308.352593786667,5348.55072984,5314.959968533333,5424.3451895200005,5441.4363246133325,5784.5415924,5437.024413813334,5259.87085696,5136.2373328,5543.672143893334,5609.803251226666,5505.486860853333,5650.923451093333,5517.66118336,5441.510218293333,5659.819607306667,5629.686793573333,5769.83083584,5807.3449135733335,5673.51282064,5649.034953386667,5924.08482448,6155.874113413334,5990.957450906666,5889.936299893334,5849.5084024,6094.20004368,6199.781922266667,6315.07510392,6252.356403253334,6278.668287413334,6483.25770672,6391.721090319999,6575.242690586666,6760.05243264,7126.1524550933345,7257.405859706666,7048.910051413334,7011.11505088,7138.40446024,7368.4666574933335,7428.053968666666,7617.223768106666,7693.02685904,7686.05021136,7779.149544853333,7895.623030533334,8186.659525253334,8079.559330506665,8205.549189306665,8210.865597706666,7710.585547466666,8142.76402632,8307.852753466665,8058.900703413335,7745.010517786666,7721.407986746666,7565.0942464,7714.069434533334,7508.321679573333,7452.303215066667,7227.861315573334,6803.287192399999,6706.668961253334,6580.694437893333,6261.492717146666,6165.668429466667,5935.053540026666,5797.587778293334,5697.651118826667,5652.9395608,5509.121080826667,5013.959513893334,4824.181637306668,4858.773811146667,4829.405334506667,4750.135650133333,4424.884890213333,4091.4632443200003,3897.06913384,3830.54057016,4166.84733544,3980.3613165066668,3853.14426464,3808.747293866667,3736.099201066667,3809.0595834933333,3496.849374853333,3354.221975306667,3390.408369733333,3309.9829169866666,4667.507567386668,4825.554996,4852.444865893333,4729.11002424,4496.655452053334,4903.115608906667,4915.5192942133335,4888.7510328533335,5009.63375232,4608.99554128,4740.923647386668,4502.570086506667,4460.676657066667,4591.0634608,4574.355005226666,4578.5877540266665,4608.155522399999,4398.55964728,3999.88338888,4175.200839786667,4405.357384133334,4040.091186853333,3794.449901626667,3743.085719946667,3726.229849813333],