{"message":"Aggregated IX data for Auckland IX","data":{"nServiceId":null,"width":288,"jServiceId":null,"start":1480377900000,"end":1480464000000,"name":"Auckland IX","in_octets":[],"out_octets":[],"in_bps":[6697.4449665600005,6963.023541253334,6725.71472824,6687.453622506666,6891.468355946666,6525.222628693334,6835.8601132799995,6406.050780106667,6221.964480026667,6507.785221973333,6508.925406506666,6392.049927093334,6626.650562666666,6729.247648906666,6559.214210506666,6576.6652328,6494.5281969066655,6407.257441493334,6755.380792479999,6262.153822773334,5941.381839199999,6158.053201173334,6291.606744853333,6214.82393728,6268.634624560001,6227.96637512,6117.833369226666,6048.000548399999,6338.537279706666,6531.676571866666,6916.210470053335,6727.892058773334,6560.676957493334,7083.806560800001,7104.800854613333,6996.989034533333,6652.725737626666,6628.291514266666,6665.390323866666,7522.626754373334,7739.646627813334,7824.345864986667,7260.307701786666,6590.28554176,6797.040152826666,6874.753192906665,6759.961946746666,6991.038087733334,7119.2410311466665,6621.607716186666,6437.771655706666,6746.018283893333,6430.982679173334,6486.178460693333,6797.515540213334,6707.514143413334,6644.850554133334,6422.584443386666,6316.562934826666,6775.17794288,7089.35709688,7145.358315786666,7168.70171032,7367.38336384,7412.153155093334,7529.923429013334,7478.154522826666,7472.20927712,7184.998705520001,7279.064914453334,6932.623576479999,6991.121899333334,7260.470284906666,7606.656421546666,7515.95045704,7512.570834746666,7445.7434674666665,7774.122210106667,7915.639655626666,8069.9397837333345,8465.485541066666,7969.180344106667,7560.5333720533345,7393.054928773334,8023.18885808,7822.459735333334,8162.224538906666,8190.273994693334,9218.779483280001,9334.373287546665,8971.62689752,8778.912878186666,8691.501476986667,8440.509537946666,8551.925836933335,8874.573713893335,9345.439609226665,9008.642499946665,8987.316227093334,9326.575564506666,9119.602276666667,9441.54730392,9489.156815893335,8870.289539733334,9292.577648453334,8966.552410026665,8369.82205488,8275.990683146665,8099.11912624,8193.452929813335,7818.30358952,7903.1425379466655,7702.665541333334,7164.759917066666,7141.79676256,7558.7318905600005,7461.6697156,7508.495557813333,6958.858681866665,7038.71643216,6757.996164746666,5990.196784026667,6390.156904560001,6193.71999304,5604.059002533333,5599.90898096,5299.179531626667,5042.21594896,5440.360131093334,5782.362817493334,5077.521302426667,4742.0646078400005,4718.503036640001,4367.677413546667,4108.279520026667,3839.657187306667,3847.891571733333,4345.11366504,5993.109606613334,5855.56894288,5818.277578426666,5781.071627306666,5878.713682586666,5744.69985704,6173.57107792,6076.5853826933335,5648.773918293333,5360.108089226666,5412.8111129066665,5510.115160560001,4925.540080853333,4783.970469546667,4385.398850026667,4221.605573146667,4058.994718746667,4160.841742346667,4269.378867386667,4360.28797888,4110.417731413333,3307.9242194666667,3339.8186374933334,3539.84754312,3366.9660375733333,2991.73381392,2860.9263806666663,2815.2219582133334,2768.795596,2625.2073733333336,2619.3890958133334,2558.46957416,2399.6161961866665,2191.5381607466666,2252.0593948533333,2762.0060341066664,3802.88539136,3732.00418928,2596.44204152,2348.79378096,2304.2494657066663,2256.6608954133335,2258.5268758933335,2255.8223706666663,2203.456339866667,2132.2936295466666,2621.1507731466663,2431.7566724533335,2183.3810319733334,2074.4153826933334,2251.5534314666666,2186.7394267466666,2225.5944618666667,2017.1201099466664,2065.0521522933336,2135.9438478933334,2276.6648332,2385.3583333066663,2506.0157898666666,2531.3329060799997,2417.5583206399997,2601.5414361599996,2559.0324587466666,2551.45088624,2312.4029009866667,2395.0485313066665,2637.8906394933333,2603.3767804266668,2784.214847386667,2700.70220504,2702.9328791733337,3231.291824053333,3086.915015733333,2879.730915173334,2902.6612404266666,2950.1776652800004,2995.414591653333,3018.1956399466667,3439.2125470133333,3954.8462949600003,4416.490218186666,4352.895666773334,5002.945356506667,4056.177112,3925.376559786667,4049.43504256,4090.232272453333,4085.24149312,4132.629334586667,4879.536687520001,5269.153143546667,5096.964282613333,5002.750853439999,5278.665770186666,4949.129610986667,4793.611432506667,5060.530661626667,5045.90537016,5223.393160826667,5549.402156293333,5949.573449653333,5505.926557146667,5389.267130346668,5323.726959600001,5274.514205413333,5376.24041408,5407.495548746667,5385.3113093599995,5677.561652426667,5871.09635432,5420.739340826667,5339.964332506667,5689.728377493333,5345.499554453333,5457.192993493333,5708.44685792,5384.0432061599995,5265.0284574666675,5473.61574688,5768.570995146667,5970.357155893334,5789.105180026667,5839.28999256,5364.221423653333,5460.2805936800005,5802.83557704,5701.128206986667,5708.80609744,5892.551944186666,5800.632274026667,5759.706161653333,5784.141804266666,6017.72807368,5819.51344184,5641.579015333333,5723.587058266667,5755.386768560001,5811.075006346667,6230.889318586666,6258.891678106666,6451.165139146667,6076.247932533333,5814.886912826666,5688.14144576,5512.74158272,5654.8413547733335,5729.124559893334,6025.482928773334,5672.760132586667,5735.26904624],