{"message":"Aggregated IX data for Auckland IX","data":{"nServiceId":null,"width":215,"jServiceId":null,"start":1475784300000,"end":1475848500000,"name":"Auckland IX","in_octets":[],"out_octets":[],"in_bps":[6939.545440026666,6572.179931093334,6481.8159236,6502.3709745333335,6736.449082666666,6777.121278933333,7167.389685893333,7167.251040666666,6873.74178104,6381.947587573333,6487.22296744,6977.374879386666,8516.04371296,8120.2161404,7358.964221173334,7104.086346693333,6908.5914432,7180.098785386666,7769.892183973333,7430.6166261866665,7712.4955348,7737.62294888,7411.89983568,7346.6959983199995,8485.542265600001,7899.840009733333,6949.4091233066665,6900.224078933334,6972.53050336,6972.507129626666,7938.300801413334,8419.289844373334,8332.247033226666,8396.100102479999,8252.99587296,7434.767792533334,7487.068844773334,7370.190343573334,7156.006274026667,7750.82648416,7084.882162453334,7009.78432976,7301.062981066667,7554.649086293334,7776.41320472,7648.970888373334,7791.835959466666,7702.038372479999,8221.468822773335,7448.526195973333,7224.345973493334,7042.247792133334,6689.557631013333,6693.6030433333335,6739.641499626666,6701.774172106667,7456.0516926400005,7507.723930293334,7455.838063733334,7254.9239053599995,7137.849907093334,7226.86287208,7206.319616106666,7033.10600928,7149.52547024,7149.548239386666,7289.5111992,7364.372263866666,7778.534502346666,8310.358109973335,8663.48345792,8545.683484293335,8228.54602608,7406.274435946666,7342.8066221066665,7543.949416933334,7564.918782933333,7823.64313352,8469.897225253335,8045.200824506665,7240.215929653334,7244.938803306666,7615.7626276,7212.40975824,7215.27964392,7323.992057653334,7321.722625733333,7385.55330304,7057.5669374399995,7146.411208533334,7360.756977093334,7495.082077226666,7706.266397733333,7972.462448560001,7773.563938826665,7287.755629786666,7109.566425546666,6938.2785735200005,6882.713252266666,7032.3885948,6988.45230256,7415.084274906666,7902.479076826666,8036.05563832,8108.90673688,8044.014687066666,8206.58916328,7632.260030293334,7985.70567184,7938.872592853333,7450.193733546666,7174.616446373334,7035.007396506666,7121.3789686400005,7431.973394266666,7218.9852066133335,6948.22246576,6989.372326826666,7002.719180693333,7102.83019616,7291.077035733334,7297.19486968,7398.707621760001,7565.57990296,8021.152556933334,8106.469335653334,8061.48745168,8282.597587413335,8111.445378266665,8065.757081520001,8510.23359024,9275.543051280001,9506.377184906665,9093.96153096,8636.07626552,8745.275158906667,8768.07659704,9138.106045413333,9847.075763333334,10094.209172666666,10383.09604056,10733.42677544,10547.790091653334,9587.88157824,10076.555164213334,10686.88614184,9921.821301093334,9933.42911752,9696.459198533335,9637.912972533335,9824.485843280001,9442.84501384,9728.87186744,9476.298759866664,9644.24453928,10407.96254008,10312.039226373336,9874.107948266666,9784.39662232,10012.066608986666,9486.607244586667,9400.233360666665,9322.752569706665,8655.521036613334,8468.1039452,8129.24959288,7859.663478586666,8685.99794904,8833.086025973334,8610.90390032,8238.197505226666,7705.753796906666,7549.302816933334,7473.581101520001,7417.690786373334,6341.994034266667,6250.3951918933335,6383.048464426666,6124.5078311199995,5877.114813413334,6232.8111156,6972.700242613334,6686.8273236,6512.151876293334,6734.505674720001,6893.973330773333,7000.03442008,6625.4599553866665,6287.663158586666,5977.25903432,5650.46802328,5649.83133808,6119.986806613334,6094.512134426666,6340.238372933333,6749.933055413334,6814.069206906665,6530.72841384,6333.734637573334,6016.497536826666,6351.986625306667,6358.915795466666,6039.5306112,6086.2950944799995,6149.618275520001,6376.818632826666,6300.363609813334,6079.954967253334,6159.6643738933335,5996.93693336,6264.769496853333,6321.4791251999995,6063.9379524,5185.414960720001,3880.886838053333],"out_bps":[6964.280463066667,6541.3267016,6469.166845653333,6536.554663226667,6674.059598506667,6835.658096186667,7183.204801973333,7151.17449768,6868.058903493334,6401.533159786666,6499.0467288266655,6933.235551066667,8585.329712693334,8044.405458506665,7325.849364826666,7186.840543493334,6888.180401600001,7182.391518586666,7851.905909706666,7379.816480026667,7790.796709893333,7689.39801824,7348.154702746666,7410.903922133334,8497.11532352,7851.859030853333,6956.718953226667,6974.650501893333,6962.1740632266665,7063.903640053334,7926.50792576,8411.649903066666,8382.12420264,8354.814793520001,8313.529475386666,7302.390980906665,7516.59713736,7414.072124426666,7163.4442390933345,7769.34973416,7060.158479413334,6993.751831253334,7372.900887306666,7591.458053946666,7777.99715416,7668.06140808,7815.21528632,7677.726350106666,8213.594603893334,7387.370068053334,7240.957888293334,6998.8358324266665,6706.7695852,6682.16842536,6773.215134826666,6729.918102293334,7495.794716,7536.490138293334,7454.354432613333,7212.960542266666,7141.508548746666,7263.781059066667,7126.491018106666,7133.428320693333,7142.251551359999,7113.85723848,7277.06425816,7388.9395704,7812.036011733334,8368.30253104,8702.23325856,8488.69709208,8135.068440773334,7453.98400424,7326.48541456,7611.0382444,7522.989757066666,7925.65307616,8509.161807333334,7960.254685733334,7194.9072028,7319.56467448,7544.47079248,7262.490011093334,7196.115625866666,7275.57840304,7371.49238216,7440.79878088,7026.422244133334,7151.49847872,7367.468019973333,7513.167939733334,7722.599181706666,7881.927579013333,7824.124326213334,7288.781237706666,7120.015092346666,6918.311513866666,6912.4767027200005,7079.32288656,6930.62632728,7547.63332544,7889.484446346666,8114.88286688,8095.074933546665,8027.29692264,8164.794709146666,7623.573035866666,8050.49376872,7896.53724624,7442.31391856,7143.962361813334,7027.85893032,7132.195720613334,7436.00645344,7221.890767386666,6900.82593224,6987.671880453334,7051.094120186666,7093.136726133334,7331.03649568,7235.41035992,7448.089329840001,7537.330821359999,8047.8070405066655,8151.50108952,8056.8823271733345,8267.13018,8108.1394823733335,8065.750836293334,8592.449938133335,9290.074946666666,9561.871432906666,8974.045118,8590.271031573333,8769.6731612,8766.877858186666,9249.65188224,9826.018606959999,10095.733340986666,10476.874307546665,10737.780913333334,10428.897819413334,9508.368424746666,10181.912022293334,10665.44162776,9938.282999013334,9918.521497786665,9706.358806666665,9635.480813733333,9825.705470986666,9443.168143626664,9682.300514933335,9520.172715120001,9637.459668346666,10490.644161653334,10315.557881280001,9868.04689768,9734.48484712,10061.435277146666,9515.242523066665,9407.695067893335,9283.11537728,8679.082532906667,8485.853171813334,8100.508577546665,7937.613185253334,8680.315878,8914.204969653334,8614.308523706664,8214.405647973334,7694.514527973333,7497.801690506666,7490.201873066667,7365.475538613334,6366.87659064,6277.78187864,6381.932450773334,6149.409967680001,5831.654098213334,6260.783950266667,6938.317037146667,6634.404725146666,6521.414764213334,6755.39102592,6868.869758586666,7037.649308319999,6557.31809496,6344.375725333334,5973.341596640001,5601.732852746667,5679.10676288,6118.3906832,6094.40132336,6314.932979466666,6770.86998536,6704.380768773333,6545.559970053334,6344.859377093334,5985.650526346666,6370.151321333334,6291.096850426667,6063.437578986666,6063.961643600001,6103.355231413334,6349.25329976,6231.523266613333,6086.8592885866665,6142.0063772799995,5916.732629866666,6261.574427813333,6327.287863493334,6064.405819306667,5185.493640346667,3870.1164905333335],"in_packets":[],"out_packets":[],"in_errors":[],"out_errors":[]}}