{"message":"Aggregated IX data for Auckland IX","data":{"nServiceId":null,"width":213,"jServiceId":null,"start":1501099500000,"end":1501163100000,"name":"Auckland IX","in_octets":[],"out_octets":[],"in_bps":[9274.520982213335,9434.370069786664,9750.579538799999,9553.237141733334,9496.85297,9438.440612773335,9969.096653280001,9989.041427413335,9519.693785866664,9459.303588159999,9728.265870213336,9752.568127866665,9819.51198936,10114.87069984,9894.8433012,9862.46365008,10377.646414773335,10161.016797813334,10039.634636746667,9744.560009653334,10210.326391653334,10286.391052213336,9963.854128213336,9990.643840213335,10087.067957733334,10221.770504693335,10483.049288586666,10431.495558773335,10431.268028106664,10525.848229413334,10781.165956613335,11498.181243280002,11655.72191824,11473.599025333335,11389.044022613334,11492.759985440001,11414.106954213335,11561.27472008,11758.7173232,11674.286534293335,11986.605094026665,11497.080786453334,11505.339205893335,11432.253218586666,11066.03660784,11604.382239226665,11901.50584616,12275.920409146665,12643.25220984,12383.119120186666,11884.867590639999,12428.16238976,12121.981052933334,12070.32093896,11704.70169264,12186.675641386666,12106.101614453335,11941.258100346666,11859.37052016,11667.7030884,11653.867805866665,12202.588729066665,12385.424714533334,12816.865341013334,12914.238138746667,12861.854523786666,13037.031254,12893.1393112,13145.677933120001,13042.68697952,13408.88584632,13103.945587946664,12566.410561173334,13131.98871544,13011.126909946664,13183.656260853335,13796.523730453335,13858.26123016,13605.779065973335,13436.164992613334,13279.91607208,13198.076748506666,12878.766308746666,12985.953086853335,13386.03721176,13475.323885866665,13493.334031493334,13474.891915786666,14165.203727760001,14743.875034053335,14605.001653360001,15733.6475684,15628.1217088,15991.894606506667,16720.084583066666,17902.905619146666,17577.845229733335,16254.238899653334,16374.022501066665,17570.06794568,19177.812649653337,18388.566244026664,17881.330080053332,17233.68806304,17680.40395896,17463.076130639998,17511.844597119998,16906.541697413333,17700.44440656,17608.398649546667,17823.20788205333,18339.296956853334,18595.913213173335,18693.69765928,18979.196247973334,18577.848625759998,17891.77130272,18350.661293146666,18335.019925093333,18439.52180352,18276.611796346664,17870.76496330667,17341.231274506663,17314.31099064,17052.084343813334,17348.916631573335,18489.411616853333,18117.74857592,18185.95192312,18196.768692533333,18691.006766240003,18815.969206133334,18622.277659066665,19439.892999013337,19795.928529653334,19924.880655200002,20948.606638186666,20381.34458136,20844.98630952,21142.798283386666,20928.283988266667,21754.34994896,21419.804726346665,21651.938074906666,22429.583960773336,22677.536262026664,23643.353954026665,23125.334350106667,23358.36357237333,23378.017520560003,23785.439485146668,24161.657915786665,24390.836201173337,24383.38853648,24345.631680506664,23754.445468186663,23546.055767013335,23705.922874186665,23969.934443333335,24044.929971413334,24576.87202184,24178.112350693333,24151.895243573334,24431.765948213335,23775.811035466668,23631.54726152,23088.057733786667,22684.350784026665,22529.507362106666,22062.886588373334,21795.538666506665,21653.168138106666,21206.152121173334,19924.798450346665,19491.793748400003,18629.6330972,18245.91588416,17456.253607146667,16984.959045333333,16692.328822853335,15491.399350986665,15008.06951248,14752.37196864,14778.931381333334,13507.592566053336,13060.115021333333,12669.661617626665,12209.165807360001,11066.169838799999,10528.766378479999,10562.437524026665,10242.731393173333,10242.36301312,9824.455152319999,9798.805454053336,9697.285047333335,9672.03165096,9353.682940373335,9266.017911413333,9133.678838,8912.849942853334,8237.766858453335,8101.00580544,7695.948083146666,8018.719202746666,7831.105149173334,7347.1324132,7036.214473173334,6536.8262741066665,6409.409924186666,6191.009849813334,6251.127984026667,5949.992087386666],"out_bps":[9597.128033786665,9618.576909520001,9584.553898186667,9531.997738906666,10038.181848639999,10216.0179112,9827.175078826665,9852.947175306665,9683.244048586666,9761.071453466666,9738.26041024,10056.80976192,9879.034038053334,10224.728839253334,10523.642780853334,10340.924261013335,10159.31401464,9845.498291386666,10247.338961946665,10327.62244256,10083.85688424,10158.342334746665,10237.160527173333,10415.264780799998,10548.75782744,10678.566383893336,10660.013459040001,10656.72040008,10911.166522586665,11606.118063066666,11577.733548906666,11345.592407146665,11397.118905226665,11373.54094496,11307.701043093335,11509.162972026665,11620.330126693334,11464.577387573334,11715.70887824,11351.120315306665,11561.01658408,11367.65593848,11102.34047784,11601.209308266667,11847.676095466666,12347.59993248,12289.39005552,12256.155908853334,12107.09627824,12779.354595066665,12442.39143736,12188.13822912,11672.728780133335,12267.280879226666,12233.136361493334,11985.876567413334,11898.417546426666,11659.377739253334,11689.368599733334,12271.643409600001,12410.891660106665,12627.063198826665,12823.078887706664,12662.624945253334,12967.786208399999,12846.038819093334,12932.595316746665,12855.002195120001,13329.560850586666,12896.297971200001,12692.640041013334,13127.26985944,12996.380030666665,13308.45324504,13880.17429768,14066.884869333335,13903.187967973336,13402.867672666665,13215.989846133336,13195.650354506666,13029.172367466665,13215.033225093333,13509.550764239999,13494.537929306665,13735.47164936,13682.105208666666,14136.639843946665,14799.97280856,14449.48273128,15507.052018613334,15443.119345893336,15823.090446106664,16541.657836773335,17578.304277226667,17194.000000586668,16198.633777120001,16382.379482186667,17652.476696533333,18731.438455093336,18214.18832144,17811.45830072,17509.305867493335,17957.80495544,17829.606430613334,17623.464798933335,17560.706106026664,18082.68643816,17974.943319413334,18139.494978346665,18447.706874506664,18707.273890880002,18572.443045893335,19000.455629919998,18325.612754346665,17628.305308799998,18605.822786906665,18051.11979456,18454.4228024,18164.263772453334,17881.604783013336,17685.53567248,17466.361903893332,17417.400564106665,17701.760054533333,18616.998471386665,18353.96207816,18371.75825832,18455.793808506663,18457.18266504,18729.425513173337,18676.9327996,19378.129400293335,19673.172117066664,19689.95833936,20791.966798986665,20254.67342584,20717.5245972,20907.387040293335,20910.093714426665,21467.770698853332,21583.880196106667,21796.547835493337,22318.804895573332,22730.202201733333,23420.847048346663,22953.471797706665,23231.291741413334,23446.330143493335,24057.602715893332,24147.01478096,24313.818227013337,24284.574848613334,24171.282966799998,23632.223087360002,24063.840575386665,23945.714582746667,24038.040931413332,24264.81366669333,24309.24128184,24339.399277520002,24316.88788016,24469.650434026666,23904.99096768,23614.758612773334,23181.494482213333,22870.415974373333,22757.779116986665,22181.67415352,21959.737226639998,21617.272591973335,21048.894472453336,19937.07910010667,19239.598919093336,18419.130076506663,18232.487186106668,17292.031276773334,16830.34125352,16596.229383786664,15460.229930133335,15006.009259093335,15062.742600453335,14857.780607173334,13704.938887413335,13165.593399360001,12837.308271573334,12139.449862853335,10957.310012959999,10533.741348026664,10322.278735146665,10012.148380213335,10019.284362693335,9599.139563280001,9698.288464666666,9669.673035653333,9616.661435946664,9505.189408213335,9088.39915632,9044.09329416,8929.988998666666,8357.584727626667,8076.589166106665,7820.616737226666,7966.06077464,7682.832788666666,7115.67299312,7050.35843992,6704.701898186667,6370.0251736,6308.676323146667,6316.606306693334,5996.1664711466665,5930.755682586666,5970.13168408],"in_packets":[],"out_packets":[],"in_errors":[],"out_errors":[]}}