{"message":"Aggregated IX data for Auckland IX","data":{"nServiceId":null,"width":286,"jServiceId":null,"start":1512346200000,"end":1512431700000,"name":"Auckland IX","in_octets":[],"out_octets":[],"in_bps":[12390.425868586666,12718.5401772,12339.061553466665,11509.178216799999,10889.79764248,9866.465476719999,9639.338126346667,10544.245740693335,10483.783096746665,10850.621813253334,10838.371725706666,10616.431173733334,10479.1468864,11280.047872853334,11335.89904328,11399.566560453335,11004.653998693335,10670.210610613334,10507.081511573333,10537.23957896,10547.936480853334,10872.289619786665,10825.708105040001,11208.580835653334,11446.817509440001,10828.024681946665,10475.90726672,10745.54298984,10967.520629626664,10693.380952799998,11026.854532933334,11332.04237384,11265.645661253335,10453.93233048,10595.923452053335,10985.912718213334,10968.915501866664,11011.495287333333,11128.574761226666,11351.510788933334,11116.419240346666,11065.694987280001,11441.691651413334,11148.209195973335,11223.769519946665,11233.527207333334,11450.544285386666,11736.25908008,11505.706052933334,11505.9271696,11560.739318053335,11610.561875786665,11640.457054106664,10913.40395784,10885.687522453334,10744.125440106665,10506.247174799999,10640.678760933335,11077.26250784,10754.264087226666,11570.884180346666,11409.70597208,11546.538107093334,11724.499085253334,11652.355734053335,11672.643733973335,11931.680655440001,11148.712634506666,11534.307052,11575.35813056,11231.314709093334,11569.847512933335,11692.728795066665,12064.6553576,12108.70550808,12225.73613032,12350.717584053335,12056.520527386665,12167.13535152,12763.767878746667,13182.95985256,13445.477633973334,13763.8697632,14002.9108,13836.144265840001,14266.775238106664,14304.344029946666,14484.694278293335,14736.335360346666,15021.328114133335,15254.98695792,14931.220324639999,14910.548324,15299.637872106665,15191.356515893336,15050.935719653333,15398.256327066665,15138.001807626664,15723.148923893335,15351.173793626665,15752.15224648,15822.81435104,15892.823718986665,15176.510387333334,15611.383858906665,14715.258340453334,14913.439977173333,14941.638007546666,15358.357289306665,15065.325142613334,14612.509730373335,14155.01689272,13988.650647573333,13396.786490853334,13261.835914346666,13113.109463253333,12882.269479973334,12433.415445653334,11808.28549656,10740.78725672,10228.018961466665,10065.02118688,10044.010153253334,9826.3909644,9202.47443392,9274.463734,8431.713798159999,8632.878888533334,8071.659969733335,7319.19196224,7224.33349712,7523.905092053335,7233.5404771466665,6737.01386928,6681.3591606400005,6292.578424560001,6389.24868912,6921.13433592,6641.7482333866665,5812.18529504,5805.182104746666,5454.323300453333,5562.529007733334,5482.310628053333,8825.95004392,9521.779461653334,8669.607358293335,7984.783122506667,8058.75845112,9027.1049988,5672.9238132,4878.308759786667,4384.718334560001,4204.849902666667,4494.0929654933325,4945.200036266667,4694.903372986667,4632.027863573333,4643.297377226667,4739.4378788,5152.270810746667,5400.83468912,6213.545383253334,6096.191386,5929.751513466666,5718.113757573333,5475.81172288,5645.209579146666,5623.6487944,6029.769165386666,5889.4175316266665,5386.285764053333,5506.440757653333,5530.473120426667,5465.362081226666,4706.855593893333,4691.329067600001,4557.712734933333,4515.295694773334,4689.622955626667,4625.958274826667,4296.61556608,4509.81011048,4869.522147546667,6406.236355893333,8222.633845093334,7848.8462492,7397.36388544,6119.056036986667,6588.43700304,6689.774189013333,7625.369285146667,7389.236186586666,7073.17218832,6335.638250613334,5366.5748960266665,5583.226476399999,5882.669861226666,5961.916018453334,5984.89771048,5833.058900106666,5942.906529226667,5753.404086053333,5917.628549253334,6415.219407253334,5614.48925696,5948.488626506666,6362.843897813334,6327.021792266666,6338.290894613334,6739.208573866666,7088.405798826666,6421.15153512,6251.664578399999,6255.561558026667,6615.939850853333,6774.803491680001,7778.279318399999,7640.58685608,7648.262505493334,7455.234752426666,7598.910314693334,7902.23005312,8054.541109573334,8269.661215279999,9052.826613253334,9561.253338373335,9901.796922346666,10132.007116773335,9071.654253733333,9001.300224373335,8450.729766986666,9282.209732399999,9334.804058693335,9267.38395992,8961.25189672,8920.833219706665,9589.064392186667,9683.350389680001,10128.359259333334,10716.964433653333,10715.051013733333,10418.005979333335,10216.630516506666,10391.69636856,10556.978532186666,10513.872203466664,10505.41244304,10813.97814448,10959.698293653333,10439.488933386665,10568.733127360001,10949.64256136,10763.96455224,11351.464636506666,11217.34721,11071.5429548,10521.223576346667,10143.253561040001,10294.736358213335,10237.632148773335,10660.463631333334,10790.327830293336,10999.369782506667,10618.227380693335,10232.387171440001,10503.208079786666,10741.112512,10939.594130213334,11424.951149866665,11241.596485173333,10973.506587253334,12029.460007093334,11870.064785013334,11733.824474026665,11788.576627893335,10973.757013066666,10248.397646186666,9659.257160426667,9896.7356408,9721.6888416,9786.631071786665,10492.932687226665,10273.945581386666,10328.386625706666,10184.929934186666],