{"message":"Aggregated IX data for Auckland IX","data":{"nServiceId":null,"width":287,"jServiceId":null,"start":1504613100000,"end":1504698900000,"name":"Auckland IX","in_octets":[],"out_octets":[],"in_bps":[9694.707835306666,10306.483240959999,9417.711836053335,9992.301836213335,9201.75735216,8489.651652293334,8924.86657232,8233.660251146666,8333.581733546665,7775.481735333334,7546.209766826666,7147.747232,8112.492200826666,8203.499982053334,7982.8740764799995,7720.686988773334,6944.900767893333,6927.644116106667,6569.342759466666,6626.75523984,7318.461775493334,7038.702770826666,6342.558838399999,6191.518650319999,6569.825842186667,6283.994603466666,7458.283673413334,7551.93977352,7083.71924408,6653.319392773334,7342.115989600001,7909.347173173334,8019.95253344,7376.45362624,8343.69800296,9273.7135504,8906.23187872,9078.977111466666,8085.2556115200005,8417.71006064,9059.733000293336,8189.9765621333345,9831.828707973335,11372.905637173335,9509.536724186666,8897.14564984,11258.545044186667,10012.276451786665,9683.788244133335,10165.20565,11577.389005946665,10124.863637706665,10107.681447306666,10542.22255264,9722.044765306666,9219.597691893336,8905.471390746667,11086.163799493333,13283.971027653333,13518.536152906665,15921.747909706664,14591.737455466666,12227.698158213336,11553.076224853334,8397.072493413334,11609.656883226666,11043.182123466666,12320.377651306666,13053.633409653334,12888.222590906666,13052.363609786666,10885.444088266666,11743.23440288,11989.75375136,8772.218422586666,10070.474410719999,11331.519640213335,11004.166077893335,9149.26881824,8974.734925786664,9444.909074959998,9540.6206444,10725.093959333333,11304.273390693335,10671.745260266667,10076.931895173335,10297.927846,10557.48140064,10283.213777573334,9551.743897573333,8737.51672792,9222.039305893335,10035.74811664,9188.795285866665,9667.030084906666,10617.105654426667,12344.69497096,12157.030292106665,11796.485424106664,11779.929073306665,10463.106703200001,9684.979765973336,9848.53774528,11022.520448053336,11074.067015413333,10984.63781464,11337.87782816,11702.517185093335,11172.914871173334,11188.176654933335,11729.571058426667,11058.99711176,11086.842039573334,10963.959459573334,11021.406736666666,11107.63437712,10831.551542453335,11870.17035456,10997.795429946666,10704.51943312,11374.69971832,11862.697600293335,12042.830364399999,12214.001280533335,12047.946559306665,11894.133393146665,11457.728816026665,11639.095693253334,11768.951257626664,12134.17799864,11254.296149066666,10304.72925216,11218.18086576,11305.065096479999,11797.844286293335,12298.627488773334,12064.088495013335,12215.58521544,12646.349404373335,12489.859197653333,12125.26701168,12010.677895813333,12371.392353093333,12937.636594,12079.509258853335,11936.96024424,11691.982057866664,11104.639135813333,11727.844822933333,11669.568397120001,11628.087989386666,12426.125677013335,12634.63785824,12559.18420056,12315.388511013334,11878.464105386665,12115.635469813333,12371.215795306665,12641.73297568,12664.86695816,13026.14195464,12796.92189272,12573.123765306666,13073.035106826666,13004.50223864,12904.872328053336,12835.497935173335,12553.639008906666,12240.228822746665,12155.358084106665,12345.392739626664,12945.9720408,12685.360507013334,13067.184719786665,12628.700915626665,12924.692490773334,13715.127199466666,14530.749229093335,12895.090940266666,13637.332475333335,13657.899403626665,12859.302295706664,13204.594852,13566.223135866665,14035.260373173334,13869.627744986667,13750.84201824,13851.68174432,15189.176285946665,15903.63439224,16291.491791093335,15475.915277226666,14958.57982888,15322.404909626664,16627.96939992,17940.09757264,17246.787125119998,17152.064609333334,18005.479087946667,18099.036578080002,18553.435321279998,17832.513179786667,17380.863700906666,18543.475707466667,18581.828025253333,18262.301963439997,18073.765871173335,18139.637891786668,17941.827488293337,18209.50231432,19034.435647866663,18724.050371759997,18575.902784506663,17283.45483936,17111.181065920002,18255.054997706666,19057.606696186664,18011.5907092,17396.436196266666,16531.728877706664,16723.6788416,17499.834962213332,17688.08909994667,18166.8640744,17820.54384,18244.035171813335,18200.64077048,18935.137155093333,18583.656276373335,18709.619372106667,18546.694154106666,17950.08332288,18588.592274186663,20505.77643205333,19705.021462880002,20054.769358746667,20257.088865093334,20387.934426053333,20512.64777928,21565.080554266668,21960.0062256,22052.042060613334,22127.46746056,23433.09144946667,23049.80368208,22378.972690799998,22447.118158693334,23216.119529173335,24728.281119973337,24639.828783733334,25033.020835413336,24623.592449013337,24745.968498613336,27043.923854826666,26947.811523653334,26580.719554773335,24531.176579146668,23896.467778666665,23562.3673488,24350.013779173336,23274.167211253334,23303.85399312,24276.857024186666,23358.561296666663,21979.006829813334,23290.4593504,21184.506668906666,19801.23167746667,20065.469960933333,18715.26052248,18856.740237253332,18193.57742008,17373.47139752,15957.60190632,15818.215971493333,15175.225450639999,14729.4390612,13887.39634984,14092.154485413334,14056.850471866665,13891.976543626664,13225.570092959999,12038.786011253334,11964.882011946665,10980.46504496,10405.697218906666,10229.495637306665],