{"message":"Aggregated IX data for Bay Area IX","data":{"nServiceId":null,"width":287,"jServiceId":null,"start":1478563500000,"end":1478649300000,"name":"Bay Area IX","in_octets":[],"out_octets":[],"in_bps":[5142.883340106667,5198.355582533332,5167.820691386667,5052.373609413333,5284.353735466667,5018.124239146667,5085.450238426667,5475.60312336,5280.703742426667,5182.258354,5165.28543392,5213.768344533333,4785.55209256,5073.24317816,5070.02797312,5261.533368560001,4943.174109253333,4941.9642654399995,4765.274962853334,4681.391892133333,4666.319039493333,4704.073457466668,4627.39377376,4750.151455333333,5098.619937653332,4896.745869546667,4896.399870026667,4920.165714453333,4808.031625546667,4930.608451093333,4922.062548533333,4813.1898475200005,4918.983324399999,4937.794888186667,4934.3821857600005,5330.752544,4897.279231813333,4829.840581359999,5103.191364186667,5022.09725072,5425.3698188533335,5144.349838640001,5232.288546293333,5029.872757386667,4995.791652506668,4977.96381416,4982.78135528,4913.227530613332,4997.086214319999,4964.576660613333,5245.959511253333,5417.209647306668,5453.204513573332,5424.70977616,6057.684271893333,5670.82140856,5524.595941653332,5465.347074453333,5334.828404133334,5553.202429733334,5215.935009546667,5020.24953512,4862.214264053333,5078.991555333333,4994.6873216,4936.262853546667,4905.622804986667,4941.25845672,4836.21481968,4810.700971573333,4871.936309466667,4757.383045493333,4813.721464133333,4831.472504026667,4791.598649626667,4968.776615146667,5075.5731447200005,4835.4543120533335,4868.091541386667,4814.410326453333,4715.969701306667,4586.390657573333,4782.69726216,4660.7309358933335,5062.264295706667,4730.8378816,4603.0786936,4384.854184666667,4277.386589546667,4409.454611013333,4437.62578456,4306.009463226666,4292.993442026667,4345.228809466667,4368.9785736,4340.563063493333,4755.911749626667,4788.45074256,4886.7469268,4733.219392026666,4926.3062689866665,4758.734417413333,4876.933784826667,4708.211215573333,4565.863323359999,4275.147229333333,4566.343200426667,4393.18973592,5856.860586373334,4530.283289813334,4317.08806592,4010.104457813333,4047.563533013333,4478.146297173334,4609.02147888,4355.869543413333,4380.25720712,4292.488573626667,3972.663401173333,4222.637308746667,4517.520347706667,4464.2014554666675,4287.668654266667,4366.89600232,4436.680397573333,4429.72351288,4599.664516106666,4566.86728832,4729.20139512,4814.405458186667,4714.29945904,4567.975065706667,4725.03569168,4802.574965093333,4681.166533653332,4778.2960312,4672.964385893333,4641.569988746667,5021.797096186667,4853.484334613333,4719.869802533332,4785.71350288,4724.6103631999995,4763.128629973334,5129.661405813334,4975.904330266666,4987.647136106667,4918.280934853334,4937.322545226666,4969.05734352,4862.926182453333,4898.386546693333,4884.08704704,5050.7383938933335,4921.586764293333,5010.411750906666,5176.333837146666,5405.695302133333,5217.05544488,5177.932030479999,5143.859642586667,5173.2462962399995,4998.22398088,4944.835661573333,5082.2313164,5058.967635626667,5220.2452354666675,5350.184403226666,5663.4175367200005,5661.911431866667,5556.019713386667,5679.123991359999,5514.651379973333,5434.530244906667,5686.99012688,5687.966205973334,5818.51798168,5871.908530053334,5994.130840986667,5671.46918816,6035.6102336,5793.5983368,5835.549253066667,6195.834753973333,5968.45573776,6078.344385253334,5785.58471464,5894.4938391999995,6209.46451752,6187.374621706666,5879.2963617333335,5818.661873706666,5955.7782118666655,6052.33771168,5937.743029493334,6034.724792720001,6049.299384399999,5942.7167220266665,5975.046289653334,5911.452552293334,5716.455797733333,5974.112223973333,5968.599112,6109.631933386666,6248.6667811199995,5856.52609024,6052.04244768,5945.572387866666,5675.029902026667,5894.595687066667,5850.365072026667,5991.491691866666,5718.427146,5965.25656624,5753.086676826667,5900.65820864,5823.21468016,5782.089512346666,5800.18304912,5878.440645146667,8578.990806453336,9098.625099733334,8017.543727466666,7668.392525653334,7507.648270479999,7749.33096424,7599.107538373334,6832.726349093335,5398.873791653333,5429.509908506667,5403.812453653332,5460.3743088,5474.135970133333,5496.692473813334,5763.438329359999,5540.336415786667,5547.018121493333,5661.6021222399995,5615.958102906667,5456.518787973333,5624.18012496,5274.370421680001,5504.578468346667,5308.468406986667,5400.84114056,5417.846660293333,5563.04836328,5317.05393304,5167.7879474933325,5334.334416533333,5264.408177306667,5350.424634826667,5826.458357546666,5604.4895502399995,5290.4938166933325,5342.078428666667,5280.687772133333,5154.39151352,5245.073676613333,5559.467778826667,5393.404926053333,5297.154766533333,5334.087914746667,5405.43672408,5508.237216986667,5649.319958640001,5719.778703093333,5478.53331224,5663.3911925600005,5412.58613488,5404.033352133333,5333.388212,5252.75066064,5425.934079866667,5431.15718584,5296.344678453333,5532.797902133333,5709.211952533333,5711.1887056000005,5731.299339573333,5846.554077066667,5807.307342666666,5720.520230506667,5519.973186506667,5229.4981088800005,5509.907444106667,5646.417176293333],