{"message":"Aggregated IX data for Bay Area IX","data":{"nServiceId":null,"width":287,"jServiceId":null,"start":1507248300000,"end":1507334100000,"name":"Bay Area IX","in_octets":[],"out_octets":[],"in_bps":[5.966631386666665,25.008595706666668,23.75324216,6.164796613333334,3.7133333866666667,3.1182958666666667,4.8108616,5.540260666666667,7.3102364,6.008573226666667,4.329159093333333,5.0459664533333335,8.37852152,5.057225173333332,5.005502746666667,7.753089360000001,5.198999733333333,3.9278149066666668,4.35646688,3.2680680533333333,5.16661056,3.97594096,4.4874476266666665,5.60269728,4.77732904,3.6668632000000003,4.418470719999999,3.7582676533333332,4.070595386666667,4.12672496,4.7975139733333325,5.962300853333334,4.995412666666667,5.67666584,4.87770096,5.5746235466666665,4.825344986666667,5.569516746666667,5.7166716,5.920520026666666,6.00473616,6.459891386666666,5.41191592,6.610255759999999,6.461351386666665,5.612106773333333,4.39962488,4.59206352,4.692348346666667,7.229864613333334,5.416167066666667,6.31148048,6.704919573333334,6.734846293333334,7.0046457066666665,5.987264826666666,5.530198133333333,5.828854160000001,5.70313864,7.69007592,4.605209733333333,5.860302320000001,6.6927452800000005,8.27725344,6.518442986666666,5.8678948533333335,7.268265386666666,6.7576080266666665,7.082533973333334,6.65297928,6.566729653333334,6.144806506666666,5.230494613333334,5.649989066666667,7.4286778133333335,5.229651333333333,7.137254693333333,4.384345306666667,6.495172746666666,4.0620355733333335,3.9715358666666667,8.95541168,8.0784524,4.452865226666667,3.6133530400000002,4.196077893333333,4.0976324,3.0311147466666672,3.1239126933333328,7.118109146666667,12.26071096,4.600519599999999,4.57379296,7.01405624,3.36526704,3.542209253333333,6.7249729333333335,4.7567542666666665,5.950455946666667,5.546759893333333,5.486746826666667,5.559022186666667,10.098163813333334,7.902750106666667,5.97513688,7.0252216,8.984386293333335,5.720322586666667,6.172561786666666,6.66331608,4.71194496,7.21862504,3.8411077333333328,7.72608784,3.27484544,4.3895854666666665,11.6553512,7.191417226666666,4.30779072,3.9371565066666667,2.946150906666667,5.065664373333333,5.196907893333334,3.6582589333333333,3.410466186666667,3.174607786666667,3.48758968,4.88748472,4.221662293333333,3.4501799733333334,3.351661893333333,3.58247648,2.3609632533333333,3.3297906133333335,3.32224752,2.422613306666667,3.355117546666667,4.400860906666667,4.0373161600000005,4.757336586666667,3.797434666666667,3.148393706666667,5.974714773333333,5.078775226666666,4.402600453333333,4.0494206933333325,4.477601573333334,6.871184373333334,3.863104906666667,4.5900906133333335,4.909562773333334,3.074629253333333,4.663317546666667,4.276617493333333,6.274296906666666,5.196450506666666,9.581809119999999,3.36511448,4.418033546666667,4.668471946666667,4.404112693333333,4.065247893333333,4.2976066133333335,3.72827624,3.6147163466666665,4.829305973333333,4.4152068799999995,4.94508728,4.11792888,5.142971360000001,5.537831546666667,4.437945200000001,4.848237306666666,3.866116266666667,3.5701565866666667,4.945206106666666,4.437864746666667,6.20018504,5.799985599999999,4.495545519999999,6.709291013333334,6.585601546666666,6.521057626666666,4.731859893333334,5.1992053600000006,5.605855573333333,9.30799376,7.112103146666667,4.9460185333333335,7.151426746666666,6.18491392,5.692490906666667,5.934378613333334,6.92378568,7.877141973333334,6.239574666666666,6.651804293333334,7.9790435733333345,11.72568536,7.104784266666667,5.178725866666667,3.673910293333333,7.561308426666666,8.833395066666666,7.94721896,7.391581333333334,7.084084266666666,7.270652826666666,5.813034266666667,6.6597720533333336,5.69100712,6.455019226666667,6.999087386666666,5.94818016,6.299803573333334,5.0065278399999995,5.81957168,4.97055504,4.946339200000001,4.325062320000001,6.74249256,6.427642986666666,5.940936746666666,4.376940133333333,5.022862186666667,5.115953706666667,5.3364707199999994,4.929428773333333,6.528948453333334,5.19607504,4.147309146666667,4.58933616,4.2225790666666665,4.4523448,5.65172912,3.4521794666666668,5.400271093333333,5.797802320000001,3.749108933333333,3.898414053333333,3.3970205333333334,4.13795696,4.430655813333334,4.956868746666667,5.151187546666667,5.79570336,5.352286853333333,17.569404426666665,4.593539973333333,4.950421093333333,4.504062426666667,4.868938053333332,5.5859298399999995,4.8001404,3.7962680266666666,4.286682026666667,3.59655112,3.729152666666667,3.560404773333333,6.015713786666666,4.62334488,7.16746992,5.196443599999999,3.6179011733333333,3.291025013333333,3.6039699466666666,3.210444133333333,3.445677226666667,4.764614906666667,4.7051478666666675,3.537810746666667,4.746559946666667,5.158255333333333,4.6384715199999995,6.532183679999999,9.055104906666667,7.821713519999999,4.704956533333333,4.952204933333333,4.09248808,3.697174266666667,7.282466426666666,3.84224552,4.71314312,4.039375866666667,5.211859946666667,4.208087786666667],