{"message":"Aggregated IX data for Bay Area IX","data":{"nServiceId":null,"width":287,"jServiceId":null,"start":1475215500000,"end":1475301300000,"name":"Bay Area IX","in_octets":[],"out_octets":[],"in_bps":[5664.560001253333,5250.7719556266675,5335.3483372,5142.451055279999,5279.6947800533335,5383.436613146667,5343.04156992,5401.9552288800005,5509.6060807466665,5432.1579083999995,5363.491673359999,5431.052628106667,5485.774614906667,5376.565403013334,5475.387045626667,5411.2007736000005,5306.251942746667,5127.299839573333,5042.777656933334,4916.762494426667,5089.85662384,4976.75887552,4998.443918399999,4835.221926746667,5168.2200404,5091.604777893333,5039.714937866667,4949.1738612,5167.22690064,4827.74382264,5342.214987093334,5091.772821653332,5069.7664346933325,4810.75234472,4723.461510933334,4875.141405066666,5485.247588266667,5370.9197424799995,4897.313981226666,5040.196326106667,5121.908640506667,4634.324209626667,5247.6004651466665,4924.60095216,4948.555008346667,4834.477994880001,4710.9914362399995,4730.143418293333,5195.712221546667,4841.783195066667,4835.34537352,4744.109655226666,5112.775560399999,4930.200115226667,5492.331641386667,5014.597360613333,5067.992648613333,5052.01789688,5324.9239744,5382.193929226666,5790.030563226666,5396.579990853334,5254.27574216,5452.49994728,5571.16117136,5593.510309386667,5296.306844506667,5090.150743439999,5435.392382906667,5422.7066776,5319.94272536,5437.05193752,6292.179718133334,6385.039384426666,6587.525190186667,6679.775244933333,7039.762353226666,6071.838051199999,6101.88276728,5845.56663088,5970.954764213334,5968.822482693334,6166.713648213334,6223.416816133335,6414.55942712,6435.014620399999,6713.115552026667,6476.293296,6455.143506986667,6494.561331813334,6621.315855706666,6809.470652533334,6839.9929038400005,7121.126319226666,6844.99429728,6717.61875008,7259.545178186667,6998.3088744,6808.99700088,6757.523221359999,6999.67137264,7083.899592906666,7232.942292853333,7127.855895013333,7159.535506346666,7274.031546986666,7123.084635413334,6867.500674479999,6797.431104,7349.296740746666,7301.961174853333,7102.3862927733335,7317.495388133334,7297.523133199999,7250.513314586666,7339.502308746666,7329.233481066666,7448.037874,7533.185223066666,7685.2138951199995,7741.891542506666,7637.907223493334,7507.82395824,7384.434403226666,7666.536612853333,7598.235369893334,7373.520859226666,7282.08913736,7493.143055653333,7413.780019973334,7280.192947813333,7391.804142453334,7306.340556293334,7416.312814773333,7536.20597608,7379.1914771733345,7139.142731520001,7331.637212906666,7105.410752053334,6787.0152008800005,7077.0078028533335,7436.910191413333,8032.437847013334,7823.9490484,7091.730346693334,6652.217866319999,6806.374648293334,6518.515028533334,6517.366206853333,6705.571890026667,6757.837739093334,6452.31040216,6852.190105786666,6929.60942712,6670.426223733333,6571.68448344,6497.868876,6481.8618330399995,6542.817223573334,6552.13279008,6541.2669037333335,6449.5956039466655,6534.868317359999,6217.346633253334,6025.23152112,6436.53084824,6331.667474666666,6516.962496266667,6242.84208312,6454.319354133334,6317.066860319999,6068.926145866666,5859.920533866666,6173.75606712,6441.66072816,6347.162572026667,6196.859373013333,6050.120190506666,6132.935039253334,6157.723555226667,6551.359145013334,6503.393960346666,6256.7607016,6100.350700293334,6127.35955328,6017.904215733333,5956.875624026667,6002.0452696,5965.914374986667,6110.711991653334,5888.20554816,6019.68265192,6416.753137573333,6103.874274853333,5962.00736096,6075.670133386667,6251.093451493334,6191.0880945066665,6331.501387146666,6301.907537653334,6056.412576586667,6126.71153632,5959.678588533334,6043.808828906665,6272.999357173334,5582.69298376,5824.91789768,6188.942566453334,5878.261881546666,5964.63062792,5633.438436213333,5874.634979946666,5620.455679333333,5597.500377813333,5592.784723600001,5705.65898576,6128.998759973333,5882.638742986666,5825.526646026667,6007.724493626666,5737.11599672,5901.681907226666,6104.27050632,5984.945640293334,6031.049285653334,6030.465532933334,6341.526158213334,6211.226576746666,6062.3078136,5841.50462216,5958.947823173334,5679.181447226666,5910.596060373334,5857.56278648,5522.845458426667,5654.75880616,5681.950922453333,5732.103022,5677.26093792,5979.238222,5972.239408826666,5814.580633546666,5668.893421706667,5746.8923806133325,5329.7943343199995,5474.00989584,5822.590695253334,5574.343235386667,5527.89525776,5622.752200346667,5620.14162704,5838.18179312,5827.928851173334,6070.623782266666,6018.449210826666,5909.396176186667,5830.050355626666,5941.991586213334,6315.293739546666,6140.7701931733345,6036.84062696,6307.4295896,6381.32651128,6447.512191013333,5954.438850826666,6179.971083573334,6336.8019890666665,6473.94907728,6633.855423333334,6305.887267413334,6359.531450586666,6036.074935333334,6003.54148912,6075.648393653334,5962.865739146667,5892.106309386666,5931.5156548800005,5702.864500613333,5876.45908136,5817.0288378666655,6012.310842106666,5798.0786628000005,6006.52085232,6049.86803832,5928.444707253334,6018.73479704,6230.045486826666],