{"message":"Aggregated IX data for Bay Area IX","data":{"nServiceId":null,"width":287,"jServiceId":null,"start":1506211500000,"end":1506297300000,"name":"Bay Area IX","in_octets":[],"out_octets":[],"in_bps":[1.1720993066666667,1.1963808533333335,0.9432381066666665,1.8685765600000002,1.9575812266666666,1.3040808799999999,2.1803833333333333,2.7037777866666666,1.49526624,1.5447798666666666,1.3826648000000001,2.3601642933333333,1.6206187733333335,1.8765053600000001,0.8625264,1.3772102133333333,1.3747152,2.6536926133333334,1.7102812533333334,2.08681984,1.2703716,1.5910106133333335,1.3776843733333335,1.6111236,1.2001025333333335,1.44544512,1.4367081066666665,2.01525008,1.5338551999999999,1.9547243466666664,1.61637992,2.41933544,2.0885152266666664,3.952349733333333,2.5742448799999997,1.1229051733333333,1.74314232,2.1392066933333336,4.011602266666667,2.68287224,1.7089765333333335,3.45019664,3.1428803199999997,4.6018884,3.50932584,2.6559621866666667,2.6744186400000003,1.7716517333333335,2.5521112799999996,2.242408906666667,2.0935602933333333,2.323045733333333,2.2483248,2.3534123466666665,1.7935103733333335,2.0574243733333337,2.3190382400000003,2.5777626133333333,1.5922090133333335,2.141890746666667,1.9989842666666666,1.2032926933333334,1.3582658933333336,2.80999832,1.85065248,1.7639818933333336,1.8331637866666666,6.7062177599999995,3.3396105866666668,3.980103386666667,2.6784806933333334,3.3337385066666667,1.8019487733333335,2.55528152,2.6420161066666665,3.280170106666667,2.3317445066666664,3.2460344266666668,2.1784261866666665,2.9420898666666666,3.4161324,2.0917999466666664,4.380699226666667,2.8652087733333333,2.1669944266666668,1.98075328,1.8051302933333335,3.294875146666667,2.5362170933333332,2.2594236000000003,2.46557016,1.8492768,1.97258216,1.9024918133333335,2.1963078133333336,1.8241999199999999,4.22766096,2.3393325333333332,2.771056053333333,2.3472497333333333,2.2935072533333334,1.9728390666666666,2.1740018933333336,1.6485074133333333,1.5996431733333334,2.1549470666666664,2.0635087466666664,2.4882179733333336,2.0511522933333333,1.7438679466666664,1.10931168,2.2303592266666667,1.1551521866666665,1.5864208533333335,1.7737972533333335,1.3101998400000001,1.5285190133333335,1.8788532266666667,2.7993433866666666,0.9789446933333334,1.2847112533333334,1.3567628,1.8676373333333336,1.31133448,1.8290641866666666,1.07134328,1.2894118133333334,1.1375585866666666,1.3498273600000001,1.2173668266666666,2.2867527733333333,1.2729065866666667,1.4400392266666666,1.1339587466666665,1.0415424266666664,1.18078296,1.0313674933333334,1.3536401066666666,1.3549902933333335,2.46149648,1.07393688,1.31914752,1.45581176,1.7333499466666666,1.0644846933333334,1.8964944799999999,1.3838415466666667,1.7795309066666665,1.6259574933333334,1.58886888,1.3846907466666667,1.0942177066666665,1.3963626666666664,1.2150657333333335,0.9839657333333334,2.2328943733333335,1.5491835466666666,1.57164344,2.3546335733333335,1.6900685333333334,1.8764952266666666,1.1639286133333335,1.7791447466666666,1.50572456,1.5746971733333333,1.54461448,1.0534889066666664,2.4650186400000003,1.17714336,1.4146012,1.54981192,1.7014313866666664,1.2185890933333334,1.4683093333333335,1.8498623466666664,1.3869454133333334,1.8651510666666666,1.22411472,1.8768388266666667,2.947944666666667,1.8643293066666666,2.1579195466666663,2.736962533333333,1.94682576,1.3141409066666665,1.22621176,2.8689852533333333,1.8631230133333334,1.7521711466666665,3.073641466666667,2.7381962933333335,1.9660481866666666,1.9393146933333334,2.0699846933333332,2.5540387466666665,1.5456185866666667,1.87935696,2.3413059466666666,1.63979304,3.09439128,3.943052986666667,2.0738726666666665,1.3732525333333334,1.9457740533333334,2.178410133333333,1.397932,1.55108496,1.6671039733333335,2.5515462400000004,1.7938142933333334,1.6046821333333334,2.3872374933333336,2.113208906666667,2.30731112,1.4816730666666666,2.22282288,2.4879587200000004,1.72759984,1.8259449066666664,2.9882551200000003,1.6604827466666665,1.3289648,1.83301544,1.7614511466666665,1.7855627466666666,1.84478144,2.0866962933333335,1.73448048,1.9862834933333333,1.2543726133333335,1.7410046399999999,1.92524952,1.6773179466666666,1.8125282133333334,1.6844086666666664,1.8253672266666665,1.7651114133333334,1.4890800266666666,1.6385293600000002,1.9509219466666665,2.6600164266666666,1.5802461866666666,2.1843483999999997,1.5137931733333334,1.2896075733333334,1.7042461066666665,4.5324048,3.13481936,1.7397140800000002,1.8173880800000002,1.8213097333333335,2.2225904,1.6217205333333335,1.1271394399999999,1.1832473333333335,1.6354896533333336,1.6373332266666665,3.228998773333333,2.6856124,2.1732082666666668,1.6108738933333335,3.147200853333333,1.809234,3.2552696533333334,1.51574904,1.7521958400000002,1.1335205066666667,1.0949179199999999,1.5937962933333334,1.8432094933333334,7.50696688,8.847414613333335,2.97473792,2.18892952,2.8609236533333333,3.237615626666667,2.6742866133333334,2.03200304,1.7064586133333335,1.8463435466666667,2.10155016,1.9873052533333335,1.2784289066666665,1.0953456533333334,1.78952688,2.4017981066666665,1.40251664],