{"message":"Aggregated IX data for Bay Area IX","data":{"nServiceId":null,"width":287,"jServiceId":null,"start":1506168300000,"end":1506254100000,"name":"Bay Area IX","in_octets":[],"out_octets":[],"in_bps":[1.6421234666666666,1.8275105333333335,1.7207739466666665,1.6544599199999999,1.9454225600000001,1.4146959733333333,2.8162965333333334,3.3975660800000003,1.2980042133333334,1.5102353333333336,2.6336676800000003,2.3695514933333337,2.0338782133333333,1.10031064,1.7320064266666666,1.32165328,1.4177497333333333,2.26591848,2.5811294133333336,1.3179245333333334,2.1747532,1.8945296,2.4157887466666668,1.28549912,2.0203763466666667,1.3592560533333335,1.3601081866666664,1.649252,1.8002471733333334,1.6877199466666666,1.0428778133333334,2.31912136,1.6042201866666665,1.8973807733333334,2.6973576266666663,2.3460319733333335,1.38742008,1.9896073866666666,1.4439450133333334,1.5224141599999998,1.54780744,1.7192194133333334,1.8538575733333336,2.1127583199999997,2.15748384,3.297953973333333,5.680847573333334,3.220428426666667,1.87604072,1.9781002666666665,1.4516116799999998,1.5744852,2.1274435733333332,2.111887573333333,1.5794930666666667,1.6606381866666666,1.3227915733333335,3.855174453333333,1.6895892,1.88212624,1.2571599199999999,1.69062344,1.0457415733333335,1.5368128,1.9338664266666665,1.65698576,1.6486608,1.2708778933333336,1.0127031733333334,1.4579271999999999,1.50853856,1.4141427733333334,2.5097362133333334,3.1769272,1.52410456,1.1164707466666666,1.28795648,1.3606826666666665,1.9804469866666665,1.5818598666666666,2.2179425066666663,1.8362028000000001,1.50157344,1.4148035466666666,1.9407726933333334,1.3438179733333333,1.9421291466666666,2.69734784,2.8840328533333333,1.74808288,1.4111347466666666,2.08317984,1.8271705333333335,1.2631877333333335,1.8698838666666664,1.6291320533333336,2.1344017866666665,1.8324530133333334,1.3718592533333334,1.56401832,1.5791682666666667,1.8302324266666665,1.7381987733333335,1.7746904533333334,2.0135883733333335,1.9225884266666666,2.1460797866666668,1.8360052266666667,1.8445860533333334,1.6496026666666666,2.4045956800000003,3.3264951733333334,2.1661258666666665,1.2955026933333333,1.3884308799999998,1.5477430933333336,2.47449216,2.1650236,2.3676757066666667,1.8020034666666667,1.6000304533333334,5.3309492,3.1567731733333333,1.8093257600000001,2.2614783733333335,4.770485626666667,2.3036106666666667,1.1600968266666667,3.106256293333333,1.9491209866666666,3.194504666666667,1.88227064,5.0917051466666665,2.05296768,1.11362896,1.2722525333333334,1.20856104,1.1615033333333336,1.57213632,1.42574384,1.7526006133333336,1.2446645600000001,1.4775830133333334,1.81706104,1.1720993066666667,1.1963808533333335,0.9432381066666665,1.8685765600000002,1.9575812266666666,1.3040808799999999,2.1803833333333333,2.7037777866666666,1.49526624,1.5447798666666666,1.3826648000000001,2.3601642933333333,1.6206187733333335,1.8765053600000001,0.8625264,1.3772102133333333,1.3747152,2.6536926133333334,1.7102812533333334,2.08681984,1.2703716,1.5910106133333335,1.3776843733333335,1.6111236,1.2001025333333335,1.44544512,1.4367081066666665,2.01525008,1.5338551999999999,1.9547243466666664,1.61637992,2.41933544,2.0885152266666664,3.952349733333333,2.5742448799999997,1.1229051733333333,1.74314232,2.1392066933333336,4.011602266666667,2.68287224,1.7089765333333335,3.45019664,3.1428803199999997,4.6018884,3.50932584,2.6559621866666667,2.6744186400000003,1.7716517333333335,2.5521112799999996,2.242408906666667,2.0935602933333333,2.323045733333333,2.2483248,2.3534123466666665,1.7935103733333335,2.0574243733333337,2.3190382400000003,2.5777626133333333,1.5922090133333335,2.141890746666667,1.9989842666666666,1.2032926933333334,1.3582658933333336,2.80999832,1.85065248,1.7639818933333336,1.8331637866666666,6.7062177599999995,3.3396105866666668,3.980103386666667,2.6784806933333334,3.3337385066666667,1.8019487733333335,2.55528152,2.6420161066666665,3.280170106666667,2.3317445066666664,3.2460344266666668,2.1784261866666665,2.9420898666666666,3.4161324,2.0917999466666664,4.380699226666667,2.8652087733333333,2.1669944266666668,1.98075328,1.8051302933333335,3.294875146666667,2.5362170933333332,2.2594236000000003,2.46557016,1.8492768,1.97258216,1.9024918133333335,2.1963078133333336,1.8241999199999999,4.22766096,2.3393325333333332,2.771056053333333,2.3472497333333333,2.2935072533333334,1.9728390666666666,2.1740018933333336,1.6485074133333333,1.5996431733333334,2.1549470666666664,2.0635087466666664,2.4882179733333336,2.0511522933333333,1.7438679466666664,1.10931168,2.2303592266666667,1.1551521866666665,1.5864208533333335,1.7737972533333335,1.3101998400000001,1.5285190133333335,1.8788532266666667,2.7993433866666666,0.9789446933333334,1.2847112533333334,1.3567628,1.8676373333333336,1.31133448,1.8290641866666666,1.07134328,1.2894118133333334,1.1375585866666666,1.3498273600000001,1.2173668266666666,2.2867527733333333,1.2729065866666667,1.4400392266666666,1.1339587466666665,1.0415424266666664,1.18078296,1.0313674933333334,1.3536401066666666,1.3549902933333335,2.46149648,1.07393688,1.31914752,1.45581176],