{"message":"Aggregated IX data for Bay Area IX","data":{"nServiceId":null,"width":287,"jServiceId":null,"start":1490429100000,"end":1490514900000,"name":"Bay Area IX","in_octets":[],"out_octets":[],"in_bps":[7140.448961706666,7095.842525893333,6762.665778533334,7025.539319813333,6734.2451054933335,6780.5927626933335,6686.95290792,6506.6722544799995,7101.219675439999,7260.66907976,7100.531473173334,6931.863142053334,6854.9070664266665,6531.586082586666,6175.3141125600005,6253.366811626666,6282.978222026667,6232.713636106667,5790.037667866666,5705.443736586667,5856.9587572,5970.77252192,6271.020296666666,6150.837155866666,6228.72363272,6393.71797512,6170.48835248,6085.6684168,6152.271302186667,6139.256311066667,6500.436811866666,6253.34348568,6138.48989688,6195.0359917333335,6416.939571866666,6461.57121016,6529.355235573334,6518.13472472,6333.8759784799995,6442.931340906665,6512.323472693333,6386.470489253334,6436.80061536,6234.939971173334,6344.019104933333,6365.327412506666,6239.157330026666,6419.395170826666,7591.43437336,8187.157522666666,8003.849466373334,7371.807280720001,7243.260989173335,7235.812645893334,7229.078446746666,7147.370391066666,7213.452337680001,7169.849277653334,6793.629747813334,7016.185309439999,7512.595565573334,7545.799484106667,7591.360807573334,7508.906406506666,7574.061318746666,7953.263769733334,7457.8747350933345,7415.577213493334,7509.739834213334,7874.1545429066655,7824.404937706666,8106.6532316,8525.244484133334,8231.416666666666,8052.35629472,8208.174364,8360.197177173333,8227.60860352,8531.775345973334,8652.701775973335,8660.555846346666,9112.474386133335,9159.680364106665,8862.363750693334,8885.126201573334,8933.722248293336,9111.812895386665,9048.56278448,9139.88757664,8682.800929280002,8882.645044853334,8773.71693448,8788.241201386665,8823.133538106664,8779.071878053335,8941.349090746666,8963.430083013334,8881.78791608,8972.45721432,8675.25664864,8904.532303013335,8847.35999064,8971.77365048,9427.180251866665,9760.304338986665,10093.878867626665,9981.891303573333,10281.713006346667,10679.414010666665,10495.23985776,10553.514233413334,10619.855417626664,10754.665779973335,10418.288958266667,10331.524511253334,10163.752664266667,9719.197855146665,9549.151167893335,9356.796407493333,9318.04578912,9424.071272559999,9234.22113904,9323.391835093335,9320.1932416,9026.844172426667,8971.310204053336,9139.36362472,9134.680129600001,9272.611328559999,8976.630104,8917.621347493334,9171.460532186666,8926.7274664,9232.995586613335,8266.398333466665,8606.878934533335,8200.260198453334,8113.55132344,8156.349895813334,8447.788960106665,7985.363462,8142.530151893335,8387.888109973333,8261.807305626666,8030.5713911466655,8222.019068666666,7706.993074266667,7919.418395626666,8203.19942192,8154.78164048,7806.455934106667,8108.1518184,8029.147218693334,8072.721630346666,8123.73297152,8021.459801626666,7976.454866266667,8239.049030346665,7415.519072346667,7583.556804453334,7843.400388853333,7953.202819466666,7824.00285544,7927.083960506666,7735.607006293334,7613.309371493334,7760.05202184,7874.925156293334,7887.19920192,7737.5551993066665,7575.435022693334,7811.994326053335,7976.280686239999,7897.075892746666,7812.116776399999,7857.402402453334,7923.169698666666,7591.088972613334,7964.826938293334,7815.632543626666,8088.491965946666,8159.670579786666,8624.784774986665,8791.887391600001,8844.326690026664,8660.233795333334,8564.432916773334,9344.46850592,8887.346252853335,8385.7397324,8458.146081333334,8370.217606746666,8794.400283013334,8661.182629973335,8510.471907066665,8557.45941712,8824.546877653334,8878.434924506666,8852.707568746666,8696.11216344,9086.876037600001,8790.199451226665,9250.821367120001,8626.977354986666,9335.19458176,9278.747677626665,9331.591365946664,9154.601989893335,8981.902971653333,8518.84162408,8900.822421626664,8451.9413576,8585.006475626666,8512.432404533334,8495.997850293334,8950.296183946664,9210.443539306665,9894.421692133335,10091.541763386665,10644.686734,10711.854178213334,10490.72639904,10572.839606906666,10803.713580053336,11194.113062693335,10753.62753432,10909.045996666666,11003.870369466666,11195.305919573333,11293.374229253333,11394.346204746666,11318.947315226666,11177.801866453336,11282.713306,11497.430396826667,11768.35209312,11224.141279013334,11086.988278693334,11167.757842933333,11677.814352853335,11513.207649626665,11124.688421253333,11543.423562693335,11092.42390152,11500.140620506667,11381.553173093334,11567.63626744,11426.573758293334,11588.327893093334,11429.461483573334,11831.376181413334,11585.541782426666,11634.866648133335,11694.71713576,11583.599860906666,11202.717008773334,11425.655448906666,11460.843335333335,11453.976816213335,11291.010334106664,11678.167200693335,12275.2770512,12106.379451386665,11774.811285893335,11525.808876746665,11596.455033813334,11527.33415856,11619.883549733333,11670.243874506667,11279.953044959999,11186.323250213334,11350.689213093334,11191.58944896,11149.202379706665,11546.949715546665,11369.164977493334,11989.137414853334,11875.677202853334,11761.730702773335,11971.3788064,11286.57196384,11467.729413173334,11402.23270016,10786.991760666666,11050.7616292,11404.10317696,10931.843143013335],