{"message":"Aggregated IX data for Bay Area IX","data":{"nServiceId":null,"width":287,"jServiceId":null,"start":1493798700000,"end":1493884500000,"name":"Bay Area IX","in_octets":[],"out_octets":[],"in_bps":[760.6202678133334,735.6639698133334,745.4117028266666,737.39301848,696.5084670666666,655.3079913866667,700.1001031466667,760.8394839199999,1016.6840757866665,710.6025575733333,694.6014444266666,700.1859684533334,701.6940567466667,711.8594830133334,776.0091597066665,758.7912465333334,748.91127096,701.0189029333334,744.7665193866667,744.6363964533334,791.8499961066666,802.10375488,800.2162926133335,766.02611328,760.12944632,745.76881064,738.9364154933334,733.0353944266666,760.1323473333334,770.70802976,744.10533688,728.8802530933334,753.2388185599999,770.8338466133333,758.8378206933334,748.0932694933333,781.0615879466666,1238.0971406666665,1150.9274,908.2854350399999,837.86601984,826.1439501599999,835.0034192266666,860.3128978133334,849.48124384,873.4006369866665,871.5708533066667,1680.87152496,2486.0405974933333,1785.9496382666666,959.7109984533334,852.3223823466666,944.34850408,899.2448510933335,950.1109946933334,977.7595623733334,945.1584550399999,985.91909368,1054.4898766666665,1019.0966536533334,983.0545670133334,1024.7271419466665,1004.2950849066665,1044.8071803733335,1015.7389407466666,995.7378880800001,1115.64891592,1078.7353095199999,997.9130151733334,1040.7916796266666,1203.2106031199999,1017.3086309066665,1152.5068854133335,1117.03311904,1197.4413638933333,1116.4070929333334,1163.1164883733334,1206.2863008533334,1255.1447341866665,1308.9279734933334,1222.07349024,1352.7859991733335,1282.5154771733335,1184.13583472,1293.2054784000002,1378.26576296,1219.84007144,1427.1650004800001,1564.7688299200001,1564.53714752,1316.61881328,1369.0749714133335,1401.5311118666666,1358.1413489066665,1416.2532254666664,1337.0235110133335,1547.9165007466668,1616.20146264,1501.0531048266666,1413.8771541333335,1455.29495328,1581.4250961066666,1463.9940306400001,1336.53619904,1332.1364067466666,1419.6099329600002,1250.2002286933334,1395.4083687733335,1422.4158595466665,1287.7378451733334,1361.5586761333334,1367.9029995733335,1356.3859691466666,1244.6269910666665,1196.3675465066667,1279.0256749066666,1384.0014952266665,1404.8060420266665,1242.4677305599998,1369.1924728533336,1364.7245114133334,1177.98548768,1203.8485742666667,1557.628698,1173.0009258933335,1384.8091362133334,1519.4195790933336,1339.3947798666666,1375.5845273333334,1421.8056600533334,1487.2120277066665,1278.5237131733334,1343.8772866933334,1270.3160055733335,1206.69650496,1230.8733547733336,1204.61731192,1178.0332936266666,1095.0831138133335,1118.9262673866665,999.2132644266666,1010.2166124266666,982.2247453066666,1075.1368794133334,1142.9941129866666,1019.0162627466666,1171.5334849066664,1102.49554968,1021.1954208533334,1101.2587146666665,1047.0163855466665,1053.4175813066665,1064.9600715466665,1073.05155736,1012.9771331466666,1088.77483192,1157.3088827466668,1280.4208188,968.4383765599999,980.6198231733334,969.1095534933335,979.56409,1002.3851761333334,944.08812344,920.7322979733335,942.94242216,903.0471046666665,957.8209992533334,907.6974694666666,931.8385167466665,914.8379450399999,909.3440928,911.0663777866665,957.8576104533335,989.7335887200001,935.5834108266666,948.7109029066665,993.8110295733334,1009.5433171466665,1027.12862776,1063.0972510933334,1026.37102024,992.2935748,985.12741608,1114.6137437866666,1108.8883624266664,1003.6409460266665,1093.21559256,989.3970000533334,911.1256298933334,959.3616414133334,855.8232522933334,909.6435676799999,1278.1354065599999,924.05468624,872.2496407466665,900.41911296,972.92286744,920.2274385866666,868.4612145599999,918.0449322133335,869.6409126933333,856.19864616,888.4171801866667,826.6131113333334,843.7982610133334,900.3736762133335,887.9396160533335,788.6502173066666,758.363176,838.4480009066665,869.6321254933334,822.1393163466665,852.4958584,795.3988441866666,819.8841055199999,797.1350856533335,755.2362561866667,766.48666672,788.1079209866667,822.9676170933335,767.2923235733334,790.60882824,778.5452193333334,758.4477753333334,816.0034530133335,818.1202429066665,825.1129257599999,746.92828208,782.6903026133333,772.0737849866666,793.7268114666666,742.9676302666667,793.2076197866667,837.93335568,797.5837987466666,786.9106640800001,799.7117286666667,778.5058589333333,781.93279384,860.11820808,860.3675550933335,833.70528472,869.8928494133335,885.64760936,822.13366208,833.7922069333334,868.0149272266666,899.1704335466665,884.34330536,863.3717715199999,949.8465820800001,869.9863493066666,959.1661765599999,1006.52421504,896.0012934133334,919.2692242933334,902.8743205066665,882.96678912,865.5271001866666,876.74206832,849.4983809333334,974.1189069333334,1004.4328090666666,944.1056603466666,984.3402087733334,862.3691123466666,853.9929689066665,876.44943656,844.0945844533335,842.8944402133335,869.2394479733334,856.8020797866665,897.1261710666666,930.1648326666665,897.22240408,908.5614392533334,903.15874328,869.6561641333334,877.672624,907.5864384533335,873.8272856,802.4775003999999,816.5771494133335,782.18399288,790.14771408,800.4188977333334],