{"message":"Aggregated IX data for Bay Area IX","data":{"nServiceId":null,"width":286,"jServiceId":null,"start":1512979800000,"end":1513065300000,"name":"Bay Area IX","in_octets":[],"out_octets":[],"in_bps":[7.23039616,7.4225788533333334,7.1065684000000005,8.590058666666666,6.997555733333334,6.596475386666666,7.316286906666666,6.68669904,7.857062480000001,7.468248053333333,7.57393464,7.810216639999999,7.666305386666666,8.13769568,8.625139946666666,7.682938480000001,12.521755626666666,13.105081279999999,14.739223973333335,7.565292213333334,7.818739973333334,8.90489784,7.7938274933333345,9.035154986666667,21.323475146666663,19.039513600000003,8.639413866666665,8.638934986666666,9.715941066666666,8.513617813333335,8.619741946666664,7.515838826666666,9.299922986666667,8.85477184,8.917096800000001,9.192988986666666,9.868286613333336,8.85068024,9.787757013333334,9.477201306666664,8.88521568,12.6598572,9.670370853333333,9.850062453333335,9.772107813333335,10.264443199999999,9.15751152,8.70242736,7.727918426666665,9.52734848,8.642811466666664,9.113986853333333,7.8347554933333345,9.201270533333336,9.32216352,8.823244906666666,9.43464424,8.903566933333334,10.63102248,10.552371973333335,8.321650666666667,9.101224720000001,9.718743653333334,8.68389248,11.1100272,12.161636293333334,14.262424746666666,13.248793573333334,12.680256133333335,11.326619493333334,8.702931253333334,9.339806906666666,10.197066613333336,10.281241333333334,8.484335066666667,8.657534346666665,10.062488026666665,8.900745893333335,9.92078808,11.519730426666666,17.8594984,22.929860666666663,19.47252424,14.44778808,15.496417866666665,15.775630533333334,15.06620128,10.76531976,8.396335039999999,8.571345973333335,8.740531546666665,7.957953893333333,8.461821146666667,8.113059653333334,7.757279866666666,8.026709653333334,7.680592906666666,10.348946053333334,9.242934826666666,8.830431226666665,10.457425866666666,8.758666986666666,9.459565439999999,9.763715813333334,7.678848453333334,8.704639226666664,8.77957872,8.351585946666665,9.556863946666665,8.030136613333335,8.265054613333334,8.478709333333335,8.035247573333335,7.7453649066666665,10.801622906666667,9.4721504,8.515844746666666,7.861282533333334,8.83098232,7.818544480000001,8.491170266666666,8.263646933333334,8.469943653333335,9.983085386666664,9.168726373333335,9.332244933333333,8.963570133333334,9.014148773333336,9.56575872,11.90161904,9.831827839999999,9.00063784,9.772478133333335,9.93310016,10.250299813333335,10.812555813333335,10.9621576,8.33119944,8.909870186666666,9.971206480000001,11.352700826666666,9.778069413333334,9.82095616,10.9417168,10.874146080000001,10.001672293333336,8.632375573333334,11.408977626666665,10.01374152,10.32541592,9.422703493333334,9.6311852,9.369227066666667,9.92833864,10.117501253333334,9.456673333333335,9.831621333333334,8.891550533333335,8.471043199999999,10.216657013333334,8.893609386666665,12.282036186666666,10.49763784,9.33873584,9.129731786666666,8.681523279999999,8.88796464,10.144760773333335,7.98903856,7.895412240000001,9.553547759999999,9.472139066666667,9.13549296,6.962633573333334,7.793297706666666,7.970106453333334,7.862224373333334,8.007340373333333,9.343936186666665,8.653373653333334,9.149383493333334,9.97643848,11.761103279999999,8.405381706666665,8.000687626666666,8.47401872,7.949210773333333,9.60246168,8.501146106666665,9.481680933333333,9.24759248,8.518113786666666,6.5648755466666655,8.034677519999999,12.19949776,8.088544426666665,9.456178640000001,9.667595386666665,11.854225119999999,8.66506536,7.535581493333334,6.96765064,8.616330693333335,8.22759712,8.151291200000001,8.052163093333334,8.860618373333335,10.998997546666665,10.270435066666666,8.59863528,8.986195413333334,16.546168266666665,18.56159824,14.120163813333335,15.275004293333335,12.78188216,13.061173466666665,11.6491224,10.0312156,9.948867866666665,14.41833144,16.531404266666666,10.949985013333334,12.439533253333334,11.976599093333334,12.99595344,10.993279706666666,9.8564552,8.64017552,9.628163413333334,10.882493279999998,9.038097093333334,7.97494848,7.477190666666666,12.212979653333335,7.36184456,6.542061466666666,8.651898933333333,8.787665226666665,12.423077866666665,9.916612240000001,9.975435119999998,9.968908213333334,7.483180133333334,10.053581493333335,15.263267546666665,10.874091626666665,7.722059333333334,7.311091146666667,8.27916904,9.170727306666665,10.314010506666666,7.72107616,7.590134026666666,9.506470373333334,9.767029546666665,9.991291066666667,10.740431413333335,9.564477653333334,8.384070133333335,11.259022373333336,9.084082453333336,10.17515808,8.453368133333335,10.634006826666667,10.473263173333335,9.451030213333334,9.180468666666666,9.759317786666665,6.84510768,9.25206768,10.534713413333334,9.934801466666665,9.92348888,10.395112186666665,9.943279466666665,9.552760373333335,10.289701013333334,9.922013946666665,9.69036608,10.0065708,10.4644904,11.450316853333334,10.921148666666666,10.603822986666666,11.103397946666666],