{"message":"Aggregated IX data for Bay Area IX","data":{"nServiceId":null,"width":287,"jServiceId":null,"start":1493942700000,"end":1494028500000,"name":"Bay Area IX","in_octets":[],"out_octets":[],"in_bps":[995.8929256266665,997.5342262666666,1052.7614018666666,1091.31234192,1181.0444514133335,1083.4513367466666,1033.7175263200002,1013.4231302666665,967.6434611733334,899.2574836,947.6641774666666,972.0484351466665,919.7501547466666,808.9713585333334,909.4461709866665,962.8097262666665,938.7875330133335,960.90355488,925.9822820266666,1023.103342,1097.03957256,1041.9340723733335,1110.8054081333335,948.6361524266666,955.1534547733335,969.8390477866665,929.88675376,957.7559945866666,954.6645120266666,989.1668323733335,961.4849393866665,993.3205066933334,955.4336281333334,968.5367994666666,927.9502970133334,935.5932216266665,966.02914072,1008.3669352533334,986.3977729333334,913.0881279733335,905.95871648,870.4000999466666,891.4727434133334,909.5754178933335,892.98810072,952.1728541066666,913.1163395733333,909.3556909066665,944.2826138400001,964.3039925333334,1002.3545481066666,974.9857941866666,981.6118196,1022.4382190399999,976.67062904,873.1510459733335,941.7203341333335,913.2741014133334,917.695718,952.53582512,934.3798042666665,939.0012388533335,986.6565166933334,1002.1883368,954.95509184,887.8373597333334,869.1606748266667,832.5998035466665,847.0269175466665,883.3442701066666,930.9565129066665,1029.5773855466664,989.77014136,978.1880220266665,1042.4779818933334,1111.4688872266665,1049.2276876,1124.3761058933335,1192.6657815199999,1076.2295060266667,999.0689931466666,969.7388957066665,994.5458399199999,1030.83451712,990.8510289066666,1015.7307965599999,953.9817368266666,1022.3839844533335,1040.3743247466666,1050.5486515733335,953.7111293066666,904.1027639733335,920.7093258933335,927.9491960266665,905.67711496,938.0962182666665,958.7831065333335,927.3228217866665,916.7085201066666,886.47907168,834.89610336,831.3133193866665,877.91259912,842.65363616,817.1703526133334,824.19229048,776.0496972799999,743.8393351733334,795.19207696,834.9658354666666,820.3474123733334,785.8759158666667,854.5140916,853.5090078933334,826.2430248533335,817.7924230933335,752.6953110666666,768.1594585333335,761.9105481866666,826.67187472,821.0638221333335,767.5201930133334,821.8352535466665,811.5024830933335,840.4269204533335,798.1952696266667,827.5602391733335,811.0491524533335,845.92949336,769.44838088,775.1970093066666,797.0907733866667,847.2614899199999,787.7112385066666,843.3118783466666,832.3144692000001,933.3410488266666,935.85617624,945.4990287466666,953.92598056,914.8743648,1007.6101015733334,985.9691447733335,1004.2677964533335,2026.46747896,1700.3228874133333,1063.7853262666665,1081.6475974666664,1118.7111572266665,1228.52095592,1353.8650194933334,1389.4901405599999,1288.2784454666664,1360.5727589066664,1290.8005960533335,1287.0755005866665,1450.6252679466666,1333.63896,1401.7802887466667,1401.4820985333336,1401.0983368266666,1440.59640696,1318.5905505333335,1326.3264322933335,1406.34852632,1362.5546043466666,1298.5633333333335,1340.8845085066666,1332.6587494933333,1318.9328379466665,1476.7038332533334,1389.2547166933334,1318.5225570933335,1304.8787719733334,1254.8589392266665,1401.4828996533333,1557.6044846133334,1343.6694720266667,1379.1956925066668,1376.42429704,1446.29359856,1529.4242640266666,1608.4846098133335,1441.6369932,1520.38516056,1408.38029024,1334.42547424,1484.3697556266666,1473.7836577333333,1383.8858907466667,1464.7897590133337,1442.9864989866664,1500.1752425866666,1364.65015256,1422.45618904,1424.3220386933333,1405.4679966400001,1510.3111987733334,1549.4440033866665,1693.7972139466665,1585.3096284,1633.74412824,1700.4992743466667,1684.9395479466664,1836.66106648,1694.8999368533334,1557.6940191733333,1571.9797151466664,1642.8207226666666,1694.8995145066667,1705.5151491733334,1564.0700126400002,1548.5361538933334,1841.5259678133334,1867.6604129066666,1839.8859624533334,1714.2029764266665,1666.5844306933334,1993.4515954400001,1882.7653632266665,2056.26523208,1844.78324136,1539.3610725066667,1487.64846176,1487.08038928,1472.47507312,1580.3556634133333,1674.4342203466665,1474.31725736,1497.0164905066667,1541.5261099466666,1343.8217660266666,1356.8065199466664,1474.2805573066667,1485.1308856533335,1515.5325513866665,1489.98475928,1311.17170792,1297.9121495733334,1288.3158753066666,1266.77337048,1190.4731105333335,1350.5105033866666,1097.2601473333334,1181.8530569866664,1316.0890796266665,1225.8208157866666,1289.5046618666665,1238.1418434666664,1343.2576005066667,1254.33692112,1333.9728329866664,1198.3306656,1251.3495410399998,1262.0214257866667,1288.8708654666664,1145.57468224,1232.66240552,1178.7586245333334,1157.2314540799998,1147.1551573066665,1173.0929246133335,1190.9032097066665,1242.9537706400001,1209.97815592,1209.6254099733333,1203.2196464,1175.6177604533334,1270.2068892266664,1268.4787190933334,1178.8441882666666,1200.7468122666667,1254.719586,1279.3293646933334,1253.7073263466666,1287.3843793333335,1283.1687660799998,1222.5991613066667,1201.4717688266667,1115.5005296533334,1196.5467397066664,1201.3372194666665,1194.1723369333333,1273.2176187733335,1178.8103444533333,1194.2251881333334,1258.1697125066667],