{"message":"Aggregated IX data for Bay Area IX","data":{"nServiceId":null,"width":235,"jServiceId":null,"start":1473963900000,"end":1474034100000,"name":"Bay Area IX","in_octets":[],"out_octets":[],"in_bps":[7034.989236933334,6956.581958533334,6705.19957392,6780.401384399999,7019.749600293334,7007.713297866666,6486.543173653334,6498.21620544,6692.361730426666,6636.396129680001,6703.672443653334,6653.616142746666,6724.964091493333,6466.252542346666,6749.963304853333,6299.862087146666,6339.13584896,6490.126863173334,6342.45312888,6397.86273224,6527.992281786666,6367.25983568,6836.468565786666,6664.7810428,6705.51654928,6484.746637306666,6855.016245600001,6525.937324746666,6440.519082479999,6369.423046586666,6338.069252266667,6493.78307656,6643.254590026667,6323.953538106666,6048.575965333334,6031.978822720001,5921.21213256,6013.5801878933335,5661.656713226666,5707.857603733333,5970.916760266667,5888.681353413333,5742.722622053333,5837.12171504,5885.5729034666665,5714.154534933334,5848.116297733333,5878.402320826666,5890.956100453333,6010.380793706666,6227.630677386666,6416.146314533334,6250.221357466667,5732.398421573333,5950.9743096,6010.359972586666,5936.82732424,5972.472473253334,5920.389720613333,5998.978755093334,6287.724780533334,6420.795794693334,5981.728578426666,5967.15272216,6112.88546864,6097.538063253334,5669.031823706667,5852.990882,6196.303601226667,5997.166182746666,5850.241461573334,6078.45591896,5892.908751653334,6217.480876453334,6430.6040656000005,6095.12379312,6181.605220560001,6075.466597413334,5976.196414026666,5948.172838586666,6004.828939866666,6070.791658773333,6171.622875226666,6173.3511649600005,6020.457641973333,5882.51121032,5865.14055352,5961.6865816,5974.903371973333,6110.9414681866665,6018.957550533334,6070.193943546667,5883.795152266666,5931.716922373334,5743.33347664,5752.991752933333,5328.015081466667,5216.4536290666665,5390.518485973334,5471.733263146666,5480.232899333333,5236.55406408,5477.93815992,5388.897946266667,5567.54597264,5520.394452346667,5529.82242512,5597.223703546667,5523.011372106666,5687.71808632,5711.5029372,5344.0453161333335,5400.58970504,5268.152471226666,5239.584248613332,5396.518140826667,5293.57661152,5120.179536986667,5228.743817546667,5172.622977306667,5258.463507359999,5117.363649146667,5157.459231226667,5375.690304346667,5402.681885946667,5409.624862479999,5415.866866426667,5397.810830213333,5559.425269093334,5336.4105648800005,5321.9846776,5266.614707013333,5320.833135306667,5294.995726826667,5229.99847408,5482.090301066667,5454.578670506668,5149.305874773334,5165.201975013333,5135.13812272,5459.947886613333,5126.7577798933335,5207.573764346667,5194.4135651999995,4999.74202696,4996.06790296,5303.630791626667,5276.817943173333,5334.038248693333,5262.314539706667,5393.6798121599995,5023.69040728,5314.11682304,4890.66780744,4893.950206186666,5111.138361333333,4974.4389774933325,5041.9848591733335,4956.873069226666,4809.07513648,4946.679928826667,4770.4390402399995,4789.041677146666,5043.74425024,5212.916311226666,5156.428156453333,4883.771691333333,4876.788546186666,4691.164352346667,4719.947538613333,5005.289411413333,4834.400543199999,4892.789729493333,4639.036601600001,4601.794810746667,4835.993296533333,4843.95283112,4825.988285573333,5037.965612479999,4909.153590213333,5019.221639359999,4913.232201226667,4802.276828266667,4762.771161333333,4604.98155728,4566.276535973333,4437.124695706667,4535.159309199999,4467.889111946667,3358.418360106667,3351.9457928,3215.709757333333,3439.84984992,3257.45698088,3204.1861894666667,3231.1893196799997,3361.859931146667,3156.034839333333,3161.34700848,3217.1087806933333,3419.554603226667,3305.3327536533334,3302.041584213333,3337.163692933333,3863.337128293333,3830.82403664,5157.879375866667,6220.537571946666,6259.60074808,6310.44897992,6404.75559824,6447.84362552,6408.888859866666,6391.603710693334,6399.557028373334,6464.545969093334,6411.521059946665,6506.813192533334,6914.0262977600005,7085.867977146667,7135.134580479999,7018.940279333334,6813.290814,6916.83397896,7020.438560773334,6960.663367866666,7080.001977146667,7332.1927596000005,7246.327259973334,6048.70155856,6016.346186186666,5879.864031573334,5901.323986773334,6112.234061253334,6107.908921333334],