{"message":"Aggregated IX data for Bay Area IX","data":{"nServiceId":null,"width":220,"jServiceId":null,"start":1480880400000,"end":1480946100000,"name":"Bay Area IX","in_octets":[],"out_octets":[],"in_bps":[5151.64733496,5157.370492373333,5064.599418186666,5046.7514466133325,4995.834927813334,5268.588758,5135.823900826666,4872.187238346667,4862.171513706667,5308.552471866667,5039.7330323999995,5090.673410186667,5281.118037253333,5484.643307066666,5581.335039733333,5496.775916693333,5381.12356904,6312.64855608,6120.01686144,5788.707424053334,5960.797409066667,5776.765622373334,6048.328909333334,5698.339695279999,5719.355143546667,5691.887550373333,5775.213542026667,5696.686391546667,5875.985662640001,5779.628233066666,5784.3635364266665,6056.521681226666,5653.970738026666,5755.639254773334,5729.836130426667,5644.016019733333,5682.40449784,5930.49530104,5760.808377226666,5331.022665173333,5181.429760026666,5341.77104976,5329.48500376,5596.712327546667,5562.4332558666665,5442.992818613333,5656.1389297333335,5194.2534232533335,5535.8754712,5078.3527312,5331.487947680001,5702.796018826667,5758.75314512,5799.1933747466655,5756.759522053333,5309.05308392,5311.20662152,5122.925961493333,5527.6173847733335,5393.41889016,5495.115030533333,5371.22627624,5257.918073173333,5036.951283413333,5328.08101112,5519.581610426667,5328.8189469066665,5353.048683413333,7164.31811808,7200.007222826666,5324.28522376,5411.271998293333,5085.948963466667,5166.056476746667,5022.758866746667,5268.394489786667,5532.057431226666,5683.100516586667,5430.10384096,5674.11254584,5454.9620962399995,5270.505187493332,5109.092226666667,5307.7488128800005,5123.20161928,5455.66423096,5429.487344133333,5708.223738266666,5743.504484826667,5781.15957624,5986.442923546666,5821.60975,5856.804570586666,5991.942025466667,5963.9588876533335,5741.859281093333,5437.0117865600005,5630.586322640001,5738.845491733334,5852.283817866666,6001.028080026666,5983.166927306666,5824.127116666666,5905.403968266666,5787.865221893333,6119.796625306666,6156.256611786666,5481.771319813333,5510.758040133333,5706.954324586667,5460.943626666667,5694.886977466667,5641.10932496,6041.040603653334,5669.3350016800005,5713.757978506667,5827.457627226667,5863.835176826666,5829.007482693333,6062.252482293334,6003.448758106667,6069.467033946666,6154.779551733333,5593.386485493333,5970.720404186666,6048.87300872,5468.195733173333,5599.71258072,5669.50413592,5259.977290746667,5290.53267984,5625.201203146667,5391.259746506667,5448.985793413333,5511.054466266666,5665.941241573333,6157.761985226666,6408.360522853333,6320.3636934666665,6219.09841768,5690.351970506667,5733.111741493333,5677.433611840001,5664.274961146666,5631.34912704,5634.529906053333,5575.381261546667,5505.818231013333,5236.207643066667,5638.7547674666675,5531.73652464,5442.96409976,5184.702475493333,5451.199340266667,5358.167873626667,5321.523095093333,5526.679924346668,5326.006093146667,4840.767348933334,4617.337190506667,4865.946830186666,4947.3803672799995,4889.324775626667,4968.660590266666,5108.9893166933325,4936.505988826667,4891.083376533333,4786.384193226667,4862.6618176266675,5050.059694053333,4950.123956613333,4980.3363172,4644.895219973333,5029.0123344799995,5023.3781572533335,5390.116347013333,5308.779474933333,5441.8112486400005,5147.836385706667,5039.58011904,4816.61378144,4809.251559226666,5164.73253872,4636.041822666667,4472.010399973334,4822.477322026667,4753.403762293333,4858.31470016,5038.755538373333,4933.082901520001,4930.132769466667,5215.218706773334,5122.074284826667,4921.085949413333,5111.159534746667,5200.707490693333,5207.069469520001,5362.479256373333,5586.39819784,5173.017105786666,5161.427040586667,5160.117533546667,5280.152284479999,5495.907929146667,5406.238070826666,5476.990714026667,5341.2881132,5363.275363013333,5217.143932773333,5559.181814266666,5437.259233706667,5274.684091173333,5477.1101542666665,5483.937885253333,5608.245881573333,5830.526250399999,5573.569180106667,5723.62583008,5912.846548346666,6313.057003893334],"out_bps":[5085.288044346667,5185.118336373333,5051.847464106667,5027.62382328,4983.457729973334,5263.3198235733325,5143.442028533333,4870.439587066667,4877.542699333333,5275.34615304,5052.161901546667,5102.33957912,5256.845360213333,5512.7395421599995,5532.977198,5476.1264180533335,5413.686467093333,6286.453041866665,6102.640938906666,5812.08035584,5933.513873813334,5761.571739306667,6029.753854826666,5695.3466508,5716.763965813334,5667.2080508,5773.021662906665,5735.096662373333,5802.886176106666,5781.13139592,5759.8466236,6092.47033424,5625.05988176,5734.187786133333,5674.319238986666,5692.274587333333,5579.92289272,5976.59777216,5738.618224213333,5353.228300186666,5170.917742826667,5327.203567946667,5319.391387386668,5531.198124026667,5611.53006584,5388.119323066667,5725.49608288,5176.279114133333,5465.39894224,5132.86800592,5309.840154826667,5684.981560826667,5768.786315573334,5812.83893032,5743.042802133333,5298.17243712,5286.991853706667,5160.2167071466665,5506.489515813333,5365.93384624,5510.555684,5341.531482213333,5243.04392608,5047.134101306668,5358.750448906667,5474.585640026667,5359.40681536,5289.127185706667,7180.142737626666,7165.91543576,5354.642314933333,5360.280914906667,5120.295858293333,5104.827710853334,5063.612833333333,5221.506292826667,5557.8267804533325,5707.055503573333,5414.732739413333,5644.683089653333,5460.741517973333,5253.2853792,5142.4696504799995,5288.734355279999,5131.438808826667,5430.391842133333,5417.134918453333,5679.361970800001,5704.164099813333,5778.155988826666,6010.019340399999,5775.783206826666,5783.835309306666,5975.025732986666,6006.360862346666,5825.487369946666,5386.963840506667,5621.803875333333,5770.9408052,5806.13413296,5990.220306133334,6015.16531792,5814.47616776,5886.331535093334,5749.452150986666,6051.55221328,6212.00848312,5456.5651409600005,5510.766241439999,5659.553273946667,5466.583366586667,5672.524123146666,5657.360810106667,5990.515106186666,5677.8154180266665,5732.1212752266665,5777.8126519200005,5845.3947664,5877.184327786666,6083.209783546667,5907.209691013333,6058.253532773334,6127.482873866666,5646.066429253333,5953.8449585866665,5948.5943930933345,5544.10235568,5447.2805552,5755.544114613333,5231.1627011733335,5314.136317653332,5568.72701592,5412.066644133333,5412.642029146667,5554.544842853334,5676.332926720001,6121.906587093335,6415.821009146666,6249.07929112,6206.78784704,5684.125169146667,5700.43840456,5667.18056216,5676.949724906667,5613.76515512,5662.11434776,5524.407476133333,5435.842305386667,5237.32048136,5658.675249626667,5518.3872192,5345.865654106667,5194.665107146667,5467.564485546667,5382.446874026667,5294.270281813334,5565.645697973333,5227.98116976,4860.27404208,4641.31515576,4766.021381386668,5011.058159866667,4878.83637312,4950.704425386667,5100.658039013333,4900.089515306668,4936.746373493333,4737.056003333333,4842.541344106667,5055.82296088,4899.85600504,4984.040435946667,4653.830222746667,5017.277922053333,4991.016437813333,5322.92968616,5377.83794784,5444.029919680001,5101.585898346667,5006.8127758400005,4836.12895616,4770.762270933334,5247.897208266666,4553.484474906667,4448.43076224,4807.650841733333,4754.47641696,4896.5768008000005,5001.953221333333,4938.172118773334,4877.390529386667,5235.859357946667,5089.045711066667,4921.131726026667,5139.022972906667,5131.131629173333,5198.559153013333,5354.964681840001,5564.974474213333,5184.9546844,5126.97059152,5118.27900744,5298.502452853333,5497.441889626667,5382.308481946667,5478.745700426667,5351.899782293333,5319.864510586667,5174.953981173333,5593.027790906667,5407.90245136,5272.4317257600005,5497.048957893334,5468.2604115466675,5573.93600888,5818.573061226666,5634.617358426667,5659.801435946667,5925.559798640001,6351.2364913599995],"in_packets":[],"out_packets":[],"in_errors":[],"out_errors":[]}}