{"message":"Aggregated IX data for Bay Area IX","data":{"nServiceId":null,"width":214,"jServiceId":null,"start":1501358700000,"end":1501422900000,"name":"Bay Area IX","in_octets":[],"out_octets":[],"in_bps":[63.27837701333333,63.66735933333334,63.01890637333334,62.61788512,60.798441679999996,60.88463322666666,59.29437546666666,58.36972072,67.38318898666667,58.22857117333334,57.25114072,56.64350658666667,60.72663594666667,61.63766890666666,64.71927338666666,58.548454613333334,59.12747866666666,60.16990453333334,60.04251112,60.04230202666666,63.48954754666666,56.31193746666667,59.10023866666666,63.82665768,63.29344570666667,61.07371333333334,58.47446653333334,58.978189306666664,66.37328461333334,66.69976672,58.445663706666664,59.331689413333336,59.14844930666666,57.823388613333336,55.036217093333335,58.75932373333333,60.40023669333333,56.86416514666667,56.053176,56.90835674666667,56.98356205333334,52.439491520000004,52.24338130666667,56.43020018666667,56.21135832,56.72518312,53.60025789333333,58.17004688,59.5786736,56.686260213333334,74.33256576000001,55.62593277333333,56.56203229333333,57.557351546666666,56.46591378666667,63.349998133333344,57.13388570666667,66.63950709333334,70.87424114666666,72.20857861333334,74.83324672,75.05217888,74.75389386666666,61.84700722666666,59.10953749333334,58.27340162666667,64.99788565333334,62.24240426666667,61.48377581333334,58.090619733333334,56.94535402666667,71.30234101333333,64.47200269333334,55.85133629333333,55.77367973333333,57.25663037333334,57.76351317333334,55.67721013333333,56.760281813333336,56.337364773333334,57.80254237333334,60.74727602666666,61.533974746666665,62.133142906666656,62.91054576,58.91387610666666,56.15537088,165.45213197333337,195.69575130666664,63.3392392,66.00457456000001,66.86068421333334,65.0668036,157.09547872,109.31369149333334,68.25633045333333,74.73955706666666,63.48478234666666,62.98987592,68.00922944,68.08894426666667,66.08694109333334,66.1475592,65.98508773333333,64.54814368,68.27915058666666,64.83998970666666,68.03727370666667,68.14363757333334,65.99139101333334,68.1391308,66.90449189333334,66.60098466666666,67.77264816,66.76359912,67.60466250666666,72.37886082666667,69.70282328,67.83998762666667,84.49590069333334,115.49719501333335,184.99170173333334,66.1928296,65.81622392,68.79401661333334,66.05627938666666,86.02250034666665,67.99186050666665,68.13649594666666,73.79081231999999,100.22024053333335,153.51278389333334,84.3001436,66.49380168,65.82898357333333,63.33755138666666,62.84968557333334,60.33137277333334,60.07113418666666,60.18238909333334,60.124948986666666,58.05059186666666,60.44762034666666,57.50902016,55.65326496,59.06230632,58.07680050666666,63.36084368,58.67609634666666,62.04492136,60.17250192,56.887725493333335,58.762836826666664,56.24687533333333,85.31679469333335,61.99992413333334,88.04431938666666,51.55294818666667,50.615073280000004,60.19012178666666,78.06972666666665,73.23418834666667,65.32338266666666,57.116973439999995,58.46578322666666,58.20949533333334,56.09160578666667,55.85481602666667,56.04825197333333,67.65322464,53.91361616,114.88121322666666,89.79945213333335,50.94309445333333,51.09783117333333,49.67343469333333,51.13424669333333,50.78973346666667,51.21251506666667,50.28158458666667,172.67120074666667,51.70915072,52.64861562666667,52.75888453333333,53.16605928,52.61506693333333,50.88995056,51.13342965333333,53.78635077333333,51.805017946666666,51.72113381333333,50.88653568,80.5376756,48.12555914666667,48.255789840000006,47.49236712,50.94492482666667,50.52390442666667,49.61441786666667,152.24729989333335,51.273605866666664,50.47287632,50.16992434666667,49.93531901333333,48.24690381333333,48.53077314666667,46.65388930666667,48.32329842666667,50.42420632,49.19227648,50.47859448,51.55058528,48.21281984,50.26822077333333],"out_bps":[63.56488408,63.88167773333333,63.388666799999996,63.46809770666666,60.63715773333333,61.251581306666665,59.56950693333334,58.65611757333334,67.79321173333334,58.10496128,57.36898061333333,57.27093133333333,61.12775442666666,62.02637186666666,65.170638,58.86604629333333,58.94615501333334,60.788579066666664,60.73256517333334,60.110112746666665,63.76085696,56.480798533333335,59.077667973333334,64.31025730666667,63.92368173333333,61.73097336,58.66412415999999,59.257454880000004,66.84909285333335,66.52729485333334,59.07083504,59.51634592,59.33927357333334,58.57648754666666,54.92790624,58.9321356,60.896540613333336,57.481708,56.21489181333333,57.211178479999994,57.74322378666666,52.369740506666666,52.67622357333333,56.43162101333333,56.53085352,57.009305733333335,53.74608421333333,58.870081920000004,59.64770589333334,57.445286,74.5801744,56.00104424,56.716795893333334,57.796229653333334,56.86630269333333,63.88702248,57.113398293333326,67.26510466666666,71.39175634666667,72.31177365333333,75.69378994666666,75.06741816,75.18526101333333,62.50861850666666,59.50802821333334,57.6891716,65.57056394666667,62.639352693333336,61.89905602666666,58.24283554666666,57.545266,71.56204653333333,64.57563773333334,56.643885013333325,55.78710544,57.49210253333333,58.219505573333336,55.83794933333333,57.63289602666667,56.25537554666667,58.372685626666666,60.60702018666666,62.17121581333334,62.57356901333333,63.383559520000006,58.918627840000006,56.65267093333333,170.44641536,192.16890759999998,63.693444240000005,66.34309893333334,67.27574301333334,65.42470157333334,159.28804810666665,108.7776348,68.74092045333333,75.26674666666666,63.907198666666666,63.323289200000005,68.28865344,67.89972664,67.24263749333333,66.04306498666666,65.96420317333335,65.48260930666666,67.96786794666666,65.78646064,68.05946536,68.66234234666666,66.23671136,68.61455061333335,66.78565853333333,67.0500032,68.10098725333333,67.43903437333333,68.42872381333333,72.56698192,70.09691194666665,67.96450738666665,85.41071792,116.119312,185.88361602666663,67.22040922666666,65.77183258666666,69.17878290666667,66.04272197333334,86.77323146666666,68.51185330666665,68.20576712,74.48039901333334,100.61774629333334,154.66190392,84.62650426666666,66.89452197333334,65.87161901333333,64.94708864,62.244736986666666,60.535566159999995,60.049215786666664,60.975126933333335,60.389458479999995,58.02606170666666,61.024125946666665,57.65502096,55.57589368,60.01586047999999,58.56816528,63.270022159999996,59.24427728,62.28385861333334,60.39683514666666,57.20759858666666,59.47364885333334,56.1693044,85.70590487999999,62.48905413333334,88.37119152,52.03553165333333,50.81992749333333,60.51800938666666,78.56990223999999,73.47134679999999,66.18912109333334,57.47334666666667,58.46789104,58.88313010666666,56.21349922666667,56.00103208,56.93711146666667,67.66146757333334,54.0433752,120.86054186666667,85.24931610666665,51.318156746666666,51.30433792,50.02981432,51.24730698666667,51.28670776,51.32727365333333,50.55643730666667,173.36248165333333,52.19929557333333,52.6524228,53.16895402666667,53.29957933333333,52.81265752,51.80234792,50.97524136,54.00990736,52.07904752,52.246639146666666,50.671118560000004,81.09239887999999,48.65664125333333,48.2718968,47.962936373333335,51.61738357333333,50.51210568,50.23493906666667,152.645662,51.58880970666667,50.652189333333325,50.553935466666665,50.35371784,48.26378544,48.98621322666666,46.64967018666667,48.64407696,50.55239461333333,49.56531389333333,50.85321309333333,51.79368176,48.23330941333334,50.755307626666664],"in_packets":[],"out_packets":[],"in_errors":[],"out_errors":[]}}