{"message":"Aggregated IX data for Bay Area IX","data":{"nServiceId":null,"width":215,"jServiceId":null,"start":1509221100000,"end":1509285300000,"name":"Bay Area IX","in_octets":[],"out_octets":[],"in_bps":[27.858651440000003,27.876501946666664,26.896046026666667,27.806077920000003,29.09169016,26.166803653333336,28.619623386666667,28.783993333333335,26.512557013333335,27.3985044,29.17248904,29.231866986666667,37.441948053333334,28.09946216,25.989645733333333,27.323526933333333,30.73160757333333,27.18646512,28.29584624,27.07268264,26.679796773333333,26.383191866666667,28.470221306666666,39.144163920000004,23.908502613333333,24.05947413333333,22.499103226666666,23.914777093333335,20.385813573333333,40.83016813333333,24.57425981333333,24.133305333333336,24.519506133333334,23.5744268,23.034347253333333,22.70437370666667,20.70290416,25.435093253333335,22.541436266666665,24.035117706666668,21.13432248,18.997786906666665,24.039919893333334,20.465122106666666,19.225270586666667,18.157296026666668,17.91081416,22.304646213333335,23.01524570666667,17.564449306666663,18.980345866666667,17.26805,21.317219920000003,18.12293784,20.92048712,20.002134293333334,21.38721104,20.555521786666667,19.98969496,25.351023066666666,15.728321119999999,17.369721546666668,15.202583813333334,21.855925573333334,14.94499152,14.349928746666667,16.946910373333335,17.498141546666666,14.94130864,14.949593093333334,14.302653173333335,15.016749733333334,17.038100800000002,16.953356426666666,18.535211893333333,18.696925733333334,14.798803119999999,14.264559546666664,16.107537306666664,18.85428,17.422980586666664,16.56977472,15.73496,16.782114773333333,18.690916346666665,21.362858373333335,20.345556266666666,19.025009866666668,17.958902453333334,19.880368960000002,16.81436418666667,16.042479226666664,18.51323418666667,18.77092184,14.925335493333334,15.135679733333335,19.07589504,14.590772,18.315591386666668,18.68437464,20.91382608,23.111906613333332,20.179730773333333,18.489728613333334,19.35161016,17.486240693333336,17.3707752,16.27650624,16.961136773333333,17.01560797333333,18.368740026666668,17.70732464,16.987361893333336,14.36724976,16.15303304,19.077353813333332,18.980895413333332,21.62892624,17.2573312,20.58894864,18.786176933333333,18.161448986666663,19.71531845333333,18.664724586666665,20.544833920000002,23.30198712,18.47470272,17.15116592,21.14665,18.885351280000002,18.28508584,17.488141226666666,19.505660640000002,15.500381973333335,18.729206960000003,18.992661706666667,20.925904506666665,17.638360906666666,18.916015413333334,24.32101048,19.52689728,21.349265199999998,20.648461306666665,21.534250213333333,22.661564,20.9895744,19.195478826666665,21.756433466666664,20.883001760000003,23.38111576,19.440809039999998,20.055396506666664,18.7864812,19.924758586666666,19.27851856,20.916597600000003,37.83988362666666,20.355393066666668,22.256057973333334,23.008514666666663,21.164697306666664,20.588273306666665,23.997955066666666,23.027317066666665,26.875602373333336,25.30235184,23.954145893333333,22.348065013333336,21.940443039999998,23.483053733333335,23.50949392,25.772171493333335,32.54995656,27.85682864,19.69228528,24.758546239999998,26.21007256,30.439114186666668,24.37579616,21.375632879999998,23.974980693333336,22.151355813333332,20.959080373333336,24.326995306666664,24.702760960000003,26.68202896,22.592932826666665,23.06241861333333,20.712337039999998,19.668165333333334,21.822089413333334,23.348918773333335,21.801345893333334,21.75132248,22.751035013333336,21.716517626666665,22.530169813333334,23.33270864,26.03404272,25.606289173333337,23.62496416,21.44078064,22.879512826666666,25.18704248,23.207544533333333,21.33321384,21.657210746666667,21.88868424,25.411877066666666,23.42480536,21.86078781333333,22.99971770666667,23.809438933333332,25.27836896,25.126726559999998],"out_bps":[27.761213706666666,27.87907448,26.985948133333334,27.7786972,29.05040117333333,26.412645920000003,28.62209864,28.74248648,26.579895306666664,27.42571802666667,29.42057922666667,29.082769120000002,37.49791114666667,28.14969938666667,25.9944528,27.287071519999998,30.82613005333333,27.156294906666666,28.339049733333333,27.103163226666666,26.723546266666666,26.435583013333336,28.425722559999997,39.24843586666667,23.841990640000002,24.15100813333333,22.511426,23.95910144,20.480774053333334,40.804429946666666,24.70020144,24.085458106666664,24.69321528,23.461715039999998,23.046906773333333,22.8848168,20.595263626666664,25.521298079999998,22.582986373333334,24.056121813333334,21.271441386666666,19.03187752,24.099880106666667,20.393394746666665,19.337892773333333,18.153623066666665,18.114948666666663,22.21052272,22.980428426666666,17.594425519999998,19.011638533333336,17.337479546666668,21.341233786666667,18.151780373333334,20.929517093333335,20.056912346666664,21.4401872,20.56993312,20.295077306666666,25.15987144,15.755947306666664,17.38815464,15.304701653333334,21.8582968,15.01890744,14.292237546666666,17.02550216,17.444226213333334,14.98307832,14.925894826666665,14.39952424,15.08270624,17.020711706666667,16.98810096,18.760059493333337,18.53252536,14.921089013333333,14.20924,16.095596933333333,18.91085048,17.432424053333335,16.533167119999998,16.074579493333335,16.566564586666665,18.731545920000002,21.41490504,20.41199064,19.135270239999997,17.851073893333336,19.979259653333337,16.77113096,16.108251813333336,18.6019552,18.808825946666666,14.858264586666666,15.192494106666665,19.18651432,14.879364826666666,18.112656293333334,18.59463216,20.940204746666666,23.315374133333332,20.13851488,18.605123253333335,19.297092346666663,17.571852373333336,17.361565146666663,16.255121733333333,17.090039093333335,16.96004448,18.388854719999998,17.818612133333332,17.10242776,14.271364533333335,16.13810032,19.202722933333334,19.060972613333334,21.505728506666664,17.325972613333334,20.588381306666665,18.813682906666667,18.320657306666664,19.658194853333335,18.702637093333333,20.622704773333332,23.350029413333335,18.516037706666665,17.208615706666667,21.107958053333334,18.890757733333334,18.418743866666667,17.390909893333333,19.636705653333337,15.465309306666665,18.742765546666668,18.966563893333333,21.09069448,17.542305946666666,18.968211413333336,24.483628239999998,19.389431866666666,21.427418933333332,21.32207418666667,20.95399816,22.872582,20.830305866666667,19.17834032,21.73872968,20.97890984,23.430910506666663,19.57097213333333,20.189525146666664,18.54990312,19.97158888,19.256079573333334,20.907483093333333,37.97173349333333,20.614398480000002,22.41579216,22.658278186666667,21.158440613333333,20.69304936,23.928064693333337,23.176146293333332,26.925039146666666,25.411557946666665,24.036750693333335,22.20352576,21.940319866666666,23.45150072,23.624328053333336,25.799447573333335,32.76082048,27.752316773333334,19.723451946666664,24.798215653333337,26.114106666666665,30.58376938666667,24.320426559999998,21.497136533333336,23.937126026666668,22.584051226666666,20.64982592,24.40884376,24.76563456,26.58412152,22.67785,22.984121226666666,20.728192346666663,19.786482186666667,22.031352053333336,23.23666992,21.790773066666667,21.772254693333334,22.838665199999998,21.78379968,22.389034746666667,23.54642202666667,25.998365626666665,25.684432106666666,23.666178613333333,21.467554826666664,22.826035973333333,25.157458453333334,23.26432992,21.359784506666664,21.6559476,21.93823168,25.414374266666666,23.451342986666663,21.92193872,23.36531032,23.459080213333333,25.34215813333333,25.21516296],"in_packets":[],"out_packets":[],"in_errors":[],"out_errors":[]}}