{"message":"Aggregated IX data for Bay Area IX","data":{"nServiceId":null,"width":262,"jServiceId":null,"start":1513872600000,"end":1513950900000,"name":"Bay Area IX","in_octets":[],"out_octets":[],"in_bps":[2.514666666666667E-4,2.3453333333333333E-4,2.4133333333333334E-4,2.4469333333333336E-4,2.5381333333333335E-4,2.0504E-4,2.5962666666666664E-4,2.2656E-4,2.4466666666666663E-4,2.6618666666666666E-4,2.3677333333333334E-4,2.176E-4,2.1768000000000002E-4,2.6402666666666664E-4,2.2208000000000002E-4,2.2645333333333334E-4,2.2352E-4,2.2674666666666667E-4,2.3570666666666664E-4,2.5381333333333335E-4,2.4917333333333337E-4,2.4922666666666666E-4,2.3453333333333333E-4,2.3677333333333334E-4,2.693333333333334E-4,2.3021333333333335E-4,2.5490666666666664E-4,2.3784E-4,2.9330666666666665E-4,2.3677333333333334E-4,2.514666666666667E-4,2.3221333333333334E-4,2.3901333333333334E-4,2.3794666666666667E-4,2.7178666666666663E-4,2.6170666666666665E-4,2.6170666666666665E-4,2.1312E-4,2.684266666666667E-4,2.3677333333333334E-4,2.4922666666666666E-4,2.5597333333333337E-4,2.3354666666666664E-4,2.1642666666666665E-4,2.4584E-4,2.1525333333333334E-4,2.4680000000000004E-4,2.3704E-4,2.2781333333333334E-4,2.571466666666666E-4,2.5032E-4,2.2781333333333334E-4,2.1309333333333332E-4,2.8557333333333333E-4,2.3103999999999998E-4,2.2090666666666666E-4,2.7301333333333333E-4,2.4125333333333332E-4,2.3229333333333335E-4,2.706666666666666E-4,2.2770666666666666E-4,2.888266666666667E-4,2.650133333333333E-4,2.7296E-4,2.7866666666666665E-4,2.2216E-4,2.628E-4,2.673066666666667E-4,2.2896E-4,2.639466666666667E-4,2.1984E-4,2.2656E-4,2.2090666666666666E-4,2.6744E-4,2.6962666666666666E-4,2.9224000000000003E-4,2.1194666666666666E-4,2.392E-4,2.4818666666666665E-4,2.4242666666666665E-4,2.8314666666666666E-4,2.4818666666666665E-4,2.6242666666666665E-4,2.4514666666666666E-4,2.7634666666666665E-4,2.5482666666666663E-4,2.6053333333333334E-4,2.6736E-4,2.3669333333333335E-4,2.6504E-4,2.3901333333333334E-4,2.6053333333333334E-4,2.82E-4,2.7749333333333334E-4,2.2773333333333336E-4,2.6061333333333335E-4,2.4914666666666664E-4,2.6618666666666666E-4,2.1642666666666665E-4,2.2663999999999998E-4,2.4472E-4,2.2333333333333333E-4,2.3103999999999998E-4,2.2090666666666666E-4,2.7301333333333333E-4,3.249866666666667E-4,2.2208000000000002E-4,2.3119999999999998E-4,2.4466666666666663E-4,2.3901333333333334E-4,2.42E-4,2.3949333333333334E-4,2.2090666666666666E-4,2.3002666666666665E-4,2.4808E-4,2.3794666666666667E-4,2.3336E-4,2.4576E-4,2.3354666666666664E-4,2.2656E-4,2.514666666666667E-4,2.1981333333333334E-4,2.2888E-4,2.6512E-4,3.1250666666666663E-4,2.5032E-4,2.2663999999999998E-4,2.2656E-4,2.7864E-4,2.3786666666666666E-4,2.3112E-4,2.4466666666666663E-4,2.3336E-4,2.2663999999999998E-4,2.3344E-4,2.7178666666666663E-4,2.4922666666666666E-4,2.3794666666666667E-4,2.5032E-4,2.5032E-4,2.4450666666666666E-4,2.5730666666666665E-4,2.4352E-4,3.0575999999999997E-4,2.5032E-4,2.7749333333333334E-4,2.1650666666666666E-4,2.4466666666666663E-4,2.786933333333333E-4,2.4690666666666667E-4,2.288E-4,2.4136E-4,2.3461333333333335E-4,2.3112E-4,2.1525333333333334E-4,2.2405333333333334E-4,2.5853333333333335E-4,2.3112E-4,2.3677333333333334E-4,2.3221333333333334E-4,2.5597333333333337E-4,2.5938666666666665E-4,2.4922666666666666E-4,2.5482666666666663E-4,2.5373333333333334E-4,2.5344E-4,2.4162666666666666E-4,3.295466666666667E-4,2.3786666666666666E-4,2.4474666666666665E-4,2.3677333333333334E-4,2.164E-4,2.3453333333333333E-4,2.1981333333333334E-4,2.3013333333333336E-4,2.0397333333333335E-4,2.4016E-4,2.2546666666666668E-4,2.4466666666666663E-4,2.8765333333333334E-4,2.1525333333333334E-4,2.3792E-4,2.4362666666666666E-4,2.3450666666666666E-4,2.2888E-4,2.4922666666666666E-4,2.3112E-4,2.1973333333333335E-4,2.868533333333334E-4,2.2968E-4,2.4805333333333335E-4,2.4253333333333334E-4,2.5946666666666667E-4,2.4466666666666663E-4,2.4026666666666666E-4,2.536533333333333E-4,2.5149333333333336E-4,2.4808E-4,2.7408E-4,2.3346666666666666E-4,2.3112E-4,2.2208000000000002E-4,2.5605333333333333E-4,3.012E-4,2.2781333333333334E-4,2.3594666666666665E-4,2.5016E-4,2.2090666666666666E-4,2.5944E-4,2.4917333333333337E-4,2.2890666666666666E-4,2.5282666666666664E-4,2.1525333333333334E-4,2.2090666666666666E-4,2.66E-4,2.616266666666667E-4,2.684266666666667E-4,2.1650666666666666E-4,2.5936000000000004E-4,2.5490666666666664E-4,2.4357333333333334E-4,2.3005333333333335E-4,2.5152000000000003E-4,2.5168E-4,2.5829333333333336E-4,2.2208000000000002E-4,2.571466666666666E-4,2.2325333333333332E-4,2.5487999999999997E-4,2.6056E-4,2.356E-4,2.4466666666666663E-4,2.2325333333333332E-4,2.537866666666667E-4,2.2656E-4,2.5597333333333337E-4,2.4469333333333336E-4,2.2448E-4,2.3112E-4,2.3722666666666666E-4,2.1938666666666666E-4,2.5389333333333336E-4,2.7402666666666666E-4,2.571466666666666E-4,2.4133333333333334E-4,2.4690666666666667E-4,2.6056E-4,2.7749333333333334E-4,2.3103999999999998E-4,2.1757333333333336E-4,2.3338666666666665E-4,2.3901333333333334E-4,2.662133333333334E-4,3.340266666666667E-4,2.7749333333333334E-4,2.5597333333333337E-4,2.2546666666666668E-4,2.4357333333333334E-4,2.5482666666666663E-4,2.504E-4,2.3229333333333335E-4,2.2098666666666664E-4],