{"message":"Aggregated IX data for Bay Area IX","data":{"nServiceId":null,"width":263,"jServiceId":null,"start":1495469100000,"end":1495547700000,"name":"Bay Area IX","in_octets":[],"out_octets":[],"in_bps":[1894.1019049866663,1898.0001088,1834.2938732266664,1604.13226368,2005.24985208,1849.2093040799998,1512.6249236533333,1715.8380158666666,1706.0518278133336,1560.8709406933333,2013.6668354133335,1894.66985168,1689.5758854133335,1803.5878142933336,1817.0199469866664,1818.3466626400002,1976.9360304266665,1604.8522148533334,1819.5224643733334,1646.0692361600002,1507.5399804266665,1400.7678351733334,1386.25842192,1662.7490973066665,1853.1753458933335,1860.86015656,1665.2136248,1582.91014216,1626.1102935733336,1735.5148041066666,1762.8021315466667,1595.7951385066667,1401.8509592533333,1466.6591622133333,1404.2016094133335,1483.6690046133335,1560.5997608533335,1513.0450436266665,1394.9166115466667,1328.6513742933334,1374.8328294933333,1465.1657046933333,1314.71151672,1279.0889351199999,1296.4562851199998,1205.0580371199999,1314.4423534133334,1212.5979833333336,1419.3492390666665,1207.9901952,1190.34184024,1268.80922088,1129.2628813866665,1163.3267292533333,1200.5886302933336,1253.9852490933336,1170.9776144533334,1226.0965291199998,1288.6894023733335,1360.3096963733335,1280.8405185066667,1285.6961851466665,1230.6648575733334,1416.26499992,1356.9124955999998,1310.0342369066666,1203.8218508266666,1296.6215137066665,1244.6739774933333,1140.47925768,1130.9956142400001,1026.9450314133335,1135.76172624,1160.43633816,1010.2556298666666,1105.61544888,1013.6087027733334,1107.2929759466665,1193.1664856266666,1210.6427045599999,1074.3564749866664,1069.8694264800001,1125.11504824,1215.2542671466665,1222.3182565333336,1168.1422454666665,1041.22970184,1098.12968288,1162.9252185599998,1053.7122187733335,922.0324793333335,951.2592642666665,894.0959258133333,1034.5075591733334,1303.8877957066666,1278.6345552,1611.1647248266665,2033.1984995466667,2572.3992533600003,2649.650920693334,2406.14990944,2511.2795442666666,2520.0876848533335,2633.9851243733333,2593.2551490666665,2614.83135704,2543.8877566666665,2371.9972745866667,1972.2848004533334,1429.7099617066665,1751.1947585333335,1837.1668446133335,2023.8892136266666,2164.5307071999996,2261.108509653334,2156.23128152,1254.28835904,1913.9838874133334,2287.912325386667,2162.8232626666663,2020.02189936,1113.9706769866664,1100.5451791199998,1163.4149943466666,1150.4722576266665,1078.7520101333334,1043.65104928,1091.09156528,1098.3604686400001,1185.2139136800001,1167.69249584,1212.4182560533336,1216.0534488800001,1217.5208720266667,1282.4581044533334,1216.7951949600001,1173.1248372533332,1241.4086089066666,1272.1731526133335,1325.8599563733335,1280.79670816,1257.8648384533333,1128.07874952,1053.68280744,1120.8437853599999,997.70272632,1042.4933414133334,1125.0987782133334,1295.51446104,1263.1629064,1201.10863072,1222.17592096,1230.17283112,1249.2959012266665,1240.32257864,1231.2521087733335,1216.6964375999999,1158.1715068266667,1203.1550755733335,1120.2461131733335,1161.08477528,1181.3491902133333,1078.47644368,1217.65825328,1192.2888678666666,1175.9823964533334,1091.7895184266665,1119.5392099466665,1221.46715848,1216.8881663733334,1140.9953672266665,1106.56250376,1083.7853693333334,1115.5901592533332,1130.6855674666665,944.9731930133335,888.0401434933334,868.5984255733334,713.16381344,702.6395925333334,724.4233201333333,882.7038089866666,930.7303010933335,1038.8639413600001,1055.6419661333334,1015.637416,1092.3579874933334,965.4073934666666,990.1158481333334,1059.4220504266666,1048.3585003466667,1010.5550287733334,978.1745986133335,959.3412928266666,984.1509950933334,989.73081424,972.5970514400001,1000.0228925333334,1050.82686328,1051.56141296,1116.9192000533335,1084.3497395999998,1143.1281725066667,1086.5031817066665,1076.11307896,1037.7848651466666,1110.2745933066667,1060.45798248,1050.2742069600001,1098.0463785333336,1093.02404632,1117.4131470666666,1148.7574823733335,1202.1748940533334,1205.31533768,1138.8210630666665,1152.70868728,1048.8450626933334,959.3349989866665,1056.0222406666664,1049.2222027733335,1002.3210901333334,1000.0098474666665,990.26799184,1043.63515512,1053.1442672533335,946.5720772533334,898.7504040800001,950.1677601866666,917.6067780533334,917.4782989866666,1010.5802590133335,986.7743066133335,971.7709763466665,951.9728267200001,996.7503115466665,1059.17392888,1041.91493408,972.2502194133334,1007.6088930666666,2139.5637263466665,1824.1524611733334,1174.4702651199998,1425.0245711733335,1424.9417012533333,1533.0770676266666,1391.0347632266664,1583.6450614933333,1639.06409824,1668.46738696,1627.39824248,1767.6955548533335,1665.88527928,1613.88527808,1401.49063576,1344.43577144,1435.8131391733334,1489.8390062666667,1597.4394505866667,1698.68327632,1591.26531256,1639.7006410133336,1436.3982386133334],