{"message":"Aggregated IX data for Bay Area IX","data":{"nServiceId":null,"width":287,"jServiceId":null,"start":1487390700000,"end":1487476500000,"name":"Bay Area IX","in_octets":[],"out_octets":[],"in_bps":[7495.019578106667,7831.056114399999,7714.086821146667,7946.475238506666,7489.68701992,7570.532462293334,7691.165482773334,7845.256394133334,7849.40432584,7745.610331093334,7972.60855648,8063.631090533335,8077.226161493335,7699.57388288,8372.624881493335,8300.577681973335,8666.37207736,8485.382161653335,8411.497417653334,8468.812978533335,8659.338720453336,8651.688381813334,8187.66507216,8244.092388746665,8545.159089973335,8638.207284213335,8507.28583728,8359.431682693335,8621.83726832,8815.03039608,8373.892001493336,8523.796887786666,8477.82040496,9342.665055786665,8583.40584648,8525.020655173334,8886.21883984,8486.579154826666,8290.447445893335,7857.5249004,7946.156476373334,8310.526503520001,8645.948582506666,8335.050781546664,8370.72667552,7796.974558,7841.397312426666,7810.972326133334,7912.701382746666,8131.933146773335,7593.51108208,7269.041151066666,7384.330706426666,7135.131106053334,7472.58283592,7499.41989544,7289.799755226666,7446.12022272,7245.613258053334,7068.6030126666665,7216.221029813333,6991.063186106667,6668.7565573599995,6661.1501568,6391.95608208,6218.949520826666,6426.16505872,6193.064886933334,6238.957392293334,6096.817616506666,6342.782109786666,6129.0472698133335,5930.641166,6006.221253680001,6486.14212184,6409.323372399999,6484.4188356800005,6407.931354133334,6298.720782026667,6214.581049386667,6531.843715626666,6461.53100088,6111.828746906665,6325.61775568,6365.35705288,6361.7609864,6796.55100352,6786.054795093334,6414.046040373334,6414.039993813333,6224.047801413334,6328.618023253334,6204.1502407200005,6339.372796666666,6601.4475781599995,6887.904892613334,6858.044124853333,6875.78878688,6932.062060159999,6646.30522632,7008.5609211733345,6700.078129546666,6863.008719013334,6870.390686666666,6942.108372213334,6999.339640133334,6963.070550933334,7002.344754186666,7230.468651786666,7508.086746906666,7338.384357306666,7252.167817333334,7321.47707576,7343.685853946666,7533.8083043199995,7402.61606216,7298.8728555200005,7398.855346453334,7823.69470608,8004.320645306665,7885.391318800001,7706.2382348,7706.559270266666,8076.0245269333345,7956.958575173334,7894.028596346667,8570.476850026665,8486.545069013335,8301.147039013335,8245.801126346665,8390.928322560001,8355.971401573335,8320.873233253335,8705.016686373336,8331.38429904,7991.768433386666,8362.868330666666,8307.953632773335,8510.618011386665,8408.487966426665,8532.020014773334,8325.925563093335,8276.3081244,8433.751047813334,8920.566711333335,9359.541801813333,9198.038686906666,9074.68048608,9180.356763466665,8973.03615176,9608.412136746665,9217.140420906666,9216.493019173335,9657.289225733333,9110.39492128,9129.396284826666,9215.504305013334,9056.705055653334,8848.210368986665,8615.629464933334,8860.198202826667,8838.16279264,9029.169306133335,8638.345478453335,8505.92002904,8841.330443706665,9015.048383146666,8989.406451493334,8597.157965786664,8651.586455146666,8522.14454784,8566.141312906666,8535.597965013334,8131.7061185600005,8188.85824776,8204.356190106666,8079.88247784,8264.63148408,7647.429300693334,7688.694103946666,7383.39385072,7492.406854853333,7454.490983013333,7241.040175733334,7355.623686373334,8089.176073813334,7665.3727740799995,7421.877437653334,7389.315289466666,7186.523988399999,7081.41840104,7104.096334826666,7362.330219626666,6976.247548933334,6995.598719760001,6608.369319546666,6635.587307333334,6644.85620112,6626.080274800001,7051.703517973333,7041.706184479999,6676.543038373334,6713.576749333334,6656.055835706666,6973.68426632,6842.25101096,6748.411377386667,6682.089819813334,6595.423808453334,6415.428692853334,6475.3280706666665,6598.43136496,6636.401214853334,6717.068593253334,6685.805101706666,6413.231228453334,6345.838227813333,6523.42414016,6795.2337328,6760.93508536,6851.45325208,6867.868146399999,6931.064078746666,6998.713289493334,6968.59847216,7101.736944106667,6996.975803786666,7736.022286293334,7157.583725359999,7184.03230696,7328.293995706666,8148.144087866666,7458.372524346666,7294.234921413334,7297.505229813333,7173.470164293334,7493.2798112,7155.300011733334,7382.36669816,7379.518803226666,7286.083897066666,7455.218109173334,7511.996394293334,7351.115542826666,7979.891814213334,8801.025455680001,9364.669435146665,8328.37653432,7933.715225466666,8055.160716906666,7790.810545253334,7849.632974346667,8026.007914026665,8345.879655013334,8414.111174720001,8410.90233816,7985.917733226666,8270.953907573336,7907.6957045066665,8186.207301733334,8175.335798693334,7806.996632906666,7945.755287146667,8171.325633493335,8181.93717152,8244.185312,8195.1744156,8087.141293866666,8241.744405226666,8287.989083973334,8221.858807146666,8201.030507039999,8335.193671813335,7989.69004704,8108.218624640001,7954.468889253334,8208.946551653335,8335.72432488,8125.36614488,7942.317718186667,7923.240578,7923.159757173334,8290.167576293334,8065.9971865866655,7648.987217893334,7541.331330506666,7577.53999256],