{"message":"Aggregated IX data for Bay Area IX","data":{"nServiceId":null,"width":286,"jServiceId":null,"start":1513066200000,"end":1513151700000,"name":"Bay Area IX","in_octets":[],"out_octets":[],"in_bps":[11.852992666666665,12.9675324,9.433807493333335,9.691424933333334,10.4955424,10.5415904,8.847903733333334,9.90763776,11.365216906666666,9.56107368,10.616793653333334,9.874238693333336,9.400075333333334,9.91262464,10.121027733333335,11.507953973333334,10.27548416,9.908069253333334,12.35852312,11.17780096,14.465468746666666,16.07714,15.218937706666665,13.257505626666665,11.129182853333333,12.461030133333335,10.394677866666665,9.35736936,9.699546826666666,9.1577148,11.169300666666667,8.95937776,10.579261093333333,9.80586216,11.869248053333335,9.782217333333334,9.743529813333334,10.686082053333335,8.93074456,9.80702056,9.60500696,8.79269848,9.158174240000001,8.261405466666666,10.871682933333334,10.26304024,9.676557973333335,12.691659893333334,11.296227413333334,9.965516026666666,9.58671488,9.118014933333333,9.701063439999999,9.599226373333336,10.981726346666665,9.654643893333335,8.990371333333334,9.661732826666666,9.800514213333335,11.288922933333334,10.133841333333335,9.371583573333334,9.96997192,9.473497733333334,9.549526133333334,9.231766133333334,9.250870186666665,11.159181653333334,11.162989173333333,10.206931173333334,10.217346053333335,10.706602426666667,10.72785664,10.880799439999999,9.480019386666665,9.44378216,11.677548746666666,10.358285733333334,9.793196133333335,9.411518933333333,9.0025252,8.052312746666665,7.460958213333334,9.130389893333334,8.626065813333334,7.304997173333334,8.06926208,8.646024906666666,8.526490933333333,9.072653413333335,8.249639973333334,9.574858533333336,11.76104392,8.997183066666667,9.282094666666666,7.043443893333333,6.655353519999999,10.503921973333334,8.2146976,7.379847573333334,8.649013706666665,7.373778373333334,8.738250346666666,9.577793626666665,8.459084853333334,9.134214906666667,6.856450293333334,6.675105093333333,7.22969416,8.105113413333335,8.684647893333334,8.06291088,7.9674432,8.189123653333334,6.956301306666667,6.860473173333334,8.820419733333335,7.32291704,9.06670632,9.285360053333335,8.345329066666665,9.541892,6.410879493333334,7.999777653333333,14.219156026666665,10.372434720000001,8.905349866666665,7.157004906666666,9.244144720000001,10.266891786666665,10.632930666666667,10.354477253333334,9.328500053333334,10.845351253333334,10.240621173333334,7.9950872,7.1370287999999995,7.918699653333333,6.683349013333333,6.890478,10.537583199999998,9.185244293333335,9.179715493333335,7.242010773333334,7.535130826666666,7.0743223466666665,9.054665706666665,8.39684936,8.143435546666666,7.2499490133333335,5.4253644266666665,7.65507904,7.919729546666666,7.769055440000001,6.67681728,6.4524593333333335,7.309584853333334,8.59430984,8.730391333333333,8.30566472,11.452741226666665,11.132253386666665,7.02609888,6.986241493333334,8.268166826666665,10.096016666666666,13.209312506666667,7.285652426666666,6.74827312,6.182484453333334,6.493444480000001,6.621101653333334,7.563233893333334,5.80823352,7.027340506666666,6.400682666666666,6.099649386666666,4.752251733333334,6.347499066666667,5.9602240533333335,5.369812693333333,8.26297544,7.595999333333334,7.210858106666667,9.313659893333334,8.985979413333334,5.263768693333334,6.6075826399999995,6.043398746666666,4.669075333333333,4.555754026666667,7.226322346666667,6.137296986666667,5.604801253333333,5.3972549333333335,5.349841253333333,3.6308063466666667,6.416679013333334,9.45322896,7.812984533333334,8.02508568,4.70795528,5.038006586666667,6.417460133333334,4.98583456,4.966737973333332,6.536576106666667,5.808085546666666,5.1638921600000005,4.287794293333333,4.775536426666667,4.829290826666667,6.561330933333333,6.368768213333333,6.53747512,4.970536826666667,4.36775904,4.113298613333333,4.2345031466666665,4.35997624,4.808514746666667,4.726326293333333,4.146291546666667,7.141001973333333,4.689386826666667,14.596313199999999,10.643799973333335,6.680528186666667,4.960672346666667,4.49047616,4.534563626666667,3.67213656,4.2562548,5.790579066666666,6.134791973333334,5.05553112,7.738812666666666,5.826972213333334,4.057013893333333,4.42816384,5.031341253333333,4.825787200000001,4.685115386666666,4.979242826666667,5.666719733333333,5.51059208,4.733171493333333,6.088896826666666,4.83474776,5.29541008,5.387792826666667,6.35995824,4.407350506666667,6.472042853333334,8.37853456,5.57003216,6.145662826666666,6.268867333333334,8.456680773333336,9.34666232,11.151976453333335,14.78663672,10.740325493333334,7.377580666666666,13.289262266666666,7.980232559999999,9.162711173333333,5.4741220266666675,6.893243093333334,8.513127013333333,8.340778266666666,5.99056752,9.793005706666666,15.473789973333334,16.801186586666667,8.34106688,11.745413626666664,10.751224800000001,9.286257413333335,8.913782053333335,7.947525866666666,9.24603376,9.909625866666666,11.493694453333335,13.888882826666666,10.446024640000001],