{"message":"Aggregated IX data for Bay Area IX","data":{"nServiceId":null,"width":201,"jServiceId":null,"start":1513026900000,"end":1513086900000,"name":"Bay Area IX","in_octets":[],"out_octets":[],"in_bps":[8.891550533333335,8.471043199999999,10.216657013333334,8.893609386666665,12.282036186666666,10.49763784,9.33873584,9.129731786666666,8.681523279999999,8.88796464,10.144760773333335,7.98903856,7.895412240000001,9.553547759999999,9.472139066666667,9.13549296,6.962633573333334,7.793297706666666,7.970106453333334,7.862224373333334,8.007340373333333,9.343936186666665,8.653373653333334,9.149383493333334,9.97643848,11.761103279999999,8.405381706666665,8.000687626666666,8.47401872,7.949210773333333,9.60246168,8.501146106666665,9.481680933333333,9.24759248,8.518113786666666,6.5648755466666655,8.034677519999999,12.19949776,8.088544426666665,9.456178640000001,9.667595386666665,11.854225119999999,8.66506536,7.535581493333334,6.96765064,8.616330693333335,8.22759712,8.151291200000001,8.052163093333334,8.860618373333335,10.998997546666665,10.270435066666666,8.59863528,8.986195413333334,16.546168266666665,18.56159824,14.120163813333335,15.275004293333335,12.78188216,13.061173466666665,11.6491224,10.0312156,9.948867866666665,14.41833144,16.531404266666666,10.949985013333334,12.439533253333334,11.976599093333334,12.99595344,10.993279706666666,9.8564552,8.64017552,9.628163413333334,10.882493279999998,9.038097093333334,7.97494848,7.477190666666666,12.212979653333335,7.36184456,6.542061466666666,8.651898933333333,8.787665226666665,12.423077866666665,9.916612240000001,9.975435119999998,9.968908213333334,7.483180133333334,10.053581493333335,15.263267546666665,10.874091626666665,7.722059333333334,7.311091146666667,8.27916904,9.170727306666665,10.314010506666666,7.72107616,7.590134026666666,9.506470373333334,9.767029546666665,9.991291066666667,10.740431413333335,9.564477653333334,8.384070133333335,11.259022373333336,9.084082453333336,10.17515808,8.453368133333335,10.634006826666667,10.473263173333335,9.451030213333334,9.180468666666666,9.759317786666665,6.84510768,9.25206768,10.534713413333334,9.934801466666665,9.92348888,10.395112186666665,9.943279466666665,9.552760373333335,10.289701013333334,9.922013946666665,9.69036608,10.0065708,10.4644904,11.450316853333334,10.921148666666666,10.603822986666666,11.103397946666666,10.456753413333335,9.42697864,11.852992666666665,12.9675324,9.433807493333335,9.691424933333334,10.4955424,10.5415904,8.847903733333334,9.90763776,11.365216906666666,9.56107368,10.616793653333334,9.874238693333336,9.400075333333334,9.91262464,10.121027733333335,11.507953973333334,10.27548416,9.908069253333334,12.35852312,11.17780096,14.465468746666666,16.07714,15.218937706666665,13.257505626666665,11.129182853333333,12.461030133333335,10.394677866666665,9.35736936,9.699546826666666,9.1577148,11.169300666666667,8.95937776,10.579261093333333,9.80586216,11.869248053333335,9.782217333333334,9.743529813333334,10.686082053333335,8.93074456,9.80702056,9.60500696,8.79269848,9.158174240000001,8.261405466666666,10.871682933333334,10.26304024,9.676557973333335,12.691659893333334,11.296227413333334,9.965516026666666,9.58671488,9.118014933333333,9.701063439999999,9.599226373333336,10.981726346666665,9.654643893333335,8.990371333333334,9.661732826666666,9.800514213333335,11.288922933333334,10.133841333333335,9.371583573333334,9.96997192,9.473497733333334,9.549526133333334,9.231766133333334,9.250870186666665,11.159181653333334,11.162989173333333,10.206931173333334],"out_bps":[9.007204186666666,8.42000008,10.291950400000001,8.859538373333335,12.254248906666666,10.515321893333335,9.39961216,9.126167173333334,8.6719864,8.87413592,10.14175056,8.14177408,7.73557704,9.510657093333334,9.52989248,9.166298746666666,6.949312506666666,7.812123466666666,7.955848826666666,7.917497386666666,8.244348346666666,9.112453279999999,8.665095066666666,8.885756933333333,10.211447066666667,11.769597253333334,8.491284106666665,7.95117256,8.46432016,7.94715712,9.609416266666665,8.505817279999999,9.50198136,9.284918773333334,8.478030106666665,6.532840666666666,8.18978752,12.13510376,8.054981626666667,9.499476426666666,9.65052368,11.88751112,8.709849546666666,7.50451128,7.0016216799999995,8.496958933333334,8.29963648,8.343903973333335,7.874800826666666,8.890105626666665,11.041592693333335,10.239633119999999,8.665508213333334,8.995128693333335,16.705084133333333,18.488599973333333,14.16150944,15.277040640000001,12.744759173333334,13.0102956,11.668165573333335,10.09722528,9.87462208,14.414735626666666,16.545304933333334,11.035171706666665,12.335294,12.130145893333335,12.950785466666664,10.978319813333334,9.886204053333335,8.64907576,9.622421119999998,10.852898586666665,9.09784464,7.96339432,7.531322666666666,12.373163546666666,7.184737413333334,6.629477546666666,8.604966800000001,8.792439866666665,12.389542106666665,9.926615013333334,9.995387093333333,9.969797653333334,7.4914858933333335,10.064013786666665,15.34382432,10.8727944,7.76009512,7.3528242666666666,8.1907364,9.2374784,10.250429946666666,7.722038213333334,7.63895288,9.513573146666667,9.724881066666667,10.055656506666667,10.756246853333334,9.547695226666665,8.375756026666666,11.281021466666665,9.091559386666665,10.26061192,8.452588453333336,10.635705626666665,10.413460666666666,9.507478586666666,9.145732800000001,9.830780293333335,6.761293546666666,9.674687813333334,10.484417466666665,9.602746746666666,9.94685832,10.406018613333336,9.93371864,9.55585048,10.353050053333334,9.893719706666666,9.80307408,9.918661306666666,10.437021226666666,11.467691226666664,10.9723104,10.662686133333334,11.048413653333334,10.47550944,9.534728533333334,11.80826608,12.930389013333334,9.495964693333335,9.672285626666666,10.480981386666665,10.521933733333334,9.24497032,9.621065146666666,11.299143973333335,9.55175696,10.674100133333335,9.854572693333335,9.41909448,9.933836026666665,10.153707226666665,11.52127936,10.22871624,10.11966464,12.170424186666665,11.205691253333335,14.401891413333335,16.139054506666668,15.213800800000001,13.334328266666665,11.197172720000001,12.389097439999999,10.39578176,9.414134026666666,9.681588906666667,9.107438506666666,11.200278986666666,8.972079386666666,10.682473173333333,9.72892672,11.929923946666666,9.73321048,9.808420613333334,10.680320773333335,8.939444853333333,9.7839588,9.663098,8.830243466666666,9.112066373333334,8.405658800000001,10.874865786666666,10.13178296,9.73390648,12.666837306666665,11.33716072,10.085395066666667,9.583511466666664,9.024412960000001,9.696842053333334,9.643866560000001,11.03785576,9.57063208,9.033024,9.644459546666665,9.855494826666666,11.289349653333334,10.103337786666666,9.446787306666664,9.947094186666666,9.449411813333334,9.632009946666665,9.224944800000001,9.18664992,11.18315136,11.141718853333334,10.229808773333335],"in_packets":[],"out_packets":[],"in_errors":[],"out_errors":[]}}