{"message":"Aggregated IX data for Bay Area IX","data":{"nServiceId":null,"width":288,"jServiceId":null,"start":1482321900000,"end":1482408000000,"name":"Bay Area IX","in_octets":[],"out_octets":[],"in_bps":[5368.06326016,5429.2705162933335,5156.116502293333,5143.115169306668,5116.558227866667,5119.34115504,5501.965402746667,5397.170403653333,5406.061127386667,5382.97266312,5593.49968688,5530.469268,6104.19135808,5670.448074346667,5720.487940453333,5803.0227910133335,5616.473759066666,5796.120365306667,5815.227851546666,5734.685078053333,5657.216518373333,5737.632958453333,5836.984285093335,5511.547378506667,5791.551811893333,5922.480076826666,5797.1279902666665,6046.681420106666,6625.201698186666,6977.153635893334,6775.451160666666,6851.155048506666,6785.542141626666,7090.1993688,6927.101637226667,6859.8640544,7378.708237520001,7229.428114373334,7338.79973128,7044.7967129866665,7328.94004888,7320.052130319999,7679.194393173334,7294.853642293334,7240.399604640001,7118.8788118933335,7249.50875288,7307.686074853334,7570.591612133334,7332.456455733333,7200.617469013333,7302.898193786666,7586.054271573334,7457.369556906666,7696.271293413334,7634.14704104,7719.599557653333,7926.166505173334,7252.874378186666,7160.24629496,7568.534943333334,7499.9915531199995,7404.85502168,7576.550765813334,7445.668436106666,7432.444742266666,7266.217584586666,7286.910678266667,7270.865689306666,7370.190049893334,7340.66688936,7462.4473941333345,7424.619590586666,7201.156824133334,7217.814674346666,7134.823268720001,7233.318892506666,7168.826685226666,7351.421551573334,7362.4461284,7627.284711413334,7247.279760906666,6974.0003410399995,6960.82457904,7132.062432853333,6625.646993626666,6878.241317253334,6764.8365780799995,6496.674390266667,6408.100012399999,6393.03982344,6244.072360986666,6588.69378832,6603.830879973333,6504.689412293334,6259.072727813334,6519.627130399999,6326.78850376,6334.994168826666,6169.616002186666,6239.322508453334,5923.333322586666,5927.840560026667,5801.506957546666,5792.5467572,5780.862506853334,5707.864817706667,5982.71431648,6163.188474133334,5843.00927616,5971.58836496,5612.046554453333,5648.240454266666,5702.58828432,5548.6828262399995,5283.416353733333,5258.8797692533335,4980.335822506667,5062.259471173334,5094.12906552,5184.796766506667,5232.676895306668,5009.29405992,5198.533905226666,5340.432539706667,5407.220542666667,5548.95854016,5604.731686666667,5496.184760746667,5528.580249466667,5408.228007600001,5282.65742928,5778.3544864,5663.73890192,5519.89360424,5596.053466213333,5254.400324346668,5525.41133112,5448.428416186666,5619.09128,5497.256237626667,5194.855055893334,5606.866346453333,5421.215047893334,5651.85333328,5464.18098432,5485.512900346667,5443.505547253333,5510.770424693333,5757.4334694399995,5786.863242933334,5610.4433007200005,5474.048782213333,5744.067541493333,5554.598545786667,5591.7326709066665,5668.15190856,5533.1561952,5556.140845306667,5269.010840399999,5283.60021824,5356.92951384,5242.27347016,5237.83584656,5224.584617653332,5142.4060529866665,5226.8344712533335,5171.142412106667,5354.99850664,5504.657825893333,5442.236275466667,6122.342550906666,6966.61854024,7009.575063146666,7046.236890133334,7263.7455790933345,6982.811891306666,5747.534352986667,5831.0793477866655,5845.458958533334,5802.33740904,7192.42605592,7721.43315912,7613.665226053335,5676.890926986666,5805.636602453334,5856.1540636,5592.2515407733335,5326.36289016,5350.02541456,5207.826377786667,5361.645369786667,5413.69559392,5277.66871424,5516.737624026667,5768.923490053334,5745.784259173333,5712.580270586667,5793.8073928,5685.33629472,5575.778356933333,5761.56547624,5683.72569888,5801.042749413334,5832.048026293334,6182.080715973333,7242.336719520001,7208.173232586666,5602.21511792,5413.632545653332,5426.008844613333,5516.00620896,5644.221450773333,5594.167333093334,5395.0060253599995,5405.591642053333,5681.824901093333,5582.99483376,5611.444708373333,5850.30839432,6012.133291146666,5521.99490592,5899.819785493334,5534.724030773334,5667.384114346667,5599.54582472,5485.1444332,5644.120216693333,5743.941293600001,5734.215041093334,5571.616414586667,5492.647510746667,5562.5375807733335,5527.944447093333,5687.083868346667,5408.632165226666,5299.054881066667,5536.357722026667,5366.190082826667,5352.484463546667,5642.69903584,5792.01232968,5431.755158800001,5301.557396586667,5178.442775946667,5005.7677747200005,5139.881169626667,4946.22673664,4907.065164506667,5083.880072186666,4768.956771146666,4965.547768133333,5221.387079493333,4996.934076853334,5147.290572213333,4793.47144184,4812.89471784,4899.743037653333,4763.618989680001,4620.883039333333,4949.271343066666,4665.675052853334,4903.710506106667,4736.2988419466665,4911.594124213333,4849.183612826667,4863.727933386667,4971.552523786667,4901.025488560001,4760.682230773334,4854.9022004,4740.91327264,4983.08960848,4743.540911466667,4862.45594,4780.82894984,4973.875411493333,4879.377074906667,4993.182228453333,5165.86686792,4929.897840773334,5154.476619226666,5051.14769144,5029.517961680001,5006.4264495200005,4853.567059520001,5021.3928145066675,5159.742879066666],