{"message":"Aggregated IX data for Bay Area IX","data":{"nServiceId":null,"width":288,"jServiceId":null,"start":1473228600000,"end":1473314700000,"name":"Bay Area IX","in_octets":[],"out_octets":[],"in_bps":[5302.2476521866665,5022.437064533333,5019.436576239999,5092.516386,5094.983832533333,5233.041456933333,5374.335334613333,5286.634086746667,5082.079761573333,4831.33176952,4996.5078356,5456.6337857866665,5296.614821626667,5053.385426186666,5044.185663866667,5208.542797093333,5384.481499733333,5174.117796106667,5137.786481226666,5167.734229706667,5234.9693605600005,5010.14081696,5150.7981473066675,5606.392335706667,5186.01460312,5357.0797034666675,5190.798311253333,5026.455636746667,5133.50922608,5166.359696293333,5223.849767173333,5157.298986213333,5288.744799786667,5553.737848,5543.71712552,5265.38921608,5145.892609359999,6053.735107013334,5122.64243368,5338.4019924799995,4916.94105904,5207.122613813333,4942.62178144,4974.197499066667,4907.541861093333,5760.071459786667,5038.327560906667,5216.349584186666,4968.17462704,5067.499867413333,5106.078978933333,5128.878000026667,5116.80684992,5308.27317192,5482.295254,6127.134574906666,5170.4277481066665,5124.898178026667,5066.577485786667,5215.08693008,5239.45781328,5463.968096826667,5512.8908069066665,6006.47378432,5955.763941226666,5745.41558832,5322.326496346667,5775.016781733334,6573.403262026666,6116.698281546666,6546.084343813333,5780.554511439999,5675.165610533333,5657.042137786667,5800.420610986666,5688.345398,5489.770552213333,5805.480981333334,5967.759000746666,6104.9892334666665,6102.477979013333,6115.267483706666,5936.381627466666,6053.6238471199995,6237.643343226667,6247.6444364,6160.231590560001,6343.3345704799995,6413.706098,6393.988708266666,6434.585799973333,6302.852657786666,6336.1389332533345,6500.481932533334,6500.083176666666,6687.382020693333,6721.992425066666,6905.831416853333,6684.368210426666,6462.31544408,6696.867586906666,6898.45987408,6858.904800853334,6761.290885813333,6958.836786106666,7016.2105727200005,7262.9720628800005,7435.5032664,8273.303552293333,7614.367946133334,7263.535846479999,7089.880626693333,7127.58398384,6920.0794378400005,6802.342329013333,6936.907535786666,6949.71986416,7129.912875386666,7239.880999146667,7277.011528399999,7163.43445504,7131.9749936533335,6835.8650153066665,6911.665541226666,6919.259118026666,6976.064737573333,6995.402163173334,6965.1456036,7139.552767893333,6046.998352853334,7183.981475333334,7892.9745776,6764.513257813333,6312.677935520001,6266.612175946666,6303.133670533334,6401.49898176,6443.6205156000005,6228.723082506666,6586.1472103999995,6506.24481328,6184.5756308,6190.5397464,6682.129060826666,6228.913364666666,6141.182678720001,6181.6825346666665,6072.02842168,6273.463269600001,6264.668892533334,5928.962101733334,6081.549914426666,5983.934806666666,6004.666269893333,6045.417776186667,6020.523538213334,5962.165069946665,5621.957468346667,5610.128011520001,5705.720480399999,5884.35560336,5898.297332266667,5602.1171612533335,5753.78389832,5508.98949824,5683.943220640001,5658.039216586667,6119.922296479999,5773.1018788,5684.064647146666,5694.998585786667,5675.172540826667,5546.267239146667,5445.18553952,5498.811744506667,6126.161904133334,5870.37980856,5563.88344928,5703.883084133333,5619.838817520001,5763.313440133334,5835.198359386666,5769.16487136,5674.52246768,5534.48580672,5401.96896,5506.587047306667,6206.502863626666,6855.123557600001,6657.7256260799995,6930.5667934933335,6038.5419978400005,5629.9120106400005,5692.35050208,5775.176162773334,5713.430732399999,5581.453174693333,5513.3282175466675,5686.799053226667,6212.880029146667,5879.297410746666,5749.46542424,5609.450831973333,5537.557763093333,5753.9425163999995,5581.469019893333,5782.89388376,5821.964705413334,5656.326137066667,5752.57983552,5945.660111093334,5682.556119786667,5744.887274533333,5620.340799333333,5933.315040986667,6190.890209386666,5932.385314586666,5934.624170746666,5862.122378,5801.05188472,5857.106438053334,6228.235913786666,5949.75965864,5868.56441016,5850.3921858133335,6026.686922399999,6160.2555010666665,6279.875859546666,5911.797625439999,5825.295933439999,5705.33758944,5953.488678479999,5645.1235739466665,5283.97827344,5602.169676293333,5738.8226290933335,5678.875664053333,5711.531396026667,5845.799409013333,5824.361834693334,6031.352134746666,6113.44811616,6240.58644536,6252.751644906666,5951.004522453334,6098.141204453334,5875.8042046400005,5947.113799306667,6260.592277653333,6195.56112352,5756.239645706667,5983.419137173334,5800.526739013333,5860.470656426666,5731.373952746667,5842.312185413334,5614.571024933333,5733.766432426667,5854.259201253334,5997.892083600001,5841.214834133334,5611.43892656,5570.588057013333,5690.5430506133325,5555.933021013333,5734.772034773334,5482.613486159999,5594.616679546667,5770.37811984,5744.57561336,5560.070530746667,5699.8998168,5366.43480568,5559.306458613332,5920.367655066667,5917.709230186667,5654.9722516,5388.744143253333,5433.536326613333,5394.27984792,5566.15523624,5544.107769946667,5546.295400506667,5680.607988933333,5362.557464186666,5335.46882688,5286.1062657600005,5604.178461253333],