{"message":"Aggregated IX data for Bay Area IX","data":{"nServiceId":null,"width":281,"jServiceId":null,"start":1480775700000,"end":1480859700000,"name":"Bay Area IX","in_octets":[],"out_octets":[],"in_bps":[4903.5726047200005,5013.96098856,5000.6594669333335,4970.310685653332,4926.45154304,5018.625628026667,5415.484861813334,5303.865843733333,5462.645788533333,5268.741864773334,5326.624670666667,5487.665502293333,5496.684683333333,5302.959896133333,5272.603341493333,5418.29973056,5338.95887304,5478.521090533332,5914.74632512,6315.108075946666,6341.617107546666,5945.482705413334,5807.2069412,5720.803784453333,5653.453868426667,5620.4384419200005,5570.511895466667,5416.075042106667,5324.450685733334,5253.054958506667,5393.9059363199995,5096.047191680001,5047.478349733334,4980.33900488,4954.42076816,5189.108298560001,5385.978242053333,5350.386456293333,5371.223333546667,5116.077162026667,5384.42627976,5349.002410053334,5391.260826266666,5287.19696192,5354.52559552,5475.748327626667,5284.40594616,5214.7679324,5174.645210773334,5125.130028826667,5048.173107546667,4999.9002952,4912.696006293333,4991.166797786667,5287.063022826666,4966.819957706667,4964.92761624,5027.8078499466665,5005.987700933333,5087.391302826667,5260.486307653333,5160.042978906667,5116.561238266667,4944.508612453333,4861.6268968800005,4847.163677093333,5027.2254391999995,4692.471809173333,4724.265899413333,5034.628612266666,4882.306364666667,4939.943786826667,5014.90499952,5025.157182586667,4783.509557946667,4794.579972853334,4742.063523733334,4702.079338346667,5163.679352373333,5126.9176841866665,4750.3846329866665,4730.103484266667,4728.682239253333,4841.55342392,4739.5167469866665,4585.16770304,4575.16862464,4617.823222319999,4662.975280773334,4587.3333716533325,4746.0970390933335,4790.901924479999,4661.1450084,4771.514379333333,4509.5997055200005,4607.88815056,4719.756299226667,4705.26908256,4604.388632560001,4760.63764984,4907.757899893333,4669.548359066666,4642.722436373333,4701.367972826667,4893.774722826667,4500.441686239999,4451.326129893333,4559.1673804266675,4557.618732586667,4737.6173002666665,4747.34422544,4617.688229626667,4952.199846293333,4795.118973653332,4811.95613176,4829.985802053333,4690.478805226667,4779.323761279999,4857.410139253333,4719.188692506667,4710.13823792,4551.61398672,4595.878684133333,4904.895126666667,4748.80238096,4882.917018373333,5040.5477236533325,5105.473152373333,4963.37859728,4994.841002586667,4943.0113356,5018.934289013333,5044.222095386667,5085.114605306668,5291.191635626667,5442.1149218400005,5113.341674933334,5048.375971733333,5144.524946373333,5045.53274888,4915.091617893333,5072.464957653333,5067.962079893334,5028.422358186666,5176.274268986666,5044.52439632,5011.3216709866665,5002.58962272,4994.0214985600005,5169.152957386667,5044.782917786667,4933.58443616,5079.711930933333,5132.969959146667,5083.122028346667,5022.8939796800005,5096.497196746667,5109.206699359999,5108.998813866667,5155.352017946667,5125.1983307733335,4916.624036266667,5012.438494213333,5002.445303893333,4878.1019778400005,4976.729684399999,4996.3475225600005,4915.426920933333,4833.0320268000005,4961.593306693333,5181.14248752,5196.30884808,5160.138574986667,5078.220152133334,5470.576488613333,5949.80023344,5054.4757717600005,5130.53046,5150.549531199999,5230.779952773333,5167.754185253333,5120.627924693333,5223.933767466667,5057.981790586667,5308.2371048800005,5484.32021136,6249.517301626666,6207.3246458133335,5878.267621333334,5949.867122773334,5290.672160266667,5086.285436986666,5508.948541706667,5313.222236773334,5191.25411712,5143.2039818133335,5090.73239952,5253.6798308,5391.460367706667,5269.89131968,5420.352025946667,5552.456586453333,5471.099942853333,5448.49420008,5351.614070213333,5553.7053756000005,5561.14321432,5434.708853573333,5203.1245156800005,5195.383662853334,5663.141288906667,5424.881739893333,5261.987722399999,5238.504730026667,5235.62808552,5385.11387848,4878.7774576266675,4843.041488826667,4880.824585146666,4880.538014373333,4794.645535600001,5013.8891744266675,4997.2209016533325,5206.004387946667,5287.975059066666,5215.478844053333,5365.527268213333,5153.1787704,5216.424568586667,5172.5958396000005,5171.860458533333,5217.0674320533335,5015.639287226666,4830.331541359999,5028.448257866667,5083.5022932,4846.14861672,4978.834858293333,4994.8634577600005,5162.215446666667,4871.977836506667,4695.71872424,4710.110889279999,4902.40576984,4915.018205173333,5052.82105384,5495.752760826666,5203.377969706667,4910.88267368,4897.521323546667,5218.82309384,5225.56291192,5583.16415072,5321.457867466667,5193.927594346667,5082.045438933334,5015.2710043199995,4892.5811493599995,5177.786920906667,5199.108127573333,5068.405452426668,5188.76875904,5205.8708884,5066.023017093334,5027.565919546667,5268.665194266667,5033.87632768,5305.385150640001,5190.672096426667,5257.4718493066675,5770.3865856,5398.765894186667,5050.231818293333,5130.44456984,5301.67515776,5164.380026373333,5159.6586264533325,5302.612007866667,5096.505078906666,5079.460213733333,4954.914474239999],