{"message":"Aggregated IX data for Bay Area IX","data":{"nServiceId":null,"width":286,"jServiceId":null,"start":1503288300000,"end":1503374100000,"name":"Bay Area IX","in_octets":[],"out_octets":[],"in_bps":[168.27767384,168.39900509333333,159.33340138666665,160.40630949333334,153.38264333333333,162.04390736000002,165.27129674666668,159.26717458666664,153.47140202666665,154.88262925333333,154.62532858666665,143.79751514666665,146.41322496,157.56862901333335,158.69184869333336,145.99760386666665,159.26406173333334,156.97137794666665,162.53836085333336,180.48332370666665,198.18147984,179.62695368,156.89756173333336,158.73974517333335,159.13182178666665,166.88306066666667,173.42276263999997,180.83193722666667,179.62453218666667,173.07533253333332,175.75657106666665,176.80595757333336,166.33492770666666,163.49111805333334,171.16221424,165.42922581333335,175.02527261333336,170.94407352000002,170.35567853333333,160.61327250666665,150.13889744,154.43624896,152.42739319999998,154.75688813333335,162.83814621333335,145.91091813333335,138.68050346666666,138.19165528,140.05575117333333,139.23325824,136.64671744,136.57938077333333,138.54589,147.38657656,205.55925184,141.86579885333336,134.41981656000002,148.83143498666664,145.93967469333336,136.0478776,141.36456568,146.9208388,145.17023042666665,141.31013991999998,143.2816704,147.49481874666668,134.94880586666665,132.29434997333334,127.69111088,117.2794068,122.07563821333333,125.39642221333334,120.00364344,120.66943378666666,111.01936437333335,118.58149973333335,122.46949034666665,119.31950704,125.90077269333334,124.28818914666667,116.72143293333333,114.64811354666665,116.25039101333336,124.14659789333335,120.08999322666666,118.85320338666665,125.43712104000001,120.25024221333334,117.89372112000001,120.70720216,121.48916784000001,116.91134616,116.76420141333334,112.58743010666666,117.73884429333334,115.48239610666666,114.85525301333335,112.23288498666665,135.47763778666666,145.30062213333335,136.05817328,112.96179952,117.45776962666665,126.77720922666666,124.99231906666667,124.28888056,124.34358194666666,177.08110837333334,183.32531368,105.55223853333335,119.20992477333334,117.41361584,124.10204837333335,123.56914016,126.38779754666665,124.79612050666665,131.96636584,122.98096226666665,132.76167352,124.81182288,137.55765418666667,134.78905632,130.37114512,142.04298405333336,133.38236824,132.21639933333336,140.22982042666663,143.34175861333335,188.08356202666664,248.97273128,144.82865210666665,206.3730784,255.23436834666666,256.65773658666666,271.67625162666667,268.93562314666667,258.67323122666664,230.77483277333334,260.452848,242.68407493333333,259.15678010666664,272.16040360000005,258.16621888,250.0663948,210.67277141333335,164.64243970666664,157.06095608,162.12782410666665,170.35407778666666,152.36992946666666,165.39630085333334,158.24188309333334,161.09775224,158.33490136,160.76279405333335,155.92291848,155.43511730666665,162.62261085333336,197.34347690666667,187.17464794666665,187.43671232,170.47625896,163.71380442666666,176.29831296,169.84985432,158.34124624,165.92390090666666,161.30411919999997,162.14703637333332,162.57255989333333,166.81108032,173.11844072,185.91892821333334,173.36433914666665,159.99763656,178.13582434666665,168.43747421333333,183.94615592,176.93674672,169.70877991999998,181.6469288,154.13405258666666,299.2722870133333,175.96014928,191.8623604,167.78538242666664,158.63546581333333,159.9301364,151.54189008,142.17349842666664,147.39736770666664,157.38055602666665,152.08559490666667,154.68239650666666,152.16665464,163.50547312,160.09652074666667,156.99427613333336,150.61192256,157.80144469333337,156.17228047999998,145.74017063999997,164.49979090666668,154.16530117333335,160.62161973333335,163.21740405333335,158.15058786666665,165.893584,168.5402112,180.64245058666665,167.85677890666668,167.41838389333336,170.99643802666665,166.12941141333334,149.7541052,162.85537634666667,172.22077381333332,178.72021344,185.56472256,170.98089781333334,163.43949890666667,159.34859512,163.09175832,149.82185592,158.44926373333334,163.42679709333333,188.01522448,168.97742978666668,172.33287165333334,179.44238101333335,189.34174608,262.6511009866667,178.71223784,180.85988466666666,178.29882722666665,185.00866218666667,179.42574362666667,167.83369128,170.29537493333333,176.84448549333334,172.28546538666666,164.95315696,168.44324517333334,164.89996810666665,168.21220656,166.83976914666664,171.20711458666665,181.58566533333334,172.43877328,178.41835285333335,178.20319853333334,179.96640626666664,179.40165757333335,170.3425856,174.54889234666666,173.95869144,168.6776736,205.07265885333337,169.64559861333333,165.77349072,167.21433413333335,166.25357216,165.60404008,171.58774458666664,170.80285368,177.92427957333337,175.6456444,170.26148784,167.45531728,169.70772421333334,170.6616256,169.87314786666664,167.21462965333333,169.41267341333335,182.54956493333333,180.59282912,180.95041002666665,177.44702338666664,172.02601653333332,189.35162221333334,192.62094157333334,186.33153170666665,182.08186890666667,178.13679512000002,175.50842114666665,172.17665176],