{"message":"Aggregated IX data for Bay Area IX","data":{"nServiceId":null,"width":287,"jServiceId":null,"start":1498997100000,"end":1499082900000,"name":"Bay Area IX","in_octets":[],"out_octets":[],"in_bps":[69.7034184,61.043235306666666,70.32704496,53.10807712,48.94065133333333,51.23199245333333,47.16096488,45.196891146666665,46.83948146666667,47.70456125333333,48.64567877333333,51.40295922666667,52.523504666666675,66.62761658666666,52.38783210666667,52.119564079999996,53.34470810666667,55.58196434666667,54.668407226666666,54.93413253333333,58.48280032,54.19551792,51.814986213333334,58.13294810666666,60.405078986666666,50.80693749333333,52.160009546666664,50.28696869333333,54.52893058666667,50.35926261333333,49.58325184,84.06936666666665,53.55297872,55.22720746666667,57.48456432,64.40703749333333,58.458788320000004,94.40355013333334,192.81510050666665,74.56442858666666,79.39085053333334,55.89128477333333,62.27986330666666,59.41855546666666,80.71633666666666,118.28294306666666,58.99966816,64.33015026666666,60.86754096,118.57643808,99.60928162666664,88.35457349333333,87.37555959999999,67.7579828,67.15600498666666,201.24042282666665,139.24696141333337,59.90136893333334,65.40278157333334,70.01894538666666,62.90082994666667,82.97356213333335,81.22386056,79.55139090666667,70.71059930666665,79.98184669333334,69.86579261333334,68.09147165333333,65.77095645333334,61.35290696,74.43332325333333,79.00329149333334,78.66540210666668,83.57142461333335,68.03683146666667,68.99805904,75.48541226666667,67.82332874666668,70.59071074666667,61.84813805333334,78.9041732,95.17321525333334,88.56869216,65.99350197333334,162.57949213333336,78.73432554666667,71.84291237333333,65.33708626666666,79.30011741333334,73.48701544,78.50630592,78.18902365333334,89.77199368000001,90.41815333333334,72.23694610666666,116.56839248,80.58325208,81.94899,101.18251448000001,109.10746090666665,98.45970861333335,57.067293813333336,68.88546101333334,96.51548887999999,93.06273650666667,87.04510261333334,108.37407605333334,80.55267242666666,96.15590664,100.04401274666665,76.10305938666666,68.48980269333335,60.249647786666664,57.3315784,60.91460322666666,66.21487304,60.63982914666666,57.40892189333333,59.82736786666666,64.50682250666667,60.80042064,58.263108933333335,66.62608109333334,55.31462682666667,76.06791589333334,68.39188717333333,60.81755152,65.18937941333333,67.96184114666666,75.47316943999999,63.403547786666664,63.340727306666665,63.73346088,65.88624704,75.14755050666666,70.52032128,63.30955850666666,65.35404453333334,69.87960344,76.2077508,83.32529173333334,79.74240434666666,68.00503794666666,63.98776136,58.864322,61.35759936,79.29673728,75.38273794666665,71.6501272,58.94417424,58.650102266666664,58.68959898666667,67.81648224,61.12916581333334,59.892197626666665,58.829109306666666,56.61511941333333,56.19740872,56.60183530666667,58.414206826666664,63.177284746666665,59.823103653333334,60.06719477333334,59.737756026666666,67.74404813333334,62.00383192,64.94319944,69.22081205333335,62.89058466666666,64.42800546666666,61.85588064,57.31018352,60.47880288,60.989349413333336,58.78359528,62.83381848,63.50214325333334,67.99590618666667,68.60885682666667,66.97667629333334,81.40723818666665,73.56970901333334,70.42211621333334,99.19361192,64.32801384,70.82103568000001,72.17079792,71.35095186666666,74.11474477333334,70.3205588,87.36275568,110.00767914666666,68.59398104,79.75482610666667,74.11920408,195.97878394666665,111.98664887999999,95.15964581333334,90.18077509333335,95.39451333333335,97.96636925333334,82.53574397333334,96.24256250666666,82.13371626666665,75.65059464,75.38272453333333,74.01339210666667,91.01847522666665,92.90531941333334,111.25927536,92.25145906666667,90.46395114666666,88.42841416,103.93974858666665,81.85117272,79.10294061333335,79.51392909333333,97.37887970666667,71.72591650666666,74.24180861333335,72.9190224,83.80198914666666,66.26721514666666,65.1605072,78.09208634666666,78.08795493333334,111.09414973333335,63.408174159999994,91.77702394666666,143.79834256,71.94423944,75.16218493333334,81.63624826666666,93.41049706666666,76.55601874666667,73.12148794666666,82.7837608,75.20018976,160.80966709333333,72.8727816,70.25306992,66.56753365333334,65.6001588,60.90834728,61.76819749333334,59.24001986666666,62.740284159999995,85.31863730666666,59.46115136,60.69579648,58.36339221333334,84.83474501333335,85.43810645333335,107.94652261333334,61.69181109333334,61.0198056,68.68882978666666,86.74402818666665,93.12247450666666,107.15420016,64.23513890666666,87.15981317333335,69.14769098666666,80.76370159999999,86.702862,57.70953018666666,203.71467754666665,93.47328482666666,99.68449064,67.42187104000001,104.68344362666664,86.04823925333335,94.07342114666666,77.52771482666667,58.91661856,57.100948773333336,59.33867042666666,82.65504306666666,52.08577824,55.44560677333333,54.597226373333335,49.16691032,323.1968989066667,204.217148,227.53890946666667,78.46168490666666,67.55970874666667],