{"message":"Aggregated IX data for Bay Area IX","data":{"nServiceId":null,"width":287,"jServiceId":null,"start":1498392300000,"end":1498478100000,"name":"Bay Area IX","in_octets":[],"out_octets":[],"in_bps":[100.47997877333334,270.73140549333334,199.29597888,111.83331861333335,67.75104850666666,66.81841514666667,60.960218479999995,58.10638946666666,58.006664746666665,59.74415872,63.51192165333334,70.42657152,61.86095141333333,98.64774941333334,70.74482805333334,128.38771557333334,71.55225552,62.566779653333334,103.73725757333334,132.39896864,75.88092669333334,67.02211589333334,59.416774880000006,67.05851784000001,71.14524728,61.21210557333334,65.41730322666666,65.71357365333334,98.69829685333333,122.47612778666667,62.972603039999996,60.63233501333333,93.92655408,91.73647829333333,64.85916229333334,77.2822796,77.4560408,75.30187962666666,64.71298157333334,75.21659373333334,66.36905314666666,66.06758976,70.56545370666666,74.32041215999999,62.26444815999999,60.475710799999995,64.39786106666666,70.85348618666667,71.91224845333333,105.29157458666666,111.95351586666666,76.64646938666665,75.16299493333334,67.90834506666667,73.84591592,71.55459834666667,83.82228608,194.1220784,66.57156245333334,85.9124076,91.50480925333335,97.10177805333335,89.42323901333334,78.57081698666667,86.41817306666667,83.69168504000001,67.23228426666667,70.5278288,69.84043295999999,67.3961212,78.27027349333333,83.41994208,80.31614818666665,81.86101709333334,71.96510479999999,82.13273973333335,80.17451725333335,78.04249877333334,80.37926357333333,77.16985741333335,79.13939250666667,114.87554842666667,96.32736594666666,76.6799168,92.1725936,84.64002741333334,80.73845309333335,78.92437373333334,79.69032159999999,84.75554088,83.12742050666667,88.16282042666666,94.53209738666665,94.15548698666665,75.69869925333333,85.59472013333334,81.57569813333335,84.41567202666666,104.46629087999999,94.60772957333334,76.46993306666667,71.81288173333333,72.09743490666666,104.13532218666666,94.78602712,68.69270154666667,70.75410978666666,75.12889029333334,69.20909666666665,73.95611586666666,78.13836432,72.68898410666667,76.84038618666666,79.41533325333333,71.89370848,71.90342146666667,82.42944189333335,71.3430948,71.42376634666667,69.09946509333334,74.55399552,69.55685957333334,73.65709026666667,95.84469149333334,92.31316434666665,66.88576266666666,66.65956626666667,67.93059432,78.88605128,73.33144117333333,69.50597197333335,70.64115949333333,74.92222042666666,75.49700885333334,72.26168906666666,74.88211301333334,71.74375805333334,71.26969914666667,104.94871770666667,70.85437282666666,71.50038882666666,71.90397762666666,73.76852594666666,76.68305234666667,72.88742026666667,71.44407933333335,76.58778773333333,95.46154058666666,70.13270792,71.78395069333334,69.86619546666667,69.21401485333334,75.97610936,76.42763466666666,78.58490597333335,82.69081594666666,75.65943688,71.30520821333334,69.31402709333334,66.74288578666666,65.70771032,69.93760138666666,72.00242392,71.54610909333333,92.30937904000001,78.74814842666666,73.65220490666667,119.48859706666666,127.36595450666665,78.40234021333333,76.149456,68.01390325333332,76.46055717333333,80.21299861333334,74.56283861333334,81.47544832,74.91963866666666,84.42963813333334,83.76839794666665,80.95241877333333,83.07326693333334,73.59547109333333,77.69938343999999,75.79675133333335,74.04037157333333,78.10259661333335,83.72829645333334,80.86508669333334,94.16636133333334,88.33518866666665,88.10161442666666,102.60147816,80.76360125333335,91.21305824,102.84842082666665,102.98006645333335,110.17258048000001,107.86104637333335,112.80185013333335,122.41268445333334,118.98873925333335,109.63036661333335,110.30683976,86.73756879999999,82.24401594666666,82.33230133333335,92.11417989333334,91.83333872,86.61902733333335,86.34082685333334,86.41640871999999,85.97747354666666,89.3957424,89.41673850666666,128.44600517333333,95.68194413333335,91.62545898666664,93.87765402666666,76.58036322666666,76.76946277333334,72.91151997333334,65.32271458666666,62.06332634666666,63.49178546666666,66.24684565333334,66.93800039999999,67.2288736,69.29543658666665,69.52677752,64.15299058666666,69.14395402666666,70.19924346666667,63.80939261333334,70.02187861333334,65.30783744,65.39282770666667,64.63548570666666,66.27126976,64.41844024,63.963605013333336,70.77613856,69.78241330666665,66.50162357333333,67.99700314666666,67.80040176,63.50230893333334,66.03662437333334,62.16566898666667,57.96610989333334,63.453698,63.67956269333334,64.83284917333334,62.90518829333334,64.72971912,64.85504253333333,63.8053884,63.520050479999995,60.15792336,56.50469834666667,56.51455576,57.28050050666667,62.803300586666666,58.77661136,52.907494240000005,51.85392338666667,83.25167136,61.36087184,59.09497021333334,56.579298826666665,64.51119653333333,59.39584949333334,52.83365877333333,51.11044517333333,57.55161917333333,59.27256805333334,55.48948805333333,55.353682533333334,55.046085013333325,54.472344346666674,53.46790264,51.76935933333333,51.4720316,57.73962472,57.28945973333333,51.74616066666667,47.761338159999994,49.07759434666667],