{"message":"Aggregated IX data for Bay Area IX","data":{"nServiceId":null,"width":287,"jServiceId":null,"start":1498795500000,"end":1498881300000,"name":"Bay Area IX","in_octets":[],"out_octets":[],"in_bps":[77.1950288,77.67922085333333,75.90433749333334,79.61503192,79.67270922666665,78.73165,78.03191013333334,132.17432170666666,83.1601344,83.09660322666666,98.11184792,95.90700533333334,82.08408594666666,79.68248594666666,84.88784112,82.27705189333335,80.31186231999999,149.59906512,81.89444818666665,82.38038336,78.94105357333333,82.73202362666665,87.00427536,86.68136381333335,85.0183892,77.00685186666666,83.6152132,79.94779789333333,78.28219016,81.75405613333334,78.01260896,78.29766637333333,81.69047671999999,78.48889941333334,77.56660157333334,73.93696938666666,72.74822749333335,71.32451464,75.30524133333334,75.29791442666667,74.23806872,104.36097429333334,97.15485464,90.84403568,79.36203976,73.07884584,82.86942162666665,73.06543274666667,72.18142781333333,71.00340216,98.52782565333335,62.62429376,66.42625002666666,72.99635285333333,99.76794136,72.20816170666666,64.63031752,70.33409504000001,74.37017551999999,66.90123264,118.22883522666666,69.95654549333334,69.31978634666666,65.21982826666667,66.10614770666666,64.39427405333333,63.898342373333335,69.38556002666665,68.14707765333334,72.15631768,71.430698,57.513053920000004,57.81049762666667,68.80573016,67.89114749333334,91.02485821333333,150.41911234666665,64.88978645333334,62.42801808,64.89699304,62.57196637333333,64.5091608,65.74770597333334,61.881885706666665,62.47524517333334,116.05055762666665,94.28727533333334,63.71217685333334,64.30516421333334,61.31652904,63.17218664,67.98558368,65.93884557333334,67.27227437333333,71.94188421333334,64.49578258666666,65.20512050666666,62.02563728,62.29899189333334,70.12850826666667,70.70871890666666,71.5789824,65.32404146666666,62.63733008,58.45226765333334,61.87075018666666,60.30034888,56.350721840000006,59.60522968,58.52793581333334,62.49238944,66.10290866666666,66.28598933333333,67.86260122666665,68.72611096,69.31955808,66.87030994666667,66.98408970666667,73.49649973333334,70.17968968000001,72.33486325333332,77.00628202666665,72.65452520000001,76.1177036,76.45654981333334,66.10147088000001,70.43766229333333,69.50370912000001,71.56521397333334,74.00533925333333,86.46015717333334,75.11428008,74.85872768,84.21202568000001,86.88543413333333,82.58663007999999,75.80845682666667,89.87924218666666,102.62427525333335,112.15355970666667,103.0900992,97.29193826666665,93.3682396,83.44952885333333,81.41551168000001,82.0710316,79.20360754666666,78.16629653333334,82.97875082666665,86.86094037333335,86.38739357333334,94.15658706666666,83.09408154666666,86.78686384000001,89.24938397333334,90.40799384,86.67194898666665,83.71556376000001,82.57280381333335,77.00157677333334,75.74963866666666,72.82903402666666,77.13983778666666,83.98011095999999,85.91693877333334,80.47153162666665,92.34753266666665,79.49742602666666,93.39068848000001,96.63250850666667,101.64843613333333,105.41583301333335,88.97687549333334,89.34576645333335,87.93426117333334,98.15651725333335,90.9429608,89.56395226666665,93.11073546666665,99.27999576,97.45385922666667,91.05644079999999,109.08398261333335,121.42881682666665,129.12012077333335,110.11779304000001,118.42866,117.12966013333335,103.16796509333335,96.46216984,97.39969114666665,97.39208048,93.01961501333335,101.61053346666665,92.43939762666665,93.38548504,102.79761189333334,120.69682469333334,216.53472861333336,103.69780602666665,116.79761530666666,139.28402362666665,160.97622152000002,146.07986946666668,135.43586149333333,119.34817695999999,110.45782618666665,168.44597002666663,323.64739552,216.03006104,84.14300765333336,74.57925029333333,100.64182082666666,141.34220693333333,146.78698762666667,144.55576272,131.33958885333334,85.67756149333334,94.49323834666664,109.71901837333336,103.575032,77.65707085333334,83.38437501333335,93.87751936,73.76545373333333,75.55602893333334,77.12264789333334,65.76318517333334,80.06247653333335,107.07867472,84.37960965333335,82.44860189333335,110.90357594666666,107.94901269333334,91.81544776000001,83.44025114666665,79.06889069333334,65.44957360000001,73.55467786666667,82.63898850666666,75.07998184,73.93692637333334,67.60793554666667,67.87991112,64.26387968,65.72989392,73.89978479999999,61.819163253333336,61.85746690666666,63.02157946666666,68.64708517333334,106.21459832,77.97546682666666,67.67365184,65.94495778666666,69.01864181333333,69.04150362666667,71.76528440000001,87.17239536,72.29561498666666,69.658372,69.12146514666667,60.78964610666666,61.46239757333334,64.4563728,57.44427146666667,62.809382906666656,70.40861973333334,73.75450314666666,63.7307748,70.24092202666665,66.52460482666666,90.30245946666665,65.36234421333334,75.03088757333333,68.42436050666666,76.20490941333334,73.77897650666667,114.09355848,72.50133109333333,81.24577008,82.91590546666666,71.31847008,75.28416138666665,67.92297536,68.46996994666665,76.46315861333335],