{"message":"Aggregated IX data for Bay Area IX","data":{"nServiceId":null,"width":215,"jServiceId":null,"start":1508184300000,"end":1508248500000,"name":"Bay Area IX","in_octets":[],"out_octets":[],"in_bps":[24.889469013333336,24.16325224,23.4849912,22.396771573333336,23.048155146666666,24.90433154666667,25.351171573333335,22.0453516,23.520440586666666,22.296832079999998,21.489588773333335,22.030032586666668,12.011836346666666,22.084877413333334,23.106825946666664,24.38043784,19.474290399999997,19.83451970666667,18.860696826666665,17.653457253333332,21.308107653333337,19.352337733333336,17.741121013333334,18.029891306666666,18.799896293333333,17.818811359999998,14.97334488,16.032147066666667,30.27004184,16.966534746666667,14.312161733333335,15.046607386666665,20.345818079999997,16.081671386666663,15.083240026666665,21.045846826666665,14.332484373333335,14.522037546666665,13.88390792,13.26659248,12.966346853333334,14.585763786666666,15.407126453333335,16.151713413333333,17.74856952,15.965021893333335,14.56010408,14.501641813333334,13.60238528,15.36601704,15.552715253333334,15.942436453333334,13.890731333333333,13.04450824,13.553426026666665,13.355315093333333,15.361310346666667,15.96601184,14.37471992,14.383428906666666,10.767615013333334,12.665077626666665,12.590674773333335,15.547887493333334,14.78426424,13.296186986666667,14.41338176,12.586620373333336,14.062306640000001,12.472301546666666,13.410506586666665,17.256655733333336,17.679929066666666,13.393538906666667,14.065418906666666,16.127783146666665,11.808251466666665,12.518273146666667,13.6664568,14.3912264,13.397532986666667,14.615310906666666,15.667625413333335,17.630530213333333,19.28766664,24.763504666666663,15.607186666666665,14.055660426666666,16.55439914666667,19.140872053333336,18.807152,17.781500559999998,18.101931760000003,14.600518826666667,14.806835893333334,13.940428933333333,15.362538240000001,15.814160906666666,15.939878293333335,14.911462373333334,15.161548053333334,15.327820986666666,14.231307413333335,14.724358106666665,14.267337626666665,20.337984213333336,18.958290853333335,13.089942613333335,17.33961696,14.152056720000001,15.169655839999999,19.314367066666666,23.54563656,16.830491706666667,18.2694428,13.897580773333335,16.127507146666666,18.20770072,17.100183253333334,17.68620168,17.80391368,15.790537413333334,16.583423626666665,19.118039413333335,15.859485946666666,17.8097404,18.85053696,15.900086853333333,14.683710693333335,15.480672773333335,14.968281359999999,16.635667093333335,14.578422826666666,14.151008693333335,15.326193573333335,14.105575146666666,17.099187253333334,16.722470453333337,15.493703093333334,13.962069786666666,14.98741096,18.482418133333333,16.68005472,13.839440773333335,14.487016533333335,14.373063093333334,17.53211408,16.697393706666666,16.254472133333334,17.817629466666666,16.142396373333334,15.118437413333334,16.388814186666664,16.36314912,16.721471946666664,17.590222373333336,17.606534106666665,14.974349519999999,16.154998506666665,15.902609386666665,17.199243386666666,15.86757928,18.249302133333334,16.866310906666666,13.927598426666666,15.013922693333335,14.520859146666666,16.579177946666665,15.15131968,17.982757173333336,18.586692666666664,18.168770426666665,15.866079066666666,17.468192106666667,16.735876586666667,17.115329333333335,17.41890072,16.136103706666667,17.569025733333334,15.540064026666666,16.724593226666666,15.393594,17.06710048,14.903004266666665,17.61039213333333,17.34463632,17.37365477333333,16.623450613333336,15.217080933333333,17.559794186666668,18.539845386666666,19.43271112,16.58765624,16.666188053333336,18.4740912,19.940299066666668,15.498992613333336,15.703668213333335,17.466325519999998,16.133825226666666,17.621670666666663,17.53210416,16.590523306666665,18.264232666666665,18.179895493333337,15.6814324,17.923607413333333,17.797503306666666,15.749793546666664,19.207230373333335,16.281434693333335,18.665072719999998,18.2165876,17.060495226666667,20.481229333333335],"out_bps":[24.583286266666665,24.142921706666666,23.979179013333336,22.047805813333333,22.893566293333333,25.072224826666666,25.351292746666665,21.847641893333336,23.90870968,22.110779733333334,21.84979328,21.88317328,11.886767786666665,22.084109920000003,23.204605973333333,24.383002373333333,19.39717872,19.931883333333335,18.830212826666664,17.772998426666664,21.249971893333335,19.33333008,17.848568986666663,17.82212808,19.195025440000002,17.689201706666665,15.038312320000001,16.060714746666665,30.204396826666667,17.050700640000002,14.29371032,15.013060133333335,20.359019146666665,16.152868480000002,15.026278693333335,21.15144312,14.277521386666665,14.58480344,13.791461786666666,13.327833333333334,12.916605626666666,14.792658266666665,15.221018933333333,16.321234053333335,17.641978773333335,16.27443376,14.34428704,14.495372373333336,13.950814666666666,15.23196096,15.74174632,15.788038293333335,13.86676856,13.015335253333333,13.6479736,13.272977333333333,15.478352533333336,16.096210160000002,14.263199866666666,14.34318856,10.965906053333335,12.464940266666666,12.899444186666665,15.525333013333334,14.650779546666666,13.43473696,14.418118453333335,13.163904720000001,13.42635856,12.585248826666666,13.438344453333334,17.65437818666667,17.245522426666668,13.467641226666665,14.198373893333335,16.041002,11.579135893333335,13.12728768,13.496239413333335,14.330183573333334,13.353082293333335,14.5634076,15.578738346666666,18.041695093333335,18.710325546666667,25.136227946666665,15.881239386666666,13.998664960000001,16.311661706666666,19.294035786666665,18.933493786666666,17.847285626666665,18.072773946666665,14.731768853333334,14.770959146666666,13.886160373333334,15.622050586666665,15.460555573333334,16.148538826666666,15.163103733333335,14.68313504,15.630619573333334,14.178445973333334,14.706995386666664,14.376318906666667,20.240283253333335,19.129969493333338,13.369453866666666,17.318386320000002,13.8547932,15.393561093333334,19.145110666666664,23.665688906666666,16.703501386666666,18.428971333333337,14.00057576,15.94897448,18.442045733333334,17.05301672,18.0112856,17.603991386666667,15.923042346666666,16.555826613333334,18.970100186666667,15.781576453333335,17.88133752,18.83216864,16.119295519999998,14.46029136,15.517593119999999,15.066953466666664,17.252004106666664,14.164926320000001,14.069432,15.43587152,14.599013359999999,16.529014613333334,16.642990933333333,15.813472026666666,13.7096392,14.931869279999999,18.765207146666665,16.56355328,13.884405573333334,14.537701946666665,14.287067973333334,17.768446533333336,16.527431973333336,16.39965064,17.777043786666667,16.031226826666668,15.135442746666666,16.546857946666666,16.308418693333333,16.589521706666666,17.614850906666668,17.912009946666664,14.833520213333335,15.923690506666667,16.102932853333332,17.497256586666666,15.608109146666667,18.274626906666665,16.859305306666666,14.02378536,15.001998186666665,14.566644373333334,16.66476552,14.990434586666666,17.959321093333333,18.666639760000002,18.18593304,15.856758693333335,17.954221946666664,16.456161173333335,17.124486746666665,17.236662586666665,16.2802876,17.523488559999997,15.494728266666666,16.848629413333335,15.3695564,17.093268213333335,15.195764053333335,17.418475653333335,17.471083306666664,17.216942533333334,16.69202264,15.27951208,17.860214026666668,18.349241333333335,19.449609493333337,16.394210906666665,16.68115024,18.519385333333336,19.931660960000002,15.784757493333334,15.705547546666665,17.387653413333332,15.94610168,17.74356592,17.69723592,16.463690720000002,18.358739893333336,18.115274933333332,15.682796613333336,17.994948906666668,17.751278186666667,15.865666986666666,19.3477536,16.36753048,18.494718640000002,18.145645706666667,17.157684373333336,20.55419856],"in_packets":[],"out_packets":[],"in_errors":[],"out_errors":[]}}