{"message":"Aggregated IX data for Bay Area IX","data":{"nServiceId":null,"width":285,"jServiceId":null,"start":1499313900000,"end":1499399700000,"name":"Bay Area IX","in_octets":[],"out_octets":[],"in_bps":[71.56599168000001,71.75713098666667,102.80451453333335,96.42894698666665,76.98033354666667,78.50372936,74.45716386666666,74.98126250666667,74.21385101333334,84.09319176000001,92.88177749333335,90.74781856,116.66839597333335,469.55268242666665,82.81767416,80.03531954666666,260.77401570666666,88.5344968,69.47794186666665,112.33545,95.50074445333335,85.21138570666666,85.57599410666666,84.38384130666665,80.08480578666666,82.24047573333335,75.38052453333333,78.04487424,131.00363058666665,125.84827776,76.64001474666667,72.18448528,72.84873066666665,69.21927341333334,74.07370058666666,69.66937552,84.88119325333335,67.05801448,92.15715853333334,75.32889293333334,64.47186930666666,71.50177397333334,74.84214429333333,83.90454106666667,64.55817570666666,64.28701613333334,61.857362026666664,71.86535661333335,58.90413394666667,58.871459466666664,63.17300165333334,59.41935504,59.82889853333334,57.66256901333333,56.89027864,62.75411861333334,60.329457520000005,57.96426709333334,65.57613898666666,66.47044858666666,58.75577301333333,57.12096544,60.51424493333334,73.99353095999999,65.45947104,60.76660973333333,58.27130176,60.92766909333334,57.553730773333335,57.25259424,56.552862213333334,55.97677618666667,53.7234336,55.28787730666667,53.82588776,54.056439893333334,53.63280621333333,55.93011213333333,54.576855653333325,63.14933690666666,64.69315064,59.10440682666666,58.263550026666664,53.712719093333334,54.15128794666666,54.81845357333333,56.40682637333334,57.00844672,61.55705293333334,76.96993074666668,51.07715768,65.2042292,52.36886906666667,54.85692269333333,55.3770284,54.881350053333335,55.93795456,56.15451736,51.75344778666667,54.84883112,51.85424712,54.2795156,55.05558365333333,54.815295733333336,52.24097210666667,52.04033170666667,52.48758925333333,52.39507973333333,55.62745189333333,55.47543717333333,58.23355565333333,57.4640776,57.83729061333334,58.91272616,64.62107378666666,62.866457706666665,63.20552242666666,62.30492290666666,63.42846042666666,62.86340533333333,63.51091832,66.07278045333334,71.74896722666666,73.52066882666666,62.33403152,78.42514301333334,82.43174634666664,66.1613744,70.99988544,77.88377826666667,78.73296968000001,70.62128325333333,66.99950125333334,69.69092490666667,81.49418530666665,78.76169365333334,71.39361437333334,68.21375285333333,65.84425930666667,66.84738125333334,86.4360296,68.09393048,88.72075170666666,104.91104765333336,70.01488568,67.41756325333333,71.81102970666666,66.08353877333334,80.10183453333335,69.03929773333333,90.4359448,102.74327285333334,68.43334992,64.48079232,69.56754765333334,80.348228,100.57522666666665,108.94685909333334,151.14727042666664,191.20857674666667,76.08587402666666,287.81475522666665,147.14178450666665,66.75696042666667,77.69959290666667,169.31215402666663,143.81090256000002,225.33180010666666,194.69746464,106.75280296,125.35610653333335,118.86759672,112.30506776,127.20322829333334,132.92065285333334,166.37959997333337,71.04243906666666,73.17146304,81.90167202666666,80.52118568,77.73340405333335,77.37075064,74.44657994666666,106.45262954666666,102.26804101333335,138.15683114666663,80.65956581333334,75.84436733333334,83.36306592,85.523582,98.91955042666666,126.92636269333335,131.35178728,144.05935701333334,259.5922904,169.53038565333333,125.16874768000001,127.38693576,129.52311586666667,112.95490344,76.64228216,123.47715477333334,149.17094058666663,108.2540616,76.21370808,69.58765504,66.95013544,77.41588664,81.50788205333335,76.59274789333332,74.63575048,78.94590786666666,74.72810386666666,84.25547101333335,79.63354285333334,77.19958826666667,74.04824093333333,80.14641685333333,80.60113522666666,83.40502965333336,93.57403712,86.88223253333335,78.84161485333334,79.4278676,81.64333965333336,78.90446866666666,76.83339293333334,78.66851954666667,80.06134154666665,80.7081188,80.20880210666665,82.90472045333335,80.47332178666666,80.36738461333334,72.33846277333335,79.20357304000001,85.57888170666666,79.35749992,79.23249328,70.20294965333333,76.30039024,72.73709154666666,68.22156720000001,72.3833424,70.81599706666667,76.94163781333333,79.23926541333334,73.15421749333333,70.29322338666665,71.72802274666667,68.07816757333333,73.16058773333333,72.16842240000001,76.30784010666667,70.82403978666666,69.4557916,70.24930605333334,67.33667416,66.40544088,70.31894048000001,71.63379154666667,69.95382317333333,68.86954050666667,70.55147474666667,103.22891634666665,72.9282868,68.84972290666667,72.79507557333334,66.44686752,66.78782629333334,68.5707276,71.91831456,70.48759565333333,75.99510936,69.52959210666667,76.18914645333334,68.95389989333333,79.7615708,72.78144650666665,75.44527114666666,75.76265405333334,77.05415789333333,71.93420813333334,69.92451325333333,70.33033104],