{"message":"Aggregated IX data for Bay Area IX","data":{"nServiceId":null,"width":285,"jServiceId":null,"start":1504065900000,"end":1504151700000,"name":"Bay Area IX","in_octets":[],"out_octets":[],"in_bps":[173.20315973333334,172.45023453333334,186.69414666666665,197.76136533333334,208.86860919999998,206.30855042666664,186.86903832,197.47856309333332,180.83466085333336,188.42029298666665,185.56077373333335,188.01860370666665,144.56562616,189.66324570666666,196.27451608,213.06308768,200.53996264,179.76149008000002,185.38665746666666,185.69179589333334,179.13583602666665,180.73157890666667,180.90949618666667,182.98822514666665,182.36742368,191.97984933333333,182.44187717333335,170.71811370666666,186.40479602666665,195.28774506666667,184.09879098666664,172.18227346666666,174.93612810666664,181.13967437333332,178.32677408,175.98345512,181.71947514666664,184.37396919999998,188.79864888,199.76051845333336,178.35858314666663,182.90538557333335,174.35197053333334,174.03317861333335,172.75293794666666,166.44782485333334,161.30623794666667,169.10020357333335,149.84421336000003,157.20168741333336,163.37980290666667,158.10555117333334,167.11852386666664,161.49449744,163.70241074666666,161.24842965333335,276.82963306666664,162.64823272,208.51022816,162.90895898666665,150.15948768,142.16032128,151.63279594666665,149.41545471999999,154.34559426666664,165.30893757333337,156.63020616,154.00379810666666,131.79700336,154.54528424,148.37349464,152.86241218666666,148.83234802666664,147.30461842666665,141.76295610666665,149.54625877333334,126.41164165333335,144.68219178666666,153.28713762666666,151.49894914666663,156.19894928,152.32772538666666,145.14978277333333,144.41238194666667,147.15527144,141.45548384,140.69603410666664,146.50268384,147.98370549333333,148.60377256,154.10801856,156.1841724,143.01685306666667,136.26855605333336,139.97180245333334,139.55985325333333,140.14263578666666,160.50254813333336,151.11552519999998,138.19049168,172.69613490666666,143.57563653333332,150.70105645333334,143.06606978666667,135.62401093333332,135.51141402666664,138.86268890666668,138.81564776,135.81701330666664,148.19222648,147.76353562666665,149.89288904,145.88907416,151.09530981333333,169.16771640000002,143.77008768000002,137.29039912000002,144.36326626666664,136.68117512,137.10741271999999,170.69356528,170.53268656,173.02600474666667,161.1722244,166.07430594666667,158.83989402666663,169.60172880000002,160.76631330666663,171.18711208000002,164.46512928,157.25147989333334,165.35261256,169.44064581333333,174.73831109333332,170.63785856,175.72156850666667,183.95892362666666,183.76487968,180.26863690666667,175.83784125333332,186.91502176,224.53669930666663,220.54709978666665,179.18342077333335,169.46809669333337,175.84108274666667,184.61337045333335,178.09378378666665,189.25523517333335,209.03391832,189.74783410666666,191.23980096,202.46836896000002,187.84179165333333,193.68772672,192.41894162666665,271.9309153066667,202.01733365333334,195.04430789333335,203.17347594666666,184.3461264,188.09619674666666,203.53661416,198.69402682666666,202.62435245333336,215.11990925333333,207.45749624,202.34905504,213.77049336000002,204.78763991999998,203.84546085333335,209.25585202666664,202.11660938666665,203.90569176,208.7079788,206.07303704,194.61646813333334,193.00326002666665,192.74949509333334,196.14793682666667,197.82260808,198.79754432,195.30841634666666,196.62739965333333,202.2257852,191.96516544,199.65989218666667,190.96528642666664,181.46575506666667,186.40628482666665,189.72618914666666,202.68692514666665,195.03559112,184.16384613333335,195.33125352000002,206.57119578666666,207.79567663999998,196.57252466666665,197.20064448,205.25136008,200.11903482666665,192.47044242666664,193.39655565333334,203.65304650666667,200.841896,208.42816568,203.10996517333334,201.7772544,206.45611319999998,209.89483837333333,201.25328693333333,185.63852373333336,188.72998719999998,188.59046685333337,194.66388298666664,187.75187642666666,187.71466653333334,196.68057991999999,199.77077936,217.21209994666665,200.106028,199.32441656,194.70839701333335,188.81315944,201.95020458666664,187.36251069333335,192.29834485333336,186.65827989333334,194.82039541333336,184.29257946666667,190.73506965333334,183.07342634666665,175.70054941333336,184.45255162666666,196.37463288,184.0926148,178.17230896,183.68044226666666,188.56083138666665,187.77336952000002,193.51589874666666,190.01600474666668,182.63802978666666,185.30348032,184.84833376,184.44589026666665,177.44390586666665,183.69242573333335,174.22043658666664,178.54073170666666,192.53740613333335,193.78498533333334,185.80589304,187.65943930666666,184.94997730666665,183.34199826666665,182.67089656,200.14805965333335,194.78517413333336,198.32444069333334,186.66041168,194.94128224000002,192.76634384,187.87171933333335,183.41178341333335,183.37910752000002,192.68229037333333,207.91236487999998,199.57733104,192.18486397333336,205.521178,196.35272736000002,196.31261632,197.18482429333335,200.46403050666666,193.47262954666664,201.01439808,208.59045962666667,204.05238202666663,198.00596248,196.10189546666666,201.73616584,197.1278992,194.79954997333337,201.89792709333332],