{"message":"Aggregated IX data for Bay Area IX","data":{"nServiceId":null,"width":172,"jServiceId":null,"start":1480203600000,"end":1480254900000,"name":"Bay Area IX","in_octets":[],"out_octets":[],"in_bps":[7522.3448714666665,7488.39359368,7315.375432053334,7431.430148426666,7497.177486506666,7606.2724048,7517.80772904,7437.32661296,7568.62785032,7477.867289226667,7427.6323168,7771.798290613334,7443.939838933334,7599.1373932,7450.634914266667,7786.59161944,7439.193091573334,7979.972317706666,7709.251819413334,7546.649671306666,7795.39379376,7041.190279013334,5553.80779104,5549.8196534399995,5705.943760586667,5621.0710369866665,5700.184238293333,5738.29810592,5974.135434479999,6134.9818088,5620.2610149600005,5820.83938048,5565.714038,5671.462681386667,5707.833434826667,5645.7083905066675,5450.791065813333,5536.875364373333,5856.5679322666665,5858.866172,6384.660425333334,5941.923210133335,5755.267527413333,5734.9495159200005,5825.267965466666,5646.4162767200005,5951.303943013333,5700.133260106667,5665.84716032,5468.87288344,5613.128132133334,5800.742779146666,5875.29397776,5815.86472624,5653.496944453333,5675.9277512,5755.929344186667,5546.291529333333,5528.896741946667,5722.503781333333,5829.865741786666,5722.11477896,5787.404852213334,5894.91459728,5831.648200479999,6051.175848666666,6215.664881226667,5984.353505893333,5980.304885386667,5810.354710293334,5752.831629973333,5915.67212224,5766.109231359999,5761.685768186667,5814.8902367733335,5685.241537813334,5598.55710504,5738.85696464,5762.796588,5688.447983946667,5580.66157872,5695.119881573332,5686.354908266667,5649.122267226667,5774.3373039200005,5906.3314474399995,5657.353747626667,5942.148678106667,6959.381788453334,5667.735719146666,5435.14198248,5449.885429386667,5413.856132506668,5326.1897090933335,5461.001963493333,5320.162103253333,5290.4686541599995,5271.644479866667,5284.704165466667,5206.093450746667,5417.565637626667,5660.588576373333,7916.770451893333,7765.037540560001,7733.164754933334,5789.900685359999,5287.813126133333,5312.500202560001,5340.890954,5298.202254399999,5327.925691253333,5164.795491173333,5260.037271653333,5611.426142,4917.369850853333,4775.474844933334,5038.3828976,5030.332069013333,4764.462930453333,4979.595421653333,4863.193823466667,4725.475233626667,4716.36977472,4689.118539493333,4688.903547466667,4984.639775680001,4589.428883333333,4744.775056773334,4681.15225408,5025.488363253333,4944.190031813334,4965.3698072,4545.40558616,4685.05933928,4681.686234586667,4643.9685855200005,4678.736486986667,5119.333085439999,4971.240774479999,5027.7779880533335,5015.813982373333,4962.385069573333,4710.6197733866675,4950.259817893333,4892.381334586667,4975.91101096,4816.7539369333335,4737.211494053333,4852.483382133333,5231.4183872799995,4964.67027064,4863.986104826667,4694.377452506667,4759.683067013333,4767.76083616,4748.528645386667,4758.83613496,4788.84848696,4806.70289128,4794.45986152,4845.043661466667,5238.92708216,5106.8811275200005,4847.909249493333,4779.403966880001,4842.013921386667,4846.664428720001,4999.171918373333,5024.769586106667,5035.10652456,5077.772078613333,5053.346068693333],"out_bps":[7528.149333893333,7436.993252586666,7289.872553866666,7335.256048853334,7519.572303253334,7579.354037333334,7522.255940720001,7423.5331168,7453.767306533334,7505.085988479999,7450.20112304,7729.550930373334,7414.831682266667,7620.6175877333335,7385.764633973334,7757.31876504,7450.00683368,7925.61932056,7723.0166716,7561.8696976266665,7654.866891333334,7143.238300800001,5555.025893173333,5526.2799898133335,5677.116851893334,5625.69929832,5643.032660266666,5766.8341418400005,5951.844898773334,6086.163168319999,5648.277416133334,5836.477383413334,5541.884067893334,5626.893487813333,5729.837842053334,5559.9442408,5499.689974506668,5508.389194613333,5881.9503589333335,5790.7448107733335,6413.217078133334,5910.821171386667,5696.309264693333,5772.4401044,5815.970561546666,5660.96412816,5869.094881306666,5734.624616346668,5673.564709946667,5438.654745546667,5632.715840213333,5804.705291733334,5838.98346968,5828.56098424,5625.527466773334,5648.38550736,5765.5372669866665,5518.998486426667,5540.95746704,5718.1519461866665,5835.06934792,5687.305542186667,5797.61614896,5873.778202933333,5816.452560346666,6131.741950826666,6189.501384,5900.711642426666,6013.07703464,5796.767080053334,5720.274264826667,5937.29849152,5700.558406826667,5806.934470586666,5777.1951626400005,5694.255967573333,5597.423614746667,5733.4892316000005,5748.78931008,5674.788279253333,5591.313860506667,5663.6249402133335,5713.330198773334,5636.8856510666665,5769.707406586666,5887.473790693333,5632.161388213333,5854.7249087733335,7003.345761386667,5754.61573656,5335.903032986666,5437.170245013333,5440.975164533333,5338.591855013334,5462.49445784,5321.027149626667,5265.29657064,5291.218904933334,5264.362655546667,5143.243689226667,5381.9228093599995,5637.475567466668,7884.4869872,7769.9640291999995,7774.495744693334,5764.58081064,5247.728866346667,5355.853532426667,5381.4243369333335,5277.5106908,5323.64131016,5146.642773786667,5240.69752792,5599.490824506667,4940.948682373333,4721.541390746667,5071.69138792,5011.776677706667,4754.054439760001,4958.276898506667,4875.56385376,4718.550197573333,4682.58950512,4722.406856906667,4653.687202239999,5008.414492399999,4598.03692016,4693.283104773333,4725.6586738666665,4990.6533686133325,4889.412989840001,4981.918446426667,4580.460180319999,4675.468108,4627.033695146666,4692.688428773334,4694.44959416,5064.905780213333,4949.326719626667,5022.575787520001,5014.28526752,4974.6111298666665,4691.261898906667,4952.566042026667,4885.52655344,5003.029159066667,4796.325849866666,4693.1176684266675,4846.573598906667,5226.273061013333,5000.609850346667,4853.0314466400005,4690.111785946667,4715.187978853333,4769.33593432,4772.938937946667,4722.273306426668,4809.631615333333,4800.626098106666,4766.111585279999,4910.57639816,5198.24725624,5140.061153866667,4792.908622373333,4773.796627520001,4807.67370768,4850.1934210399995,4981.066662346668,5081.738614613333,4981.811410106667,5108.95030064,5066.3125556],"in_packets":[],"out_packets":[],"in_errors":[],"out_errors":[]}}