{"message":"Aggregated IX data for Bay Area IX","data":{"nServiceId":null,"width":263,"jServiceId":null,"start":1479485100000,"end":1479563700000,"name":"Bay Area IX","in_octets":[],"out_octets":[],"in_bps":[8063.552576666666,7656.100091146666,7357.349180133334,7409.926486506666,7319.668061813333,7362.251595413334,7237.56718536,7279.067702933334,7402.071398426666,7557.49550816,7334.5036241866665,7126.185460133334,7375.611801493334,7220.975753466666,7059.2952400799995,7106.033322186667,6902.130627866666,7260.107380613334,7155.47326024,7163.944942186667,7044.103168426666,7021.820811573334,6947.427399146666,6855.073674026667,7041.2268652,6904.847266666666,7746.8413498400005,8228.200942586665,8106.258290613335,7916.871870453334,8005.332656293334,7892.80451344,8142.81853744,8424.366538213335,8302.46506808,8220.004347279999,7827.735183973334,6505.9142943199995,6445.565571946666,6537.156724586666,6577.9057725600005,6570.616285226666,6586.01440952,6314.848918453334,6135.350578453334,6017.771073973333,6124.089819786666,6100.083878986667,6619.3146655733335,6364.43155368,6164.03281512,6147.803892,5945.544158853333,5952.541198986667,6033.9117278133335,5935.856885333334,5887.5867333333335,5952.800341413334,5997.295893066666,6043.465200693334,6317.43698872,6259.3962871466665,6142.470543413334,5955.408872133334,5810.542261493334,5966.234763493334,6280.252415653334,5914.8311704533335,5827.614078133334,5818.695610853333,5685.9724172,5809.516329733334,6172.126112346667,5570.27455472,5808.910221706666,5838.837865866666,5810.025618133334,5812.112130666666,5845.105886560001,5760.84952056,5870.442499520001,5903.216336,5886.932156586666,5526.983289786667,5953.742282693333,5794.911473226666,5781.582089706666,5921.01810184,5774.4893031733345,5921.377247946666,6154.333998720001,5916.18696256,5731.093333013333,5875.202211306666,6095.289048106667,5767.623585866666,5924.311780053335,5808.303656213334,5876.390029893333,5992.337023226666,6033.246460453334,5801.761488133334,5858.079341706666,6142.3890039200005,6194.58902992,6463.84857008,6388.105638106666,6058.723413573333,5725.81827856,5924.911995386667,5792.0568880266665,5907.797476533334,6875.077322933334,6764.36652168,6893.49471784,6610.192038053334,6899.377504053335,6902.572994,6803.2080273599995,6802.47290808,6884.973520213334,6932.741305866666,6777.06370808,6511.509218106667,5897.477359093335,5703.207133733334,5595.347282293333,5591.744398666667,5490.124322293333,5648.387059546667,5837.217162773333,5760.513045893334,5961.063675893333,6236.889239093334,6043.9826712799995,5861.389298533334,5797.741717626666,5775.849600053334,5869.90004552,5872.607820640001,5753.961790773334,5991.707095600001,5872.854488319999,5597.399307093333,5778.490730533334,5757.788096266667,5871.34486416,5836.691316266666,5882.11590488,5816.060297226666,5922.801844853333,5831.256298453334,5793.57233904,5813.715699359999,6184.432557946666,6114.570820906666,5952.401518773334,6362.452122479999,5864.545269706666,6160.88148784,6120.518685226666,6133.1737636533335,6384.3334564,6500.219254293334,6056.06804688,6032.6001212266665,6004.3026155200005,5899.889581013334,6430.8802121066665,6197.645640773334,5892.790939093335,5865.3527375466665,5742.576103306667,5584.20206096,5862.156051733334,5640.74607456,5756.66024896,5652.583037973333,5483.9423425333325,5581.16351408,5829.119774,5565.048910533333,5522.137008346667,5718.886696986667,5584.125416746667,5613.296561333333,5623.8086811466665,5868.52700472,5609.86703976,5309.761955173333,5350.47727192,5261.238655946667,5484.249765866667,5247.547655333333,4918.0387711466665,4960.672507573333,5308.420002426667,5906.94627624,5821.369315733334,5768.6434588,5785.50560656,6285.026149733334,5156.285848266666,5307.364728853334,4934.5250538400005,4855.358449893333,4805.62185208,4938.411840933333,4789.104016933334,4929.799926453333,4713.907857386667,4718.187034266666,4749.305137333333,4646.340441893333,4786.0309907733335,4786.871340346667,4918.80902944,4749.136016533333,4634.95724296,4729.802531066666,5110.668981786667,4770.919675386667,4813.438711973334,4901.943897146666,4733.218992239999,4685.063361786667,5013.01485784,4947.667050346668,5159.284673066667,5194.013000613333,5053.602131786667,5130.03317144,5000.654597973334,4897.603887813333,5894.934539546666,5904.877434426667,5247.8943212799995,4817.17981592,4873.1210132,4964.07923144,5079.2828935200005,4848.581391386667,5256.70886056,5795.570192746666,5733.573405226666,5334.752393253333,4920.2001349600005,5513.96657136,5756.4411717600005,5596.625637093333,5081.496179173333,4798.318429733334,5487.518974906667,6218.109074693333,6103.62925408,6061.960370613334,5270.2236239466665,5191.536606586667,5016.749294453333,5040.027666293333,5050.952805466667,5066.535706853333,5123.9133837066665],