{"message":"Aggregated IX data for Bay Area IX","data":{"nServiceId":null,"width":286,"jServiceId":null,"start":1498521900000,"end":1498607700000,"name":"Bay Area IX","in_octets":[],"out_octets":[],"in_bps":[82.74933410666665,84.50875031999999,81.82181224,78.97249754666667,81.62562941333334,81.02623410666665,83.34027890666665,86.23935554666666,79.97104712000001,77.83855722666667,75.41802136,86.01329304000001,118.65419578666666,83.36587592000001,76.70202829333334,75.55017688,77.94570792,75.11427431999999,73.72622936,73.07137925333333,75.72718058666666,76.91534858666665,74.30146757333334,75.69146829333334,75.20371770666667,74.13599037333333,76.98667464,74.6752192,77.58953941333334,77.04184802666666,74.52576386666667,78.59674602666665,78.25960693333333,79.15842853333334,81.66772234666665,143.86392533333336,80.45697056,78.99414853333333,79.54805058666666,83.02327810666665,75.98794781333334,77.38504450666666,72.47670541333333,77.81114901333333,78.02551808,77.40205749333334,78.24403818666667,78.10962136,76.05579936,81.02839213333334,84.09109637333334,84.14713845333335,81.54268282666665,75.73849258666665,79.42503893333334,83.48007128,92.02670456,88.98540178666666,94.49534869333334,84.81946421333333,83.61892530666665,76.71684602666666,76.18665754666667,84.68027362666665,74.63888317333333,79.66965056000001,79.66704184000001,73.59739554666666,73.22809631999999,84.91842165333335,85.97168296,79.41056389333333,78.32325290666667,74.73250162666666,83.50665848,79.40411066666665,75.97368816,79.34146512000001,82.01263930666666,104.73777554666665,92.41759498666664,78.25724706666666,77.57384954666666,77.22638770666666,79.49110058666666,80.08912970666667,76.43991448,80.41955002666666,73.24878704000001,79.70115482666667,82.15994256,81.09435704,81.96970664,76.06645562666667,82.42169496,77.98378456,72.11100592,73.09922525333333,74.68078525333333,77.40085184,78.04569885333333,79.37247669333334,84.59593517333334,74.26290469333334,73.38320792,67.04704720000001,75.98817629333334,72.35646890666666,76.81214192,79.5782048,80.90022802666665,66.34063357333333,64.72065912,70.07510512,66.81053581333335,69.73691221333334,75.89492610666667,67.31658216,77.57259464,73.4018588,80.13764008,61.01661872,64.29307682666666,68.37213029333334,77.90576645333333,76.23997874666667,71.17336834666666,70.77118912,73.76604229333334,70.79801765333333,66.10417586666667,79.47213589333333,67.16047354666667,68.79871850666666,64.56799330666666,60.35783496,78.07187944,90.82447554666665,68.44948528,73.37020720000001,97.44610797333334,95.27493736,75.25524730666666,74.21937301333334,69.76501218666667,69.33045898666667,73.64826192,73.14134509333333,65.23652861333333,72.37768437333334,116.61088210666665,165.59412893333334,70.23947976000001,68.64884781333333,75.21052848000001,80.7302948,67.43279082666666,69.34707637333334,66.64884864,71.01148394666666,70.02180213333334,67.15795061333334,63.910283013333334,65.61045426666666,71.30521114666666,79.63232744,74.32390837333334,69.18818986666666,86.95539010666666,73.91183210666667,63.37367277333334,66.48461464,70.20327597333335,98.11311823999999,75.35061069333334,69.81076797333334,70.84947637333333,115.19956653333334,107.73704181333335,92.262024,95.41234994666665,92.62954570666666,80.18774968000001,70.38535725333332,71.08093269333334,70.2582628,67.58386536,70.97398848,73.35014056,75.34508856000001,72.55514581333333,73.77994664,76.40516658666665,82.96044042666666,87.97233938666666,91.33554765333335,84.25707805333334,78.98575629333334,87.65319197333335,78.58449154666667,82.14679034666665,90.48274234666665,95.22093498666665,113.13427352,107.48604645333334,101.12779165333335,95.7702364,92.25014002666666,89.29470530666666,88.79094258666666,89.14226712,82.51924376000001,85.14411728,86.8727048,113.84799629333334,92.77751346666665,116.04175874666666,148.33373762666668,154.83644568,97.74949938666666,84.77712506666666,98.19985885333334,94.57466202666666,93.07985368000001,98.97608690666665,94.54230669333334,104.23147210666666,100.35774322666666,101.18505101333335,106.17890746666666,267.7904516,154.00258514666663,117.51501821333333,130.00475597333335,109.84113821333334,105.70899946666665,105.7384692,106.48731264,137.43658525333333,151.92062565333333,88.26187824,124.99472861333335,164.26260472,107.24458632,118.20853314666667,114.88598826666666,147.0444768,123.27102285333333,110.14014768000001,107.32882237333335,111.84836920000001,186.01372349333334,145.50454365333334,190.08549304,169.99375450666665,178.50228922666665,127.82629341333335,96.29762186666666,100.53961450666667,101.510358,92.83855490666666,104.48305269333335,129.47743933333334,116.34924314666667,99.44270912,185.54895933333336,124.13363768,118.26150392,100.50796701333336,98.18736602666665,128.14853666666664,121.51088648000001,130.90228824,111.71498986666666,173.54662594666667,140.20749261333336,124.51390650666666,125.91563405333335,94.95527082666665,93.38987184,86.86840138666666,86.33262898666665,88.14167264,98.84620314666667,104.53048144,95.82470730666665],