{"message":"Aggregated IX data for Brisbane IX","data":{"nServiceId":null,"width":287,"jServiceId":null,"start":1500120300000,"end":1500206100000,"name":"Brisbane IX","in_octets":[],"out_octets":[],"in_bps":[3422.40480904,3558.15154152,2949.934453093333,2964.789560853333,2896.5609464,2828.4436165866664,2686.1464936533334,2602.0818613066663,2458.9984313866667,2347.975622346666,2421.7781982666665,2512.0396519733335,2483.375124,2585.51247744,2713.9461213333334,3427.420452026667,4097.246526693333,3327.482740266667,4255.80681808,3939.94646328,2934.9772883200003,2545.73734576,2348.23737536,2252.8648981866663,2429.4818842666664,2364.81575336,2172.616669573333,2056.8872329066667,2101.81195176,2122.2518713066665,2261.2583302666662,2217.0239750933333,2271.70879208,2327.6052257866663,1950.9954622933335,2024.67231304,2179.6136841066664,1965.20116984,2063.3635410666666,2085.10650112,1977.2104817866666,1870.1227522666666,1765.5327769333335,1786.03195584,2482.1242345066667,2554.1089556266666,2413.8996804533335,2311.960470533333,2194.28071248,2460.1501512533337,2304.6363490133335,2085.9199193599998,1567.4200533066667,2293.68289272,2490.6302374933334,2412.2928456,2283.3098979466668,2322.90851032,1736.7787870933334,1351.5632812000001,1560.3074633333335,1616.45988432,1625.4096409333333,1831.8707707466667,1589.8017335733334,1829.5399159466665,2153.7030906666664,1639.1706182666667,1567.0477831733333,1953.0176050666666,1326.1188227466666,1040.2220921599999,1221.15244088,1165.7891636,1055.0768485866665,1237.9816062666666,1207.4623355466665,1025.9975151733333,1009.0421498133334,951.8667156533335,960.2067265333334,965.3530036266666,994.4651393866666,1034.0153022133336,1031.1413758400001,1283.4098106133335,1296.3924730133335,1115.16719296,1331.38103912,1542.6472692533334,1222.5154988533334,1029.82858728,1202.1283942133334,1191.35758432,1011.82830888,1071.57379656,1201.48341904,1189.4064265866666,1399.8827680266666,1369.9837969866664,1306.10029792,1194.3403662133335,1238.1445426933333,1258.1872281066665,1204.6019358666665,1201.9016195466666,1329.6829276533335,1309.8091204,1363.1680628800002,1444.0277863733334,1438.0814939200002,1557.1664719466664,1706.8891366666664,1786.5951042666666,1815.9775376,1853.9483589066665,1899.7605185333337,1952.80125464,2041.4412366133336,1932.88810848,2087.0410911199997,2250.9647367199996,2147.7096317333335,2147.9182424533333,2262.2425131466666,2328.12391848,2410.4828828266664,2460.2498258133337,2286.2401682666664,2321.5741704533334,2420.2015,2517.7203818933335,2555.2899657866665,2318.3313866666667,2376.0600732,2465.90340744,2562.889366906667,2775.7783111466665,2702.4513330666664,2799.8232717066667,2864.59086936,3029.514674106667,2730.3249828800003,2825.7838302133337,2959.4756030133335,3153.5820147199997,3153.5344515466672,3812.850606666667,4053.330538106667,3785.865387973333,3657.2347698666667,3748.789946373333,3756.414315306667,3656.3265069866666,3144.653045973333,2956.60187536,3039.7392380533333,3036.1710135999997,2968.85811096,2984.72720656,3012.05556192,3074.93236136,3023.228820453333,3067.0702852,3100.54184656,3236.0965166133333,3144.1199201333334,3202.924242293333,3375.153061413333,3270.974553893333,3220.12765776,3466.6306113600003,3336.6443510666672,3702.6991136799998,4247.15834832,4205.840337653333,4042.8916450133333,4136.0356550666675,3696.749488293333,4007.252475653333,4188.331879066667,3652.9356734666667,3339.949353306667,3570.980329013333,3274.0200748,3303.24474696,3196.787698746667,3115.6309544,3055.786569093333,3222.65029312,3191.674987893333,3349.315499386667,3414.395585066667,3467.964898666667,3437.89045952,3488.50998096,3430.479678426667,3440.073299253333,3634.5476805066664,3510.516676,3475.1431338400002,3277.237686933333,3249.98638072,3153.2425223466666,3245.981548133333,3231.803300293333,3332.240779066667,3186.386963786667,3106.495309893333,2950.6130870133334,2956.360950693333,2925.8140569333327,2742.89350256,2850.7450393866666,2760.8970011466668,2816.3691652533334,2825.01287176,2868.9785179200003,3038.33799064,3062.076555413333,3155.676802053333,2963.377554373333,2986.458255333333,3001.72960768,3186.492048026667,3151.34134504,2957.543164026667,3103.98409864,3368.1759036,3357.485052826667,3332.854957066667,3352.677903706667,3290.776624426667,3056.98902744,2961.713133973333,3135.4297207199998,3203.0776673066666,3433.612751946667,3272.362286186667,3331.58941552,3264.805042666667,3087.4513649066666,2983.1475656,3169.5518007466667,3260.859530453333,3258.8253508000003,3290.729292266667,3489.950482453333,3540.644455493333,3489.009791093333,3282.15073344,3151.57867112,3664.986153973333,3965.145813706667,3827.699008773333,3731.8790255999997,3472.736835626667,3759.742665813333,4073.83460512,4191.558119813333,3729.31520664,3656.31676144,3541.2068454133328,3479.931668426667,3376.9222466933334,3253.03346856,3508.324044186667,3534.6357285333333,3151.8878175199998,3048.2481820533335,3181.474278746667,3086.77707576,3113.696290186667,3102.62093584,3060.032445333333,3004.4619176799997,3050.169834186667,2901.393264773333,2976.82353784,2983.170679306667,3055.2799690933334,3098.2803938666666,3521.024271813333,3727.8968776533334,3562.175333146667,3914.795804346667,3822.24468192],