{"message":"Aggregated IX data for Brisbane IX","data":{"nServiceId":null,"width":263,"jServiceId":null,"start":1480176300000,"end":1480254900000,"name":"Brisbane IX","in_octets":[],"out_octets":[],"in_bps":[643.7851746933334,519.52808032,540.0074434666667,531.3373245333333,519.65435056,483.7510052,521.5788025333333,501.51664216,451.5007278933333,443.34956664,397.65293207999997,409.01356093333334,491.1135380533333,411.12541727999997,433.29236760000003,428.05332112,428.74930605333327,489.03976349333334,455.3462426666667,477.5148034933333,407.0492771466667,398.73250317333327,444.21261783999995,431.1528015733333,383.770404,463.9391364,426.30653730666666,442.1715402933333,451.76221018666666,486.6832923466667,498.74470869333334,422.72145224,368.8564114933333,421.36475688,412.9832764266667,419.4215736533333,440.9387289066667,447.0371365333333,409.12133295999996,445.7080940533333,435.4893796266667,409.7541850133333,449.63062549333335,462.1340126666667,390.0586752,428.0275398133333,444.2155695466667,413.4423216266667,423.0409874933333,479.74772695999997,433.2581043466667,441.3948432533333,497.40531368,597.37503872,626.2977494666666,606.7082382133334,535.0000392266667,569.5273914933333,571.7225690666668,590.88479624,581.3966104266666,644.0264439733334,634.6578228,653.5004600533334,723.2416532533333,800.2211583466666,770.17477176,798.5563165599999,768.4484538933334,814.5937056266665,772.87438256,760.6695491733334,720.6455949333334,769.8730129866667,889.2848154400001,897.8227173333335,865.9926404533335,850.3330943733334,868.10005432,798.17610744,818.7401850399999,951.1882156266665,887.8070588266665,851.0752930133334,851.6521626933334,897.3962060800001,875.2896697333334,904.64626416,1032.4018814133335,999.901892,947.9652243466666,919.6951294133335,933.8170264266666,956.8219192,996.9824916533335,992.0250833066666,982.43295432,941.5254917333335,946.5230434133334,992.0655925333334,960.0241246133335,1019.7819517866665,1016.15798064,947.7226158666665,969.7463400266665,1043.33228336,1149.71027736,1161.4660326933333,1146.3293567733335,1149.3039911733333,1138.25130384,1130.8703127733336,1113.9815154133335,1120.5260777866665,1097.3832256533335,1203.2272748266666,1263.5063705066666,1204.2458750133335,1213.69656384,1335.3001,1359.3603506666666,1350.6512634133335,1479.0376658399998,1527.9101498666666,1427.2728026133334,1511.5787051733334,1431.1011083466665,1192.5951697333333,1261.8844777866666,1261.3438269600001,1282.2644763199999,1357.8273430133336,1306.4045829333334,1295.0512090666666,1145.8844723733334,1133.2910334133335,1194.6960627466667,1134.0859821066665,1067.84887776,1138.3194656800001,1106.3758730933334,1227.18562672,1266.56632048,1179.2611754666664,1290.03864872,1178.5334118399999,1150.8500915466666,1193.0025100533335,1205.8756845333335,1272.4894444533334,1316.0695021066665,1366.4946487733334,1399.0874617866666,1280.5424872,1316.9256290933336,1334.08458072,1288.4743133066665,1238.3934534666664,1364.8813353866665,1175.2089242933334,1115.6274907733336,1137.5979313066666,1187.7912813599999,1313.8763415733335,1408.4322467466666,1448.0938416533334,1380.99850528,1310.9311140799998,1251.6332492533334,1267.9241422933335,1288.3812848266666,1259.4781137066664,1191.28248344,1197.0311630666665,1360.61684576,1218.62677752,1200.2030923733334,1165.28205752,1161.4006363733336,1176.2412356533334,1241.78615376,1200.65198352,1197.9937001600001,1436.8085452799999,1307.6814249866663,1568.0019518133336,1711.9024800266666,1607.26320984,1523.84371128,1744.0725342133333,1645.7235502933336,1575.7986686400002,1645.39578072,1828.8104499733333,1758.75794424,1672.0041750933335,1536.5117122133333,1468.88123632,1678.2881815733335,1744.0854435466665,1716.5619716266665,1577.2429898933335,1563.60133976,1635.1583310666665,1837.2141167733334,1848.65370704,1688.7576242933335,1867.8108499733335,1773.4241014933334,1521.7483751733334,1429.46959624,1526.0782871733334,1528.2563302933336,1494.3665837333333,1503.52703032,1538.7681159200001,1490.3733473599998,1418.75006856,1410.2221072533334,1461.5187578399998,1351.8008248266665,1491.4688230666666,1520.41774328,1528.2901341333334,1420.35995688,1452.77696552,1479.1265037866667,1462.4384720533335,1337.6943398933333,1254.9882331733334,1204.2291082933336,1051.9119098666665,1151.1172146133335,1143.1032684533334,1150.1187029866664,1110.05119432,1203.7026623733334,1142.9764264266664,1045.6140986133335,1080.8120587466667,1032.2099548533336,1005.4409114133334,1042.8704317066665,1017.4712347466666,1055.1864742666664,1033.4297990933335,1044.8129126133335,1034.1900696,999.9857316266665,1034.9250670666665,979.7476900533334,990.3214956,1009.49108784,974.28028808,887.56533248,788.2061285333334,912.8971865333334,943.4023543999999,841.5603405066665,886.2010943733335,875.4641942933334,672.58899576,672.0414807999999],