{"message":"Aggregated IX data for Brisbane IX","data":{"nServiceId":null,"width":287,"jServiceId":null,"start":1485734700000,"end":1485820500000,"name":"Brisbane IX","in_octets":[],"out_octets":[],"in_bps":[3889.579267226667,3830.681414293333,3651.46884528,4153.0932820533335,4305.55512344,4141.643721066667,3949.413608666667,3909.3756536799997,3582.1790365866673,3414.827546453333,3756.31792144,3592.6941596533334,3655.69250312,3953.26720664,3674.27958096,3389.022079893333,3016.1231518933328,3433.98596168,3815.55861448,3185.553688453333,2933.04934216,2941.0208408266667,2944.836834373333,3154.3249170666672,3172.860475573333,3442.14338912,3285.529365626667,3250.21730784,3414.1154798666666,3502.994139626667,3512.947621546667,3487.183945173333,3429.014418586667,3845.881758453333,3713.2547944000003,3289.3666736799996,3180.3628263466667,3188.920056826667,3009.8669618666668,3190.4889533066666,3088.214211573333,3123.368723493333,3201.5037457333333,3179.4921324,3449.850368026667,3229.12856144,3448.749889253333,3561.619261653333,3515.11489888,3631.4967589866665,3797.4039215733333,3555.307071653333,3500.6002618666666,3219.5190876799998,3442.31310312,3550.340758693333,3256.412530106667,3072.5549157600003,3016.161338826667,3032.418710266667,3113.22271336,2872.6793423733334,2833.80757744,3061.1343574933335,4152.790317706667,3258.071291813333,2865.90696552,2598.7505242933335,2748.0186390133335,2918.1568549866665,2921.9220861599997,2874.2640902666662,2775.2696682933333,2671.133060826666,2556.9381572533334,2455.46539168,2586.9650329866668,2495.46001032,2444.9340568533335,2333.7791604533336,2326.6008647466665,2179.25396008,2838.4303562399996,2688.666761093333,2401.97387936,1998.4592815733336,1948.9366009866665,1953.46434624,1859.1540753866666,1694.4960580266666,1584.06635888,1609.1380632266664,1621.5515776266666,1650.5030328,1700.2590059733334,1623.3472378666665,1954.75997784,1778.5276331733335,1745.34279104,1687.55727688,1723.33075384,1727.2139195999998,1684.8706399466664,1668.30284664,1664.2284544266665,1811.1765482666667,1821.1405475466665,1887.6356885599998,1985.9937611199998,2043.40558232,1991.3737883466665,1986.5512340799999,2012.5141855733334,1957.57565024,1709.31169736,1869.2696791199999,1851.7511940533336,1856.0825364266666,1996.4960809333334,2003.0271170933336,1917.6673077066664,1971.0745527466668,1920.33226272,1778.79891824,1829.11209856,1839.8109404533334,1921.11492912,2059.7211053066667,2041.1441369066665,2014.5854110933335,2029.1528508,2043.2627208266665,2044.5691111733333,1964.0000018666665,1964.5910540799998,1808.1830072,1847.46350352,1918.3555838666666,1871.3863726133334,1962.8823432000002,2046.6120168266666,2296.3554739466667,2194.1759572533338,1971.92003248,1726.6811810933334,1958.2371546933334,2139.8582218666666,1977.6725495733335,1889.8496556266666,1695.90877816,1604.9676080266665,1596.2086180266667,1347.1775663199999,1471.9894883466666,1308.3486117066664,1084.2283004,1081.6711309866664,981.94687272,1083.5688404266666,1680.2462099733334,1407.4026438666665,1309.21242384,1279.2177271199998,1213.76130632,1141.9146527733335,1041.62882088,962.6130094666665,897.8640007733335,987.3352260800001,965.4880766666665,942.5448448,930.2805453866665,885.3743996266666,896.7668245866665,836.3474733066666,786.99896048,827.0557793333335,818.468536,775.28100192,707.0136147999999,714.22649768,663.86861072,569.9910712266667,590.85308272,636.5358138400001,593.6267056533334,582.73226176,570.3141609333333,626.0088270933334,573.65805224,524.7570490933333,557.0084462933332,560.0854885599999,519.7285931466668,526.9470057333333,522.2066717866667,582.6583859466666,556.3868905066666,501.91441506666666,460.65887938666674,478.3665759466667,459.13862757333334,454.56040045333333,480.2343866133333,512.5732309333333,437.1319933866667,417.34970992,416.1257802666667,430.67448912000003,431.4318194133333,376.99045208,434.17472527999996,465.27866749333333,549.740476,606.1403137066666,726.8193449066666,744.9332151466666,744.2428549866667,686.4516056533334,635.11442896,571.4959065066666,541.1314752533333,551.7720171733333,539.8465802133334,549.7108674933334,490.82539696,466.0498988266667,503.4025282666667,537.9873573866666,517.770028,534.4112717066668,503.61514954666666,487.1599454133333,581.32375072,695.44267584,634.20855912,584.1698160266667,633.9019533333334,588.0040377333333,649.37237464,721.9811130933334,755.9350719466667,762.7522678933334,766.7537750666665,798.7487330666667,828.1057591733334,838.9846355733334,934.7737704533334,1014.88546816,1015.8629681066666,1074.4132042666668,1196.2966462933334,1227.9329084266665,1648.80118656,1679.74710504,1649.3556704,1738.9907228,1714.3248055733336,1876.15763776,2126.556238506667,2219.4700797866662,2302.811472133333,2510.85317304,2586.601229573333,2689.5761522933335,3352.4947918400003,3234.911515973333,3196.4311188,3381.656496373333,3252.07134672,3346.5909808,3468.40005976,3144.7612902133333,3110.50186248,3438.440100346667,3277.383573893333,3418.711843706667,3595.093951786667,3673.067744826667,3613.875944826667,3296.665297013333,3205.31423256,3368.17184336,3363.8811850133334,3426.4140564,3364.02165696,3574.737665786667],