{"message":"Aggregated IX data for Brisbane IX","data":{"nServiceId":null,"width":287,"jServiceId":null,"start":1491465900000,"end":1491551700000,"name":"Brisbane IX","in_octets":[],"out_octets":[],"in_bps":[2802.63613296,2770.298095493333,2855.84210712,2852.7401541066665,2843.04418488,2756.953735546667,2943.7223858400002,3043.3670574400003,3065.4443000799997,2997.407283973333,3135.971942586667,3115.6959683466666,3367.104450826667,4199.00236528,4226.264384453333,4369.3939868,4351.9293202399995,4452.07595408,4527.08834784,3769.095018533333,3311.549332666667,3189.3043349866666,3267.32143376,3316.7736949066666,3045.167468933333,3522.3822276533333,4022.8779580266673,4166.512865973333,4218.3448964,4246.83437032,4323.922600933333,3678.043159333333,3514.614199493333,3438.9736665066666,3315.0711381866668,3169.1694296799997,3057.66630064,3349.9185096,3787.353033066667,3403.640976986667,2872.4821968,2968.987973386667,2881.8978056799997,2743.889674026667,2676.559953866667,2674.7246932533335,2704.76256712,2451.1244509333333,2323.2447153066664,2318.4174468266665,2265.1047516533336,2283.70943568,2110.96711504,2053.4835018666668,2039.0442201333335,2009.9164865066666,1988.0398244266664,2282.5457591199997,2526.677512,1887.8404089866665,1885.2158616,1863.55004152,1857.1849471466664,1774.17030312,1641.8071555733336,1592.26827288,1501.2372337333334,1450.1092984533334,1286.0435622666666,1313.0735903733334,1373.4163926933334,1393.4918528266667,1560.6662785066667,1510.6569626133335,1369.3970489866665,1325.3302777866666,1318.2740364,1206.7264069333335,1176.58539896,1170.7717876533334,1185.96257056,1129.3756977866667,939.7912890933335,1030.93516432,1087.9592504533334,1161.8375141866666,966.2332466933334,947.2811742933334,976.5022192266666,931.3849067733335,943.0795985866666,809.0078807733335,799.8628205599999,823.1684187466666,820.3492212000001,819.4773030933335,832.5134930933335,826.2179026666665,816.3640432266666,766.4062623733333,814.0868651733334,742.4740032266666,765.7051001333333,680.7821760533334,643.7418388533333,694.7559137866666,789.11405088,766.7454357333334,874.9329523733335,832.1095076533335,737.0774660266667,781.5066308533334,873.8748278400001,843.7417939733335,870.79722672,787.7560161866666,862.1420289333334,910.554828,961.8104057333335,931.6083274133334,855.1625070933335,964.25669952,958.3893310933335,829.17854768,792.8331147733335,891.3167772,863.8013002666665,836.7977665599999,839.7351246933334,1011.1808583999999,1006.3510746133335,921.9208145599999,972.0579801066666,1043.9474489066665,1166.82229968,1206.38040744,1280.9178010133335,1316.5758177333335,1149.4739194933334,1099.7109306666664,1060.5578444533335,1082.3136519733334,1027.7347840533334,947.6437791733334,956.0401204,1003.3840322133335,1120.5494033333334,1160.5882745066667,1116.6366409333334,1094.6540311733334,1188.4785170933335,1343.0631448266665,1256.1400036266666,1483.1982192533333,1482.9665421333334,1501.9764531199999,1518.8438778933335,1572.28507576,1558.4098104000002,1611.39004112,1703.4424143733333,1695.10967936,1747.4018330933334,1825.1607502133334,1917.8805253066666,1964.0515746133335,2159.47853776,2436.592175866667,2761.6404818133337,2413.4047842399996,2586.75730064,2594.803623893333,2795.5191600266667,2928.9826069866667,2922.90027024,3032.740929973333,3195.05439608,3199.2559790933333,3309.819737226667,3391.518921546667,3385.1645587733333,3492.2263505333335,3414.2830810933333,3292.84334416,3339.931229146667,3240.705190933333,3375.465191146667,3023.020460213333,3122.224851413333,3219.456152693333,3369.6264737600004,3336.360379546667,3714.7613251999996,3405.180418933333,3310.24819792,3312.586282773333,3310.5298484533328,3244.412551893333,3146.38866008,3246.12956704,3310.658225733333,3499.6321808000002,3375.508054266667,3524.068382693333,3514.4184909866667,3307.04864008,3235.7676200533333,3302.781022746667,3418.831818213333,3427.10799208,3488.13964568,3378.837163626667,3450.0787351199997,3552.350879813333,3463.10253384,3392.881225333333,3577.961254133333,3587.553559333333,3339.898588266667,3142.0012590933334,3273.885383946667,3257.913415573333,3446.588719066667,3440.12656704,3508.036548826667,3424.06135344,3179.851761866667,3390.4434465333334,3443.923295973333,3259.6196769866665,3281.56604728,3451.994790986667,3576.799391013333,3427.98071472,3375.52454584,3357.6619820533333,3595.55204672,3612.32662,3249.311184773333,3305.1760931199997,3300.6056154933335,3357.70308504,3294.77756216,3395.501382026667,3374.7365309066668,3467.9611506933334,3447.8145031199997,3411.4681601066673,3528.23393992,3592.121339893333,3652.437823946667,3697.618404773333,3500.70217224,4163.08823896,5135.817800373333,5325.494681466667,5313.3866283199995,5217.1696497600005,4701.683715466667,3711.819979973333,3674.6457941333333,3411.776532933333,3458.911557013333,3540.4789737600004,3768.225635946667,3447.6698729866666,3298.5118881333333,3217.500683813333,3379.71687608,3116.872175973333,3049.327472106667,3220.3760075733335,3466.142232133333,3274.80027104,3214.372878693333,3127.14569488,3041.930002266667,3086.6124751999996,3285.130862773333,2937.708327626667,2995.374817333333,3153.482594,3531.881167413333,3484.94377696,3397.1709540533334,3179.64281048,3211.932586826667],