{"message":"Aggregated IX data for Brisbane IX","data":{"nServiceId":null,"width":287,"jServiceId":null,"start":1479643500000,"end":1479729300000,"name":"Brisbane IX","in_octets":[],"out_octets":[],"in_bps":[938.7740770666666,885.2300209066665,853.03206816,965.3933134933335,1004.0736726933334,961.9142702400001,925.32362768,861.17794536,817.1055401866666,822.3037228266666,733.618276,715.7787325333334,778.2058588533333,785.3371305333334,771.6814789066666,734.1740404533334,727.0214972266666,722.28033104,684.5991446133334,637.3716128266666,606.38184472,683.3665128266666,603.2144534666666,624.1650772,682.43078064,685.0656421866667,736.6962658133334,679.9106497066666,658.5215760266666,624.4027759733334,614.6343792266666,591.0984399466666,583.2214473333333,577.2372262666667,591.6990664533333,576.89645816,529.55813704,472.86359405333326,506.5891560266667,482.73560752,464.9021165866667,393.23803181333335,389.17221162666664,365.7896826133333,398.61990312,368.87451760000005,389.32533216,350.83418839999996,368.91887383999995,342.14564749333334,359.44952450666665,386.56362482666674,328.78803248,342.32040104000004,375.8166478933333,391.83627749333334,352.5516612,384.64912984,423.76935098666667,389.3221729066667,424.9905147466667,437.79956319999997,390.8286113066667,342.90536048,415.79254936,388.63443272,381.7453185333333,367.77828712,359.4616321866667,334.86983896,349.59378144,321.32013904,324.3468178666667,335.3884706933333,369.1538622133333,347.4172787733333,333.3099709333333,362.33990888,345.57817237333336,357.66300250666666,395.05823512,425.41672781333335,443.22890784,429.0243683466667,481.3108321066667,506.6813058133333,495.2717978933333,489.7872891733333,441.80052674666666,433.53357893333333,456.4919368266667,546.65978888,484.06039437333334,508.25164386666665,517.6857048266667,518.34921344,539.4055203466667,560.3967932533334,631.3938383733333,596.8109346933334,613.7154619733334,730.41037864,652.8090940533334,680.7241386133334,772.5022805066667,828.4281520533334,782.9411086933334,816.9576002933334,938.6642206666666,1026.85976888,1030.1005436,1081.83641416,1146.4741186133335,1216.4750940533336,1317.5652549333333,1396.24627088,1465.5831208533334,1547.4673334133333,1613.1753494933334,1778.0163869066664,1894.95504824,1858.6572119733335,2019.61595392,2004.2458418933334,1873.53715552,1985.5641843466665,2278.45758488,2260.0776076266666,2139.9314592,2122.3921091466664,2211.9674278400003,2561.1672567733335,2557.3246784000003,2610.7699224266667,2553.54479616,2422.3158234666666,3225.2795758666666,2614.1539153333333,2608.760315573333,2805.58709672,2721.086546213334,2648.6118527733333,2441.69750952,2543.2935161866667,2615.55697584,2348.57875512,2422.7505351466666,2395.38648312,2562.392460213334,2666.3803218666667,2511.0350708533333,2609.310766,2593.801308693334,2625.348597386667,2473.4994746666666,2390.0128477866665,2234.8008182666663,2039.7457603466667,2072.60119936,2187.76980048,2173.5598421866666,2193.441452026667,2250.5793023466663,2119.2210325866668,2329.7370350933334,2561.11792016,2490.3308222399996,2758.8277750133334,2744.54096904,2652.777497466667,2652.032718613333,2430.62336672,2553.7410288266665,2313.6010334933335,2304.3742746933335,2812.53530944,2546.692598453333,2560.4197305866664,2852.805329386667,2761.2120752266665,2438.16830792,2456.3566148,2506.882756213334,2553.0062242933336,2402.4925608533335,2391.1657270933333,2454.241996,2477.074526106667,2326.9802766666667,2248.8509402666664,2310.1560655466665,2706.9439601333333,2840.1728400266666,2717.9519172533337,2486.11893632,2453.5698137333334,2721.2580516533335,2644.0022437866664,2353.38154656,2452.55818992,2500.9600844533334,2668.29968608,2153.8775734133333,2170.498219466667,2122.2462216533336,2042.68553152,1836.7324987733336,2035.1421064533333,1976.01174832,1943.0555557066664,2188.7212316,2185.6054326666667,2146.314775253333,2116.9190714133333,2197.930007066667,2271.0810198933336,2255.0375220266665,2186.2413132533334,2002.7088893333334,1955.0826906933335,1976.1844392266664,2025.2929635466667,2053.5381191733336,2074.2929153866667,2012.67360192,1912.1894287733335,1809.0376559200001,1838.3507502133334,1721.7525095733336,1601.8519313066665,1734.1384964533333,1865.9113872799999,1812.5667677333333,1868.6086741333334,1559.2010337866666,1530.5221219466664,1547.2832172533333,1494.1320508533336,1332.93333472,1510.3442785066666,1490.5741230666665,1441.3115429066665,1369.6554365333336,1575.1587054133333,1396.9418216,1495.9473953333336,1489.2096478666665,1476.45731752,1582.6241248533336,1508.92044008,1507.2623400799998,1579.6675154933334,1433.2084693066665,1626.0155883466666,1498.3284526933335,1541.4923441066667,1404.0063449066665,1412.3620348533334,1413.3922437066665,1405.9362854400001,1435.8302816533335,1459.0357422933334,1471.8593915733336,1360.7958286933333,1356.7306578933335,1284.8832162133333,1321.6945420266666,1249.8533681866666,1267.8156857066665,1287.6534199466664,1251.8966722133334,1239.44709272,1265.34212544,1291.9407467466667,1225.8012098666666,1245.16937744,1362.9378561066665,1300.3886622666666,1297.0067856800001,1351.5848929066665,1336.6107464533334,1202.7333273066665,1142.8984245866666,1194.37856488,1263.90005064,1206.4618982133334,1084.5337120266665],