{"message":"Aggregated IX data for Brisbane IX","data":{"nServiceId":null,"width":214,"jServiceId":null,"start":1501963500000,"end":1502027400000,"name":"Brisbane IX","in_octets":[],"out_octets":[],"in_bps":[1659.3802750933335,1578.95194552,1445.7047382666667,1679.6955293866665,1502.5320955733334,1395.5680539466664,1400.8194821333334,1496.49168168,1593.6865414666665,1943.0832378133334,2396.4556057066666,2415.1768705066665,1762.20195424,2073.2303333333334,2196.2783868,2402.5421593066662,2724.5545925066667,2791.4603854133334,2730.2184463466665,2902.1120591199997,2424.9547606133333,2260.1602545333335,2233.5299682666664,1988.7279213333336,2131.5247681066667,2625.80991536,2568.842574133333,2846.6342913333333,2311.13546288,2307.115568933333,2976.84670392,3301.03662864,3159.99234808,2832.30441664,2846.6579547733336,2766.88467528,2792.8833436533337,2825.3537641333332,2679.535686933333,2757.3419189333335,3140.673209493333,3677.47680136,3866.9371745066665,3519.5754036,3459.634625226667,3763.0139310666673,3815.9892645333334,3828.697748933333,3474.02114872,3398.6099156799996,3051.593817893333,3919.899162373333,3987.191794106667,3508.6593505333335,4021.271089386667,4291.12360008,3788.2439772800003,3665.266491173333,3986.8670600533333,3600.066820853333,3991.679984293333,3912.618329413333,4101.061703786667,3467.13762704,3749.358714746667,3803.4349644266667,3270.6367503466668,3129.11696296,3039.470082373333,3240.134074586667,3277.1656860533335,3490.2594762666668,3235.912933733333,3759.43805392,3731.3081600533333,3698.91571744,3476.982854186667,4316.37774112,4719.546462213333,4355.639911146666,3997.703475626667,3689.822305733333,3304.949609226667,3876.32508056,3580.3588801866667,4266.526838719999,4296.876354133333,3578.9205408000003,3895.2757477866667,4313.715084906667,4224.546087626667,3485.773136586667,3405.87958992,3504.359932613333,3655.186413866667,3930.573278586667,3594.340609973333,4296.158316533333,3714.9693138400003,3401.322256666667,3989.432992106667,4001.9255350133335,3661.130408853333,4092.0761555733334,4010.05685152,3983.376980186667,4201.689580506667,4738.87001032,4439.022397253333,4129.4049347733335,4212.83992576,4378.231610906667,4314.316630586667,4483.579592346668,4029.853828106667,3996.5805594933336,4016.762757866667,4090.8987096,4052.007869973333,4424.162777653332,4203.332894293333,3676.87099832,3787.883236746667,4224.087776693334,4444.401087439999,4447.310921626667,4292.187557386666,4314.757655813333,4477.920325733334,4777.628416346667,4549.306377706667,4181.343492773333,4260.71489688,4531.968542533333,4129.7745329066665,4280.412362373333,4840.868078106667,4631.1903585066675,4303.953429093333,4010.382115866667,4094.7196335733333,4130.6239790399995,3978.9856195466673,4059.830325173333,4316.92303688,4538.374075199999,4642.52757568,4157.117493973333,3915.0916996799997,4050.58442648,3693.4587800266672,3541.354169653333,3531.397652586667,3651.513314346667,3998.8014154400003,4053.51978656,4258.3593937333335,4498.362433253333,4322.448286826667,4274.646054853333,3911.6732638400003,3765.60392904,4057.111803146667,4172.136653466667,3798.445675786667,4210.145013173334,3994.100474906667,4033.812173173333,4015.893573066667,3912.44646584,3897.800604826667,4008.160091413333,4226.047882666667,3883.818068506667,3934.03133904,4197.343393973333,3976.5778985066668,3932.4649457866667,3901.33317744,3903.652622213333,3962.7359526933333,4077.8640482399996,4144.80190304,4321.929994986666,4372.61028168,4363.445805733333,3955.36212696,4227.501361626667,4382.212417386667,4162.841863173333,3489.422940453333,3442.45081944,3196.981461226667,3301.36539888,4178.024801760001,3815.231903786667,3936.764104373333,3968.933694666667,3753.337478106667,3706.1387945066667,3661.913603706667,3578.765119733333,3566.878652906667,3835.7146970133335,3150.9442965333333,2780.975947866667,2840.6895853866667,2802.2123471466666,3447.052432106667,3484.6980474666666,2822.08259952,3078.8363311733333,2531.0342772800004,2829.8590137066662],"out_bps":[1542.7051019733333,1411.9994094400001,1667.4470774400002,1436.3119552,1376.9834378399999,1367.2217421866665,1471.2806076533334,1546.35462984,1950.6205988,2357.29889672,2384.32810592,1727.8234100266666,2065.4271781866664,2161.5324761866664,2381.7534378933333,2711.2454364,2745.21080344,2710.51211912,2851.5940308533336,2351.013982026667,2232.2870524,2203.9939014933334,1951.7193298133336,2100.3544666933335,2626.97288016,2559.4568668266666,2820.0703581333332,2284.6699242399995,2314.80147832,2950.178357413333,3298.1340794666667,3107.273737013333,2809.5205337866664,2844.53122328,2737.5713794933336,2759.7738107466666,2803.9470684533335,2650.7270884,2727.4480028000003,3134.411928533333,3671.121415493333,3829.796759973333,3464.370738026667,3450.22305984,3739.6197416,3768.5414518400003,3792.7937870933333,3439.07803,3359.54838784,3052.555673973333,3902.83566592,3975.780340773333,3448.2490930666672,3997.54462056,4188.53612376,3710.5069476,3649.0979574666667,3954.05404616,3556.7405616533333,4010.38077072,3886.8530139466666,4087.4579716,3424.667967333333,3737.4579094933333,3762.7766174933336,3242.61226944,3117.0610364,2990.934543413333,3229.3018277866668,3253.22166848,3475.424939973333,3233.58644288,3800.127492186667,3669.69093344,3684.79072672,3466.208799226667,4312.8972142933335,4688.817664453333,4270.11190552,3972.738951546667,3638.5841189866665,3293.0488749866668,3823.653950186667,3512.4020956,4240.328550826667,4257.23920016,3477.0934171733334,3908.2651152800004,4278.106007146667,4108.149829306667,3457.1415836799997,3363.949069733333,3477.1127748266667,3648.136774506667,3879.05077224,3574.42498712,4267.643719626667,3676.484227866667,3382.749847253333,3993.48576392,4002.624795546667,3651.7370001599998,4032.596486853333,4004.2376977333333,3965.2127676799996,4202.964967946667,4698.581759706667,4422.39285584,4083.2422192800004,4225.575083466667,4338.141630986666,4301.1914584,4407.441405626667,4000.8831367199996,3983.00854032,3994.0524007199997,4075.146515893333,4041.184084933333,4372.297232933333,4108.2325157333335,3607.188732853333,3747.1647761333334,4139.20951544,4376.9631980799995,4360.088502133333,4273.039426746667,4258.569179306667,4469.838919866666,4746.405471520001,4524.20238128,4094.1389045333335,4207.023822426667,4516.101767173333,4060.84901016,4213.14498424,4862.3347988000005,4552.111494106666,4209.033759093333,3986.137697466667,4044.466669013333,4100.7802436,3954.29410208,3996.5071455466673,4276.82422752,4508.9844712799995,4612.658338506667,4100.923605706667,3853.4412691733332,4030.897654,3649.18240896,3485.561503013333,3499.2592455999998,3641.4372485599997,3925.202407173333,4026.94384712,4212.2818972,4442.361926693333,4299.366573466667,4191.904862826666,3872.4399066133333,3715.88405072,4055.860954106667,4113.722951333333,3794.394175146667,4181.125751786667,4001.1819668266667,4012.1806684000003,4030.069402586667,3893.920561146667,3863.998679066667,3943.4200492,4201.83228728,3820.1280203200004,3899.9793278666666,4178.524002586667,3948.308966853333,3894.566033786667,3862.135949146667,3844.445495893333,4005.21099672,4065.1629339733327,4152.434203866666,4268.890103946666,4340.72017656,4331.816538453333,3914.811895653333,4276.4793025866675,4307.916604853333,4162.652973253333,3477.0836802666668,3423.3844405066666,3246.7340634666666,3272.37969536,4136.552567413333,3869.3584866133333,4132.424578746667,4028.7780605333332,3738.3793867199997,3734.5016556,3662.80771248,3632.1173982399996,3849.701449546667,4027.2738896799997,3268.77029864,2817.506509093333,2910.304679146667,2835.7987906666667,3500.571547786667,3471.061720026667,2852.459970613333,3210.153857066667,2625.6019206133333,2889.552948186667,2852.6321401866667],"in_packets":[],"out_packets":[],"in_errors":[],"out_errors":[]}}