{"message":"Aggregated IX data for Brisbane IX","data":{"nServiceId":null,"width":287,"jServiceId":null,"start":1502078700000,"end":1502164500000,"name":"Brisbane IX","in_octets":[],"out_octets":[],"in_bps":[6717.629100213334,6881.7078412266665,7369.469227013334,7011.8131376,6724.95065096,6918.7655543733335,6865.52430536,7001.878944053335,7083.00522608,6514.25329976,6550.376148106667,6539.32466184,6411.8926077333335,6612.148021173334,6637.45582768,6106.838751013333,5808.543693279999,6049.467932346666,6021.888735013334,5862.22421912,5918.356773413334,6271.99753936,6037.6752708,6242.6935384533335,6109.306267573334,6461.330564479999,6422.4868792,5874.194021706666,5950.806222746666,5357.142144560001,5102.3322390133335,5867.650168346667,5339.995242826667,5494.55968896,5892.19543488,5860.18385936,5346.543614560001,4637.847116213333,4889.270925706667,5396.699479333333,5439.491013520001,5078.456583706667,4820.95346088,5211.267421866667,4743.965938053333,5161.1626407466665,5119.9033040799995,4957.27539472,5831.095261866666,5534.2316757866665,5561.0541656000005,5637.4619985866675,4926.442475173333,4862.65764128,5346.881238853333,4554.63906184,4526.862779813334,4542.095686666667,4536.370039733333,4512.943505146666,4570.04618328,5061.32710664,4662.260379413333,4719.985522106666,5111.5004514133325,4691.226083226667,4555.7940546400005,4539.0679476800005,4537.58725288,4677.956885946667,4693.50916184,4846.742045813334,5029.901962800001,4839.293210373333,4913.478934026667,4626.769731626667,4474.448031066667,4408.351718346667,4450.682675573333,4552.1893551466665,4293.945522186667,4237.83855208,4246.79018008,4138.795994666667,4045.86159632,3720.78849488,3717.841881306667,3807.9425808,3850.5733872533333,3975.342050666667,3971.107335706667,3982.4695884266666,3727.210527253333,4071.08069016,4581.691489600001,4203.278495226667,3951.574240106667,4090.524752106667,4123.374554426667,3724.622922266667,3665.111653226667,4350.28138896,4256.493568613333,4026.1575640799997,4361.412478560001,4208.377877306667,3568.25494544,4089.237647573333,3971.639075466667,3584.99872408,2971.960552453333,3165.889848666667,3827.496171066667,3319.7966876799996,3781.73988792,3728.66441056,3436.85650472,3327.768163413333,2660.0114533600004,2446.566565466667,2498.37035904,2751.9203930133335,2342.6503187466665,2421.5014868000003,2308.76517656,2118.45640968,1944.3876148533334,2015.5788305066667,2699.9076923466664,2608.0436077866666,1842.5525737333332,1697.2496986400001,1797.1966210933335,2712.358910133333,2399.1856712,2326.8387967466665,2273.6459070133333,2179.7797633600003,2042.08056952,1607.0769642666667,1450.6567518666666,1323.0474130133337,1307.6241488,1208.6162659733334,1363.66540976,1826.6899817866665,1344.0022377066664,1427.45266672,1511.5231986666665,1417.5617114133333,1544.9859305066666,1683.77298128,1449.02009224,1242.9064292,1444.2272793066666,1566.1822159466665,1669.5893404533333,1759.6196026133334,1599.0061577333333,1293.06046592,1289.696846,1361.5148334933333,1388.4422702933334,1369.5795077866667,1530.7487640533336,1399.8354340533335,1325.00495432,1493.77474224,1486.3784929066665,1205.3348657866666,1090.95712528,1171.7090638666666,1067.0744789866665,1198.8757765599998,1126.2854970399999,1351.4855503733334,1414.24168672,1121.62514728,1066.8821874133334,1109.6831187466667,1167.0582137333333,1335.8277693866664,1435.60452896,1205.3037226133335,1169.2271560266665,1180.9603281333334,1251.4880241600001,1179.3066264533334,1212.4970100266667,1325.6707286133335,1328.19954592,1272.4936643466665,1452.8564322133334,1405.77325712,1377.7914281600001,1500.9581409333334,1544.4851407466667,1653.6076021333336,2018.4496847466667,1880.5562077333334,1802.5004180533335,2038.59681736,2202.6941375466668,2409.0029626666665,2490.0653308,2499.6050897333334,2630.489961946667,2743.395690133333,2920.8649844266665,3359.8112188,3552.615190373333,3723.6984445333333,3931.7209149066666,4070.2316482399997,4558.985600693332,4804.160295706667,5328.370077279999,5585.302936453333,5467.81102984,5674.41813272,5725.300957813333,5896.207369013333,6136.149224026667,6252.741028053334,6183.252606613334,6358.46182744,6333.278428933333,6363.179992293334,6680.71578168,7173.441386213334,7124.621684373334,6741.241075626666,7375.674146266667,7236.305136933333,7009.756501600001,6803.48128304,6956.438601306666,6814.44126608,7082.892043253334,6854.834499786666,7156.00941016,7176.156345466667,6860.409913786666,7261.6195554666665,7118.98758992,6871.955288053334,7018.605760213334,6798.377830933334,6470.505418266666,6493.659945626666,6442.187048773333,6836.360754053334,6799.882680613334,6849.935600906666,6280.046477466666,6328.562348186667,6305.392919466666,6034.660299786666,5980.031533226666,6188.601726266666,6131.493177306666,6214.449987573334,6346.960138373334,6369.068393706666,6409.095740933333,6295.641888986666,6439.7127554399995,6505.306674506666,6585.4372246133335,6658.685113333334,6903.252791333334,7390.466446426666,7179.390015386666,7342.011487626666,6462.95411328,6553.273631973333,6553.025632479999,6619.625803386666,6522.538079946666,6407.890295706666,6410.5409940533345,6282.131453573334,6494.7736944533335,6406.047009093334,5805.727466560001,5875.427558426666,6001.5249896800005],