{"message":"Aggregated IX data for Brisbane IX","data":{"nServiceId":null,"width":287,"jServiceId":null,"start":1476317100000,"end":1476402900000,"name":"Brisbane IX","in_octets":[],"out_octets":[],"in_bps":[3664.19297264,3283.82222624,3095.301250053333,2898.542196053333,3056.53250952,3061.7150144266666,2857.0739759733333,2816.1250319733335,2932.546677146667,3364.437744186667,2966.35306304,3129.429310266667,2816.9408183200003,2790.3563661599997,2908.537923573333,2748.9823524000003,2836.9363801066665,2672.6286864533336,2835.9052246666665,2773.13279792,2712.8346756,2864.5967093066665,2763.157193306666,2876.0235713333336,3435.04068232,2868.0102029333334,3231.4903646133334,2958.4556481333334,3095.592494533333,2934.1240181333333,2916.556997706667,3051.230990186667,2938.8204192,2852.39248488,2954.46320288,2980.48933832,3024.1480802399997,2852.692467093333,2631.6923027199996,2615.690966693334,2800.0342405066667,2778.1721041866663,2821.4433902666665,2548.0884273333336,2481.1640127466662,2602.45292976,2688.0737445866666,2781.8796882399997,2892.66906952,3138.2515618400002,2821.806022133333,2705.0941354133333,2551.8543767466663,2464.8753474933333,2786.830956426667,2791.51064248,2846.01174656,2629.5544146933335,2591.6082174133335,2506.90480472,2481.79602464,2516.7123473333336,2432.06672552,2494.2579873600002,2443.5641337333336,2248.146340133333,2188.93395272,2015.7677579733333,2044.30567344,2075.49384336,2025.49692592,2090.0161872,2213.1362400533335,2413.191037466667,2226.1854993066663,2192.44797616,2205.35988112,2026.3508632,2039.0561087466667,2098.67519344,2208.0732053333336,2187.37021592,2182.0525859466666,2112.9734505333336,1942.70494544,2151.4092703466663,1874.7333589866664,1876.8878984266664,1816.2796176266665,1778.3902035733336,2015.93157336,1982.3013920266667,1890.2392309066665,1829.6469467733336,1829.89406152,1844.4045035466665,1864.1997522666666,1813.1825510666665,1677.18503648,1810.3292750133335,2033.55739952,2048.6604694133334,1807.2722299466666,1818.2729253866664,1782.9858937866666,1787.1275556266664,1798.5674897866666,1721.9502912,1752.8630532266664,1744.6110813333335,2001.7635009866665,1890.6312172533333,1697.2785684266664,1714.6069412266665,1841.3599947466666,1952.3999137066664,1954.1324309066665,1938.88854376,1843.26403848,1856.2365664000001,1761.42899368,1746.61326216,1771.8154129866664,1749.1354755733335,1807.2774961866664,1703.9391753599998,1683.7170212533333,1659.6351906666664,1681.7287768800002,1705.9053648533334,1709.68011048,1684.3392159466664,1750.2587700266668,1648.1146676266665,1720.9020125066666,1591.4784292266665,1672.6945332799999,1679.7802201866664,1714.64988048,1713.9793311466665,1752.8782207466666,1720.93992696,1624.37476672,1557.37013032,1469.2389553066666,1517.4141522666666,1490.00608832,1455.7739739466665,1422.6746042666666,1435.2188183466665,1469.2179894933333,1455.50299816,1251.41567904,1204.1116893333335,1110.7650981333334,1041.55413928,1071.1010634666666,1092.03112552,1023.54076496,997.08638624,895.9101771466666,848.83039336,763.8014376266667,793.4526145066667,778.5664374933333,813.5742675466665,695.8507447466667,685.1600598133334,854.13662904,831.0684574933334,742.9828745599999,736.9442743999999,677.82341464,668.88802656,643.1523295733334,620.5758542933335,582.7850033333334,551.6022492266667,514.8843658933333,528.3121368266667,557.08616504,529.42664448,592.15153976,617.87986232,555.1357536533333,551.9930516799999,530.7936564,486.22695264,510.13285,521.73637544,488.2058412266667,470.18812576,448.95458768000003,495.087524,466.85584056,426.4952154933333,407.9350809066667,406.3724537333333,431.9892325333333,420.7131174666667,382.1995991733333,359.5793182133333,372.1640100533333,382.9979313866667,439.66676117333327,371.68837168,409.0737981066667,402.0027949866667,346.2562225866667,391.0824862133333,394.35254824000003,363.80505927999997,384.2975837333333,397.4295310933333,444.27060432,462.05080383999996,387.2149968,402.7277726133333,451.08265384,411.6867963733333,451.95864136,439.9719290933333,440.07318056,467.34043656,483.6869493866667,500.85356704000003,479.1929736266667,466.3070621333333,480.3108975466667,432.92221552,465.5789701066667,420.22096072000005,417.87537727999995,519.8492350133333,610.3920580533334,571.9608540266667,545.97819264,574.1312999466667,629.6073188533334,687.15660584,721.7898561066665,845.4221041333334,856.02716936,739.5637780533334,880.4167218933335,862.5034193600001,915.1777641599999,943.11377272,977.1447885866666,1006.8220037866665,980.4240194933335,987.7647448533335,1042.5978288533336,1160.2329746933333,1116.02409984,1117.060348,1266.8486205066667,1450.0329878399998,1409.9232249333334,1442.2117285866666,1488.1281703466666,1493.590158,1619.8532830666666,1947.0252102666666,2069.41924096,2020.6737161600001,1951.0176924533334,1974.1425551733334,2251.1901199733334,2407.0553258133336,2346.629706746666,2379.9501948266666,2240.986521093333,2367.5139801866667,2487.3904137866666,2932.257734426667,2975.8542840533332,2598.267087466667,2781.8110557066666,2775.4379739733336,2638.49295848,3242.70913832,2875.5206690933333,2637.98418136,2509.86941104,2651.0502836266664,2722.82253912],