{"message":"Aggregated IX data for Brisbane IX","data":{"nServiceId":null,"width":261,"jServiceId":null,"start":1488297900000,"end":1488376500000,"name":"Brisbane IX","in_octets":[],"out_octets":[],"in_bps":[1189.1473706666666,1103.0971517066664,1063.3357486133334,1003.0703421066665,1068.17388792,1072.8100217866665,1016.00193848,953.46871816,934.10664216,1594.0402154133335,2047.1117206666665,2050.3517932,1929.4647175466666,1603.5877356266665,1417.0881677066666,1371.5083905333336,1278.8338488533334,1727.0597597866665,1773.4829486400001,1700.75804608,1608.7559569066666,1919.6245467466667,1775.5012619466665,1968.9859974666665,2000.42104016,1819.60318368,1745.04567616,2110.25591984,2286.1403249333334,2111.2837217066663,2042.2672990666665,1839.9683173866665,1573.19825896,1490.96720704,1357.1428954133335,1465.0687068,2384.383986,2632.14098632,2830.240726026667,2950.530087493333,2899.01653784,2849.8260818666668,2966.428264986667,3076.8501287199997,3039.036956693333,2926.1888731733334,3104.244406293333,2834.353046746666,2578.650768053333,2221.9704309866665,2126.3050073333334,2271.86015944,2182.3778601333333,2119.7981083199998,2197.4614832800003,2100.5205117333335,2152.89107928,2119.2816243466664,2280.9169100266668,2431.5521659733336,2271.0743029333335,2270.986755573333,2574.3019868,2691.01685088,2815.3329344533336,2878.3875573866667,2827.65291648,3021.6516434133327,3000.239065946667,2975.872427973333,3253.012902746667,4001.1194943466667,4463.365723946667,4399.08645296,3792.05010464,3784.03792,4059.14667856,4419.395708906667,4379.10149128,4706.34272664,4714.744444800001,4471.73024976,4526.645972773334,4728.62582392,4948.59211976,5217.41964192,5369.470617173333,5197.4154016,5307.68584184,5895.610006213334,5213.423704453333,5319.282877279999,4865.17416424,5554.727274186666,5457.611457413333,5251.630570560001,5013.794002426667,5227.112861493333,4876.6613303466675,5045.58461608,4651.715845413333,5662.741475866666,5813.689557413334,5369.46288672,4832.067845066666,4560.8909028,4934.226193333333,5793.82514936,4952.530748,4632.855034133333,4530.197468773334,4664.802838346667,4343.67238328,4105.484603493333,4459.782440053334,4303.573989359999,4664.236751706667,4649.38195712,4630.247131306667,5136.963109413333,5023.879560826666,5893.441805253334,5976.537862933334,6187.926304106667,5378.897961333333,5607.653318186666,5231.363332026666,5182.60074792,4633.031722613333,4770.803645653333,5604.983045306667,5300.224697733333,5185.826686933334,4917.817092186667,4857.911713466668,4633.827256293333,4450.5537191466665,4421.6347129333335,4651.64313776,4426.03766008,4391.795357013333,4778.1523155466675,5024.27683856,4867.327047493332,4869.063637493333,5182.370976,5211.441392026667,5044.41792032,5214.273357466667,5600.364361520001,5189.670080293333,5100.32162704,4674.419884479999,4329.935711733334,4089.597458293333,3935.04732544,3706.23319568,3832.8336115466673,4264.5898812,4395.113691760001,4296.811904640001,4105.1932656,4238.563456906667,4059.8313924266668,4018.00274656,4053.67770344,3948.820617093333,3990.359253333333,4181.400360986667,3828.358651973333,3736.1603310933333,3740.469607413333,3594.853974026667,3536.397784346667,3658.033529786667,3632.3867299466665,3636.660744213333,3640.781543813333,0.0,3247.8076330133335,3151.806326293333,3035.1791150666672,2774.7635459733333,3029.7474970133335,3032.67554744,3021.833662613333,2759.0901193066666,2730.7697092800004,2766.4130569333333,2580.4926171466664,3150.5078526133334,3353.71697088,3257.98985936,3354.488469546667,3451.62815896,3317.17674696,3394.23032544,3430.557125146667,3130.52406808,3086.5667688266667,3387.42549264,3505.49981248,3263.2252761333334,3392.418392213333,3501.3981054666665,3373.653575626667,3245.2218104266667,3150.93287608,3055.29962072,3112.6803254933334,3144.8988544266667,3092.653010293333,2924.213768186667,2921.1464770133334,3085.701084613333,3233.382996453333,2849.302780026667,2824.2467494400003,2857.3410106133333,3290.1534902666667,3618.626965146667,3295.763920933333,3206.8561455733334,3040.2895579466667,2917.4429145599997,2680.19674872,2629.6684534133333,2567.2021272800002,2589.1812858133335,2374.68545352,2894.84475728,3290.35250888,3183.576683706667,2839.815269466667,2903.990771253333,2966.618449146667,2531.6564097066666,2629.2608831733337,2432.1704647733336,2429.40913648,2625.7953828533336,2381.87506568,2139.3348230133333,2442.53995912,2570.1642804533335,2589.1703125333333,2446.8209059733335,2233.087648133333,2154.17208944,2165.2586641599996,2208.1131176,2153.5952774400002,2013.0075834933334,1930.3105063199998,1994.24781552,2132.5305060533337,2029.9538800533335,1995.2349056266667,1818.5386227466668,1721.67956176,1860.46417112],