{"message":"Aggregated IX data for Brisbane IX","data":{"nServiceId":null,"width":215,"jServiceId":null,"start":1492977900000,"end":1493042100000,"name":"Brisbane IX","in_octets":[],"out_octets":[],"in_bps":[1170.4383338933335,1147.2026944266665,1125.8321020266667,1070.9439773866666,1130.9921530933334,1247.6258044266665,1373.98651512,1451.8359149066666,1516.4438948266666,1553.4612169866664,1681.0019379733333,1667.3334166666666,1847.8157822133335,1942.8910685866665,1957.6581017866665,2118.2257810133337,2316.083147386667,2357.4204972800003,2638.02507632,2678.7927405066666,3041.057761226667,3261.9295084,3557.620096853333,3755.805260426667,3912.3843092800003,4006.428422373333,4096.9709039733325,4496.212416826666,4770.939021733334,4724.664418373333,4557.656054773333,4974.894547733334,4990.948748906667,4913.865845386667,4751.11132056,4815.68635864,5017.886899466667,4836.10938384,4837.5140298666665,4863.900331626667,4921.15973288,4567.871729173333,4330.04475208,4958.303728479999,4899.089622986667,4990.4896556,4753.925808453333,4849.985262746667,4906.1287171466665,5061.7590924,4494.217009866667,4672.193350693333,4653.262268906667,4808.876545493333,4855.853629013333,4789.656749946666,4621.424993386668,4814.668239866667,4744.326673786667,4752.987844853334,4729.175091333333,4719.6820435733325,4916.881020533333,4760.76320216,4860.442128853333,4545.59928312,4871.3186587733335,5063.179805093333,4855.4043561066665,5205.1552580533335,4512.339617386668,4607.090737786667,4656.356624986666,5035.321735733333,4992.9292381333335,5168.693182746667,5080.172856560001,5215.62645688,5220.179622,5251.755513173333,5120.0533426133325,5037.640738720001,5164.696985706667,5213.137625786667,5517.296599439999,4849.994687840001,4892.397737226666,4731.597384853333,5093.474149093333,4933.52708408,4576.175551306667,4603.995930853333,4661.948935653333,4841.71192928,4929.794094773333,5002.061649733334,4859.656623866666,4938.89434864,5258.596854613333,5180.96712144,4872.6350751733335,4805.1682676,4656.781444159999,4889.685937973333,4880.109166026667,4307.583673306667,4516.996444133333,4245.620759626667,4093.830345413333,4098.947741013333,4113.330244746667,4017.1292969066667,4002.6454698666666,4071.7708205066665,3771.902145573333,3981.284307893333,4298.390924640001,4343.314966586667,3934.407773333333,4064.127838293333,4303.730546773333,3923.971991733333,3691.45369408,3703.729804586667,3591.8203267199997,3577.1861859466667,3462.285489573333,3651.0835262133332,3393.385278906667,3337.4587324533327,3306.49898728,3196.494124453333,3195.24422664,2984.376755333333,2948.542228826667,3004.45519256,2933.230317013333,2997.450072213333,2972.357583306667,2900.176174346667,3238.074356853333,2952.593364453333,2906.83353896,2837.5732087466663,2922.2248181333334,3024.13010256,2997.746726453333,3172.9802759466666,2949.2679504000002,2980.145343146667,3027.7180341599997,2859.6602562666662,2946.137866773333,2857.64596592,2740.5736166933334,2896.232201226667,2819.327537786666,2790.549559573333,2816.0729231466667,2938.986053893333,2954.4218593866667,3107.239317146667,3128.285296773333,3172.551408586667,3069.77933472,3290.537057706667,3326.78452608,3452.5320043200004,3582.48115904,3557.901235733333,3640.4360951999997,3756.839827066667,3701.3054027733333,3590.081790906667,3561.7349719466665,3402.9990101599997,3221.16562024,3218.064363226667,3248.626758613333,3413.2028276533333,3288.8199150133332,3206.2846874933334,3376.991746666667,3497.9471802666667,3636.4156096533334,3557.158134213333,3639.202884186667,3497.590398186667,3352.3244608,3312.9066675733334,3035.9031433866667,2759.7430074133335,2839.3519056533337,2686.088296133333,2776.0279656,2798.3729093333336,2653.6469207733335,2676.8127979466667,2565.4041222399997,2337.074618,2342.0845223200004,2286.32071224,2252.350679973333,2320.3873468533334,2240.36716136,2322.7794830666667,2179.06504536,2201.3957671733338,2339.4996312,2355.5495332266664,2255.0218433866667,2144.25248416,2291.7803718933333,2140.2609000266666,2112.9546283733334],"out_bps":[1182.0174499733334,1112.7852218399998,1115.5793201600002,1050.9290820533333,1102.64466672,1227.7194570933334,1360.3504391733334,1444.2962843466667,1471.36088616,1537.5327652533333,1643.4322552533333,1655.8368233866665,1829.4644088533335,1920.58047552,1927.6442211199999,2086.0005978933336,2313.0105236,2288.5175702399997,2596.6588614400002,2632.3861073333337,3008.339558986667,3205.018160773333,3522.2307030399998,3708.9643679466667,3845.25420792,3969.6404047466667,4053.9733328,4387.319585546667,4723.208422853333,4650.898164853334,4453.73662248,4876.825259813333,4814.202032186667,4858.8165911999995,4678.282747946667,4705.93795032,4902.5921776800005,4746.373561306667,4788.824492026667,4738.578507439999,4875.181383786667,4550.036936453333,4221.591097760001,4850.807138266667,4884.464249013334,4885.40261352,4641.479288853334,4768.87521104,4793.802596053333,4946.815525306667,4430.864829466667,4511.239580293333,4624.896981600001,4743.855166933334,4764.446709226667,4718.2363928800005,4531.003746373333,4716.500890933334,4662.43922624,4757.460834933333,4661.541891973334,4720.10080648,4857.295889493333,4615.957607813333,4793.425446106667,4499.69949904,4829.4470454133325,4972.08586408,4838.51365608,5064.892920293333,4420.10154064,4520.282398586667,4546.564324986667,4959.74484592,4930.35920072,5067.18227496,5008.966668426668,5168.828217973333,5118.98430576,5195.212352,4962.762159626667,5030.486865093333,5099.749027893334,5089.7712348800005,5446.629890746667,4722.55273384,4871.32417912,4530.174469733333,5048.808100853334,4882.437361493333,4524.527875946666,4485.892815813333,4604.69222832,4780.7021500266665,4863.25279904,4936.766207253333,4770.24204544,4868.260214746667,5116.0722327466665,5167.051096986666,4772.842270586667,4759.46280072,4582.499597653333,4784.568634933334,4848.205470213333,4229.875602826667,4517.475748586667,4139.028659706667,4023.142819626667,3997.83927288,4034.8511394666666,3941.933394773333,3973.181745386667,3966.9213214666665,3755.3134942399997,3922.380616693333,4208.8011655733335,4261.929012533334,3920.70563648,3994.515682186667,4250.441219786667,3896.733350533333,3599.611373813333,3631.70471112,3596.9153632,3476.32658344,3385.7418795999997,3612.261078186667,3281.9610960266673,3284.06610864,3274.945956106667,3072.6700167199997,3141.890426586667,2938.2916548000003,2973.770566453333,2945.0503388800003,2948.916639066667,2935.47376432,2920.09116584,2907.1830525333335,3209.191414453333,2887.567151706667,2943.61369496,2785.4151345066666,2824.9290842666665,2989.84245352,2993.7999730933334,3169.7243108000002,2919.6973886933333,2952.8589625066666,3006.5580992533332,2842.5109797600003,2895.6363400266673,2911.54736952,2701.5154115466667,2933.0146479466666,2787.4562491466663,2793.3860583466662,2801.4871973066665,2901.746182213333,2987.3295076266672,3122.2920309866668,3073.60004776,3132.230487786667,3058.165377946667,3246.7387381333333,3287.6204045333334,3422.9800231733334,3555.374745706667,3507.0576897600004,3558.137273226667,3720.923778666667,3638.393360106667,3563.677612826667,3481.13712896,3291.439759573333,3229.99876592,3158.0609294933333,3180.878101866667,3390.1536270933334,3205.20653432,3153.65140648,3370.50080504,3470.077865146667,3623.054622666667,3457.4560788000003,3595.322150533333,3482.138852213333,3350.4760516,3221.393339173333,2945.73863136,2746.36999904,2808.128964533333,2651.586380933333,2733.3101440533333,2712.5481788,2583.9638703200003,2602.383014613333,2484.8939668533335,2298.5547990933333,2328.3015663466663,2297.8892015466668,2229.43250984,2334.4353756266664,2224.1432818666667,2329.2584586666667,2158.41066504,2204.1200141066665,2304.6878753066662,2371.1400525599997,2277.1774228266663,2164.5330566666667,2233.08690192,2151.2123494933335,2116.8241754133333],"in_packets":[],"out_packets":[],"in_errors":[],"out_errors":[]}}