{"message":"Aggregated IX data for Brisbane IX","data":{"nServiceId":null,"width":288,"jServiceId":null,"start":1473488100000,"end":1473574200000,"name":"Brisbane IX","in_octets":[],"out_octets":[],"in_bps":[1422.5893174666664,1276.77229776,1239.2659369866665,1354.5316258666664,1322.0844482933335,1266.7608569066665,1182.1379194933334,1253.3306787733336,1232.9388502933336,1119.4860330133336,1176.7007454666664,1135.84504792,1134.59896848,1099.3642166133334,1102.3869394666665,1058.9157628533335,1149.2381111466666,1085.2126963199998,1152.0505619466664,1160.2800938399998,1225.3197095466667,1296.9959182666666,1276.91190728,1294.6428778133336,1318.19710416,1272.6027886666666,1194.21686,1199.4444083733335,1268.90562512,1156.9098284000002,1128.88950256,1186.5094866933334,1237.7658445866666,1153.2148608,1147.9492409066665,1203.8185504533333,1150.1762664266664,1146.1634341600002,1216.6050326933334,1138.4396552266664,1760.5710669866664,1724.477596,1871.6843260266667,1953.5376675466666,1845.2962751466666,2001.7710630133336,1985.7868716533335,2024.93933032,1854.5962666933333,1829.1531328266667,1745.8862253333334,1880.5397652000001,1816.6947367733335,1980.82438832,1845.2351933333334,1926.7519111733334,1766.1350809866665,1566.3439741866664,1178.4156150933334,1107.5698756,1151.1260926666664,1099.5074545866667,1102.7277083466665,1217.44512768,1184.8700872533334,1105.5741746133335,1073.0610478400001,1091.4806289866665,1051.9672257066666,953.2128163733335,1007.7814132000001,959.0747835466665,1162.8747448,892.6871615466665,1355.6820585333335,1635.347422,1436.0930408266665,1430.34071176,1417.1355931199998,1531.0273468533335,1562.5576111466664,1177.43315936,967.43892392,920.66412296,1007.4904052533335,949.1918320533334,780.2538069333334,745.1132178400001,734.2120734133334,731.2341274133335,743.9459394933333,715.5319074666666,764.09754328,743.9245803466666,796.6963934666666,858.6202372,687.7652301333334,683.24608016,668.4453591733334,614.7574358933334,649.0138485333334,606.67072688,687.7478937066666,717.3730371466667,696.3904398933335,719.4906897866666,693.9646465866666,669.1384779733334,614.43355912,617.8741303200001,598.8974505333334,582.4146282933334,587.7412118933335,575.6830633866666,548.3937516266667,462.1144638933333,463.3367112533333,446.3894023733333,449.7676250133333,421.44385288,436.9230628266667,446.24629239999996,480.6025410666667,472.6458172,508.7760262133333,459.46749352,425.1546969866667,504.41045842666665,487.4505555466667,474.03739848000004,489.38910527999997,473.29648581333333,495.91107210666667,428.16246151999997,407.15479013333334,378.41901861333326,356.0576542933333,352.33989616,381.0041256,386.0351197866667,328.18802274666666,336.72670570666673,340.6093729866667,321.50289005333326,366.00013408,405.0687312,344.3478076,326.8837168,344.21998872,335.07507749333337,365.29519336000004,371.75024917333326,375.05107274666665,322.8237578133333,324.67708634666667,327.7186307733333,302.00630056,307.4792650133333,325.05701301333335,321.83753160000003,288.2389909866667,334.45061794666674,308.5705352,332.6051191466667,347.78342760000004,323.44341101333333,327.71983872000004,335.0374842933333,360.48678192,295.90887074666665,323.77589677333333,349.1615492266667,366.9934794933333,391.9409273866667,441.9567165333333,417.0493838933333,460.3675634133333,390.91487677333333,427.48056672,512.7031046666667,479.8932859733333,458.0158339733333,542.90218496,521.16436,535.71737064,562.8584332,539.9439654666667,580.0570118133334,566.8749222666667,541.4077662133334,652.6990129066667,610.47167488,596.26006824,612.2740203200001,670.5142176533334,644.7176104800001,668.0795355733334,658.22795016,698.3845456533335,678.6680686666666,658.51223472,629.6637354666666,723.8371220533334,746.9752391466667,739.6578488533333,715.2392666133334,717.2502484,750.1654451733334,805.36213136,778.1775014133334,767.6370563466666,816.5504506666665,730.46354352,708.51774384,747.8313082666666,781.6727610133333,904.6779744533335,865.9108730933335,875.4615798666665,856.66150576,933.4991226666665,868.1193815733334,879.85418584,871.3606680800001,911.7864264533335,951.3275845333334,878.7624553066667,891.0614553333335,879.5928430933335,833.7662693333335,846.1830212533334,852.0446245333334,861.4364186399999,749.9493233866666,805.2291770133335,928.6434662933334,884.5572205866666,946.9084543466665,901.0897381866666,938.1096244266666,867.4290550933334,865.6257398666665,871.2100672533335,975.93844456,907.34642992,992.7709969066665,1032.03584304,1039.077598,1056.876726,1054.4186168266665,1132.7073942666666,1043.95951936,976.1715868533335,999.8398488266666,943.5300489866665,979.3938278933334,975.68628072,1030.1993054133334,995.90406424,995.2444321333335,1028.07809688,1012.5310901333335,1035.73209816,915.4400016533334,953.4324678400001,1068.6437261333335,992.0774894133334,1022.6350698933335,970.146956,950.5635236266666,915.2694821866667,919.2108338933334,896.3714430666666,940.0968138133334,1040.6769325066666,1037.2105398933334,1059.3693791733333,1037.5762615466665,1023.3747877866665,962.3293042666666,1076.76174616,1150.4366001866665,1190.81447096,1065.51050648,1114.1118766133334,1075.2806752533334,1025.54647968,1130.1034971466665],