{"message":"Aggregated IX data for Brisbane IX","data":{"nServiceId":null,"width":286,"jServiceId":null,"start":1507622700000,"end":1507708500000,"name":"Brisbane IX","in_octets":[],"out_octets":[],"in_bps":[5499.188803573333,5475.427045146666,5419.378039973333,5386.091856613332,5462.946598213333,5626.911467146667,5649.81885096,5489.384740586667,5565.66853904,5317.0197804,5286.4748544799995,5232.523713866667,5439.794700533333,5443.65562032,5627.03273216,5758.413679333333,5957.0935526133335,5819.162077813334,5973.369801493333,5922.469523253334,5997.275465013333,5777.830527493334,6921.67398096,7829.433249680001,8418.21334056,8330.112450106666,6669.2167744533335,7207.320558346666,6264.9665996,5843.091244640001,5865.24470912,5679.82523768,5816.990981653334,5670.780307013333,5675.385312106667,5532.625351866667,5554.9984966933325,5430.746565439999,5525.072414933334,5527.961285306667,5483.549978693332,5591.339830773333,5591.10085832,5533.457123546667,5573.6533684,5643.376230399999,5688.00411032,6776.9604606933335,5733.741432213333,4829.597981520001,4874.6299496,4682.865195359999,4549.336169893333,4480.795520053333,4493.6287258933335,4453.554767173333,4367.317415706667,4368.02692392,4044.176054266667,4007.1072615733333,3878.290455333333,3657.1876865066665,3477.9743333066667,3421.6312704800002,3420.5431421599997,3381.940467146667,3413.9736963200003,3080.220757466667,2991.222825866667,2859.3616396266666,2896.298542266667,3133.9356331999998,3264.0874301333333,3095.8657721333334,2866.8097251199997,2838.5612856,2992.8970837066668,2963.743076186667,2796.0628421066667,2607.4895093866667,2567.8282727466662,2582.7291896799998,2588.087073786666,2660.5835842933334,2522.3231068,2395.5944741066664,2408.2208282399997,2184.0610870133332,2037.4897372,2011.6939565599998,1978.5554226133336,2004.14052696,1898.1941225066666,2000.7244468533336,1894.1641864533333,1916.7366414133335,1979.5102890666667,2044.6345015733334,1842.405882,1796.8273176,1830.0820091733335,1838.6468955999999,1649.2063341066666,1601.1448054133334,1666.9708479733333,1683.13794848,1513.8493774933333,1808.0057851466665,1695.5897998133335,1649.5465103733334,1778.3402516266665,1734.56588792,1549.0461347466667,1595.6247965866667,1620.8604930933334,1674.0350554133333,1707.3874824533334,1556.5944534666664,1546.0327124266664,1659.5258622133333,1520.7184038399998,1484.6804481866666,1590.5648080266667,1567.2613783466666,1496.7486842666667,1516.86997336,1647.88281784,1584.8300878133334,1547.4294649066665,1442.3571655733335,1507.8187765333334,1737.3654786666666,1718.4886893866665,1672.8112840266667,1889.5491678399999,1755.3804696266666,1836.2064439733333,1797.5340129333333,1908.5381353866665,2061.632953733333,1978.9124298666666,2139.1852004266666,2308.6081574133336,2477.9319367199996,2520.8043345066667,2483.5855144533334,2532.8515613866666,2536.02868512,2729.516143093333,3002.961422853333,3021.347394373333,3102.0975502399997,3137.1124333333332,3424.5890002133333,3695.722183786667,4111.137815466666,4367.6711801599995,4323.31208136,4860.06964832,5253.825204373333,5125.356272373333,5557.485036426668,6310.974486,6768.709736693334,7077.057181173334,7240.3830926400005,7799.2024816,7704.2199238133335,8809.230480613334,8346.844094346665,8345.992755680001,8395.409765493334,8898.580530826666,8724.097908053334,8832.140923680001,8652.49988648,8752.509366586666,9112.6357544,9141.87838032,9147.976180986665,9585.989281386665,9355.149640053336,9260.570562373336,8977.68973672,9024.730325706665,9065.221134373334,8911.866882693335,8795.793640906666,8631.1859248,7998.39818776,8109.163184773334,8125.449504346665,8910.839260159999,8709.223338293335,9150.180312266666,8446.994850133335,8774.57322072,9114.296795306665,9003.190704453335,8840.005513866665,8684.039414773335,9018.119863893335,8568.207324506666,8539.215987013335,8334.9591284,8476.988667733334,7898.3208544,7934.364339413334,7691.866867306667,7413.325738106667,7332.36912144,7365.276940426666,7938.203395413334,7692.406175226666,7402.49375592,7679.277471946666,7701.991954373334,7471.220406560001,7733.500254506666,7419.84728488,7750.294713146666,8057.974349226665,7579.322694346666,7962.632275573334,7687.5426788800005,7919.111627413334,7546.386848319999,7520.049341413334,7625.4651258133335,7612.3407696,7903.222215493334,7937.41425392,7568.739176053335,7768.559955093334,7803.62763648,7756.014431359999,8139.187242800001,8378.117726266666,8479.357270426664,8521.771627439999,8472.030730853334,8502.015979466665,8757.031848853334,8518.683372773334,8445.16586296,8505.618329946667,8402.943001573334,8424.84250024,8228.492297893334,7575.198219013333,7258.083994533334,7239.33067592,6732.995479733334,6738.283665653334,7002.210741866666,6856.3388797866655,6883.013693493333,6740.639576,6934.779412373334,6316.948470213334,6360.524736186667,6231.878359946666,6298.270637573334,6102.089137066667,6180.263200666666,6170.05393128,5856.3714849066655,5901.41461216,6360.200387520001,5889.764838986666,5722.442143466667,5552.059964426668,5460.405309653333,5464.6377103466675,5468.770627573333,5402.6802712,5431.804063733333,5440.838953626667,5293.787729680001,5413.819417413333,5455.157171333333,5035.63122992,4848.047025253333,4900.81630032,5057.474450773334,4991.055892266666],