{"message":"Aggregated IX data for Brisbane IX","data":{"nServiceId":null,"width":288,"jServiceId":null,"start":1473769500000,"end":1473855600000,"name":"Brisbane IX","in_octets":[],"out_octets":[],"in_bps":[1358.0822202933334,1362.1950130933335,1338.928448,1590.1825852266666,1320.5266742133333,1069.73848696,1093.09708176,1247.5930709333334,1256.7188558933335,1186.5402910933335,1090.1157434933334,953.0678627466666,916.8593957066665,1018.7634613866666,1014.8121268533334,940.84278104,909.548456,788.5870370399999,723.3205749866667,769.6078841066666,810.2588410933334,837.9257886666666,886.5615325333334,897.5576584533335,936.96142288,879.5103065866666,836.77491264,830.1517424533334,950.1942481866666,957.2857824266666,981.2621261333335,918.5510590666667,916.8711390133334,932.4997522133335,1107.5087977599999,979.1883762933334,847.2043377866665,826.7722260266665,770.0573894400001,805.3527341066666,841.2046805066666,826.5950207733334,739.6253376799999,748.5986145333334,792.1126770666666,705.2235153866667,663.2612026666666,615.5422306133333,628.5275614400001,626.8468596,679.3667223733333,649.1090506933334,619.0302098133334,648.9250405333335,739.27394512,662.4142380266667,657.89793072,661.2133731733334,660.6371146399999,670.1202922133334,667.3152969333333,709.1967976266667,759.07358464,694.9214111733334,719.7537726933334,722.5695581333333,690.4677911466666,716.2892896533334,778.3457428533334,982.7094218933335,671.2092229066666,770.98021936,762.8283620266667,729.1921416533335,867.31324576,897.8104856533334,902.2847722666666,939.1547032799999,824.32479128,818.62816424,768.17340192,777.6284412,845.7136503733335,914.0179229600001,823.7415079466666,844.3705611733334,846.20256352,889.2207597866665,1044.1763272533335,1156.3461024533333,1099.43581856,1054.6548204,994.8730998133334,1063.3208556,1278.1333065866665,1395.9633416533334,1365.42274752,1493.6880189066665,1495.596372,1590.6366816533334,1655.1517564800001,1687.5891816533335,1696.4917203466666,1852.5897979200001,1903.49768632,1900.5235180266666,2043.9009957066664,2075.21989824,2044.3463762666665,2247.4090637066665,2322.601357306666,1917.0687957866667,1603.42579224,1962.2995335733335,2042.6218657333334,2094.9384239466663,2356.6889428533336,2607.0803336533336,2381.4632024533335,2148.5942937333334,2466.8936271733337,2193.2527585333332,2266.436247973333,2475.2563289866666,2718.911916213334,2579.30311168,2725.07785072,2969.5628770133335,2867.7283823466664,2738.4146115466665,2695.4020332266664,2566.11254544,2650.9438502133335,2613.8973316799998,2670.3402647199996,2746.870717386667,3254.201000746667,4419.22818536,3963.79766848,3727.08352904,3486.25193,3378.41258544,3079.17792264,3187.340901146667,2510.22390224,3187.781835546667,3067.87272096,2577.2511209066665,3072.123353573333,2950.9363217600003,2305.77455896,2632.86201784,3124.99028936,3118.4784594400003,2972.364585546667,2454.468434613333,2262.6730151733336,2301.4760528266665,2327.6289321066665,2081.91395232,2092.80971736,2265.6258662933337,2751.6284122933334,3813.949304266667,2577.2130176533337,3065.055684693333,2702.4969924800002,2258.4070477066666,2664.4169088266663,3437.1014471733333,2702.0965733066664,2453.8145286666663,2425.7919883733334,2295.5277158666668,2484.296794613333,2553.5577647466666,2353.4731465066666,1835.0182430933335,1987.55595584,1988.2738438933334,2314.1219548533336,2078.55793648,1966.5945636,2088.6059257066663,1991.7077133066666,2163.2460340533335,2679.6589874933334,2696.375652906667,3151.4933835466672,3236.63282752,2996.6279941333332,3296.97896816,3289.374149173333,3030.598601733333,2545.85405056,2648.6228692,1970.66244352,1287.8846163733335,1340.6536443466666,1452.6918694133335,1361.2375097866666,1333.6584369066666,1086.10163248,1044.2449608266666,1087.33641928,1133.69295424,1304.8654269066665,1175.33760104,1252.9178331466665,1305.8069254666664,1173.6163116533335,1230.2391388266667,1195.3664260799999,1140.7042670133335,1129.3584870133336,1225.3511981066665,1179.3331113866666,1198.0947123466665,1217.8574091466664,1081.70161392,1089.0062412533334,1078.3132630933335,1049.48816152,1086.26366568,1122.8585237333334,1161.4882493866664,1090.8323519733333,975.8302454133334,928.05823424,956.8357478933334,1086.2019577866665,1164.1359065066667,1627.2420350666666,1641.2287068533335,2225.3995044266667,2003.0877837333333,1576.8178937866667,1403.35692328,1474.8352844,1471.0440438666665,1425.7717525066666,1375.9190231199998,1561.51857112,1871.1466476533335,2486.4859494133334,2314.500049866667,1533.60116496,1505.7248194400001,1550.58352976,1577.1291946666665,1628.2915607466666,1618.7750856533335,1538.0014280799999,1490.0984,1479.1734460533335,1426.7994217866667,1423.0974355733335,1323.2747482133334,1285.6696329866663,1638.1690077599999,2156.1439587733335,2113.5380791466664,1438.6670577066666,1522.9709061600001,1971.52957184,1989.9741766933334,1646.2758267733336,1684.9602993066667,2103.0408444,1852.1690395733335,1423.2434630666667,1474.8730943466667,1530.8203271466666,1606.76508,1546.1460121066666,1569.6309739733333,1972.43610192,1955.63294464,1443.0979530666666,1329.1390199733335,1421.1739392533334,1473.03248576,1452.1721131466666,1531.6740869333335,1440.7739286666665,1548.6733905866665,1469.0933601333334,1465.0483933866665],