{"message":"Aggregated IX data for Brisbane IX","data":{"nServiceId":null,"width":226,"jServiceId":null,"start":1484161800000,"end":1484229300000,"name":"Brisbane IX","in_octets":[],"out_octets":[],"in_bps":[821.94566064,769.7481243466666,785.3250737866666,802.3187895466665,822.7738648,865.7848791466665,825.49650128,854.2889877599999,904.28035224,903.6495128266666,1000.33075784,1093.4404899466665,1191.7764751466666,1147.6389979733333,1088.5462454133335,1163.7650285066666,1075.6488022400001,1126.5235479733333,1173.53549672,1053.58338984,1172.17343248,1264.4315042133333,1317.9794803466666,1354.8742404000002,1348.3987033333335,1501.8611006933334,1574.5741680533336,1685.9463230933334,1714.3688371733333,1894.9784114933334,2024.0796326933335,1924.0521137333333,2033.42149728,2118.7731612533335,2312.4539733333336,2538.6225856799997,2568.457101866667,2533.3550006133332,2646.0699844,2858.6481606133334,2677.2053441866665,2973.106916586667,3022.58300216,2987.10076808,2996.19746808,3092.866985146667,3218.44363816,3190.3540266933333,3154.677127573333,3074.0271286133334,3141.006931973333,3230.97711144,3233.468538586667,3156.35918672,2910.132170266667,3056.1449562666667,3077.591859333333,3113.732640693333,2966.1018036,2898.7929295999998,2825.7234202933337,3059.605191226667,2984.580019706667,2850.89069096,2855.169627386667,2697.562867653334,2555.6131739733332,2584.179021066667,2666.6897803466663,2744.6781249333335,2953.687945466667,2894.4735329866667,2843.5344496,2676.1907016533337,2740.7032836,2846.2584881066664,2765.1980486133334,2917.3899791199997,2716.6422316266667,2647.1312688800003,2635.859278,2456.2227472266663,2584.4006545866664,2543.72123392,2598.9693234666665,2536.7098724533334,2265.6450156266665,2282.26615352,2298.1577789333332,2384.39256144,2335.2444588266662,2341.4475613866666,2454.0240995466665,2553.5713086133333,2736.9638818666667,2684.6805240266667,2666.7792941066664,2845.2920037866666,2597.17974192,2721.5489987466663,2442.357904586667,2300.3530937866662,2455.0276748,2452.2387770933333,2288.801606026667,2416.9879782666662,2378.617178026667,2367.5180071733334,2279.7985430133335,2289.3284163733333,2533.0635065066667,2501.2126125866666,2558.4482865066666,2563.1264954666667,2339.5762848533336,2379.61272408,2399.1847307733337,2318.9866161333334,2392.82544,2416.3907216266666,2374.217485973333,2286.19652664,2429.1878154666665,2421.0189106666667,2332.253807306666,2486.17396512,2299.6356369866667,2333.5208648000003,2420.726142053333,2512.48436752,2344.6850442399996,2265.8955182933337,2209.6913537600003,2233.3799898133334,2167.9167292266666,2219.741736533333,2067.6170233066664,1964.0353658933334,2134.87230376,2048.5344443466665,1859.04846664,1757.77020424,1860.95112008,1920.9747680266667,1888.2356546933333,1927.1394564000002,1833.7211097866666,1742.1496729333335,1618.1456514933334,1646.2313844533335,1606.3947486133334,1667.6037420533335,1626.2207452266664,1616.4273154933333,1589.5238247466666,1541.85127496,1392.43896216,1386.970008,1349.2582485866667,1362.21809872,1490.3739715466666,1489.1380849866664,1638.3331673866664,1592.44481656,1632.7381450666667,1566.7092218399998,1540.3403253066665,1594.32680768,1644.44015072,1657.0359161066665,1734.59020488,1762.2459918666666,1903.8883222666666,1924.7401446400002,2075.4563770933337,1920.8918488266665,1720.4265509333334,1712.6581036533335,1677.0923691733335,1716.7393003733334,1923.4097875466666,1996.0320568,1869.9415645333336,1913.7329182933336,1844.82350728,1712.2982832533332,1539.7298846133335,1669.7353937066664,1757.84423192,1774.7179817866665,1681.8596831466666,1807.9228433866665,1690.6596187999999,1653.4434252,1717.3255504,1753.2266299733333,1865.75953272,1667.6447450399999,1679.1393949333335,1493.6668887466667,1467.8340439466665,1476.3141062933335,1484.1188295466666,1543.236114,1565.78109432,1584.1895406666665,1599.1065946666665,1432.3104617866666,1432.31660408,1408.23411304,1392.9468434933333,1328.2220464266666,1495.0521259733334,1379.64611392,1236.5866637066665,1389.3016860533335,1364.30918728,1405.57850568,1394.3238404,1276.2328850133335,1361.4979741333334,1186.6474182933334,1201.6691251466666,1114.70826624,1101.6156148,1007.7542240533334],