{"message":"Aggregated IX data for Brisbane IX","data":{"nServiceId":null,"width":287,"jServiceId":null,"start":1490400300000,"end":1490486100000,"name":"Brisbane IX","in_octets":[],"out_octets":[],"in_bps":[2373.9224054133333,2330.0301167199996,2337.086069093333,2553.1382704533335,2550.2585176,2702.9381052533336,2793.5636899466667,2644.67337504,2505.09779448,2555.91609488,2506.58767984,2363.370251093333,2677.5859657600004,2662.993903546667,2499.691463653334,2438.2379938933336,2478.9097331733337,2442.902155946667,2418.3526144266666,2460.4768397333337,2493.8920625333335,2494.8094674133336,2450.4747512800004,2542.1820043733333,2508.36551,2503.6732571733337,2424.7907755466667,2430.9758662133336,2505.6168663466665,2497.9089368,2527.0176446133332,2375.12239104,2577.0052566933336,2560.9676572800004,2691.91203136,2541.6884421066666,2486.17040584,2564.48623928,2580.520407546667,2494.280072026667,2517.5958866399997,2742.3076432800003,2639.1104602666665,2623.3833952,2798.0695670933333,2799.1882812,2792.5365651733337,2849.8662165333335,2718.7112581866663,2632.04440208,2612.1356964533334,2746.128640613333,2592.7182699733335,2498.3058343466664,2360.9823396266665,2452.8580593333336,2419.8633893866668,2466.626512,2349.0256797333336,2457.8352153333335,2543.0671010666665,2569.36842392,2581.0785918133333,2421.1695233866667,2518.81868552,2635.68592704,2569.9672516799997,2464.4009327733334,2597.4062845866665,2669.05074648,2688.7256182399997,2768.8140221333333,2682.038798346666,2548.4048032533337,2462.3841710133333,2638.7534727733337,2387.9945537066665,2446.0014097066664,2532.84065408,2547.65172224,2642.89091592,2551.3657261333333,2601.6682694933334,2386.6911903200003,2705.818215946667,2654.1529333066665,2512.2698342133335,2594.8011247466666,2955.2032450133333,3267.0549211733332,3583.0958575733334,3746.9836829866667,3567.6451257333333,3732.067461786667,3871.354694746667,3646.338500266667,3180.1853626133334,2922.667587226667,2824.8149511733336,2747.565445386667,2617.42783312,2618.5899576266665,2440.3035340266665,2395.3076707466666,2472.9383593066664,2469.928861866667,2586.2068317066664,2669.753928426667,2657.24882008,2679.50342112,2585.68072376,2523.500844986667,2756.21673584,2856.85087776,2795.1969433333334,2803.531055866667,2820.05163968,2806.9137842666664,2987.570700693333,3324.68550792,3810.544286266667,3426.3097702399996,3230.19823392,3009.81941608,2710.97077936,2705.8343286666664,2589.3479456,2794.872818133333,2587.8761897066665,2613.3803006666667,2784.1630099466665,2822.7397663200004,3173.02229016,3556.5257885066667,3485.235969786667,3532.170649546667,3365.2480735733334,3278.352794613333,2959.635442106667,2913.685291946667,2614.029247866667,2559.109555013333,2431.5093374933335,2205.1975469333333,1989.8809128266666,1969.8495510666667,2062.5792762133333,2112.1009391733332,1861.3543104533335,1860.9849482133334,1844.3446413066665,1835.6066391733334,1730.9495087466667,1699.51982816,1604.7654036,1623.2473263466666,1575.4453194666664,1531.16510152,1575.8714984266664,1450.3836053066666,1482.4669828533335,1482.5083664533333,1401.08880352,1345.8537421866665,1281.0430604800001,1265.75704264,1209.6007008800002,1178.6291077066664,1266.4351527733336,1264.5962556266666,1276.3583475466667,1198.09484296,1207.6375876533334,1183.4677176,1109.6124046666664,1108.0278683733334,1160.5371004266665,1017.4424578666666,1001.6910734400001,1040.4544980266664,1066.1617578666664,949.3553045066666,892.6521704266667,884.2186431733334,837.0192441066665,808.7645382133335,830.6055496266665,822.0590799733335,779.3094768266666,743.9659440800001,781.70621712,795.2597636266667,783.2732506933334,785.42976232,791.1295885066667,721.5222097866666,722.6375553066666,704.0049150133333,774.9379464266666,849.7828537333335,669.6847121866666,698.9395831466667,639.1000470933334,680.4694456,673.2129784533333,746.7676211733334,740.7921456266666,807.3675923733334,716.7332233333334,784.53346832,818.9597446933334,804.0039040533334,810.6087712799999,762.3104092266666,691.3399065066667,665.7715121066666,682.7450726933334,667.2148796266666,700.2353785333335,656.2272269066666,608.2603278400001,531.98252776,584.2458292266666,602.9661918133334,602.4606754666665,551.9619864266667,612.5953542666666,616.0743281866667,684.04063648,641.53511544,690.50786224,656.0089308533334,677.7492796533335,640.6323277333333,617.6383925599999,585.0707420533334,560.9587578933333,681.22994624,624.80365544,659.3186454133335,887.35263664,839.2991625866666,722.77657864,861.3461615733333,827.0009677333335,986.3735443733334,1049.62344832,960.9200750133334,1071.9675970933336,1139.5783826400002,1095.5491966400002,1142.3020704,1171.8127461333333,1163.8955364533333,1105.8057232533333,1004.78981088,1009.0648628533335,1147.8170949333335,1150.1230959466666,1221.5346468,1187.1641596533334,1230.82402776,1267.8397936533333,1299.6752905066667,1288.8088617866667,1283.8048699733333,1253.5923507733335,1237.44128912,1341.7911379466664,1484.2195932,1402.1639098666665,1438.8860639733334,1453.7047126133334,1411.1840012533332,1494.1183806666666,1507.8032807466666,1603.5170398666667,1547.87174848,1659.3295401066666,1693.9601136533333,1703.5066844,1671.3862868266665,1700.6447371466666,1692.3487815466667,1740.0909412266665,1767.5150432799999,1730.47108976],