{"message":"Aggregated IX data for Brisbane IX","data":{"nServiceId":null,"width":287,"jServiceId":null,"start":1489377900000,"end":1489463700000,"name":"Brisbane IX","in_octets":[],"out_octets":[],"in_bps":[5280.60092824,5562.885252746667,5255.211121413333,5065.508744613333,5031.485776613333,4591.744499093334,4810.44740272,4795.96513896,4488.78900592,4418.9211302133335,4273.6595470933335,4023.138541173333,3728.91276256,3954.134861973333,3916.3250379466667,4000.11652696,3883.9809014400003,4062.012555413333,3988.09215816,4259.538865546667,3987.4899799466666,3980.572987413333,3991.033894853333,3884.8855772800002,4195.142162026667,3821.5012185333335,3683.001762586667,3578.091300746667,3490.0180362133333,3452.8408636,3419.4219355733335,3258.8314385066665,3301.282920933333,3374.7233166133333,3148.15950104,3154.3848435733335,3192.193912293333,3046.9680420266673,3010.630393093333,3053.758136026667,3088.7681689866668,3076.11449112,3066.5841313866667,2995.82586584,2980.960722426667,2786.79899024,2811.18162112,2978.348957706667,3128.6813681599997,2934.7351297866667,3072.491835626667,2961.136587093333,3074.868537813333,2966.419223706667,2800.9593770933334,2856.17792544,3110.214750986667,3008.213115226667,2918.100746933333,2970.803804106667,3044.11231176,2784.972766053333,2788.309823466667,2753.497870133333,2754.20134312,2717.0214428533336,2758.751507013333,2792.6227733600003,3280.946383413333,3555.690895653333,3610.020802533333,3631.1917224,3611.4899164266667,3566.94401944,3568.7214292,3602.965133466667,3441.893087813333,3305.8556629066666,3131.184018266667,2970.720811146667,2858.6398103200004,2796.320417573333,2881.9206843466663,2823.9618676533337,2899.62653192,2746.3722247466662,2741.5903452533335,2689.7144233333333,2502.5232163466662,2532.02084,2495.06870488,2740.8358152533337,2571.6849324,2594.018502906667,2660.519266133333,2593.441560133333,2546.0757762666663,2453.5065439200002,2135.3282621333333,2146.0640212266662,2034.4167004,2080.1761005066664,1925.6268745066666,1814.3110423199998,1773.0652621866666,1890.7041021866664,1679.1009805866665,1665.2508782933335,1597.75383816,1644.6398893066666,1576.5651213866665,1708.27571816,1645.40184152,1487.2835834133334,1546.9249145066667,1487.0808729866665,1512.95636352,1463.81263552,1365.61132416,1394.2949459466665,1503.2082487733335,1418.44054056,1418.96060504,1484.7098808533335,1302.2681797333335,1247.2103265066667,1265.9113793066665,1163.2369183466665,1084.97784344,988.39074336,902.4074574666665,945.7786121333335,1045.8030634133333,983.4627254666666,935.3247694400001,943.5243539733335,891.2094913066666,924.1682556266666,922.65727592,905.2237482666666,884.2139682133335,858.77636912,785.4684390933334,751.97157488,771.1716759466666,709.96655912,696.3991373066666,706.62604,702.96392824,695.6590121333334,654.7371376533334,641.4727304533334,611.08101088,627.5083967733334,604.1545653066667,576.79919984,565.8542520266666,596.7494418133334,594.9416437333333,627.6120146133334,613.7644945866666,680.5465804266667,667.1278533066666,631.5005010933334,606.5924324533333,658.2531904800001,649.2730862933334,639.5472978133334,654.15682024,631.7658526666667,650.0117294933333,608.9441965866666,608.8597183200001,611.08810088,618.00622728,612.7950818933334,591.4473838933334,642.4028016,649.2737999733333,664.1018013866667,699.1858890933333,658.4196965866665,682.32353248,739.1068871466666,764.1311260266666,815.6884367466665,848.6585482933334,873.6919945066666,959.5405530133335,1058.1049447733335,1036.2176049066666,1141.5726913866665,1157.3295809866665,1131.7124013333334,1269.49787368,1284.6428078666665,1383.3822921333335,1344.0098022933335,1408.13019976,1517.9649228266667,1561.74454112,1564.2241202933335,1686.6554380799998,1767.2039205866665,2004.00560848,2077.97096512,2295.6163842666665,2346.0880881066664,2646.1454637600004,2715.7086145333333,2818.558091866667,3045.2616491199997,3106.5565513066667,3372.7857266133333,3588.4854898666667,3866.070597333333,4319.214492453333,4356.17098904,4475.669572026667,4568.713410053333,4537.21899456,4672.882902133333,4803.37428504,4895.192907386668,5050.504541626667,4778.411250346668,5215.173940479999,5672.414363813334,5914.509216,5727.614028213333,5636.586758506667,5705.845020826667,5646.914904986666,6497.585127893333,6501.5827733333335,5884.284561706666,5338.29617136,5516.357091253333,5033.635445306667,4878.50620816,5033.0136701599995,4731.540291706667,4346.8193352533335,4861.531961493333,4959.352887973333,5336.850006106666,4960.142587333333,4964.131548266666,4643.203271626667,4614.89188112,4839.564329786667,4856.86373808,4874.1106391466665,4809.64341176,4471.623387413333,4119.733747333333,3863.31369504,4071.201700746667,4219.647138026668,4156.39098816,4129.096202426666,4274.3367268,4397.758470533333,4599.566865493332,4609.119532586667,4741.046652746667,4965.001543066666,5074.753083786667,4887.932036213333,4705.139225386667,4654.794511813334,4960.109377333333,4848.4030864,4488.4857401066665,4382.239155413333,4330.3884324,4517.7810587466665,4377.845220213333,4118.741547306667,4318.004008533333,4435.662560533333,4365.123711066667,4160.435602506666,4292.956589173333,4058.9244935466672,4088.98689488,4353.578397253333],