{"message":"Aggregated IX data for Brisbane IX","data":{"nServiceId":null,"width":287,"jServiceId":null,"start":1501157100000,"end":1501242900000,"name":"Brisbane IX","in_octets":[],"out_octets":[],"in_bps":[5488.3304005066675,5231.682504133333,5250.5505427200005,5355.47565024,5001.13157792,4533.998890373333,5055.3459004,4537.553012106667,4196.0098203200005,4189.009703306667,4266.1436131733335,4065.9648477866667,4232.966774426667,3381.9380492533332,3883.144217786667,4365.69299208,4332.645026346668,4068.12107208,4442.943435546667,4435.9403789866665,4014.762741813333,2859.1583449866666,2585.3885815466665,2740.9589299466666,3025.411694186667,2896.448617146667,2925.7439364,2671.771532133333,2814.00244472,2959.4538644266668,2862.027587493333,2901.748418586667,2674.0714672800004,2180.6712696,2325.140377946667,2036.4707666933334,1864.8854375466667,2241.3390060533334,2127.2066993599997,1957.5304771733333,1970.7218920533335,2051.4339350933333,2275.324999093333,2209.8441560799997,2211.8486056266665,2658.9080577333334,2351.209249013333,2020.67422096,2329.8944131733338,2164.0649636266667,2750.8998059466667,1985.6898320533335,1861.26987992,1589.0788616533334,2083.6133436266664,2537.12461456,2266.3010038666666,1706.3893913066665,1849.31206744,1876.59390744,1700.89524872,1724.5010145333335,1851.3108631733335,2275.2686576,2587.0323097333335,2198.6070041333332,1971.5474114933334,2189.4087738133335,2200.9366855999997,1770.9234252533333,1629.2908060533334,1364.4241973866665,1701.11380608,1241.73564904,1280.83452128,1376.0234104533333,1803.5601431733335,1423.5392219466664,1346.8436891466665,1337.2741505066667,1645.8039744533335,2532.20743672,2666.0681432533333,2397.5429756533335,1687.7024471733334,1596.65012712,1520.43015408,1632.2457950666667,2080.0136864266665,1982.03470392,2252.6592228266663,1744.9483276800001,2434.01726216,2043.04998312,1477.2915000266667,1281.4342669866664,1441.2098469066666,1272.9352994133335,1222.1635361066665,1904.49152624,1467.5074408266667,1701.48948792,2157.2203038933335,1952.0769117333334,2296.4794254933336,2270.3630124,2154.6354382933337,2264.0665898133334,2531.866463093333,2520.528881386667,2586.4046800799997,2715.9617567466667,2699.5156382666664,2886.412666373333,3394.227404906667,3675.608843333333,3413.1069803466667,3331.05143304,3333.0498728800003,4040.096612693333,4402.4818905600005,4349.917651786667,4550.568362479999,4664.8986821066665,5009.737894773333,5026.34988304,5222.414831173333,5469.124516186666,6061.820652560001,5893.0069754666665,6103.612453413334,6305.135883226666,6123.111151573334,5970.076767093335,6124.855964053334,6109.015852,6083.626242666666,6394.242421413334,6580.39222808,6094.495863706666,6184.4515412,6152.16117792,5771.57991536,5999.2473952,6246.731291333334,5795.542506026667,5662.56633872,5972.61729816,6255.9504432799995,6085.345014773334,6220.361348426666,5927.25033696,6145.799563226667,6266.24453344,6388.10379736,6380.69036224,6203.895539893333,6346.437005093334,5981.9076072,6250.02034312,6648.1994925066665,6114.947454239999,6416.174196399999,5663.3492728266665,5765.009601386666,6136.298083466666,6264.610723973334,5789.594798986666,6011.811417226667,6384.4279530133335,5892.963251066667,6173.757784613334,6101.488882053334,6064.005408986666,6016.505744506666,6267.332270693334,6541.70141808,6679.839985573334,6379.303502,5903.7027325066665,5840.829975546666,6132.86330264,5584.344145973333,5563.4039350133335,6221.347325786666,5462.093137466667,5170.356089973333,5616.060088106667,5831.946169706666,5875.80463504,6268.018540986666,5909.138053333334,6167.942863786666,6164.2122228,6378.369060053335,6759.64315336,6300.268696613333,5845.971013546666,6161.933135573334,6888.67594688,6913.148872586666,6647.985264186666,5473.448932133333,5604.011088506667,6092.822636853333,6173.697016640001,6840.392443386666,6605.3752804,5962.954988293334,5576.132341253333,5741.348233413333,5976.552092986667,6166.274739733333,5630.390069333333,5718.7254350133335,5787.916025626666,5885.3966012,5492.41749376,5548.06499432,5444.51394192,5886.692653226666,5509.54684952,5977.21090088,5522.594024666667,4816.894666906666,5499.24074096,5420.243878373333,5225.445804826667,4490.370457520001,5495.38657016,5871.046942133335,5952.562960373334,4977.3456654933325,5345.55995728,4499.388624986666,4846.5412411199995,5565.9099912266665,5423.960824266666,4880.62126976,5587.50233432,5305.308345173333,4946.772596479999,5019.935701173333,5039.385830640001,4971.900333546667,5135.263846266666,5167.52967912,5320.812437680001,5544.47981792,5786.83266328,5606.223738373333,5207.537892586667,5470.546688133333,5408.31870832,5402.368045946667,5872.275796773333,6067.6822948,5648.13089192,5069.24710912,5568.45365392,6112.666199546667,5952.105800693334,5636.025288533333,5506.149830826666,5763.286462586667,5117.998865253333,5489.096522106666,5683.63147216,5196.511507253333,5083.22869704,5381.10502288,5059.178887973333,5013.79898768,5454.079168133333,5463.482645866667,5066.682084053334,4960.173908213334,5471.4441369333335,5323.122138693333,5226.031693706667,5073.488798746667,4706.732483493332,4733.146180426667,5183.503080026667,4736.5565048,4643.8422303199995,4710.58451552],