{"message":"Aggregated IX data for Brisbane IX","data":{"nServiceId":null,"width":288,"jServiceId":null,"start":1473726000000,"end":1473812100000,"name":"Brisbane IX","in_octets":[],"out_octets":[],"in_bps":[2395.7056891733337,3027.920894666667,2240.28759056,2207.7037316533338,2019.6061730666665,2039.6076989866665,2111.9035668,2769.8817860266668,2166.4114753866666,2075.3180673866664,2131.29828176,2139.5094112533334,2195.1207386399997,2220.291898026667,2136.1635951733333,2043.82659632,2022.8188946933333,2034.6472286933333,2070.43466952,1953.0323773066666,2057.0492784266667,2474.2822740533334,2389.5305305866664,2129.979410693333,2348.508250133333,2429.66956136,2385.053074133333,2528.44333496,2486.589630533333,2585.0252602133337,2843.317044,2358.2158791466663,2393.4384190666665,2292.8017755466667,2821.2721397333335,2337.2944074933334,2234.594101386667,2494.3068267466665,2171.23581848,2082.99671352,2260.8759652,2149.5771661066665,2237.2586679466667,2744.00218688,2464.0011709066666,2352.0957636,2300.3498606666667,2373.178247093333,2328.88384304,2288.05224,2517.7805859466666,2847.7155547466664,3166.3922398933328,2862.8690367199997,2531.8346018133334,2597.3427878133334,2313.3908811466667,2282.3815981066664,2163.7105182666664,2183.8405366933334,2153.6645776799996,2269.82757088,2194.670140746666,2302.8014153333334,2176.3327622933334,2254.8075452800003,2145.75398368,2153.7650406933335,2094.00740424,2154.35079208,2136.999016,2098.3831186400002,2468.5054562666664,2422.025469386667,2397.8706899733334,2209.6772725066667,1930.39777776,1832.16554096,1947.5159555733335,2054.6068004533336,2149.9940472,2250.55482304,2069.0111557866667,1890.2564458133336,1891.8005634133335,1703.5953438133336,1647.9310356800002,1677.6228549066666,1771.77693248,1993.6179809866665,2029.5013442933334,1896.9164949066665,1961.6697435733336,1875.6660306666665,1838.3101921333334,1726.5633569066665,1737.8805995733335,1920.88534856,2035.82991,1910.99142128,1797.07397208,1646.9958505866666,1572.9204931733334,1556.3315517866665,1886.0913026666665,1873.4782668266666,1753.83330544,1677.0652675733336,1797.7756866933335,1904.4857853333335,2081.26508888,2087.02063976,1949.16666672,1786.1866690933334,1701.4652043733336,1662.0041154133335,1676.8726367466666,1696.1604087733335,1798.30424672,1832.22282096,1761.28209856,1689.4715520799998,1705.65411992,1753.09577248,1683.9182121600002,1591.2497609066666,1661.8695144266665,1566.8108117333334,1605.1433529600001,1528.0649190666666,1500.6958291466665,1493.5431282133334,1685.6642635466667,1635.0300267999999,1756.44067112,1602.4220625333335,1662.2477174933333,1641.9756852,1625.2040580266666,1673.77905432,1618.7459205866667,1585.0951639733335,1538.33011048,1676.38687256,1581.2412806933335,1358.0822202933334,1362.1950130933335,1338.928448,1590.1825852266666,1320.5266742133333,1069.73848696,1093.09708176,1247.5930709333334,1256.7188558933335,1186.5402910933335,1090.1157434933334,953.0678627466666,916.8593957066665,1018.7634613866666,1014.8121268533334,940.84278104,909.548456,788.5870370399999,723.3205749866667,769.6078841066666,810.2588410933334,837.9257886666666,886.5615325333334,897.5576584533335,936.96142288,879.5103065866666,836.77491264,830.1517424533334,950.1942481866666,957.2857824266666,981.2621261333335,918.5510590666667,916.8711390133334,932.4997522133335,1107.5087977599999,979.1883762933334,847.2043377866665,826.7722260266665,770.0573894400001,805.3527341066666,841.2046805066666,826.5950207733334,739.6253376799999,748.5986145333334,792.1126770666666,705.2235153866667,663.2612026666666,615.5422306133333,628.5275614400001,626.8468596,679.3667223733333,649.1090506933334,619.0302098133334,648.9250405333335,739.27394512,662.4142380266667,657.89793072,661.2133731733334,660.6371146399999,670.1202922133334,667.3152969333333,709.1967976266667,759.07358464,694.9214111733334,719.7537726933334,722.5695581333333,690.4677911466666,716.2892896533334,778.3457428533334,982.7094218933335,671.2092229066666,770.98021936,762.8283620266667,729.1921416533335,867.31324576,897.8104856533334,902.2847722666666,939.1547032799999,824.32479128,818.62816424,768.17340192,777.6284412,845.7136503733335,914.0179229600001,823.7415079466666,844.3705611733334,846.20256352,889.2207597866665,1044.1763272533335,1156.3461024533333,1099.43581856,1054.6548204,994.8730998133334,1063.3208556,1278.1333065866665,1395.9633416533334,1365.42274752,1493.6880189066665,1495.596372,1590.6366816533334,1655.1517564800001,1687.5891816533335,1696.4917203466666,1852.5897979200001,1903.49768632,1900.5235180266666,2043.9009957066664,2075.21989824,2044.3463762666665,2247.4090637066665,2322.601357306666,1917.0687957866667,1603.42579224,1962.2995335733335,2042.6218657333334,2094.9384239466663,2356.6889428533336,2607.0803336533336,2381.4632024533335,2148.5942937333334,2466.8936271733337,2193.2527585333332,2266.436247973333,2475.2563289866666,2718.911916213334,2579.30311168,2725.07785072,2969.5628770133335,2867.7283823466664,2738.4146115466665,2695.4020332266664,2566.11254544,2650.9438502133335,2613.8973316799998,2670.3402647199996,2746.870717386667,3254.201000746667,4419.22818536,3963.79766848,3727.08352904,3486.25193,3378.41258544,3079.17792264],