{"message":"Aggregated IX data for Brisbane IX","data":{"nServiceId":null,"width":215,"jServiceId":null,"start":1501617900000,"end":1501682100000,"name":"Brisbane IX","in_octets":[],"out_octets":[],"in_bps":[1672.5748335733335,1511.0596430399999,1506.8433441333334,1454.9711640533335,1458.0317546666665,1483.3466009333333,1972.1672378133335,1916.9362452,2126.13919976,2728.60333216,2322.9557162933334,2173.2868368266663,2371.2495941866664,2146.2958844,2184.56491576,2343.10017888,2618.3203902133337,2641.5022323733333,2947.3802016,3494.71270528,3289.607337413333,3833.671394,4384.5198001066665,3902.347501413333,4167.511495413333,4493.725390933333,4838.245093066666,5263.397071066666,5345.632793600001,5343.690784586667,6014.03593304,6201.8465341599995,6146.657817546667,6149.184862746666,6698.28566712,6225.962616026667,6192.47751904,6530.889421520001,6557.5974607200005,6834.870996373334,6697.779364,7003.045399413334,7093.16054784,6916.069022613334,7162.707838053334,7154.318942186666,6731.11906,7289.938302746666,7298.931157653334,6837.156825306666,6900.64489144,6457.7177738400005,6498.756784933334,6623.049018186666,6465.70915896,6383.511682666666,6829.3876654666665,7147.063661253334,6823.550778693334,7061.883239546666,6623.088110453334,6064.999334239999,6089.628295573334,6175.62984176,6219.40139024,6166.275008213334,6646.261587946666,6599.55765504,6266.853560853334,6480.434982026667,6858.369478666666,6378.499934213334,6349.7950796000005,6704.182751066666,6486.940469253334,6535.798408773334,6429.36786424,6475.396293066667,6455.866623066667,6022.161456906666,6735.91684712,7051.777151866666,5965.83545424,6496.37818408,6646.0340269066655,6987.6266396266665,7124.794757680001,6551.2890978666655,6240.072175306666,6706.240008666666,6654.806714293334,6089.49302392,5958.206073946666,5978.038549893334,6109.144853706666,6242.145345866666,6395.011754986666,6713.726341760001,7881.59497776,7988.234839626666,6902.5112312266665,7128.131190906666,7220.5807114399995,6199.9652075466665,6254.049423466667,5862.703217493334,5838.126124346666,5958.694749333334,5970.2361195466665,6142.809381253334,5899.43534304,5645.559841786667,5504.580688773333,5812.49672528,5896.614278986666,6457.47261064,6018.652743333334,5664.410788613332,5556.325710533333,5502.838728426667,5624.015343066667,5566.25566216,5559.247590053334,5516.200279279999,6377.7893593066665,6783.038574693333,6485.647968106667,6090.4316648,6176.756075093334,6165.865362933333,5968.67947928,5160.34550192,4258.5307514666665,4249.699591786667,4385.143380426667,5075.411989493333,4715.12093784,4282.143764053333,4745.173231813334,4938.7113078933335,5408.788936293333,5081.374974826666,4062.601304853333,4059.353948666667,4944.381065173333,5366.428368186666,5405.637394933334,4650.669110266666,4218.236032693333,4098.073661813333,4721.701163386667,4916.556396426668,4414.27876912,3859.461691333333,3955.718164186667,3979.675302026667,4245.50856888,4347.5061316,4237.443776186667,4421.556115253333,4424.826678213333,4514.692259893333,4703.444602986667,4645.001576986667,5303.583666693333,5091.285548026666,4902.5025912266665,4685.534453066666,4573.730335226666,4536.194174106667,4946.433534479999,5119.182948773334,5090.7764283199995,4530.1833586133325,4342.327293226666,4370.259013706667,4230.060605813333,4149.281129653333,4490.782248986667,4609.357852213333,4976.891305493333,4542.282602933334,4227.222708933333,4285.750347013333,4297.993281413333,4301.272736666667,4348.792086666667,4899.361688213333,4629.8417060266665,4105.8222832,4614.667287226666,4768.969171520001,5248.7921815733325,5339.256561706667,4720.3943888,3952.4695636799997,3464.9057491733333,3584.9711694933335,3426.552142746667,4530.174273093333,4470.385089840001,3296.7115824266666,3291.878629306667,4187.5728032,3938.2345652266667,4349.126747066666,3687.63657928,3613.1588925066667,2711.8203770666664,3315.325936693333,3971.4381465066667,3756.5228058666667,2770.2378816,2460.55105176,2461.3193353066663],"out_bps":[1665.8965410933336,1475.1216280533336,1429.3956435466666,1396.67540768,1439.37582296,1473.5375358133335,1946.8514389866664,1885.3038105599999,2096.2287369866663,2677.27010992,2234.0192271733335,2135.54209512,2324.2482094933334,2101.605105493333,2164.6982656266664,2292.773131573333,2579.541182133333,2571.35442552,2899.0695972800004,3419.35453272,3210.596685226667,3819.035641306667,4312.0784877333335,3839.49619752,4102.178946586667,4394.961726506667,4786.84252992,5225.8749680266665,5290.205523279999,5279.554381893334,5950.6223761599995,6127.86075296,6076.311652906666,6044.825370346666,6640.526986,6117.642571439999,6069.011746186667,6371.359874586666,6476.73004096,6687.61288888,6565.5179452,6909.533795093334,7005.8264408000005,6866.91016488,7108.261312346666,7038.4899440533345,6656.070557813334,7156.629080773334,7200.236521066667,6698.494128373334,6745.000661093334,6360.6426516,6391.068077226667,6478.724503733333,6246.956129413334,6240.559069546666,6780.7687748,7093.46635376,6703.66381576,7024.731586399999,6502.006988346667,5984.860724986666,6006.4385271733345,6087.661172453334,6161.566421173334,6127.050567306666,6618.329623600001,6477.1607356800005,6200.634907946665,6399.939422186667,6763.759324346666,6218.290777386666,6189.98036456,6599.278339066666,6297.2806222399995,6271.05814576,6235.9697680533345,6094.542356773333,6332.763716053334,5934.12407264,6455.545416693333,6751.692974213334,5875.390570826666,6444.870713226666,6531.567684053334,6878.737625813334,6965.616492319999,6482.141004319999,6158.484586506666,6659.735458746666,6529.813913306666,5939.41707792,5862.365765653333,5821.35389656,6010.835962,6086.38321352,6192.62366072,6553.869683546666,7723.232710640001,7742.35496904,6707.91257096,6987.81120488,7074.13298608,6110.863930426666,6167.193271413334,5790.133809733334,5784.624695493334,5895.92044824,5920.09632776,6035.996871973333,5789.7619032,5589.66213488,5456.002174026667,5756.764123520001,5817.560829573334,6397.058136133334,5874.999855066667,5594.9816444,5447.1514452,5372.69563504,5512.768463813333,5511.622997493333,5473.145344426667,5432.109098906667,6407.135544693334,6652.843768053334,6386.262580266666,6013.964136586666,6090.552930453334,6109.399110666666,5937.419530506666,5079.801919359999,4192.03371264,4197.790709733333,4305.76296576,5006.19143384,4608.821735706667,4274.82229952,4669.29312432,4888.947146346667,5289.395506453333,4944.980399520001,3966.961278586667,3964.4138832,4956.8243584266675,5308.404622720001,5321.77909096,4538.955182533333,4207.92836,4047.556800373333,4709.868740773333,4863.9085856,4335.2366548,3805.368765146667,3929.7645728,3906.631887013333,4202.37428776,4291.225904,4166.422066373333,4380.179143146666,4375.7502032,4482.679211093333,4668.39593912,4591.909760213333,5244.57031112,5064.479502640001,4850.738152373333,4616.8738471199995,4506.87166864,4444.15821768,4886.08603992,5037.597804373333,5055.729321253333,4453.515772213334,4285.421584666667,4306.436401893334,4224.190156693333,4093.980797253333,4465.057712293333,4534.820238053333,4992.90873848,4660.739386106667,4150.6139594666665,4282.323275466667,4259.908720586667,4224.026281786667,4335.114872986666,4848.789304293333,4540.838265306667,4108.90193008,4596.20188336,4707.36599416,5293.230788826667,5336.321961386668,4705.373616586667,3936.072757013333,3430.080445413333,3557.386319253333,3423.402139653333,4520.3753541333335,4456.563508213333,3304.3701959466666,3250.9162928,4386.601607413333,4223.94052456,4551.517030933333,3887.52804032,3715.439767066667,2699.7645793333336,3396.7711070933333,4001.4858805333333,3829.4994749333327,2817.2823267466665,2420.38295008,2449.74184344],"in_packets":[],"out_packets":[],"in_errors":[],"out_errors":[]}}