{"message":"Aggregated IX data for Brisbane IX","data":{"nServiceId":null,"width":287,"jServiceId":null,"start":1487765100000,"end":1487850900000,"name":"Brisbane IX","in_octets":[],"out_octets":[],"in_bps":[3494.468730586667,3624.602066053333,3399.05174136,3178.9596451999996,2838.637909733334,2594.00575872,2522.10109096,2638.73750072,2337.735914,2408.4866677333334,2291.7811008266663,2132.2504629333334,2154.172547466667,2073.8900909066665,2073.5340984266663,1943.9369815999999,1825.75692776,1657.3029971199999,1657.56535488,2016.4359087466667,2202.939691493333,2016.5029696533334,1767.3339202666666,1764.61144128,1914.2974484266665,2100.72582304,1997.55897048,1715.4365413599999,1543.2149346400001,1453.0786065066666,1443.7478323733335,1353.9281951199998,1329.8435158666666,1218.4678484533333,1120.4623358133335,1085.03554888,1033.7308120266666,913.5296927466666,1147.42172648,1363.2375498933334,1412.5436795466667,1637.29112408,1569.0302739733334,1525.8980928533335,1411.38124,1509.6234764533333,1299.8047316,1341.11954056,1405.0143794133335,1291.9165573599998,1261.3377989066664,1153.6897544533333,1087.9119870133336,1120.8520048533335,1080.04994976,1088.0943615466667,1023.428752,985.67597072,977.0540988266666,980.8138900800001,1254.5543541866664,1266.6944272,1300.8112476,1149.235032,1357.9821535199999,1468.7080964000002,1526.5238731733334,1645.6065902133334,1722.8793969333335,1806.2952138133335,1780.5132612266664,1589.9221913333336,1442.1494157333334,1402.6185385333335,1363.8159337333334,1514.40156456,1397.75153256,1378.3788095999998,1554.67733912,1467.2111254933334,1327.0285283466665,1274.56031328,1144.7835393599998,1256.0615626133335,1198.3409072,1191.4047159733334,1130.6575112533333,1135.4171807466666,1002.2455675733333,1097.1095001333335,1131.1448961066665,1312.25515128,1540.2741211199998,1635.79764064,1604.08555544,1613.09779064,1701.9930588533334,1748.6375896,1692.8041753866664,1605.95071664,1700.8029750133335,1815.3517749333334,1835.61553536,1883.45346544,1922.0697074933332,1780.1706151466665,1852.0043749866663,2063.5651432266664,2233.6451507466663,2440.8388895733333,2580.2056132533335,2662.40419312,2642.62321064,2885.0612935999998,2953.895644746667,3054.3291463466667,3317.000331173333,3490.5868860533333,3756.602613226667,4170.4173744,4206.0078296,4441.20450328,4434.90691856,4332.050411973333,4597.50031552,4677.75774472,4768.75922448,5074.685514426667,4725.629309146667,4436.842231626667,4772.048612346667,4924.17224536,5091.642660773334,5493.94221576,5477.304516586667,5453.110145013334,4994.253535813334,4611.4043116,4868.43445944,4981.3975149866665,4552.309580239999,4596.808348293333,4263.530732266667,4324.52944328,4255.834323066667,4058.602885413333,4564.670234346668,4642.886613386668,4860.849192826667,4782.634181813333,4732.80298888,4318.8780048,4009.82910592,4136.908325866667,4409.391412533333,3966.88279216,4312.540074266666,4122.5039976533335,4084.255632373333,4075.366181733333,3788.188622746667,3718.58345256,3826.33090456,3030.772475973333,3880.645835386667,3962.962274773333,4030.2351698666666,3779.2055232,3853.1667272,3898.5030597866667,3952.985879973333,3953.9998737866667,3799.1176094400003,4001.4780332533333,3825.383205173333,3689.259958853333,3855.8228880533334,3652.8158688266667,3658.3129705066667,3525.670165786667,4003.3043760266673,3627.03408,3501.594257306667,3529.3552869866667,3478.917395786667,3586.3602823466667,3324.09023752,3280.033876613333,3004.676747706667,3240.928629626667,3559.529462053333,3664.34711488,3753.2272091199998,3455.569533706667,3403.0680487199998,3250.79833552,3246.3325423200004,3623.096805893333,3546.147108373333,3254.9833800533333,3432.0881431733333,3475.574804346667,3055.0412072,2912.065038773333,2759.57661528,2724.19377248,3031.09320608,2823.957295413333,3018.42505936,2966.2381580799997,3099.770756053333,3048.93039224,3273.5060542399997,3298.68303472,3158.386256213333,3079.58188016,3169.963309626667,2950.6529567199996,2814.6711186666666,2893.311575066667,2811.017950053333,3263.237941973333,3263.235370346667,3173.098386213333,2910.0595625333335,2667.0118277066663,2896.556435626667,3076.6709794666667,3239.58797736,3173.82019528,2757.636283866667,2524.0678458933335,2648.7663384266666,3119.8798596799998,3124.17176048,3019.472175706667,3155.884951813333,3125.5674787199996,3514.214243066667,3275.476233413333,3163.087748293333,2826.7784896533335,2730.6138235733333,3421.22038144,3702.9913932,3870.334629226667,3890.226175973333,3483.8552778400003,3266.256823946667,3075.711017493333,2891.53232776,2646.8737797866665,2647.5725094133336,2640.74605824,2843.85880568,2960.200959386667,2881.304624906667,2783.30080736,2828.0207603733334,2464.46642896,2478.0401578133337,2497.5987398666666,2482.4421352,2529.0788987466663,2838.7291185066665,2710.9720316266666,2571.05496992,2598.6511929333333,2949.1585402133333,2957.861817573333,3007.624135066667,3253.886213066667,2999.961227386667,3047.346345413333,3257.24778904,3427.33597856,3462.698969066667,3534.785217146667,3570.761417893333,3566.7146659466666,3479.2189137866667,3170.6134406399997,3195.1084497600004,3058.072288773333,2995.380725013333,3026.9120539466667,2994.649021466667],