{"message":"Aggregated IX data for Brisbane IX","data":{"nServiceId":null,"width":239,"jServiceId":null,"start":1474826700000,"end":1474898100000,"name":"Brisbane IX","in_octets":[],"out_octets":[],"in_bps":[326.57137064,369.8211774666667,285.3347177333334,283.50271127999997,292.6140896,333.79085039999995,335.7278422933333,292.35582496,332.56315661333326,367.81206080000004,326.7031072266667,314.9609269066667,337.5689044266667,363.88588216000005,356.2296790933333,371.40172624,459.69207048000004,435.0727541066667,460.4458322666667,430.44090112,387.72710096,403.0094422666667,447.67314727999997,504.97265842666667,569.0782856000001,497.51826610666666,551.8460673866666,677.6965891466666,625.72507296,676.6398805066667,657.4713826933333,780.6982494933334,731.8246202133333,806.98365352,820.6988485333334,859.2705757066666,907.8867786666665,855.1132421599999,843.8009757333334,884.2049541599999,853.6091898933335,931.64683128,963.4196106666665,1001.4914138400001,1248.1309990133336,1332.2858136533334,1270.5204892533334,1288.6050476266666,1531.65696184,1476.9787320799999,1483.3694584266666,1494.5855043466665,1406.2743149333335,1677.2328425333335,1825.0065961066666,1977.8874105066666,2029.7966978666666,1857.0139573066667,1820.9419402400001,1951.9993818933335,1876.10018208,2137.9584196266665,1787.5396784266666,1815.0406276533333,1789.0769165866666,1948.36577096,1919.1296332266666,1927.4949703466666,1805.3837096266666,1685.6745505866666,1553.9650833333335,1566.6307434133334,1712.4948506133335,1792.0954482933334,2005.4653428533334,2033.3417425333334,2038.9854664266666,1836.4155830933335,1984.2681226666666,2029.3353717066664,1919.79400208,1660.44299832,1498.1026998666666,1595.344628,1731.6229418133335,1633.1265495999999,1622.47931256,1604.4487144266666,1718.41836248,1541.3431348533334,1560.3879323466665,1651.7457652,1754.7913451466666,1686.1641360533336,1555.7388633599999,1502.3523001066665,1526.0108684266665,1567.2323833333335,1704.5997984266664,1628.3685885866666,1650.8282975999998,1688.9401866666665,1680.7226239733334,1675.0743660266667,1516.3476725599999,1498.8519412533333,1562.2978226933335,1550.7762387733335,1526.2161132266665,1455.3688466666665,1554.7273853866666,1663.5229113866665,1621.4106733866665,1651.0114610933335,1636.35655936,1714.6602555466666,1614.9672727466666,1735.8132849066665,1698.7154448800002,1783.1606755733335,1737.1790851466665,1791.66844696,1737.9359404000002,1766.3218066400002,1721.5352367733335,1609.9094601866666,1765.5032534666664,1898.37727112,1710.3872004533334,1680.4348995466667,1750.7755413599998,1609.51086304,1682.5990591466666,1758.29949824,1737.9443480533334,1678.72927656,1577.0405605866665,1635.4900846133335,1617.7160159733335,1506.1891586933334,1582.070118,1700.5972012533334,1568.0377301333335,1679.5573561066665,1677.4937177066665,1678.63132056,1508.9346869333333,1513.89188632,1510.9369818399998,1580.1529059733334,1513.4196725066668,1467.2957900266667,1471.8722681066665,1562.2973774133334,1564.7169332266665,1507.9311015466667,1593.0190544533334,1676.13731864,1730.0363844533333,1429.9176708266666,1357.4596291199998,1357.1511229066666,1273.0217623733336,1285.1185776,1213.3003395733335,1138.7428835466667,1240.2329122666667,1147.6130076266666,1270.54792424,1298.0035514933334,1368.2127657333333,1347.8991053333334,1547.5527213333335,1365.0340615466666,1217.7945325333335,1179.43784776,1208.9642218933334,1202.80062216,1292.1920121866665,1306.4229388533336,1294.90080448,1357.07748784,1206.8023598133336,1192.67080352,1273.41552296,1354.9261166400001,1572.8724363733334,1547.1047342133334,1383.2617769866665,1430.0242904000002,1349.1940729066664,1324.5717049066666,1328.4627881866666,1326.4614854133333,1215.9121617333333,1268.36821768,1254.525476,1339.13807976,1483.9353833066666,1611.1972215466667,1436.62669192,1320.94161016,1274.8526699466665,1309.3961351466664,1437.3286115733335,1456.22902632,1457.8183166933334,1494.08345024,1494.8160912533333,1482.4318991466666,1444.26863544,1385.7595138933334,1317.2443187466667,1236.7861553333335,1219.29999832,1262.6863955733336,1406.03886592,1476.4623533866666,1403.2603021333334,1348.24575584,1224.8617505066666,1223.68480168,1213.2634399733333,1163.8097341333334,1224.48789528,1165.66670976,1094.3553079466665,1090.5558924533334,1048.2352682133335,963.56315384,837.40558496,811.0267559466666,786.5342657866667,805.71223624,802.10731904,676.3754245866666,649.8193556,667.3620694133334,660.4972792799999],