{"message":"Aggregated IX data for Brisbane IX","data":{"nServiceId":null,"width":287,"jServiceId":null,"start":1500869100000,"end":1500954900000,"name":"Brisbane IX","in_octets":[],"out_octets":[],"in_bps":[6410.321348560001,6391.251406373334,6909.90188976,6628.92334672,6182.317294053334,6467.420743866666,7213.0482220799995,6887.995622693334,7008.101853413334,6200.216812853333,6040.853865520001,6447.80829192,6048.572880133334,5624.602151333333,6015.757354906666,6333.930279439999,5835.1497689066655,5671.15233968,5797.482772186667,6040.984792159999,5897.984263413334,6229.188211653333,5898.41475984,5804.906679546666,6124.986402053334,6624.2448200533345,6075.030315973333,5699.9002540266665,5988.804394533334,5664.00348416,5640.59427048,5403.286244319999,5676.555916933334,4874.627962293333,4771.37615336,5017.35817904,5342.672170426667,4852.92265696,4594.992243866667,4510.534461466667,4360.520053413333,4382.0084363999995,4735.833232586667,5521.788566186667,5601.51154008,5472.571900906667,4787.9955032,4899.652934106666,5279.568212426667,4643.277720133333,5177.122914613333,5386.556513946667,5055.148103333333,4413.841406053333,4274.513506213333,4218.766123386667,4446.472603466667,4167.813726693334,4129.364326426667,4083.739790266667,4182.042766026667,4404.26363616,4180.6093689066665,4137.524131173333,4057.3141154133327,4262.058460266667,4494.12022016,4143.293586933333,4131.721620213333,3937.555757493333,3818.177472746667,4184.778384773333,4300.076836053333,4363.13537256,4492.73854792,4238.095929493334,4343.59991704,4077.044746213333,4250.414388346667,4044.604328026667,4188.1079903733325,4179.271110986667,4465.1722908266665,4598.885316586667,4492.556122746667,4680.805768293333,4329.471674746667,4393.534987706667,4520.681208613333,4714.362585573333,4402.551278133334,4602.15434088,4079.120075546667,3963.809085386667,3996.2262173866666,3743.5266609866667,3566.9772143200003,3625.5873358400004,3605.7053981599997,3955.2240384266665,3653.2789843200003,3697.7372197600002,3814.470572186667,3193.555724613333,3024.5269742133332,2989.645753146667,2648.16414848,2778.4275205066665,2913.629502773333,2706.7011726666665,2733.0869647466666,3049.7656642399998,2614.876433013333,2469.06536424,2626.8993777600003,3437.22572864,3218.483011973333,2946.84831912,3010.769701173333,3194.3303575733335,3028.149444186667,2968.10356752,2902.7280828800003,2288.755604346666,2058.3643873866667,1805.6351541333333,1831.58826352,1829.3854910133336,1660.10708096,1815.5411934400001,1796.82357344,2204.118469493333,2504.2564161066666,2717.9822482933337,2348.9336362666663,2139.6081220533333,2356.51765384,2386.6723107466664,2579.1330640533333,2267.13240656,1690.7733882933335,1828.1169729866665,2196.7784154933333,2368.9586095466666,2098.91257864,2079.4240583466667,2251.7527721866663,2249.68984584,1868.4135167733336,2671.31865208,2562.1784556533335,1720.9953139466666,1565.7123126933334,1456.77515296,1327.68696448,1617.2456310133337,2217.8974217066666,1439.8027373333334,1237.4231088,1667.4278404266665,2438.4704695466667,1646.1008679200002,1500.7412350133336,2521.005893493333,3749.6330301599996,2853.6384482133335,3453.99172248,4277.625087626667,4531.7667436,2968.517724133333,2341.4670197066666,4505.3405645600005,4539.73594184,2883.870534106667,3888.738478106667,2711.1195438933332,1814.18576184,3544.1742594933335,4241.6432133866665,3272.351343626667,4382.375581386667,4349.72475864,2733.8704333333335,3256.14131224,3385.019229893333,2481.8104066133333,4058.4911368000003,4444.726595626667,4378.08517456,3063.1432941333333,2800.954001173334,3656.362114266667,3928.80896072,4644.518007466667,4429.93671712,3424.467154293333,3440.130963813333,3940.921126586667,2525.4815447466663,2647.10812912,3918.0805858666668,4071.7504848266667,2514.5536857066663,3078.719321733333,3557.0137884,3847.8162394666665,3212.460312,2911.3119581866667,2854.196135973333,3135.2032932800003,3256.190922,3443.128810906667,3809.38456136,3958.893387146667,4048.6345072800004,4159.1100066399995,4910.801867733334,5566.126857893333,5285.041214586667,5931.742584,5804.702138933333,6717.338281706666,6976.628559493334,6398.938714026666,5627.188089066666,6358.244345786666,6344.848703786666,6553.533456293334,6539.834907333334,6617.226961253334,6885.326164613333,6961.591101253334,7244.76346736,6949.3538364,7273.988578986667,8011.987154186666,7180.621357866666,7222.092728026667,6529.999414746666,6485.872865866666,6738.77083424,7477.146424346666,6989.32318808,7172.756224453334,7064.4297716,6770.935586453334,6455.94137904,6469.669110773333,6279.258241386667,6231.11760664,6854.9798872266665,6779.967845626666,7165.500409093334,6499.680989893333,6311.2835028,6009.25309576,6581.397751733333,6367.156004293334,5754.755374186667,5736.838862586667,6200.382316613333,6278.467802106667,6228.574353973333,6193.590424106666,6681.82494088,6925.925369333334,6669.385466106666,6770.462758133334,6968.351042666666,6576.91717216,5751.434810826667,6565.529208319999,6026.324314986667,6560.463148373334,6660.547074,6343.398583439999,5927.844020853334,5943.912494239999,6251.877412293334,5930.00868432,6021.9327679200005,6356.258781813333,6576.869377973333,6619.92077688,6487.6126968,6709.4418370133335,6694.57830632],