{"message":"Aggregated IX data for Chicago IX","data":{"nServiceId":null,"width":286,"jServiceId":null,"start":1500336300000,"end":1500422100000,"name":"Chicago IX","in_octets":[],"out_octets":[],"in_bps":[280.98602864,231.68245050666667,186.77919621333334,193.82226077333334,180.76356797333335,1228.9699125066666,2392.71218408,4508.3827137866665,10018.271423733333,3379.7930969866666,253.37195261333335,202.33296210666666,172.81507541333335,187.17559338666666,185.92349861333335,196.83136877333334,269.90380682666665,419.4584562666667,462.53198527999996,477.20662527999997,379.8246677866667,309.25611618666665,304.18441949333334,310.3814211466667,371.4726840266667,343.68673608,265.91840506666665,221.64273736,237.41756432,283.25683717333334,264.98603208000003,291.7976310933333,291.0578655466667,246.41633472,235.03193178666666,191.24394194666667,246.27477543999998,195.89435589333334,189.18338312,208.46891090666668,298.8020202666667,367.8321457333333,1674.6779929333334,493.37478448,278.24960101333335,285.07252896,545.2515930133334,362.6294010666667,264.1202710933333,2378.6591397866664,1511.7156988800002,322.77049072000005,1460.7154731466665,7153.142145786666,7331.449971786666,7507.321782800001,4246.158714853333,660.8189728,398.40978893333335,301.4592927466667,315.45246893333336,1616.7231826933335,5684.292698373333,10119.49351624,3975.87714096,326.4786767466667,1117.1338976266666,1730.32426424,1722.2102551199998,4407.20947992,900.5989893333335,491.39267488,479.83357551999995,443.5862525333333,378.40536936,358.0338253866667,244.23283024,1689.4709300533336,2858.2090261866665,2898.693726266667,9238.978138213335,10134.36695184,10140.02471656,10013.979601253333,417.7841885333333,138.43874173333336,136.77979253333334,139.38282109333332,149.02279397333336,132.22171349333334,131.61509717333334,137.12101058666664,141.93413192,223.78565117333335,254.27659152,249.2474792,192.76471464,170.56074816,148.51103642666664,148.90518730666665,147.65592346666668,150.58292317333334,136.94816437333333,1610.1618823466665,6989.327007066667,6990.864407866666,2230.4892190133332,987.4431943466666,713.5991889866667,347.35726616000005,215.38217112,240.51703368,1207.1251317066665,391.22504263999997,300.3998495733333,260.40985448,235.90673074666668,208.66178850666665,178.62116754666664,190.3944972,162.89112656,1521.8068396800002,1919.6213902666666,362.9898484266667,897.4402256799999,5841.12563168,9490.832982746666,8669.351639786664,5739.548818506667,2989.8971945066664,2319.3374344533336,9149.268272533334,10135.161596773334,5891.023340373334,227.02449128,164.97513482666665,166.23108728,1052.6499729866666,607.6191586933334,304.19525376,237.88396434666666,240.46764463999997,214.87140191999998,190.26643570666664,204.31470432,1026.1124952266666,2987.727322346667,354.8587199466667,258.94252664,249.74715586666665,921.45670616,1405.6907244266665,1628.0064831733334,3781.964334453333,4175.33501672,5199.010975439999,3295.74097136,1029.86920432,618.2826718933335,317.87390077333333,255.56757754666666,218.59744184000002,833.7034745333334,792.8039387733335,378.6124225333333,396.50111216000005,466.7859678666667,327.0461729333333,262.04349941333334,225.01237464,211.22363773333336,204.28973592,198.05512301333334,915.0191355466665,2988.064997573333,9051.0139896,10215.848121226665,10140.9586672,5238.213112746667,226.62615698666664,215.83838837333334,214.72149184,218.05563005333335,201.06873112,209.81113106666666,210.70192975999998,265.80944456,208.74214856,211.41309149333333,202.19408778666667,215.18617757333334,238.77436821333333,228.36292709333333,239.74490834666668,1282.6824655466667,3684.616106346667,3806.17141936,1538.6829232,830.30780312,1063.7756078666666,5648.959473893334,10195.066785493334,1075.3625255999998,236.73231864,242.65786669333335,228.31166810666664,262.67171965333335,240.70875162666667,220.74609293333333,220.42648013333334,2028.5458828266667,2475.4113856266667,403.32758216,307.8565301066667,371.4680591733333,6802.465124506666,9676.732488026664,505.2365526666667,243.93385234666667,225.18489072,747.0603899466666,1553.6271816533335,1511.84022904,1480.3488553599998,739.0540071733334,2156.9825362399997,9888.20038824,10220.479368266666,1461.94942928,553.2384866666667,575.0871632266667,412.7955232,404.0552956533333,367.4736360266667,3062.7436952,8524.29906224,1005.3674005066665,388.1937530933333,465.3290765333333,328.7902983733333,355.68494714666673,322.6210894133333,1982.6017444533334,6051.572115973333,2051.4912561066667,4646.074189146667,6177.8095122133345,9102.348136053335,8576.280183306666,1097.9252643733334,533.4766806933334,849.8933275466665,405.39704093333336,342.4383934133333,292.94791743999997,242.67051952,243.94369319999998,498.0164568533333,1284.1740630666666,7148.718143733334,7353.40799864,1353.2076298666666,1304.99091536,5296.678296613332,6394.1959245866665,2311.7860168,351.83582338666673,1061.5674274133335,1220.3570032533332,516.3138913333333,1071.73498672,4447.611912106667,6422.700665706666,6412.263172800001,5061.067050666667,1308.63084576,444.6878454933333,1084.4686362133334,7515.101601306666,5195.0384036000005,387.94475557333334,329.94170392,4379.055964826667,6903.418239680001,4753.074804186666,8579.354749706667],