{"message":"Aggregated IX data for Chicago IX","data":{"nServiceId":null,"width":286,"jServiceId":null,"start":1513728600000,"end":1513814100000,"name":"Chicago IX","in_octets":[],"out_octets":[],"in_bps":[2.504E-4,2.557866666666667E-4,2.5597333333333337E-4,2.3336E-4,2.4357333333333334E-4,2.4136E-4,2.252E-4,2.7328E-4,2.1309333333333332E-4,2.2208000000000002E-4,2.5264E-4,2.2322666666666665E-4,2.2656E-4,2.5487999999999997E-4,2.7069333333333334E-4,2.5829333333333336E-4,2.5373333333333334E-4,2.4584E-4,2.2245333333333335E-4,2.3506666666666667E-4,2.4152E-4,2.2205333333333334E-4,2.2413333333333335E-4,2.7658666666666664E-4,3.1592E-4,2.2098666666666664E-4,2.4133333333333334E-4,2.2090666666666666E-4,2.2656E-4,2.6295999999999996E-4,2.2090666666666666E-4,2.6962666666666666E-4,2.5487999999999997E-4,2.7634666666666665E-4,2.2994666666666667E-4,2.3112E-4,2.5938666666666665E-4,2.5605333333333333E-4,2.5032E-4,2.7749333333333334E-4,2.096E-4,2.3677333333333334E-4,2.5522666666666664E-4,2.1957333333333335E-4,2.324E-4,2.3677333333333334E-4,2.4242666666666665E-4,2.5712E-4,2.2333333333333333E-4,2.5722666666666663E-4,2.1874666666666666E-4,2.6626666666666667E-4,2.2656E-4,2.0394666666666666E-4,2.4034666666666667E-4,2.536533333333333E-4,2.0063999999999998E-4,2.5602666666666666E-4,2.4922666666666666E-4,2.5381333333333335E-4,2.0512000000000001E-4,2.6733333333333334E-4,2.471733333333333E-4,2.48E-4,2.1194666666666666E-4,2.1312E-4,2.3002666666666665E-4,2.3221333333333334E-4,2.469866666666666E-4,2.1077333333333333E-4,2.5128E-4,2.626933333333333E-4,2.424E-4,2.4682666666666665E-4,2.7751999999999996E-4,2.8314666666666666E-4,2.684533333333333E-4,2.2546666666666668E-4,2.2546666666666668E-4,2.3336E-4,2.3336E-4,2.2546666666666668E-4,2.2090666666666666E-4,2.4213333333333336E-4,2.6880000000000003E-4,2.0063999999999998E-4,2.1642666666666665E-4,2.3229333333333335E-4,2.4466666666666663E-4,2.3226666666666666E-4,2.7544E-4,3.213333333333333E-4,3.0704E-4,3.1133333333333333E-4,2.6727999999999995E-4,2.6053333333333334E-4,2.6170666666666665E-4,2.3786666666666666E-4,2.3677333333333334E-4,2.5962666666666664E-4,2.4101333333333334E-4,3.2157333333333334E-4,2.5938666666666665E-4,2.898933333333333E-4,2.2656E-4,2.3685333333333335E-4,2.5808E-4,2.502133333333333E-4,2.2090666666666666E-4,2.4498666666666663E-4,2.6690666666666666E-4,2.3325333333333332E-4,2.3229333333333335E-4,2.1642666666666665E-4,2.2866666666666665E-4,2.2477333333333335E-4,2.654933333333333E-4,2.3522666666666667E-4,2.2538666666666667E-4,2.4725333333333333E-4,2.5797333333333337E-4,2.3677333333333334E-4,2.685333333333334E-4,2.2538666666666667E-4,2.5264E-4,2.1658666666666664E-4,2.2888E-4,2.5373333333333334E-4,2.5032E-4,2.2656E-4,3.2063999999999997E-4,2.4021333333333335E-4,2.3005333333333335E-4,2.2656E-4,2.4357333333333334E-4,2.3901333333333334E-4,2.3229333333333335E-4,2.2538666666666667E-4,2.5037333333333334E-4,2.5938666666666665E-4,2.3221333333333334E-4,2.6618666666666666E-4,2.2448E-4,2.1973333333333335E-4,2.2090666666666666E-4,2.7183999999999997E-4,2.4917333333333337E-4,2.6727999999999995E-4,2.3461333333333335E-4,2.5482666666666663E-4,2.3021333333333335E-4,2.3103999999999998E-4,2.684266666666667E-4,2.2546666666666668E-4,2.6618666666666666E-4,2.1312E-4,2.5712E-4,2.2216E-4,2.3794666666666667E-4,2.2888E-4,2.5282666666666664E-4,2.176E-4,2.5597333333333337E-4,2.1272E-4,2.7328E-4,2.2656E-4,2.6504E-4,2.3336E-4,2.571466666666666E-4,2.6053333333333334E-4,2.6386666666666667E-4,2.2208000000000002E-4,2.3677333333333334E-4,2.628E-4,2.2205333333333334E-4,2.2663999999999998E-4,2.1981333333333334E-4,2.7872000000000004E-4,2.2656E-4,2.609066666666666E-4,2.3416E-4,2.3112E-4,2.3336E-4,2.4962666666666667E-4,2.3989333333333335E-4,2.4584E-4,2.3005333333333335E-4,2.7874666666666666E-4,2.176E-4,2.2205333333333334E-4,2.5282666666666664E-4,2.1312E-4,2.3901333333333334E-4,2.4930666666666667E-4,2.1642666666666665E-4,2.1429333333333335E-4,2.4706666666666664E-4,2.4359999999999999E-4,2.2773333333333336E-4,2.6397333333333335E-4,2.537866666666667E-4,2.5149333333333336E-4,3.046133333333333E-4,2.729333333333333E-4,2.7861333333333336E-4,2.775733333333333E-4,2.4136E-4,2.2663999999999998E-4,2.3453333333333333E-4,2.4808E-4,2.3786666666666666E-4,2.4930666666666667E-4,2.1194666666666666E-4,2.3112E-4,2.5487999999999997E-4,2.5482666666666663E-4,2.6504E-4,2.6727999999999995E-4,2.1525333333333334E-4,2.6733333333333334E-4,2.2546666666666668E-4,2.1757333333333336E-4,2.1858666666666664E-4,2.7298666666666666E-4,2.0968E-4,2.2090666666666666E-4,2.3794666666666667E-4,2.6616000000000004E-4,2.1525333333333334E-4,2.1642666666666665E-4,2.7309333333333334E-4,2.616266666666667E-4,2.3221333333333334E-4,2.5032E-4,2.2663999999999998E-4,2.628E-4,2.504E-4,2.6053333333333334E-4,2.3786666666666666E-4,2.6736E-4,2.3112E-4,2.4357333333333334E-4,2.6053333333333334E-4,2.1525333333333334E-4,1.1192E-4,1.3037333333333333E-4,1.2816E-4,1.2472E-4,1.1669333333333334E-4,2.4194666666666666E-4,2.3384E-4,2.3229333333333335E-4,2.48E-4,2.2773333333333336E-4,2.5333333333333333E-4,2.5762666666666664E-4,2.3904E-4,2.639466666666667E-4,2.3130666666666664E-4,2.2432E-4,2.3786666666666666E-4,2.2890666666666666E-4,2.3677333333333334E-4,2.7298666666666666E-4,2.6048E-4,2.4352E-4,2.5032E-4,2.4930666666666667E-4,2.4018666666666668E-4,2.0394666666666666E-4,2.5215999999999997E-4,3.197333333333333E-4,2.7416E-4,2.2656E-4,2.4048E-4,2.5792E-4,2.4352E-4,2.6618666666666666E-4,2.2656E-4,2.6429333333333335E-4,2.3218666666666667E-4,2.458133333333333E-4,2.2773333333333336E-4,2.1981333333333334E-4,2.3112E-4,2.1077333333333333E-4],