{"message":"Aggregated IX data for Chicago IX","data":{"nServiceId":null,"width":286,"jServiceId":null,"start":1476781800000,"end":1476867600000,"name":"Chicago IX","in_octets":[],"out_octets":[],"in_bps":[6711.684163066667,8168.290831413335,8615.545798346666,6911.46210696,4953.9308916,5135.984293013334,4920.128478666667,4955.271374533333,4916.6849408,4889.596327653333,4770.639677226666,5211.365588479999,5068.47837176,4827.678492026666,4927.397567146667,5120.910113386667,4951.1917132,5335.028292,5398.129145600001,5389.581767279999,5415.420362346667,5514.778598399999,5580.80304056,6307.189893706666,6030.937419973333,5487.978082346667,5807.5056658133335,6118.706724373334,6093.573594906666,6480.14278576,7142.897344826666,7013.289046746666,6183.506163066667,5986.371216186666,6087.217748986666,6650.417260853334,6474.662786853333,6457.0890790133335,6760.988457013334,6533.700453253334,6606.317684746666,7327.214724133334,7290.11277888,6968.582640266666,7318.572977786666,7432.230766106666,7748.546707813333,10046.12735624,9390.365046693334,9116.215160053334,8844.694959280001,7955.029957520001,7784.04222712,8454.5467716,8368.684211786665,8170.984664053334,8006.736138613334,8023.546273866666,8316.817301146666,10224.828702133334,8993.743438666666,8548.455736106665,8587.831174026665,8525.590432186666,8326.06956352,9100.226783386664,8117.493459893334,8081.116583333334,8191.86370272,8227.179958266666,7785.50107352,10642.160551546665,9564.442853386665,10101.953244986666,9881.523714693334,9255.484474453335,8486.53012064,8669.661457066666,8419.718908453335,8380.51128432,8164.794855173334,8031.004269893335,8173.00299056,8719.513996133335,8103.731972506665,7996.859128773333,8046.161300133334,8425.23686936,8515.204555626666,9020.339729066665,9104.31313344,8455.008121626666,8375.387037653334,8543.561150213334,7973.543433493333,10943.879242373336,9152.887282186666,8620.18954184,8289.200120426665,8049.8163895200005,8264.80215544,9636.19776368,8463.34587552,8296.516635706666,8417.17976,7980.4755427733335,8242.595666,10971.830084826666,9101.498041706665,8887.75625704,8861.51087816,9103.223172799999,9353.787434133335,9064.517263813334,8868.975285226665,8190.643883173334,8647.932648639999,8152.806612613334,8061.408543893334,10288.251492426667,8171.126595786666,8457.43784576,8551.884381386666,8316.05387992,8544.132555546665,8705.864128106665,8643.059217893335,8338.33081528,8332.871056533335,8661.41777792,8961.287530293335,9655.75602568,8932.135044693334,8760.039247120001,9257.966631946665,10074.609888853334,9451.637283040001,9687.764633173334,8560.460387359999,8742.20966968,8178.658881493335,8071.274222933334,8426.275012373333,8592.868016666665,8407.079842266665,8538.343009573335,8516.914384986665,8274.998125333334,8113.137784693335,8319.838510026666,7793.81320864,7859.790181146666,8201.73184824,7996.992040826666,7905.102920106667,8322.780207013335,8293.487754426666,7996.295907626666,8265.82819232,8511.345464106666,8426.248693520001,8757.446902186666,8941.881968906666,9229.800195973336,9003.882014666666,9595.386890746666,9088.571248986666,9861.394297653334,9498.512315573334,9228.96195664,9327.44478848,8799.85215944,8978.719449146665,8980.159496213335,9054.877009333333,8690.640784533334,8813.972373066666,0.0,9473.367140613334,9420.502580986666,9021.466341626665,9148.490756,9228.249410533335,8941.6579536,9459.55081536,9376.971258773334,9352.859356533334,9193.87736744,9378.37687896,9037.100311706665,9175.835893413334,8502.78614552,8528.594127973334,8701.225662053335,8773.585385066666,9029.588535733334,9050.847948906665,9352.602907653334,9051.165622319999,8841.80908464,8736.895278906666,8540.301980026667,8532.488633653335,8828.249114213335,8523.043647333334,8673.039835866664,8841.253023333335,8507.186413653335,8288.491678426666,7996.985036266667,8215.227373439999,8162.03692048,8608.640622026665,8436.946330186665,8396.004244186666,8344.49374856,7624.813224426666,7133.786613306666,7216.730302213334,6867.650910533333,6654.62248336,6614.287645066666,6709.766518746666,6713.445042373334,6778.643266693333,6981.447330613334,7362.467823946666,6854.234533626666,6600.598645386666,6243.1636416,6163.9787965333335,5950.359674213334,6088.34179936,5836.8674021333345,5748.53947904,5677.533015173333,5916.255520479999,5729.771126933333,6237.084138666666,5721.736219173333,5497.523968506667,5775.886122853333,5767.378394026667,5308.742317946667,5254.164975306668,5143.515785306668,5150.177893093333,4977.62328008,4933.44419192,5192.517514666667,6386.270567680001,5391.414304319999,5223.518802746667,5178.3037757600005,5081.658470346667,5241.426300213333,5010.248713493333,5007.8743276800005,4960.350431893334,5110.0100380799995,5235.618269386668,5398.105901706667,5828.434900613333,5318.1792743999995,5310.884112693333,5414.211477226667,5292.4549448533335,5338.9701152533335,5166.601580426667,5417.202004479999,5366.71276384,5213.796809333333,5465.966000613333,5419.032366986667,5806.0234686133335,5406.270467146666,5333.637124,5423.264022613333,5360.8205328,5343.2890363999995,5611.729106399999,5775.1080648,5393.9662829066665,5324.10279256,5416.850292346668,5138.786663573333],