{"message":"Aggregated IX data for Chicago IX","data":{"nServiceId":null,"width":195,"jServiceId":null,"start":1501704300000,"end":1501768500000,"name":"Chicago IX","in_octets":[],"out_octets":[],"in_bps":[830.6031946666665,8335.52011936,10172.4016684,8464.457671333334,1398.0688862133334,548.6940260266666,5292.46447888,2605.745074133333,472.48065930666667,511.0754002666667,3678.789521066667,9261.347142373335,9850.72829552,9134.41071552,4209.739581253333,690.0461825333334,595.0270503733333,596.9492091466666,593.66732576,572.5736010933333,3909.804973173333,10178.426653786664,7295.6387808,606.7058994133334,752.0080140533335,5253.547130106666,8377.24323888,3785.9816520266672,2022.2769634933334,3209.6053390399998,478.7954265866667,386.5845318666667,370.36945632,383.8589260266667,279.9129828,659.3209517066666,9094.10312784,2546.6035975733334,302.4487386933333,375.47883661333327,1658.4359577866667,8427.26951984,10301.734385626665,10151.230423306666,10225.36100808,2992.991919733333,241.24700813333337,281.24316762666666,271.89054562666666,326.0985651466667,572.3588893066667,727.6952260266667,624.0894899733333,506.7643141866667,379.05160557333335,266.2485399733334,251.87444,284.7327438933333,265.93770608,2977.2608631733333,4930.411708373333,7793.383901626666,6055.358232186666,1242.4239532000001,286.1906495733333,274.89407872000004,249.21799277333335,261.83369408,280.3139538666667,293.3918335733333,621.7700626933334,1498.3077722133335,3293.947758346667,9547.665766373335,10235.279763013334,10163.189110426667,10237.513337973336,8734.885404373335,239.94517775999998,242.96716290666666,245.60191714666664,2547.8560982666663,2954.1254968000003,306.6038623466667,345.18133954666666,438.54071727999997,516.6813283466666,549.96054496,2085.779107253333,4487.459616293333,1876.9920934666663,1072.19302088,1700.9700129333335,2170.68345896,2543.7165844533333,7199.218556906666,10160.92872344,8653.181370266666,376.83543794666673,454.9869882666667,432.13383221333333,241.68700957333334,238.03575445333334,240.8212604,242.46321530666665,1081.30933688,4975.58289504,869.5847003733335,4705.336979600001,10204.981190186667,10188.297347226666,10165.258009733334,1190.3643845333336,223.67141770666666,211.66749429333336,4644.0345761066665,7638.72685776,10220.901667706665,10064.020544719999,3682.01508512,198.23868928,1202.2986778133336,1016.6152383466666,318.7812648266667,968.53427416,9265.84158376,1171.7762755466665,380.29935810666666,293.38312895999996,248.13974765333333,214.09450704,201.21051586666664,195.22668178666666,555.7281685333332,3056.0642959733327,4494.037533413333,3831.29793504,2412.3542088266663,1684.0857224533333,1454.7083029866665,1801.00728976,1719.4788233333336,920.7919403466666,316.14699877333334,193.19412650666666,186.77860746666667,189.03298594666666,190.50895642666666,181.33672610666665,187.49028392,178.46962093333335,177.42357114666666,418.0426416533333,4947.964491520001,5754.8687541066665,728.3781167466667,268.9101290666667,3124.846217946667,10166.199134026665,502.8654393333333,252.70585496,193.01096,190.45571152000002,185.52751930666665,189.70195213333335,184.32542946666666,188.07025581333332,177.86802021333335,189.18343738666667,184.02452906666667,182.01954840000002,197.04938061333334,266.2043858933333,273.74658922666663,193.66926661333335,191.35637949333335,190.06180901333335,193.93418024000002,189.71122368000002,189.66226192,202.4630172,189.18586341333335,190.55625314666665,186.78785522666666,346.28205178666667,405.09750096,343.0634150933333,263.32706434666665,241.33730586666664,0.0011824000000000001,0.0,7927.21636128,6994.940335493334,2902.1667072,394.2154408],"out_bps":[811.9743217066666,8317.191728906666,10176.272557733333,8488.344938373333,1406.1421786933333,536.5583263999999,5279.160061760001,2633.4208910666666,474.6419315733333,507.18030392000003,3651.26890552,9333.077101386665,9772.9268592,9134.215032106664,4242.200702586667,695.4368396799999,592.3818397599999,599.38610192,591.48839064,572.9015462133334,3839.024444746667,10207.30204488,7332.354690693333,611.9928084266667,743.8257302933334,5263.347041013333,8335.97073096,3823.3282428,2011.9203451199999,3223.9952618666666,477.5926291733333,385.9028282666667,370.94590904,385.6826541333333,279.0363186133333,659.90266456,9052.54388408,2586.97716992,302.4633165866667,375.3684923733333,1658.7451874933333,8427.522584826665,10252.605867946664,10197.861522826666,10181.38083808,3039.430332133333,242.45270232,275.86159056,276.11244546666666,327.1590317066667,573.1837901333333,719.5040398133334,629.49551536,506.1710876533333,380.44749360000003,267.58383864,251.31532317333335,282.7145966933333,265.39807253333333,2945.7598472,4920.54436136,7803.915057333334,6076.071540906666,1253.4034518133335,285.3156476533334,275.4297116,251.55152858666665,260.65094519999997,281.71770989333334,291.3101466666667,615.1626209066667,1497.1651991733333,3256.7005492800004,9501.8704792,10228.419684586666,10260.3506204,10238.752629546665,8736.128231893335,239.60664736,242.67949072,244.65156029333335,2549.1951125866667,2952.5593514666666,308.3476302933333,343.36330527999996,439.00660624,516.4374356266667,549.7580795733332,2068.9396773599997,4479.846490666667,1900.31252376,1071.8608902666665,1694.69524456,2171.2827787466663,2532.6075313066663,7178.55887184,10161.080469306666,8691.70726576,379.62527818666666,452.4479428533333,431.57862557333334,244.11787728,236.62041872,241.29904021333334,243.29482770666664,1050.7030945066665,5007.07295992,866.09062176,4669.16591608,10285.92615024,10144.903029253333,10167.438261120002,1188.74370856,224.56986408,209.95355096,4590.091594586667,7651.810111013333,10176.286100693334,10068.161914346667,3765.300996826667,197.95496725333334,1196.6448229333334,1022.7500031733334,317.2917050933333,946.8733039466666,9228.671925866665,1230.0614228,380.21884616,294.02459960000004,248.86499381333334,214.16615538666665,202.95643146666666,194.59270413333334,555.2107415466668,3056.200747866667,4464.91656344,3860.989694186667,2404.13126016,1685.9639214666665,1453.7024350933334,1798.4606661333335,1729.4761762133335,918.6782442666665,316.7494102933333,194.94013461333336,185.71081629333335,189.52463093333333,190.62163968000002,181.35026181333333,186.18959008000002,179.87196826666664,176.44547437333333,410.7865627733333,4920.9674506933325,5774.6280254133335,742.98819712,268.84958221333335,3032.103161493333,10202.09777232,560.0408656533333,252.28799957333337,193.71214,190.8519008,184.57540064,190.90120013333336,184.07564159999998,186.6381188,179.08692997333335,188.50623952,185.0463556,181.43535552,197.17729629333334,263.4249938666666,276.7800502933334,194.16002050666665,190.89144317333336,190.22773418666668,194.12863261333334,189.61691224,189.57356082666666,201.73737472,190.08385824,191.22717149333334,186.85068776,346.23317722666667,401.53964533333334,345.64146656,263.4798875733334,240.88137605333336,3622.97362544,0.0,7992.360724666666,7081.976268666666,2923.8476157866667,395.49591898666665],"in_packets":[],"out_packets":[],"in_errors":[],"out_errors":[]}}