{"message":"Aggregated IX data for Chicago IX","data":{"nServiceId":null,"width":287,"jServiceId":null,"start":1511323500000,"end":1511409300000,"name":"Chicago IX","in_octets":[],"out_octets":[],"in_bps":[4.275675493333333,4.81708784,3.4953670666666667,3.88268032,3.4531918399999997,3.18307504,2.7475983733333336,2.3819446133333333,3.2280768799999997,3.080894666666667,2.4322512266666667,2.584396133333333,3.5627987200000004,2.8033713066666666,2.6144652266666664,2.35086392,2.22944104,1.705194,1.5387425333333336,1.8250886133333335,1.8761974399999999,1.8914032,1.8717946399999998,1.5921133333333335,1.9936394933333335,2.18557312,2.617469466666667,1.6328523733333336,1.9561978133333335,1.51974552,2.29408168,2.30427792,1.3574761333333336,1.61848848,1.1147011733333334,1.36811728,2.2570207466666665,1.4241005066666665,1.1840037866666666,1.2238452266666666,0.9474974399999999,1.0509162133333334,1.8747271466666664,2.0253242399999998,1.5463579466666666,1.32995072,1.0837231733333332,1.0305734666666666,1.98932952,1.7322817066666665,1.0502272533333334,0.8838138133333334,1.1413266133333335,0.8337714399999999,1.61371472,2.1530458133333337,1.4446122133333335,1.71345512,1.0821308533333336,0.8399027733333334,1.42175608,1.1314566666666666,0.6201829066666666,0.7860429866666666,1.0901111733333333,0.9417176533333335,1.62553736,1.2238386666666665,1.3858489866666666,1.3099812533333335,0.7676145066666666,0.8330022933333334,1.7674197066666666,1.5245344533333334,0.7269749866666666,0.73575376,1.0282380533333335,0.8845454666666666,0.7698355733333334,1.0099724533333334,1.0176696266666665,1.20296352,1.1575734666666666,1.1424429866666665,1.3412052266666665,1.2507284533333334,1.61254248,1.35031416,1.9326076266666665,1.6135194933333334,1.79677912,1.4320733866666664,1.54300968,1.3025661333333336,1.3952515733333335,1.7971485600000001,1.4048178933333335,1.6904262133333334,1.5264753066666665,1.3367414133333333,2.2240289066666667,4.679035973333333,4.237893280000001,1.58870568,1.7618446666666665,2.933796586666667,2.4956732,2.4819381866666665,2.148283466666667,2.9755876800000003,4.03502784,6.440578506666666,5.122962026666667,5.42168872,5.187014400000001,5.69595416,5.22374416,4.895835440000001,4.44449936,4.4514261600000005,4.261774320000001,5.692746666666667,5.6117197333333335,5.810924906666666,5.27780424,5.3505104800000005,6.072285253333334,5.135532053333333,5.582108533333333,6.462674373333334,4.486813386666666,5.2822878399999995,5.039134293333333,5.079764106666667,4.149893253333333,4.237314666666667,6.531132346666666,6.669879946666667,7.11125704,5.8002188,5.957641066666667,6.02839696,5.8770870933333335,4.68523928,3.374847973333333,4.812282906666667,5.730510346666667,4.589833253333333,3.5639167200000004,3.738598266666667,3.815287973333333,4.959606853333334,5.274062053333333,5.5662940533333325,5.2599848,5.4884390666666665,5.647814400000001,5.268180480000001,4.68160184,6.652255386666666,5.576764346666667,5.60113656,3.4640201066666667,3.839979253333333,3.5029674133333333,4.414885866666667,3.728147466666667,4.034392213333333,4.746310586666667,4.4885568266666676,5.640458693333334,4.014928240000001,4.722559226666666,4.427821866666667,4.59766984,5.750747573333333,4.777645493333333,1.7012008799999998,3.096622186666667,4.213084,3.6381659466666667,4.015257386666667,5.286079573333334,4.500815599999999,5.255344559999999,4.48031248,4.485711546666667,5.5354561066666665,4.7982852000000005,5.807793013333334,4.31562096,3.9211946133333333,2.2104625866666665,3.237270293333333,3.174635466666667,4.0427633599999995,3.61917648,4.19592032,3.77351488,4.550432373333333,6.0770652,5.10479632,4.204096106666666,4.75100824,4.970160533333333,5.532817173333333,3.964276266666667,4.673784693333333,4.93475912,4.242229573333333,4.196721653333333,4.947087066666667,3.691516453333333,3.6696894933333333,4.40308152,3.32774408,3.456518586666667,3.452902746666667,3.17327264,4.734862053333333,4.055454,5.4670335733333335,7.285233519999999,4.364187226666666,2.214332826666667,3.362002346666667,3.472616746666667,4.110163733333333,3.966421333333333,3.8331726933333328,4.691413466666667,4.199929946666667,3.798114986666667,3.778682373333333,4.160357893333333,4.336921226666666,3.7041223999999997,3.6939622133333327,3.9024588799999997,5.495997546666667,4.828698266666667,3.2782599466666666,3.415233173333333,4.367872133333333,4.785858133333333,6.077165519999999,5.561931573333333,4.018327546666667,3.82482912,4.526264266666667,4.39125056,6.328095733333333,5.8153826933333335,6.449979413333334,5.4852054400000005,6.135363893333333,5.5614870666666665,5.69496896,6.206764426666666,6.532631386666666,3.561128293333333,4.173221359999999,4.5762456799999995,4.872070186666667,4.441669573333333,4.885031440000001,5.173739146666667,5.217390773333333,5.6590086133333335,4.703529786666667,5.37495184,6.71307888,5.381948426666667,5.91340368,6.7603798133333335,4.769446986666667,4.808517786666667,4.7517392,5.022568986666667,5.67000928,5.1454507466666675,5.35135352,5.280196293333333,5.030501093333333,5.883833653333333,6.390241306666667,4.8127723200000005],