{"message":"Aggregated IX data for Chicago IX","data":{"nServiceId":null,"width":285,"jServiceId":null,"start":1499414700000,"end":1499500200000,"name":"Chicago IX","in_octets":[],"out_octets":[],"in_bps":[230.62951186666663,192.73049016,167.42295466666667,209.64221008,265.22801978666666,205.39753480000002,159.07264143999998,619.4287755199999,1402.4747802933334,1522.7327365333335,6453.010051653334,9848.323047626665,3053.129830266667,943.0991003733335,954.2054957066666,599.5389774933334,637.2745053333334,845.3485259466667,4063.31073888,7061.259005973333,8322.238798533335,10076.214996693334,10099.823451600001,10125.560363093335,3764.682164906667,118.77412493333334,172.36419149333335,328.64126464,247.67913066666665,117.91500066666666,1107.8146173599998,2094.5115163733335,665.34432296,2644.993036053333,5888.790851333334,7710.726941893334,6861.3874355200005,4434.610143306667,1341.9708373066667,308.43551024,189.16859709333335,159.50326589333335,164.83070189333336,155.3959844,160.58908770666665,172.21537650666667,169.67899797333337,164.01793512,162.33741669333335,157.60260344,148.47221298666665,156.71471837333334,156.73554829333335,241.95505893333333,787.19871328,926.7916758933335,422.03739293333336,460.75126,4659.650721653333,9873.824296533334,10141.465235493333,10207.730938693334,6608.356678826666,275.86705608,171.64319496000002,170.82572602666664,172.55469112,181.43485914666664,245.46464944,272.3377045066667,252.46430488,253.67704186666666,238.89925898666664,242.24062466666666,220.80766266666666,207.69106098666666,212.49396136000001,205.12288666666666,191.30948808000002,188.71074885333334,196.7602796,204.73986722666666,255.52919565333335,445.54646362666665,452.07576069333334,287.08427285333335,275.6621966133333,268.42305602666664,284.11512639999995,290.80769152,786.1019628533334,1671.7902327733336,1218.5817413866666,758.0105813066666,810.6574913066667,943.5116618933334,951.1023977066666,6960.123525946666,10145.693988613335,10270.696368346666,1289.40385968,351.91528008,330.27465056,739.4574809066667,2895.41250992,5558.119317680001,8501.298044906665,3530.627981786667,2242.94312216,5446.491184693333,7148.069567626666,7408.994562613334,1958.25158104,369.9420830933333,2535.9559753066665,3998.53168592,3048.0545286133333,941.99488752,457.20370469333335,5669.710113413333,10185.537691946665,4600.105334773333,248.38885821333335,367.4846323466667,526.079458,574.3784918933333,407.73188645333335,599.9997630133333,673.9978408533334,304.73633616,2672.5325421866664,4467.0533411199995,2710.6739292800003,904.6738177333335,659.2825322133334,514.3161132533334,360.5447226133333,274.5833735466667,467.66727688,823.6189250933335,3336.560574933333,3757.2552850933334,693.3221397866666,335.3298856533333,381.14714949333336,412.4904944533333,285.837326,990.20851312,7085.749529786666,8371.788816026665,1292.7921380799999,2193.3618693333333,2818.778681866667,967.6561085866666,407.14007463999997,2054.3388296266667,6098.47553192,1048.29190208,248.17392693333335,299.8480544266667,245.57433178666665,252.94153605333335,267.05106517333337,307.99009328,5378.801618666667,9632.220882533335,3661.4504016799997,304.20158773333327,334.3255512266667,332.2402883733333,312.9505682133333,392.64549992,2027.7484052533334,1999.7651683733334,612.82868784,283.01577546666664,273.92168896,390.73680264,635.4090947466667,231.01015154666666,225.36510701333336,253.98435354666665,226.82879181333334,224.66341525333334,220.63782197333336,244.28051968,240.97369584,244.13634288,228.06712941333336,306.90802149333337,512.9946156533333,3897.2791924000003,9302.128930666666,7185.777750426666,1030.3238708,226.42096301333336,214.55018282666666,211.82814112,210.36741143999998,231.60413245333334,271.74117184,213.18223970666665,221.72341872,226.45871621333333,217.34837146666666,216.13858805333334,223.96327010666664,234.42873034666667,208.79210922666667,208.86977208000002,212.1634244,204.82421975999998,215.99446533333335,221.03695712,224.14572426666666,224.17758674666666,225.66109978666665,234.06218624000002,227.94812584000002,229.68962312,222.20148288,219.8462892,229.08690357333336,223.33122898666664,215.83661546666667,214.73592898666664,237.74226341333335,291.76074936000003,385.50603682666673,645.0814149866667,263.2076219466667,246.58630826666666,247.18023130666666,2103.1160041066664,5416.982650106666,4839.914117306667,3909.0559554933334,4376.885853333333,8128.609547333334,10154.587908826667,10131.97646784,10178.939560426667,324.99158104,210.49234722666665,216.37430072,208.3918192,206.22208141333337,193.24042858666664,194.60978917333335,191.31920109333333,224.37900922666665,192.30046056,189.95071973333336,2542.33964704,2927.5537816533333,221.44429282666664,187.92985842666664,201.01363589333334,172.67632789333334,175.76684074666667,678.8601629066667,6045.28170696,8507.805528053334,7409.743291386666,2422.0230890133334,287.24008869333335,935.44197016,505.93687061333327,219.79309354666665,184.33525880000002,166.9052168,168.26169303999998,165.92598058666664,162.32841536,185.09830629333337,386.3197859733333,582.6988300266667,433.56956936,438.7136387466667,413.75836632,303.05328658666673,207.63810317333335,182.29633712,169.51323224,158.98763762666667],