{"message":"Aggregated IX data for Chicago IX","data":{"nServiceId":null,"width":286,"jServiceId":null,"start":1495598700000,"end":1495684200000,"name":"Chicago IX","in_octets":[],"out_octets":[],"in_bps":[607.5424252533334,591.4057232533333,587.8000849866667,490.69216712,529.8997597866667,490.1764124,527.1756630666666,468.39628698666667,412.4611425866667,401.04035272000004,388.9231184533333,372.05060312,498.40945368,398.6750568266667,369.7151017866667,325.2228389066667,314.7795615466667,341.8218567466667,364.2013813066667,373.54384927999996,368.3665705066667,346.4160660533333,349.4342610133333,331.75852504,649.0773901066666,450.43093432,346.9995062933333,371.68036293333336,330.9187379733333,324.59415808,397.77942904,359.96804296,312.77470066666666,322.68659160000004,299.94602927999995,317.8340702933333,786.1087112266665,529.1647960266667,474.18506786666666,444.96299437333334,405.65992408,355.51623317333326,626.7742937333334,387.25269917333327,410.7717125333333,350.6844277066667,393.99110930666666,345.34289325333333,563.0471561066666,436.0321566933333,373.46684512,369.0361552,392.9927504266667,658.62752232,578.7179804,469.5323197066667,514.1862297066667,327.09249095999996,352.36246927999997,381.21313018666666,1206.2621889866664,503.39352088,406.1270459466667,383.03787848,344.87493952,492.7977799466667,467.95672325333334,374.31745437333336,351.9051201333333,436.35106613333335,363.30213976,330.4898129333333,453.093724,371.5856913866667,386.8338494666667,366.1969014933333,385.3028064266667,546.2024345333333,505.90743768,471.6691064266667,430.72880994666673,402.74576160000004,501.89339752,555.4224523733334,606.2370968266666,1028.7382618133333,688.5916921066665,745.7799568533334,812.6557344266666,610.8835258400001,935.7981010933335,959.9301905866666,899.3690691733334,676.0000969066666,567.6311897866666,549.4813877066667,913.39380296,734.64786192,640.5054715466666,614.1761854133334,613.3225003466666,570.9515911733333,605.6543725866666,539.3302754133333,588.7673134400001,786.6613785599999,599.4242998933335,643.7754768533333,799.681348,756.64673176,604.8527809866666,549.6843257333334,536.1646276,603.2748548266666,667.2116458133333,620.6336694400001,622.2971141066665,1492.2365470666666,830.7793936266665,591.28704792,904.1380808266666,735.1873783733333,842.3844025066666,781.2338279466666,681.0062231733334,636.33832672,715.2544066133333,555.1532940266667,608.6593980266666,726.0297876533334,543.9121841066667,603.9066416000001,903.7504033600001,702.0303154666666,619.3078004,687.1480019733334,715.1284174666666,688.4895171733334,732.1933194666666,649.6564501333334,619.4245843733333,626.53660336,572.3379413600001,587.8363258666667,935.68855288,704.67586952,660.8528566666666,748.23508,659.1069955733334,627.63827488,831.95420552,1176.1102318933335,955.70606792,816.2101868533334,640.87986712,595.2138065866666,921.34386784,1072.2747026666666,882.4946574400001,659.4384801599999,629.1162701066665,600.0597618133334,680.5398751733334,664.28314648,627.6389570133333,620.0615530399999,661.5277159733333,649.4723983466665,822.4701194400001,673.4629494133334,644.0901314666665,600.2001231733334,577.2580321066665,567.5490683466667,615.3735892266666,648.9498571466667,637.2320967999999,529.60868256,670.7554688266666,759.3163512000001,794.77100816,719.6744211733334,636.4968139199999,584.36603576,594.0479694933333,596.5019173066667,724.2088622666666,547.7646543733333,543.7252269866667,648.10620016,653.90349536,556.567798,745.13968176,559.07430776,664.71948048,827.3987241066666,556.5656341066667,530.5778048533333,613.0164564266667,586.0709736,554.9351803999999,513.46444032,519.33314824,498.25402976,675.6593521333333,652.9036287733335,645.7654452266665,539.2669816,553.6042150666667,522.4210525333333,652.8370342933334,552.9609853333333,549.96010112,639.6519898133334,618.7061282933334,637.8071362933334,809.2041957066666,733.4759368,663.8416295733334,669.3463225333334,676.4221428,717.4979901333334,743.5648422133333,644.1878190666666,660.6927436533334,734.3179310933334,844.0081909066665,842.7254554133334,930.2111923466666,810.7847134133334,706.3077046133334,702.8393350399999,796.7412508,815.39439304,748.4469070399999,728.78076856,721.6913536266667,848.7668538666666,870.15663792,685.1349837333333,996.1608957866665,684.6385907733335,745.7102722133334,696.52278728,671.1906986666667,643.4799607733335,743.1342682933334,870.5090934133334,942.1243478133334,926.4576370933335,919.5829866133334,979.7271192266666,1100.596354,1069.9314105333335,974.4554352,787.8561846133333,879.4573325333334,844.5965505066665,841.784008,757.60636912,828.0936835733334,828.96832488,815.3832759466666,805.3113237066666,999.61098728,1107.6950115999998,1070.4109869333333,907.5977072266666,846.19870664,816.6406549333334,747.92611808,748.21640568,824.9686306933334,884.74635608,790.3213962666666,679.189226,726.6751170399999,733.4778075466667,806.3862112533335,705.3962809866666,649.5173583999999,678.8506507466667,695.7053341066666,710.8991422666667,694.9016653066666,714.9438704266666],