{"message":"Aggregated IX data for Chicago IX","data":{"nServiceId":null,"width":261,"jServiceId":null,"start":1504195500000,"end":1504273800000,"name":"Chicago IX","in_octets":[],"out_octets":[],"in_bps":[442.30871616,439.57782112,404.6684742666667,398.07869,446.08957944,987.1025892266666,959.18730696,689.099944,3549.1674726399997,9622.85770848,7857.3379724,2132.6907664,418.54694912,422.08964368,781.7193127999999,943.54032376,713.8170209333334,417.3644436266667,408.1947620266667,655.0303949600001,1324.3493507466667,2862.4185483733336,6855.59034728,2193.70233144,2211.28176624,5502.106049520001,1332.4269760533334,2005.9847077066665,10400.75204408,10460.528968879999,10297.608216586666,10403.547006826666,5623.045993199999,447.3497449866667,453.88352752,437.2187216533333,439.54990296,416.60699554666667,454.71144749333337,450.6312677866667,901.69641128,920.56452144,1495.7690413599998,1932.8335629066664,1949.1149873333336,1636.3084729866664,487.0609024533333,2585.473136453333,2708.0079685333335,597.3792222133334,714.8662198666667,735.8227337333334,619.9015120800001,2756.2350351466666,3954.245351146667,9670.386947653335,9121.181912506667,4591.530900986667,4324.7610199733335,3233.3514233866667,2073.6492669333334,1147.0591802666665,881.4309892,2039.5928078933334,2345.738252986667,5194.1454113066675,10437.923821013334,10278.64649192,10342.866461493333,10366.709852186666,4076.45578328,434.77505824,414.17614525333335,412.7405592266667,427.76744336,438.73184738666674,633.2097046133333,5402.541474533333,10327.762504746666,10379.107384266666,10434.828054506666,10294.333231146666,750.04934088,420.1678077333333,468.4993025333333,479.75240792,475.47914738666674,436.18800218666667,862.3211929333334,1854.2872939200001,1106.7593531733335,2094.6503459200003,6156.533144346667,5631.26435248,4266.033228613333,8894.757060853335,10334.631952773334,10440.952984613336,10258.606976533334,10378.061432906667,10341.586414533334,10324.399994453335,2889.23465056,432.06510989333333,444.09273351999997,439.60127856,905.2704097866665,1339.7524698933335,611.78318736,670.9790839466666,2805.2733946933336,10357.590668186667,6644.139262773334,499.07772128,452.7336975733333,458.15732127999996,450.23365957333334,438.1779937866667,480.03772416000004,1105.38135624,2253.1942788533333,2036.38416248,2607.760226106667,2551.70365304,8560.69016112,10304.142017653334,10442.930059040002,10238.411685173334,10423.574185866664,6990.83841008,484.5510573333333,476.61065336,729.5963309066666,867.9343719466666,514.0590233066666,635.02700832,834.4265608266666,1088.7384534933333,750.6965802666666,603.1533229866667,555.9126619466667,1405.8503438399998,717.4930638933334,564.5646185333333,670.0354055199999,678.5601612266665,622.59690368,630.3837126933333,3319.2741478400003,1776.6560521066665,634.15715144,3902.5084049333327,5622.73638424,2805.95973264,3515.632521973333,8475.817062293334,7164.759138453333,2021.4876391733335,822.1109040533335,597.0591387733334,1796.89876832,546.9773262666666,577.0372803466665,524.0336403733334,427.78946096,371.9399942133333,356.4880158666667,644.3794754400001,6827.53682616,10289.357832186666,10268.654211706666,4584.26576176,1721.60413112,3161.139789066667,2273.1590029333333,335.2382914666667,316.3784354933333,311.65218039999996,307.0948346666667,314.6056074133333,308.2547133333333,280.67465029333334,277.24030039999997,322.44037008,459.9846790666667,308.3996798933333,303.73921669333333,276.48094104,275.0482437333333,280.58405085333334,338.04304562666664,2133.8248503466666,5451.99795992,8370.913981253334,7455.027123653334,5049.68153192,2229.2334580533334,514.60477192,424.0485624,584.1800016,693.81504424,682.0062486133334,541.5933694933333,1359.93359504,397.39049269333333,295.77337048000004,258.03073154666663,262.94111688,253.09760362666665,249.06300938666666,236.05435136000003,243.97660149333333,254.94957117333334,270.1345108533334,257.59052077333337,257.33861448,259.48668416,269.55967986666667,269.45561506666667,266.06586909333333,289.17454205333325,296.07349010666667,289.79268138666674,284.11448813333334,262.72807394666665,262.78408658666666,269.69712525333335,273.65419976,277.83858736,276.8554289333333,264.68416978666664,280.7189715733333,269.2207795466667,281.93874509333335,587.33332608,3355.67858152,8264.791962293333,10202.486171146666,9285.764498319999,10216.56485032,10298.046165093334,6084.660085733333,887.7752440266665,291.31092338666673,349.90484048,1362.9584754666664,741.6183130133334,491.20658525333334,363.2229535733333,344.61308016000004,358.03816661333326,361.8787245866667,352.17951927999997,356.9334361333333,356.8690580533333,368.1498809866667,373.32788130666665,559.7522117066667,3590.5177589066666,9080.584861813333,10388.949394986666],