{"message":"Aggregated IX data for Chicago IX","data":{"nServiceId":null,"width":287,"jServiceId":null,"start":1480723500000,"end":1480809300000,"name":"Chicago IX","in_octets":[],"out_octets":[],"in_bps":[7180.049610906666,7742.487544906666,6928.655154720001,6451.21896992,6460.863472773333,6848.247038186667,7138.110785946666,6784.402325306666,6650.295717146667,7468.274251706666,7444.52889376,6991.428569946665,7648.651833466666,7650.347055013333,7474.614840560001,6454.218507546666,6559.9449211733345,6845.967717413334,7833.2424904,8855.085557653334,8698.082373680001,8556.435338880001,7955.797681866666,8196.229529093334,8957.760088053335,8346.54746536,8539.34782472,9227.49531928,8699.883157493334,7844.561961866666,7862.544586266667,7995.289673733334,7915.8777789333335,8821.114471733334,9007.17891888,9813.6149488,9476.807345253334,9561.24600728,9553.380547226665,9442.846282026665,8622.353276799999,8445.73081368,8002.485747066666,8025.4329299733345,7848.396308133334,7869.630286933333,8107.188013706666,7756.668831893334,7916.5041532,8027.02036672,8294.58894512,8946.806908746667,8521.12637824,8450.100996826666,8555.968688133335,8314.666819279999,7848.559190293334,7477.340239546666,7235.665337359999,7801.573739359999,7768.827918746666,7995.98249624,7302.781511413334,6695.75849096,7003.243790986667,6372.21150632,6591.242935386666,6222.471570293334,6238.2849074666665,5971.999488,5681.972090426667,5634.467912239999,5974.363574613334,5817.877608533334,6080.59586656,5707.39626096,5666.5839610133335,5401.235661706667,5327.0741153866675,5504.7136166400005,5309.840402346667,5645.866701973333,5616.046411439999,5597.48751608,6229.34949168,5431.618895760001,5366.981459973334,5214.605355466667,5657.767216426667,5881.02488328,5466.965808826667,5157.00406176,5128.600520213333,5144.408013253333,4983.756338293333,5180.525147253333,5190.50071112,4757.97173904,5193.731536586667,5271.638025066666,5378.890587306667,5238.213603386667,5210.337672,4802.852334293333,4766.0077794399995,4919.36225488,4845.543946506667,5092.778371813333,5590.435359093333,5314.94503392,5200.436838506667,5171.888128026667,4942.233540133333,4994.652891093333,4918.478371306667,4741.783335333333,4663.963505893334,4160.152787493334,4402.323422,4333.478500666667,4966.553717413333,4937.36841472,4570.3311952799995,4854.665076773334,4907.601781173334,5143.555759386667,4643.4984496533325,4362.7105837066665,4513.4268095200005,4406.920213546667,4421.825841253333,4347.713120613333,4656.726805653333,4645.1334994399995,4858.98413968,4772.809976853334,4569.83217784,4310.522425413333,4314.393576026667,4204.998821626667,4250.91781104,4316.738577866667,4234.679948186667,4006.315864373333,4403.77723224,4198.6915520266675,4385.164024479999,4566.569557306668,4546.78137224,4477.665687946666,4756.143523546667,4640.1051979466665,4980.377620026667,4249.6151128,4428.489116933333,4337.552570266666,4938.668894133333,4664.2056224,5218.50349568,5580.059269706667,5326.607229733334,5140.498552720001,5639.490550853334,5391.272593333333,5356.54064768,5467.619746,5025.466434773333,5142.235864106667,5751.168909013333,5309.316982853334,5169.50097224,5364.340695573333,5534.000057546667,5510.355137066666,5484.252638906667,5339.356281093334,5564.256671653333,6097.975345973334,5862.076575546666,5326.220336533333,6118.00870296,5649.026006453333,5315.605258853334,5285.321371386667,5535.4108595200005,5426.0383057066665,5695.925311093333,5439.4010817866665,5640.241274800001,5665.4776110933335,5543.42352192,5492.866627439999,6877.815453386666,6615.012610373334,6386.07951792,6179.648307573334,6474.016308506666,6654.766803786666,6897.628876613334,6167.39649736,6511.0669088,6522.717428106666,6765.54408976,6672.702374213334,6974.00916016,7155.400442560001,7230.197191013333,7164.005684933333,7239.01636232,7055.829058533333,6992.893079013334,7047.677144826665,6989.884698933333,7005.797870986667,7278.471725973333,6823.459114026667,7500.377982773333,7572.930723573334,7345.836839493334,6885.938339573334,7149.460903866666,6322.30185832,6223.7395690133335,6092.993220560001,6367.391262933334,6663.77252944,6420.133267706666,6152.172892106667,6741.061084666666,7034.820330426666,7561.042313866666,7310.87723192,7679.802624986667,7413.57353872,7272.133270133334,7259.356275493334,6921.821881600001,6898.761126026667,6479.356884293334,6787.10720016,6809.980797466666,7398.878089146667,7305.91400328,6623.743341893333,6524.306983813333,6655.088208826666,6760.864255626666,6489.488586,6931.645920826666,7210.911934613334,6912.773714933333,7406.378586053334,7533.499755466666,7039.984094293334,7693.412912826666,7225.4656917600005,7522.08836752,6755.258530053335,7738.1820531466665,7171.17830016,7386.48928704,7403.958453173334,6977.508969413334,7084.561255733333,7720.948704773334,7324.591655013333,7289.9157029866665,7513.361318186667,7770.673663786666,7867.194822373334,7861.94453984,7494.617161333334,7253.381183173334,7802.212450853333,6735.033332533334,7091.917237013334,8000.01595496,7485.3216801066665,7385.44039376,7275.76274672,7717.921391973334,7572.805193786666,7274.96866008,7623.297483226666,8358.211147333333,9205.117941786664,9115.923893226665],