{"message":"Aggregated IX data for Chicago IX","data":{"nServiceId":null,"width":287,"jServiceId":null,"start":1485662700000,"end":1485748500000,"name":"Chicago IX","in_octets":[],"out_octets":[],"in_bps":[5703.733419306667,5845.446147893334,5725.9980877866665,5618.020154666667,5549.1618977866665,5882.598800026667,6124.2564718133335,5635.439348106666,5645.343131973334,5406.752844453333,5081.303670746667,5394.420544693333,5658.2192721599995,5603.210800666667,5416.07390944,5386.299172293333,5459.694063093333,5584.496699439999,5419.8693972266665,5204.249840613333,5299.4330457333335,5146.238171226666,4898.4195717600005,4780.893230746667,4987.7247031199995,4711.427032133333,4669.987490533333,4604.5988304266675,4595.03730608,4559.3361884,4431.783029946667,4325.58028632,4044.5912552,4201.91268688,4413.910730186666,4896.897747893334,6807.5398516800005,5250.996841626667,4751.275693093333,4411.551029466667,4297.841241066667,4585.94820816,4525.919473146667,4259.749568,4209.554053706667,4164.910084426667,4077.8075005333335,4595.58978312,6062.332154986667,4940.442596613333,4453.413420213333,4522.589653333333,4468.3695584,4218.827464293333,4188.567833066667,4111.784083706667,4188.43947784,3812.940632586667,3618.120620453333,3802.3338060533333,5102.351903973334,4075.136666026667,3797.125720453333,3403.724856773333,3225.6189770933333,3489.203234373333,3765.3510042666667,3482.6315479200002,3442.90587008,3163.54346064,3412.27031376,3908.819712613333,5550.212081946666,5299.461479386668,3987.773096026667,3721.2065012,3665.67731912,3774.97199624,3560.530336586667,3482.736685146667,3476.1494597600004,3477.378310933333,3413.2905682399996,3327.409125813333,3940.541561066667,3495.51442688,3213.0861554666667,3303.846346266667,3320.996990213333,3301.454854293333,3315.3038755466673,3240.820703146667,3218.3667759466666,3079.98383784,3132.5132682666667,3406.1240172,3602.129642746667,3199.28942368,3005.198065813333,3122.0771853866668,3175.6026465066666,3253.056047893333,3485.23495456,3442.604744906667,3350.9480582399997,3278.113503146667,3295.7065183466666,3474.9123372,4176.756163706667,3947.892621893333,3982.0381928,4008.664257413333,3637.003995813333,3642.009583893333,3827.815603413333,3614.7410025599997,3896.347703733333,4096.076763173333,4010.518798186667,4168.85835888,4949.634703706667,4363.59027392,4290.578237573333,4108.422338026667,4192.5077374933335,4189.058278106667,4430.120194986666,4261.69169096,4785.902320213333,4420.7120191466665,4604.893939386668,4687.289795173333,6510.1250815466665,5582.208752693333,5062.956981813333,4728.755642213333,4902.349677493333,4602.06331416,4777.663908533333,4688.936670986666,4779.259688506667,4791.126425653332,4863.721433413333,4800.19050912,5494.607858426667,5125.36628096,5496.192641546667,5170.696954053334,5033.956028906667,5102.025649413333,4941.209423653333,5153.369136826667,5023.438695520001,5100.799123173333,5073.94610472,5262.191552773334,5605.3346818400005,5387.8017461066665,5452.959698266666,5493.861586666667,5769.165975386666,5391.77994792,5431.473254906667,5607.393497866667,5502.119512826667,5544.519541146667,5571.76765144,5940.545808906666,5963.562852293334,5746.543153946666,6209.467261466666,5752.00214552,5424.552542053333,5404.778016933334,5514.748230266667,5722.996529493333,5394.860924026667,5701.145845306667,5588.699414613333,5650.852333733334,6145.828326933333,5641.838214986667,5989.067966746666,5952.994224426666,6224.839823573334,6421.133044,6178.34063128,6696.558697946666,6755.31461176,6572.9337898133335,6936.526809146667,6931.08208768,6978.244905680001,6737.019688560001,6650.009194053334,6205.337819466667,5955.785998586666,5906.843043733334,6051.951891573333,6033.96545088,5911.002077013333,6052.232897493333,6052.530783866666,6279.939657333334,6790.23406032,6372.20020608,6514.486023493334,6772.247339946666,6211.78702584,6067.571173866666,6243.47808904,6064.569242026667,6286.5931353333335,6335.087615786666,6006.333703439999,6176.530002186667,6310.043724266667,6252.745402266666,6257.229948106667,5948.28928568,5896.753647066666,5912.819697333334,5986.669209520001,5693.616625279999,5734.318241546667,5975.670677946666,5907.8015614666665,5849.003494293334,6140.271177573334,6127.486249626666,6028.021591866665,6224.485440373334,5821.999186293334,6083.233150293334,6043.55169256,6018.153190106666,6080.273951653334,5945.177965520001,5933.86886488,5997.9981837333335,6236.069039146667,5847.120448826666,6136.458060906666,6115.6738172,6069.62810008,6663.596617466666,6429.5487932,6307.426593413334,6339.391681706666,6382.238991386666,5939.595458586666,5959.96657032,6169.20546768,5764.5785610933335,6001.30458264,6173.083882853333,5990.821589813334,5922.191947973333,5943.1227236,6361.90428288,6321.19232264,6245.20344568,6036.078896533334,5960.879331733334,6071.246047573334,5990.622141733334,5954.991489066667,5677.578657733334,6257.421479173334,6142.1415613066665,5869.945669706666,5909.451429786666,5678.309754933333,6121.0039279466655,6034.9977434933335,5939.439865786666,5828.07813784,6197.007795760001,6151.74870464,6171.706512613334,5839.870353093334,5939.046986853334,5810.014639226666,5924.642778186667,6008.585196106666,5944.3667957866655,6058.48525008],