{"message":"Aggregated IX data for Chicago IX","data":{"nServiceId":null,"width":287,"jServiceId":null,"start":1508659500000,"end":1508745300000,"name":"Chicago IX","in_octets":[],"out_octets":[],"in_bps":[0.32049679999999997,0.31100968,0.4711481866666667,0.4473803466666667,0.3126389333333333,0.5252591733333334,0.3792410666666667,0.2832443466666667,0.44118434666666667,0.88872208,0.41357304,0.3536677066666667,0.2612154666666666,0.24793149333333334,0.28119512,0.43042864000000003,0.35628965333333334,0.5994980266666666,0.22047909333333335,0.38373688,0.4094221866666667,0.44482797333333335,0.9963987466666666,0.5110054933333333,0.35818770666666666,1.0948590666666667,0.36717189333333333,0.5011226933333333,0.35908826666666666,0.4670881866666667,0.46165085333333333,0.82239776,0.7638387733333334,0.9745608266666665,1.1473754666666665,0.8972163466666666,0.8110610666666666,0.5705875733333333,0.9551199466666666,0.9678435200000001,0.9695584,0.9298919200000001,0.8607431999999999,2.0972102400000003,1.0829297066666665,0.7420150933333334,1.8290792266666667,1.16958896,1.3399671466666665,1.8430362133333333,1.6931338133333336,1.7876213600000002,1.21066104,1.1247871466666666,1.62326872,1.0040466933333334,1.0344801066666667,1.5731625066666666,1.4555865333333335,1.6346150933333334,1.23767856,1.3432381866666665,1.86609544,1.4022616266666665,1.7464812533333334,1.6701433066666667,1.3528951466666665,0.6297485333333334,0.93746352,0.9877121866666665,1.3407120533333334,1.5591041066666664,1.4003855733333335,0.8172099733333333,1.8543241866666664,0.8953797333333334,1.16728048,1.20980888,1.0992696266666664,0.6746717866666666,0.7679957066666666,1.0751228533333335,0.9892786666666665,1.0905481333333336,2.3155697866666665,1.09273096,1.2553564533333335,1.1356834933333333,1.30743136,1.4755561333333336,1.21594712,1.0433437066666666,1.1200739199999998,0.9734912533333334,1.2873234133333333,1.68302448,1.10148728,1.4436504266666665,1.6281363733333336,0.7871901866666666,1.3870948799999998,1.0367232800000001,1.0115004266666665,1.2749210933333335,1.8247858133333335,2.1445895466666665,1.4098484,0.85745304,0.5518097866666667,1.0356983733333334,0.8085604266666665,1.05553304,1.1804078666666664,1.06704216,0.4604968,1.1718660533333334,0.86352392,0.9646753066666666,1.3333282666666666,1.1526242133333333,1.48187032,1.19627624,0.9570941066666666,0.83428224,1.5024011733333333,1.2757597333333335,1.2637299199999998,1.3168793066666666,1.1773683466666665,0.9327550933333335,1.1121598933333336,1.3128799733333334,1.3039008533333336,1.3151086933333334,1.15985552,1.3264462133333335,1.00284816,1.5331426933333334,1.7451005333333334,1.3486661066666665,1.0200409333333336,1.3650258400000002,1.7929786133333334,1.3958641333333335,1.9186292,1.5485297066666666,2.106260906666667,1.5884987733333333,1.0557381066666665,1.7415344266666666,1.1529774133333333,1.3321230400000001,1.8012601866666664,1.0457786133333333,1.4691496266666664,1.4881394133333334,1.15898144,1.4695434666666665,1.4941961066666665,1.4358343733333336,1.0739523999999998,1.9871679466666665,2.2187693066666667,1.9308192,2.4526780266666663,1.6743055733333334,1.3418831466666665,2.1112405866666664,1.7097538666666665,1.6550750933333336,2.219076,0.8780107466666666,1.4436115466666666,1.8688193066666667,1.5132151466666666,1.6235288,1.6888548799999998,2.0132354666666665,2.0405187466666668,3.0413968799999997,1.89246432,1.4801761866666665,1.4132608266666666,1.3233287466666666,1.47366912,2.03087608,1.9320946666666665,2.357038826666667,1.2842558133333335,2.7445114933333334,2.46450512,2.2969037599999997,2.1341081866666665,2.85933056,2.3570736,1.9892839466666665,2.6804593866666666,2.4751773066666667,2.8136013333333336,1.5777905866666666,2.1047324,2.05570584,1.8289187199999999,2.29467808,1.5724492266666665,2.2685585866666664,2.336506213333333,2.04304664,2.7757976266666664,3.2342769066666666,2.35126192,2.4125112266666666,1.9824809333333333,2.11805704,2.102739093333333,2.8944311733333334,2.8130847466666666,2.3840674133333337,2.2014636000000003,2.3051679199999997,2.5606933599999997,1.7553270933333336,1.93791272,2.3047406400000003,1.4624468266666666,2.28711488,2.0400256533333336,1.7877716000000001,1.45932968,1.82580312,1.394542,1.3018228,1.94143576,2.2681490933333333,2.3806213333333335,1.8369897866666667,1.83067024,1.4416930933333334,1.04988608,1.19429096,1.9494486666666666,1.2130336533333335,1.1227472266666665,0.87302888,1.3848487466666666,1.09192544,0.5173004,0.79838184,0.4801335466666667,0.6645149333333333,0.6995174933333334,0.44201904,0.8311995733333335,0.6533429599999999,1.0320680533333335,0.6465700266666666,0.6674025066666666,0.6821814399999999,0.9810820266666667,0.9256038133333335,0.7874709066666666,0.7373056800000001,0.45014424,0.6760014133333333,0.84600184,0.55083104,0.8527104,0.83906824,1.2076746399999998,0.79248752,1.0066568533333333,0.9354387466666666,0.5884708533333334,0.6030791999999999,0.4426150133333333,0.5137398933333334,0.7241848266666666,0.9872201333333335,1.72018856,1.0639203733333336,1.3185359466666666,1.2946664266666665,0.44775744,1.1015689333333334,0.5106303733333333,0.48348005333333327,0.7755327466666666],