{"message":"Aggregated IX data for Chicago IX","data":{"nServiceId":null,"width":287,"jServiceId":null,"start":1498968300000,"end":1499054100000,"name":"Chicago IX","in_octets":[],"out_octets":[],"in_bps":[259.92931725333335,227.73394159999998,238.61736962666666,257.10496066666667,1438.4996614666666,8044.851951493335,2661.6633520533333,226.50550962666665,408.9741442666667,574.6422824,497.8092990133333,5084.513056506667,10150.406990986665,10109.1407356,6716.338930853333,409.68538672000005,448.32061016,360.7144328,280.86631224,207.78230205333335,176.41872912,165.86418098666664,158.32501736,1180.60458392,1468.2665818399998,373.59315383999996,517.4598637333332,625.1660808533334,610.3368386133334,178.44227728,867.4033260266665,2922.12261904,4845.9359592266665,6746.100122053334,8457.433179226666,7981.360080693334,5152.639121653333,1172.6291179733335,179.08713437333333,209.95531813333335,758.2225589866666,947.2769537866665,749.6146767733335,246.91058437333334,3118.4651391733332,3494.168951066667,266.4730876533333,231.85226384,219.06612063999998,2272.8063851466663,5769.892996693334,979.3324610666666,266.03443024,1551.5196893066666,7771.828464026667,9648.02578384,9518.48677864,6087.230354560001,859.9889601599999,113.84622730666666,115.67869541333334,604.63147552,3078.920934293333,1505.1436599200001,1991.6391726933334,2552.3040373333333,644.92538848,131.90630031999999,121.91558645333335,116.19665469333334,283.9128201866667,1328.7679481866664,681.7081563466666,447.6483934133333,267.21418893333333,163.73097456,481.1212547733333,773.1805136266667,3263.370833653333,4194.821490746667,4703.848274373333,5060.587425893334,5069.8706852,3803.19587584,769.6903806666667,242.83012138666666,2076.2732054666662,10057.938892053335,6900.776911546666,148.5039868,130.3829132,132.01738586666667,130.40108253333335,126.13784749333334,129.28271376,133.34954384,138.56302357333334,134.42065112,137.41008506666665,142.91784445333334,149.90194210666667,145.86697725333332,144.29590957333335,140.30531530666664,142.09546869333334,143.37127474666667,210.10970192,926.6892850133335,1258.6214627733336,4620.390130693333,4232.00881648,465.62409008,337.31451432,2216.3424418133336,4009.389074,1075.3908338666665,283.74931896,169.52539165333334,163.29486424,149.93847682666666,339.6807802666667,2625.62386192,715.6737033866666,300.70771376,259.08797530666664,196.89296256,188.10763290666668,250.97358885333335,644.7723085333334,742.8301579199999,751.7943736,542.9888376,4809.850149973333,6440.812917573334,9916.525076079999,5573.83437968,203.13089965333333,162.35208277333334,163.37003173333335,160.09731405333335,158.14338629333335,166.66292669333336,170.83744837333333,178.99769106666668,195.49432991999998,687.3231117866667,839.1995168266666,434.32752672000004,359.3153291466667,266.30319672,196.97314322666665,267.55832056,2272.85937144,6334.221921359999,5458.77215952,5755.96615088,10242.177074026664,8270.87603808,261.39586634666665,705.4082998666667,691.0352991733334,232.80291330666665,229.45171928,229.97166789333335,256.7639390933333,1781.2390024533333,9491.91269416,4894.8876338400005,217.90810024,279.5039593066667,327.24156583999996,291.23889448,219.14945791999997,200.71197130666664,593.8891342933334,675.71470896,900.9485285066665,4652.653901279999,5609.448404826667,8375.61771392,10144.461025333334,10146.770881040002,10004.298547093334,248.28479375999999,187.15703869333336,181.05468568,192.82570205333334,230.9533036,1661.73856744,2136.81749328,490.9047855466667,5965.463334319999,10118.207436,4406.109488720001,218.04075405333333,199.47864378666665,204.84966744,604.6335780533334,2660.409410426667,4521.062939093334,4738.3115156,4730.576326613333,5531.431270186667,10121.995796506666,10090.305765386665,4950.023687893334,206.31800549333335,250.93289736000003,249.26100730666664,253.88551616,391.65385274666664,993.9858220266665,7436.439937146666,1795.9977895733334,217.82091826666664,298.76086312,400.5980954133333,442.57032727999996,3644.32275104,10132.697399866665,10121.857972666667,10060.633522346667,4244.26502744,196.22791117333335,199.90836698666664,206.21122901333334,204.72764754666665,769.2578934400001,4257.250226,3886.2077573066667,2512.6281100266665,1677.0757068,690.8761600533334,361.0704484533333,284.48348224,2208.51513392,9094.942051546665,1803.6747667466666,306.0105072266667,407.36254687999997,477.5179862666667,496.1612153333333,472.8463973066667,2873.7107924800002,7955.586031333334,8573.09316616,9994.51934488,7773.8061256266665,2484.8307868,2462.2675052533336,2181.8509510666668,815.2624041066665,298.59086432,250.66809632,325.65971936,279.20075362666665,300.7988344266667,309.9000038933333,250.67005226666666,200.20463256,285.91100021333335,2015.47089288,795.62644224,268.33767786666664,228.24280085333336,211.2202864,217.17843586666663,176.37727256,202.67220181333334,209.22411914666665,208.17245933333334,190.70884826666665,391.51135330666665,1416.1862034666665,1306.6422425866665,1709.0375067466666,3424.88094248,2979.3526539466666,3953.8163634933335,9293.81230768,10073.558849306666,10072.824324506666,7606.83823656,649.3331395466666,149.48644709333334,148.90907426666666,194.20239589333335],