{"message":"Aggregated IX data for Chicago IX","data":{"nServiceId":null,"width":287,"jServiceId":null,"start":1491033900000,"end":1491119700000,"name":"Chicago IX","in_octets":[],"out_octets":[],"in_bps":[645.8703411733334,497.48328429333327,468.5797601333333,449.98084848,496.7262868266667,478.0072208266667,624.1567241066666,794.49230848,633.0271608266665,426.8500737866667,609.0228430933333,429.33763832,433.1569976266667,561.41173968,531.4651489333334,663.5894616266667,592.94821648,436.61587272,347.4982225866667,368.83800917333326,365.88074976,355.5461626666667,371.29188344,349.04996208,388.1916571733333,379.08706293333336,328.3823778666667,351.78475933333334,396.32157122666666,530.32643424,635.2113498933335,716.1170316533335,656.1362487466666,619.1186127466667,616.3479042933334,514.83263288,1589.4254195199999,1171.0047777066666,655.2067968533333,625.90027976,687.4181859733334,620.29164584,517.2211185866666,523.6692834133333,659.8700712533333,434.79369496,469.03440648000003,438.1032945333333,680.9467272,662.4287838666667,649.4060254133334,709.1932582133334,611.2294319466666,614.2246518133334,658.9461221866666,629.0257090399999,795.08216024,828.3674940533334,534.3954048266667,622.70621088,967.67924552,843.1726448,874.5087979733335,1000.3876501866666,926.4807803466666,782.3120398666666,707.6680717066666,650.5313764,657.0182018666667,768.1125650399999,737.9492957333333,735.5595149066667,1035.0814477333336,1092.0508262933336,1052.78776752,1004.4964847733335,775.0518886133333,861.5541081066666,746.3648475733333,838.36646416,898.67796512,1079.0131692266664,934.4885396,839.2415005333335,1220.62112328,922.6104030399999,892.0032952533335,867.3868898666666,947.7805134933335,984.49133536,978.3340710933335,865.4838361866666,889.7872799733335,903.0367532266665,898.5303173333335,901.28668624,997.3597954133335,908.4378914933335,989.6517732000001,846.6337214133334,856.6444445333334,888.0103328266666,942.4819071733334,880.8714473333335,842.96264936,798.5819283200001,764.8461634933334,826.8242405599999,844.0133804533335,833.8911514933335,903.7311643466666,885.2852102933334,802.1930859733335,750.4879101333333,923.3528515733334,1233.5527806933335,892.3040107999999,862.6940739199999,873.15733176,863.8379643733334,1021.3757632266665,857.0517563999999,795.4013204,787.9174382933334,789.8475029866667,820.37945096,811.6419670399999,803.9316231733334,749.4846797333333,1209.0452666133335,1136.1457081066665,1001.5489961866666,1248.7342189600001,916.4589054400001,798.2880088533334,787.1141027733335,834.2855875733334,825.7390878666665,823.8320826933334,771.59632328,1312.1204939733334,1282.1375890933334,1453.4455107466667,906.96212192,1035.9153089066665,894.1288541866666,787.7194571733334,789.1451243733334,780.91255256,889.4570254133334,865.10518648,864.7057353066666,812.14365256,764.9388389333334,809.3118426666665,936.4969366666666,1021.9669110933335,1007.7893232266666,908.20751664,954.1808763733335,930.5972762666665,882.3673522133334,900.93922536,1022.5556408799999,930.73763888,929.0598672799999,990.3219015466665,954.8542805333334,986.2454607466666,973.5350099466666,961.5542120800001,952.0071438933335,897.3553065866665,917.3284586666665,914.4527579733335,916.2023061333334,1026.1573626133334,969.1144971733335,879.2075732000001,1059.2270650133335,966.1627280266665,1053.9992968533334,1026.7011466666665,1010.9825666133335,952.2830231733334,880.3207522133334,1048.88361592,859.2585803466666,922.99895864,981.8414725066665,1049.53368904,1000.1441834133334,1138.91220856,1000.85917448,1200.4349161866664,1047.72145824,1024.9606067466666,881.9392809866665,927.5523367466666,912.4227666666665,1002.7477755466665,899.1251932266666,891.9946224,881.53784384,1062.19155144,977.9752863466666,977.07398032,1437.3724931733334,1059.2064401333334,886.7791778133334,942.4315950666667,1027.8689815466664,1091.5247651466666,1027.2223669866667,986.0272008266666,917.5747352533334,1002.4131567733334,967.1563142666665,974.1396438400001,965.9285915199999,1070.8058791733333,1196.02100336,953.3576238933334,1051.6430524266666,862.3979130666665,971.1061510133335,1004.77939992,920.95550384,1049.3935767466664,1082.5280980799998,1075.83644344,1126.6874821066665,994.5827094933335,843.8234354666665,794.8189870933334,746.6511268533334,736.7320525599999,838.8197488266666,808.8755494666666,772.1870599199999,854.1300104266667,840.5366137066666,894.9392102133335,856.4681898133334,782.9783839199999,839.8206071733334,876.2238677333335,846.63417928,871.7998254400001,941.07938248,802.71129304,709.1658520533334,817.5923441066666,778.15366584,715.09775584,688.5145759466666,610.0971230933334,657.2825282933334,674.0315028,675.89171464,556.9599037866666,606.8298224533333,670.6068832000001,728.6250184266667,916.0292569333334,831.8909124266667,836.2203005599999,587.2805764533334,489.2210241866667,459.6410711466667,501.9153998933333,487.78612472000003,460.4653780266667,490.1045811466667,486.2798024,441.80374024,634.4133037866667,578.2201992266665,536.3485611466667,587.46553096,512.3111502933333,431.81772053333333,452.4074676533333,434.96620530666667,451.73003250666665,466.0641712533333,449.5250911466667],