{"message":"Aggregated IX data for Chicago IX","data":{"nServiceId":null,"width":287,"jServiceId":null,"start":1486613100000,"end":1486698900000,"name":"Chicago IX","in_octets":[],"out_octets":[],"in_bps":[6622.360675173334,6370.776574,6340.11154232,6049.669395386666,6242.622422346666,6212.195194506666,6025.681463253334,6380.955384213334,6161.005150426667,5836.333571973333,5845.759342426666,5969.792740746666,6013.90504816,5687.76192928,5541.908937386667,5539.8615877600005,5753.9214416,5853.65260848,5922.900488506666,5531.879668906667,5656.7284087200005,5771.334791626666,5754.483625013333,5708.895541786667,5829.401786053334,5382.705962213333,5468.696549386667,5265.571853946667,4928.507132293333,4899.51163016,4870.34525768,5075.59095376,4824.372090533333,4547.398200346667,4350.637289173334,4631.19677736,5313.700526746667,4792.302285813334,4502.627162399999,4238.580701413333,4325.590477706667,4370.7329636800005,4278.45336392,4431.18749304,4192.0519219200005,4182.304811146667,4117.303071706667,4188.796919333333,4547.15482216,4192.612644906667,3892.18618232,4227.82886088,3919.811547653333,3967.95199104,4082.999945013333,3900.9015372800004,3898.911887146667,4067.4603868266668,4019.93568936,4153.279686933333,5087.122680773334,4530.454709786667,4412.895363226667,4272.292164986667,4321.12710504,4441.891721653333,4603.643782720001,4390.664402373333,4301.198689466667,4463.652909253333,4260.359463093333,4687.624976640001,5791.411596906666,4476.545997973333,4541.828602106667,4446.504012,4647.597579813333,4880.958778746667,5255.67063408,5035.379299306667,4819.38310456,4952.270466026666,4921.667683093333,4565.007946506667,4993.196494399999,4675.324160640001,4680.55627472,4480.925173573332,4899.597532986667,4702.600545866667,4896.698153786667,4760.401849626667,4720.833348426667,5536.3178312,4779.188379439999,4783.810709333333,5111.820233973333,5041.76426152,4990.532994293333,4886.982174666667,4776.311974853334,5000.189964613332,5198.946065653333,5115.19018504,5330.940196,5600.270053626667,5580.250902773333,5603.946183386667,6287.024983333334,6038.5300850933345,5879.472621813334,5705.18973272,6005.00669456,5982.037132293334,6567.350520533334,6627.152262533334,6706.486951333334,6883.2395212266665,6929.600533946666,7277.097027466666,8207.521229226666,8235.321319733335,8458.410710426666,7887.290929813334,7993.15251896,7760.82421024,8343.801565653335,8401.33251264,8283.98859232,8428.28875896,8685.395018453335,8644.284407013334,9199.886318613335,8713.906908613335,8919.559606666666,9582.99577688,8969.56244512,8322.589191946665,8650.347318773334,8487.97356968,8255.521814026666,8529.90838944,8010.195337813335,8109.508711226666,8527.58933472,8516.928581653334,8684.619414719999,8455.846343386665,7876.608948,8030.734304986666,8248.81448368,8572.51471456,8573.607636426665,8408.8435112,8524.571025386665,8551.317621493336,8758.243924266666,9097.936190213335,8913.143732906667,8859.7193196,8464.195741413334,8049.506591413335,7866.608063573333,7883.105706693334,7794.868637733333,7641.393946106667,7705.60905344,7636.89098744,7975.90483608,8706.353695706664,8626.342663786665,8567.877913333334,8175.26379968,8300.873195653334,8369.690546106665,8303.137071146666,7999.172406,8226.043325946666,8115.678184426665,8316.345581333335,8408.892471093333,8080.3543700266655,8585.933683680001,8511.763644773335,8440.619258693334,8234.270051093334,8041.09852168,8169.893285893334,7731.369626026667,7723.927688453334,7533.779570479999,7895.539072053334,7965.01984504,7926.838849626666,7817.818954453334,7692.167715093334,7838.3731283199995,7893.808991253334,8280.465709013335,8552.70468368,8325.53685792,8481.8852484,8734.683165653334,8664.608201493334,9122.881871653333,8979.392707146666,9100.242619493334,9118.390154266666,8825.616899866665,8462.89441296,8467.322305066666,8969.359096773334,8647.496693333334,8882.709512906666,8823.90650256,8633.531850533334,9130.57181352,10748.950763466666,10885.720753706664,10607.459078666667,10577.48885984,10437.790068746666,11117.63453632,10568.03599512,10488.848314666666,10323.415216213334,10395.81103472,10838.742012826666,12033.215757040001,10496.868386693335,10050.14393928,10470.213680133334,10553.459561253334,10179.991356613335,9856.843753866666,9598.644644773334,9678.922080293334,9329.291990106665,9340.763300293334,9296.654930053335,9944.396368213334,9463.95873248,9694.037951066666,9624.531436026664,9381.9646884,9247.324851386666,9500.011578853335,9537.527589173334,9720.387455066666,9605.440802293335,9453.501749946665,9682.931100773334,10118.017585306665,9691.159710079999,9704.896911253334,9460.3996584,10509.763306906665,10718.51225856,10212.469421920001,9977.211896293335,9774.569797253334,9456.705461866664,9087.40718968,9149.035850346667,9336.626594293335,9247.52334432,9804.936228106664,10054.950852799999,9726.22019632,9899.925991626666,9398.132597413334,9222.422140026665,9469.292532666666,9082.668297866665,9427.086101893336,9497.834293973336,9601.999476533334,9194.044369946665,9259.200613093335,9419.05122232,9580.002892426666,9907.904502746665,9971.227187440001,9970.699603733334,9753.429439813333,10069.709833733334,9972.842631786665],