{"message":"Aggregated IX data for Chicago IX","data":{"nServiceId":null,"width":215,"jServiceId":null,"start":1486929900000,"end":1486994100000,"name":"Chicago IX","in_octets":[],"out_octets":[],"in_bps":[7198.51781472,7242.015614186666,7233.719366666666,7284.549123386666,7453.0592584,7466.330391893333,7353.564854293334,7381.25368576,7465.7379021333345,6922.805895760001,6791.00748544,6770.749746133334,7389.547744906666,7302.718720773333,7378.50954024,7727.04256472,7258.318556933334,7200.804603493334,7076.51234592,7045.56529024,7286.496102773333,7527.77051456,7541.18138088,7361.035398453334,7354.348030133334,7633.766932933333,7565.758999013333,7321.312387226666,7807.580578133334,7870.42105,8069.235630773334,8207.118699973335,7928.61928272,7569.902146586666,7741.302491653334,7718.608920133334,8421.586622426665,7835.4357933599995,7562.750872586666,7359.924864293334,7128.493901093334,7555.811226933333,7406.18479208,7647.676069786666,7638.297102026667,7503.910174479999,7918.109701733333,7675.9250263466665,7526.277506906666,7741.938767173334,8006.408869946666,7454.613590506666,8052.7086643466655,7880.822776693333,7975.193207439999,7420.784807066667,7584.611176,7767.4167188,8046.854704906666,7599.836014933333,7707.199602693334,7651.202669946666,7644.05787672,7711.979595093334,7505.87560656,7917.084397466666,8039.12238856,7736.9061413066665,7874.2154514133335,7699.4111072,7829.513266,7870.88247728,7921.87308408,7944.079674613334,8246.792955359999,8191.37180224,8320.79292472,7827.997377173334,7942.520373439999,7959.17934416,7863.1465232,7546.856661733334,7521.974091626666,7620.630880693334,7755.98000872,7545.567692533334,7237.062114560001,7516.356717253334,7590.27954376,7516.59213296,7614.455917413334,7290.450240666666,7281.72057104,7206.8805439200005,7069.6384028,7218.888816426666,7349.77773928,7535.818884133334,6974.771208586666,7091.541645813333,6895.250636613334,6731.331880933333,6774.1208666933335,6577.136351893333,6261.37915376,6225.298852106666,6287.910276346666,6126.511977173334,6477.086152853333,6413.215921546666,5910.690255733333,6094.952110933334,5941.61153256,6308.257792746666,6070.749859653333,6065.202327573334,5815.0890064,5674.452766613333,5520.956979813333,5650.307980933333,5936.405646,5698.78907968,5780.575836293334,5855.249084640001,5329.82131088,5410.0009590399995,5154.39528656,4944.177987813334,5069.174548053334,4831.470676800001,4585.552944506667,4956.334253413333,5366.368953093333,4770.491250986666,4445.2086236000005,4295.817305066666,4179.607894613333,4167.12468144,4095.81650408,3866.9795615733333,3990.044286853333,3970.6518230133333,4041.621102586667,4300.177435013334,4642.715238826667,4279.695496266667,4137.2192637866665,3968.4592917600003,3948.405395973333,3987.993850266667,4027.2180995999997,4081.7177216799996,4105.062252453333,4051.604059866667,3887.78689352,4041.956268373333,4197.615967626667,3745.378341706667,3827.416570186667,3796.1371399466666,3946.966807066667,3907.22908792,3908.571916186667,3724.856713253333,3877.0265085333335,3934.1403877333332,3940.9035785066667,4371.109949333333,5047.074569333333,4425.839977386668,4196.244684426667,4096.01501016,4019.326888853333,4063.036038133333,4385.093585786667,4310.944233493333,4518.7758338133335,4592.75114984,4134.751762533333,4396.036800346667,4600.228941626667,4788.407679306667,4643.844563973334,4514.6959952,4442.686150693333,4567.487220533333,4773.569537439999,4969.576244293333,4921.038562026667,4762.2523006933325,4799.736790533333,4745.180184213333,5815.552889573334,5877.84573464,5346.438526613333,5444.827044986667,5199.904948133333,5522.664451173333,5925.112914453334,5897.700966106667,5445.913967946667,5615.047087946667,5609.889737733333,5922.6071738400005,6224.031593333334,6422.70985784,6340.646140826666,6047.4858696266665,6372.751691946666,6694.47994296,6676.1441532533345,6870.500938373334,7092.71892192,6855.254548293334,7017.511443439999],"out_bps":[7289.524827493334,7177.897688853333,7232.678704479999,7277.723174586666,7472.813884186667,7633.775198586666,7253.1936177866655,7378.460300586666,7384.886379493334,6968.295664106667,6804.994066933334,6702.745359466666,7404.613425733333,7349.721980560001,7395.126197173334,7674.40753568,7212.161711199999,7303.889697359999,7014.409212293334,7102.311639306667,7283.292894933334,7458.420938346666,7610.518743306667,7394.1126670933345,7293.612587946665,7578.506586826666,7622.284752533334,7337.119286933334,7806.737810933333,7867.398675706666,8169.241551466665,8185.797590346665,7814.07326376,7726.720811253334,7696.933384693333,7674.623151626666,8395.994426613335,7883.60348224,7527.4697900266665,7386.296259146667,7168.97705656,7508.1706332799995,7391.02057248,7671.618850106666,7601.611012693334,7538.745406293334,7937.862983386666,7640.609848266667,7550.553280986666,7714.702698640001,8004.14412528,7594.348850426666,7932.16784296,7869.603351706666,8051.029072853335,7384.1797139733335,7533.67181704,7791.497481573334,7997.507837386666,7586.985800693334,7827.32446752,7649.256198533334,7647.83289728,7731.4558904,7454.580495493334,7937.518364746666,8035.357810906666,7707.322569333334,7883.487472186666,7710.347579733334,7757.206582106666,8070.85967008,7878.990504133334,7855.57003984,8267.280208666665,8201.69220784,8306.06889912,7904.71104728,7888.616311386666,7938.64458424,7886.331367466666,7573.780238346666,7451.814379973333,7619.398385893333,7847.862518186666,7440.769479013334,7224.360210373334,7593.51840696,7467.623203013333,7658.365747973334,7566.523349493334,7309.642464826666,7233.273750293334,7217.923278933334,7069.35312856,7192.523003786666,7383.834577493334,7562.64716768,6965.47892096,7126.333125093334,6836.17139552,6750.227850213334,6759.646600213334,6514.60918576,6314.652793786666,6168.160575813334,6311.937977546666,6149.300775199999,6506.515024106667,6451.88549928,5855.089302293334,6034.709383973333,5983.040448053334,6347.185664613334,6036.63834512,6067.37527856,5756.787914133333,5698.56322896,5533.130231413333,5607.175717893333,5994.10450512,5717.623185306667,5776.456644026666,5827.0304537600005,5348.54303408,5385.777361146666,5125.327787146666,4973.08708592,5071.951117173333,4837.040034933333,4538.958804506668,5005.852291973333,5338.431124373333,4779.373277680001,4437.179743466667,4296.33544488,4159.46845744,4190.737757493333,4093.472853253333,3839.290950106667,3967.9452796,3998.8485770933335,4028.12322856,4385.624979706667,4581.130452106667,4256.377740746667,4180.138804853333,3941.725327173333,3979.9430441599998,3972.2487086133333,4056.1101189866667,4073.063740933333,4065.243682133333,4011.5511254933335,3915.21190192,4108.37394288,4155.375995786667,3701.5561632266667,3876.47548976,3775.61070024,3933.50826496,3939.01541264,3867.70423872,3757.0390109066666,3857.28737912,4004.193384986667,3882.288015626667,4457.37162008,4959.153740106666,4453.6234661066665,4185.28774296,4169.609195706667,3946.81886568,4056.091913146667,4393.566549653333,4285.96402552,4564.076992586667,4578.82692608,4139.568720053333,4399.67176008,4590.164380453333,4753.842789466667,4695.23199472,4527.856402560001,4379.551504453333,4552.769399093333,4798.909168453333,4971.091828213333,4937.73007008,4735.28788024,4815.321308186666,4819.233315013334,5844.324557306666,5797.07550152,5288.513355146667,5509.866909413333,5144.579286,5582.759815146666,5925.66344728,5893.252116506666,5422.473749626667,5594.869670293333,5601.69311688,5942.658503866666,6218.597884933333,6416.330249946665,6316.118057626666,6101.629236933333,6363.9044,6633.031675813333,6775.82094336,6814.811742693334,7098.928927626666,6882.41415304,6988.634921600001],"in_packets":[],"out_packets":[],"in_errors":[],"out_errors":[]}}