{"message":"Aggregated IX data for Chicago IX","data":{"nServiceId":null,"width":286,"jServiceId":null,"start":1499933100000,"end":1500018900000,"name":"Chicago IX","in_octets":[],"out_octets":[],"in_bps":[1913.1649826666664,1925.5651915199999,1628.37674848,608.5819305866665,1188.7288157066664,1899.3064764800001,1105.7832006666665,448.07600168,1790.9564644000002,3261.624283333333,4428.290257199999,3795.63522256,2457.6129780533333,2920.3137096799996,1699.5680942666665,513.6927749066667,304.84350821333334,207.70827490666667,189.71361984,184.91956730666664,186.97016349333333,176.31708402666663,479.03701050666666,3054.59338328,8660.393223893336,5358.029246053334,1308.1017406933333,810.5567492,8223.17695264,4762.89932176,2766.66298496,4386.00604456,4362.374474373333,3577.668695253333,1120.99992848,226.13269191999998,218.36373101333336,170.03178696,183.26281709333333,187.48521008,192.2875244,181.23849618666668,184.92467344,1093.3801918933334,4739.14997904,4024.577948106667,954.2557885866665,539.1734316799999,1793.0958469333334,2651.1269496533337,1437.89843296,497.0173612,355.61255839999995,5813.82567432,10130.06399264,7915.217365413334,477.2004401333333,295.4647841866667,413.3517458933333,475.3904080266667,443.927172,435.13931048,414.7033132266667,6131.806066773333,8546.034548293334,1490.0027849333335,675.9102569333334,4411.538044026666,10055.751755946665,10167.154230453334,5870.3511295200005,2288.44479064,1363.8485302666666,2290.62613952,5785.447063653333,6447.1126100266665,6286.255051813334,4065.51215976,2591.3338645333333,10034.1361028,10153.26700648,10129.87097408,8034.04829816,1749.0401203466665,439.6790198666667,218.92071528,356.06520261333327,2809.2035880266667,7501.117545333334,8599.293162773334,10048.572031893334,9312.26340776,3415.11863944,1230.0467200533335,1037.0637481066665,2208.4375032533335,9500.620671253335,10152.79259648,2246.100026826666,630.8487302133334,436.02126301333334,305.35696488,273.26798261333334,378.58314576,1731.22738696,665.8550215466666,349.7596408533333,577.7040076266667,792.2866013066666,3475.275384773333,10068.882557626664,3911.79192272,463.19913549333336,551.6155182933333,4112.33531904,5537.27604264,5523.7338131999995,4723.956483386667,1450.06894648,733.47780768,1437.2179448266666,9753.243344746666,10179.177402826666,5209.505209013333,384.98963973333326,308.4420537866667,253.96044269333336,320.0927453333333,473.8156708533333,2758.3844307466666,3393.58728496,699.49434048,748.58692096,896.0955566933334,1141.0607938399999,1142.0657968,842.90653176,760.01385024,6227.769877173334,10156.449428373335,1697.8283572533333,1595.8638419733334,6795.608552373334,2675.4817837866663,406.8145241066667,410.41434581333334,361.47673727999995,386.2908702933333,1645.13372784,3309.9269030933333,1074.4282508266665,602.2885386666667,682.0602966399999,757.6751787999999,707.33156008,658.0267130133333,566.1691155466667,545.9483234666667,2151.468390613333,10159.090058746666,10258.913351786665,5723.67998616,628.0520071733334,704.6369838133334,576.18324808,1760.9399600266665,2350.60048392,2325.11426088,3462.968943866667,9884.415516533334,4623.7554021333335,401.17865712,317.5658878666667,242.45491832,266.76618085333337,310.2087908266667,442.44013944,269.49496802666664,254.51056045333334,858.8678575733334,3898.302775253333,1625.4928284266664,264.6645204266666,412.91749090666667,3559.143272906667,6356.518793786666,6630.458813439999,8086.66612784,10213.676349013334,10076.56865888,6175.690961226666,301.1319358133333,233.44994104,218.89675773333335,324.95570224,336.95413125333334,2308.166575946667,1133.3742998133334,700.2864580266667,1308.8720992,2270.8841021866665,2101.5589558666666,1851.1119083466665,1253.3032090933334,1108.1713699466666,1540.8204952,6607.293114533334,10202.23768344,10111.128276053336,4049.249108826667,281.15404621333334,245.48853466666665,220.9677336,222.93215869333335,282.8020293866667,248.47732573333334,214.945694,231.78421962666667,261.87891824,230.85167706666667,215.18794424,213.31048474666667,203.95148903999998,203.54843362666668,209.74660570666666,197.31216450666665,198.41535109333333,197.09244274666668,194.17490136,194.42161930666666,212.19166375999998,221.75373762666666,216.49970805333334,216.73171845333334,243.35870562666668,308.6639571733333,464.01780536,599.2504048,1662.9830982666667,10088.852706799998,10136.91086472,9319.119500879999,413.12377992,238.6074252,300.9862986133333,303.2872639733333,444.34311458666673,6004.167988239999,10149.111684133335,10160.644437280002,10116.10645128,10128.493341173335,9291.42237136,285.82968666666665,197.83040421333334,193.63976277333333,195.34979058666664,253.18763173333335,2481.5276836,3075.323125146667,379.2226206133333,403.59855901333333,392.98164450666667,414.8254327733333,374.8747266666667,276.62996853333334,183.30567191999998,168.61441658666664,163.39744509333335,164.73323045333333,231.52699192,1933.5224241066667,3098.27578688,1542.3529168266666,1974.58256728,2523.06967456,2129.1822348266664,1750.7969265333336,3701.0398774933333,9276.52537616,5938.279110373334,1750.16168792,4136.548981253333,3445.279268133333,6506.014791653333,5264.9119662133335],