{"message":"Aggregated IX data for Chicago IX","data":{"nServiceId":null,"width":285,"jServiceId":null,"start":1499313900000,"end":1499399100000,"name":"Chicago IX","in_octets":[],"out_octets":[],"in_bps":[812.7928790666666,1964.6817773066666,664.1248732533334,264.04405728,242.93322066666667,214.18750170666664,183.39805077333335,178.41298322666665,188.37678480000002,213.54691296000001,184.38782901333335,247.43469026666665,887.9178293866665,808.8506234666665,604.32208752,3657.94460536,6220.655683066667,1711.38299792,252.59438416,454.5209773066667,1215.91785728,963.0309459733335,776.3935630133333,2773.399022693334,4279.406421546667,1614.2034634933334,588.0331736,214.17347512,194.73034021333333,1553.52383024,1728.1670872266664,743.3904652,427.66238050666664,336.5262702933333,303.36601407999996,2912.429880106667,2301.8375580533334,1100.74573992,1995.88115672,598.1683719466666,209.07735642666665,164.02868016,215.12946757333336,187.85411581333332,185.63790773333335,185.90633138666666,148.85392408,671.1566825333334,987.2419337333334,1015.0722023999999,840.7938296799999,258.97517682666665,176.48248186666663,145.24712352,133.07204674666664,139.56359301333336,140.72611232,139.65277237333333,693.6441949333334,1200.4195792533333,5154.9390723199995,4969.666196133333,842.7771529066665,139.97934397333336,164.79316586666664,129.93797597333335,136.69122109333333,140.33162752,1297.9975650666665,669.3734128,265.97725706666665,213.81136466666666,170.68505986666665,139.49492386666665,145.51779906666667,149.71181514666665,149.24988077333333,156.43719941333336,1057.83383592,497.57245106666664,2700.901494986667,3258.690333413333,3143.9986583466666,2314.67964776,3009.9942093600002,3829.743848,1417.6273786933334,1348.9694206666666,8418.70968792,4082.701229173333,251.08752552,170.32900514666665,167.71253786666665,151.59344442666665,281.93192770666667,487.43674898666666,434.81512781333333,362.16256434666667,246.86141029333336,168.47415687999998,159.46841570666666,155.53849928,181.1389708,2272.7849511466666,6523.5352836,5701.009424026666,2919.174753146667,3134.5273333600003,4593.265213146667,4313.92975256,2817.4778763466666,1393.1717327466667,321.7819262666667,193.74468453333333,492.2279341866667,502.7401226133333,262.54503472,254.88197613333335,227.24373981333332,204.56673776,206.34464458666665,194.59669706666665,207.80829453333334,201.21916050666667,519.24629728,2158.1331968266663,1987.9439134666666,2279.9850893333337,6338.150470933333,1894.0082621600002,363.9910092266667,269.12986650666664,262.0489488,252.88888293333335,247.23317778666666,218.06616045333334,222.84888394666666,264.76079424,599.62130096,2208.2405492,5737.107789573332,5745.7037291999995,5515.579712453333,2427.5198793066666,389.5535117066667,397.23816845333334,901.8953926933334,1467.05539088,1064.5161866666665,299.2598387733333,662.8977654133334,4350.316099279999,4948.765833359999,4920.9203948800005,3191.723452213333,557.8771449333333,234.19221141333335,202.80439408,203.04383056,186.23031085333335,220.22212053333334,245.61892096,215.08311026666664,1971.2554076,1402.2230095733335,256.3455627733333,250.92539501333334,261.85239176,335.55285709333333,302.4794217333333,249.06649503999998,236.36462453333334,1538.4871652266665,3044.898790426667,284.90907018666667,289.1000280266667,326.43096343999997,1181.9793237866666,8562.26891264,10223.60746144,10119.542022,10129.042109786666,7740.272916613334,1735.8710355733335,222.45260898666666,218.90888818666667,224.83669112,523.2832825066666,2079.04125208,2619.769268346666,6477.65721312,10141.105502426666,10194.170921146666,2887.601402773333,245.65703032,296.32151072000005,259.06026632,295.64708127999995,309.49771994666673,282.92634517333335,1228.3546983466665,4094.554840666667,962.6551365866666,287.73998112,329.09243093333333,289.55220888,369.4006345066667,439.053426,532.2304729333333,365.36015154666666,286.32041472000003,290.4091186666667,456.51609088,309.3497983466667,243.96735405333334,226.60840770666664,213.12296719999998,196.3383232,206.25640930666665,191.24617344,218.63588368,733.7124564266666,3153.3939650933335,3415.9856645066666,3640.209279066667,2426.1552708000004,1006.0967769066665,8928.187035013334,10127.279173946665,10211.853296106665,7447.465118426666,228.03850504,2116.3407718666667,2133.6085004533334,2225.3114688533333,2519.48587904,215.92629205333336,258.19276456,542.1210534133332,856.2388701333334,825.1118472533334,770.95205976,739.17385224,8091.412130586665,9036.87839128,5276.030333146667,372.89081632,313.7034773866667,449.1849897333333,224.9385812,221.37878674666666,201.73895549333335,250.80348528,556.47611192,604.2975553866667,288.3418982933333,284.1132172266666,599.0669717333334,357.2187079733333,576.55921616,1309.38008416,2058.0118360799997,4558.852756213333,2112.7056610133336,818.9295056266666,417.51571125333334,222.34054336000003,207.91553770666664,229.95428256,311.74709517333326,309.25859381333333,294.28676936,381.80467936,1090.4385900533334,488.6812684266667,221.00078210666666,232.05982914666666,241.84202058666665,206.38054157333335,245.20678066666665,322.16876936,288.51079288,238.13884146666666,224.92443024000002,353.84823983999996],