{"message":"Aggregated IX data for Chicago IX","data":{"nServiceId":null,"width":215,"jServiceId":null,"start":1494101100000,"end":1494165300000,"name":"Chicago IX","in_octets":[],"out_octets":[],"in_bps":[758.7049585599999,681.6896429066667,555.95630136,590.0933676799999,628.9112391733335,611.0048873333334,606.6470441866666,590.7254606399999,580.0376530133333,606.81970816,643.5744142133334,672.8704421866667,723.7685185866666,665.0531422133333,686.4020324266667,677.5776902933334,641.4609051733335,629.819772,674.5711650933333,645.2268939733334,666.94027944,700.9176391733334,733.6069345066667,694.4945332799999,790.0028283466665,751.4689550666666,662.0787970933334,638.2962007466666,609.1271536,612.2718475199999,728.7378636799999,587.8199865866666,638.3120990933334,654.6394041866666,676.6243593866667,816.237286,983.9128105599999,682.7373402666667,741.10855536,694.0140510399999,648.7099379466666,718.3780465866665,674.9117771733335,605.5617335733334,618.9325875466666,677.608518,642.1382430133333,733.2265045333335,2041.0554531199998,685.9843563733333,691.29316288,615.0220098933335,630.6488357866666,645.4635566933334,644.0362952266665,645.1379286666667,677.3936643999999,667.8814981066665,715.5182366666667,649.7858113866666,760.43772256,598.7605961066665,625.2102065866666,626.3669281866667,596.53271224,638.1031612,671.56508608,627.7534963466666,635.02715968,644.9628314666666,683.41963536,701.71202352,760.8578216266667,709.05678936,679.8327274133334,747.1198317333334,740.3118647466666,710.1082879733334,765.6512856266667,734.48891984,686.25081112,665.4673566666667,765.9877360266667,718.0298995466666,755.2745805599999,738.8994199733334,677.5281054666666,660.6357984800001,653.7335816799999,669.7192033333333,676.3384589333334,656.6298242400001,633.6833105333334,671.3077476533334,611.4205952000001,584.4406425866666,643.7400880533334,679.7053102666666,771.0163263733333,671.91513296,691.1271508533333,665.1802310933334,722.5545005333335,666.4118308533333,610.2731646133334,630.4928043466666,660.8102266933333,605.6812223466666,655.7241065866666,587.9095333333333,533.7570794666667,544.7944374666667,534.25139344,516.61902128,569.3354516799999,496.9127954666667,479.44252944,478.95145613333335,500.3914301333333,470.69448693333334,1905.1729342133333,2470.456068346666,1485.3432874933333,506.0746723466667,516.0344563466667,503.07088072000005,853.46275624,674.37363176,414.2985780266667,467.0360490933333,472.7206746133333,430.6367750933333,1292.0065149066666,546.7073307733333,515.6983267466667,523.0499715733333,453.6544513866667,445.24374295999996,584.3232862933335,435.02736239999996,429.3137011466667,491.4562948,465.3308536533333,453.0577422133333,2358.9089645333333,1114.09624904,634.7244494933334,410.06303008,429.9395854666667,445.60844581333333,572.19452776,446.6885933866667,397.78839768,398.2900466666667,521.03492304,389.07369639999996,1980.7075544000002,3097.40542528,2823.0641537066663,2074.3813504266664,1548.4027410933336,560.2634021599999,413.3801733066667,373.74496874666664,418.50083248000004,404.5054109866667,358.59341213333335,395.14785482666673,477.5849833866667,443.83634728,451.00414695999996,446.88713928,450.8078030933333,434.90257706666665,445.5854271466667,428.1612881866667,405.61948975999996,398.8717324533333,377.9426231733333,345.48208992,491.6908100533333,475.4535655733333,461.9658569066667,466.11421466666667,405.8428594666667,448.90569896,418.2264852266667,447.4598902666667,562.2803129600001,503.2411976533333,452.8723302933333,453.2026889333333,645.4854324533334,527.0439673066667,530.5084309866667,494.4365874666667,502.92314301333334,498.27901912,533.4716211466667,511.9299018666667,516.3168338133333,561.6330923200001,645.1369232533333,717.9005462133333,1278.9109321333335,712.31076312,746.5162688266666,856.63922848,738.6693131733334,656.32256384,554.6316928266667,521.91221624,573.6458030666668,619.7696693333334,553.0966136799999],"out_bps":[749.2851177066666,686.3458456000001,555.8154229066666,589.2949872533334,632.4077171466666,611.0878245066666,605.5059136,593.2296002933334,574.4258399733334,611.0836004,639.18490528,679.4101209866667,718.5759056,666.3095528533333,685.6025881333334,678.7113226133333,646.75880616,628.4148992,673.8724489066666,642.8192991466666,667.9220873066666,703.5325258933334,728.82856896,700.3567949066667,790.8302184266666,754.1524505066667,661.1447682133334,633.0988582133334,615.2995570133334,613.4340172000001,728.9415846666666,581.4681586666667,647.8862083733334,650.9416040533334,676.3756754933333,825.4515088533335,973.0224214933335,678.2066096266667,748.74490752,688.0668281333333,648.4585077333334,720.24172456,678.9543135733334,608.9418754400001,612.0560272533334,684.4668119466666,635.9859538933334,778.44060128,1998.86110784,684.8664194933333,694.1027056533334,612.5446514133334,636.9669520266666,642.2357531733334,645.7187205866666,636.6112413066666,683.5288529066667,667.5811053866666,710.6183031733334,659.7995128266666,756.5609274133334,605.2519384533334,620.3628926933334,625.2946937333334,599.1009158400001,636.6277830399999,669.2682069066666,628.2132865866666,642.6174798933334,642.336214,678.5537993866667,708.3929673600001,754.7641303733334,714.6519534133334,675.6023697866666,751.4350323733333,740.3397765066667,712.5798449066666,762.571644,729.9041300800001,698.1204837333333,664.5018297333334,755.3895856266666,726.56059824,748.2123777066666,742.8404530133333,683.2669000533334,664.4467676533334,658.38032536,669.90739528,669.1139937866666,658.6755533066666,638.3316357866667,665.7435446133334,619.4077096,593.1880886666667,636.1366541599999,672.59558584,775.61675928,672.6298303733333,686.8294585333334,669.4003065333334,724.3876500266666,670.3573408266666,601.3841587733334,633.8646590666666,667.23359288,603.4469509066666,655.3072068266666,590.9282718666667,534.6100559733333,541.8346348,537.6123463733334,517.7659309866667,564.6810625333333,502.93980624,482.11934584,476.03586160000003,503.9453562933333,498.6001615466667,1930.2083576533335,2435.037197493333,1460.80468016,499.65679901333334,514.9048146666667,505.21718989333334,853.90175248,670.0578631466666,414.7999657066667,467.3252296,477.4159862666667,490.7733056,1224.2979416800001,548.2012066133334,518.0006725866667,521.69438952,453.0425152533333,447.3453687733333,587.5826250399999,432.27091538666673,429.19921544,491.58757032,465.98402519999996,484.57309927999995,2351.2122831733336,1081.9518629066665,635.6706139733334,404.39557125333334,432.80158704,446.44713728,572.1888839466667,444.88732808,397.1997594666667,399.68163216000005,518.9566317866667,420.52916634666667,1983.23474776,3106.4564982399997,2771.545707866667,2087.2262176266668,1536.05525352,541.501506,415.5847833333333,368.08154487999997,422.04440818666666,404.53668912,359.53702168,401.79778762666666,470.33215424,443.8977624266667,451.3823808266667,445.2988742666667,455.3320708266667,432.04998826666673,447.52833039999996,423.6818871466667,404.49983039999995,401.2075882933333,378.27553176,346.8253926133333,488.80417186666665,476.08307688,461.4341640266667,459.06643813333335,410.9823311466667,451.33480986666666,418.13843112,473.40596504,531.0201394666667,508.3087742133333,453.90440186666666,452.13068936,642.6697153333333,528.3031665866667,532.59582768,489.15748648000005,506.8275424533333,514.5517437333333,517.4305038666666,510.9995927733333,512.54207832,561.7993193333333,658.2894728266666,744.0484696533334,1250.4237681066666,702.34493624,750.9680933866666,859.2382962666666,733.2830117333333,657.853762,554.4680506666667,518.01987992,572.4495889866666,622.3813020533335,555.8650900266666],"in_packets":[],"out_packets":[],"in_errors":[],"out_errors":[]}}