{"message":"Aggregated IX data for Chicago IX","data":{"nServiceId":null,"width":287,"jServiceId":null,"start":1475366700000,"end":1475452500000,"name":"Chicago IX","in_octets":[],"out_octets":[],"in_bps":[6812.267362533334,7102.481782933333,6937.096871146667,6992.864612106667,6891.235087546666,6746.482087973333,6842.52797696,7094.009490693334,7082.100906773334,6884.797187573334,6750.58503328,6662.463261306666,7283.213272666666,7037.598836453334,7224.798233386667,7293.25720784,7173.198791493333,7007.610555546667,7192.90417448,6820.013098933334,7125.123611786666,7140.405663013334,7114.639528613334,7081.004988026667,7052.684857973333,7238.10971504,7044.65146256,7129.71724464,7075.279622,6770.94925296,7074.227291306666,7022.420799946666,6966.838175973333,6560.6040398666655,6847.665508346667,6320.717495333334,6598.305119493334,6505.675424213334,6560.38441288,6434.51318448,6247.9737271466665,6310.080095546667,6397.387288666666,5932.6382708,6092.669000826666,6013.074347493334,5969.283683226667,5867.466337253334,5838.5554374133335,5632.130382186667,5499.235947013333,5209.446483546667,5126.680924773334,5246.459734826667,5210.5126127466665,5094.03545936,5074.771872106667,5030.506516266666,4949.896760186666,5044.445684560001,5285.624588186666,5050.19908848,4884.06116616,4718.9927366933325,4610.943737386668,4443.338455946667,4675.771142773334,4593.00380072,4402.15321576,4367.828296346667,4315.010673386667,4137.028057786667,6020.6448062399995,5881.60240688,5361.300736239999,4616.837063893334,4608.474864666667,3998.252227226667,3973.384492373333,3867.99141552,3862.5958157600003,4136.9742538400005,4195.588204773333,4171.73126768,4974.663913226666,4429.866400293333,4284.011970933333,4041.235658266667,3973.7736340533334,3686.890139066667,4066.1115129866666,3708.22563472,3885.765625893333,3952.141134666667,3836.87652136,3744.018415973333,5182.716579093333,4787.66017896,3883.644485386667,3709.9600268266668,3632.8822739733328,3546.470660053333,3704.905916,3822.644935386667,3887.0783793866667,4017.371277253333,3722.2738891199997,3814.5974780799997,5933.596874506667,6307.618578613334,6455.710229786666,5738.3295766933325,4392.59887328,3824.557863333333,3622.4758667466667,3468.917975626667,3596.570521333333,3362.6838459466667,3390.7227387733333,3572.489178373333,3849.70590696,3753.043696026667,3470.866633546667,3391.774767733333,3325.7491859733327,3531.758021253333,3339.362504426667,3315.396941546667,3214.2496749066668,3282.7068537866667,3234.692749066667,3490.99423,3472.37214928,3435.088686,3337.92662144,3318.591102746667,3307.4959688266667,3286.183941333333,3609.9439924000003,3464.47659136,3677.671940853333,3590.727257493333,3786.7483432800004,3632.210348186667,3913.03509376,3962.4780197600003,4155.148375013333,4432.243230720001,4565.698425626667,4697.891263013334,5315.394953653333,5417.360947306667,5200.592772586667,5196.474563386667,5187.715658426667,5348.674512106667,6396.592489706666,5655.304972826667,5707.520628853334,6042.680909786666,5893.283597173334,6242.24106744,6385.865421493334,6601.910661013333,6258.477414933333,6331.0993014666665,6270.0429692,6214.33098472,7999.562167173334,6408.438332106666,6343.993115226666,6724.085208853334,6092.79934384,6232.835323573334,6706.125580213334,6339.929265546666,6614.5995672,7019.92855144,6671.038755253334,6907.074206053334,8549.67678928,7558.419519546666,6979.515410293334,6949.097833119999,6830.132053146666,6787.821290053334,6865.517406399999,6850.986926693334,6848.241672746666,6812.946940533334,6892.65011968,6827.4299008533335,8517.228463893334,6952.802632479999,7003.231588906666,7066.195803146667,7105.32006608,7142.90982808,7010.139542426667,6999.060496373334,7109.536732586666,6888.4493163199995,6704.17047856,6543.861147413334,7272.182689306666,6968.021008746666,6655.92813216,7074.46953656,7166.881707386667,7497.948053813334,7724.938471546666,7757.070090239999,7491.729584693334,7480.8829043999995,7450.374200560001,7592.295318133334,8247.250109786666,8057.06628496,7568.079424826666,7184.068982399999,7657.574387333334,7361.738178453334,7755.472457706666,7228.613362,7307.333906746666,7606.39095368,7122.813029386666,7298.217109573334,8062.537326746666,7711.657736746666,7433.113625733334,7215.030927013333,7332.9656354399995,7400.573040933334,7730.201858133334,7536.9368964,7718.555953013333,7464.093089866666,7796.693484,7497.730475813333,8290.61146664,7899.243870666666,7850.31588016,7781.59894592,7290.00272104,7377.676907493334,7734.733747546667,7907.092453973333,7715.462214346667,7463.7633687200005,7222.15391088,6905.23448456,7757.678390720001,7598.344926026667,7710.686331600001,7585.371428986667,7712.501671813334,7249.954740560001,7222.590681626666,7391.581664293334,7518.925300479999,7596.02506424,7906.136268933334,7337.527360613333,7538.0123494399995,7218.376984186666,6938.05024384,6961.459885013333,6779.450656373334,6815.416391199999,6656.111712373334,6719.501886906666,6888.858815173334,6631.271741760001,6770.73530888,6529.36353008,6773.769066,6560.281655973334,6665.42326088,6956.755234346666,6862.755192773334,6811.97034784,7306.651653733334,7288.30759664,7835.181404453334,7697.542412613334,7568.889103359999],