{"message":"Aggregated IX data for Chicago IX","data":{"nServiceId":null,"width":287,"jServiceId":null,"start":1509840300000,"end":1509926100000,"name":"Chicago IX","in_octets":[],"out_octets":[],"in_bps":[4.774767733333333,5.093412693333334,5.239707066666666,5.13839176,5.85091176,6.573574293333334,6.469418346666667,6.52209032,5.228690453333333,7.842574906666666,6.344034053333334,5.98178992,5.227310986666668,5.350517226666667,6.072710586666666,6.387820773333334,6.1496084,6.329950106666667,7.081937386666666,6.307182533333334,6.450727893333333,5.12862584,5.434044133333333,5.860667573333334,6.060660346666666,5.987163253333334,7.329768186666667,6.073212026666666,4.689754373333333,5.881038,5.030449386666667,4.461468346666667,4.9641576,4.366082053333333,4.375503306666666,3.8605073599999997,5.510660346666667,4.773376,3.6292164,3.2190654933333334,3.653370906666667,3.2689448,3.02912152,2.3880832266666667,2.11752248,2.4027334666666667,2.8750200533333334,3.44185136,2.940639893333333,2.7548522933333333,2.9782641333333335,3.16106672,2.7228869066666666,3.022064746666667,2.6066208266666666,2.4867002133333336,2.2961564266666667,2.44963952,2.4137016533333333,2.148940933333334,2.0090190933333334,2.6593934666666668,3.089228986666667,3.362087226666667,3.0500764,3.012922933333333,2.7886513333333336,1.6736339199999999,1.8409544533333333,2.5456388,2.43863792,2.4190134133333334,2.4997556800000003,1.8959641333333335,1.5249403733333335,1.4434625066666666,1.9018287466666666,1.6205470133333335,1.7764827733333335,1.51224808,1.84533136,2.0274092,1.3405225066666666,1.7327837066666665,1.6355219733333335,1.7604747733333335,1.9781761333333336,1.97143976,1.672294,1.3011844,1.6269474133333333,1.66525784,1.9803714399999999,2.2087695733333335,1.8615830133333333,1.2421444266666666,1.7351008799999998,2.1405776800000003,1.3587254666666666,1.2122226933333333,1.1832527466666667,1.1905718133333334,1.4643076533333335,1.24921192,1.5834036,1.6687789333333334,1.68176776,1.4669026933333333,1.5990704,1.4687347733333334,1.2648576266666665,1.2546554933333334,1.7623626666666665,1.0271464000000001,1.3037285333333335,1.2090556000000001,1.1395374666666667,0.73929928,1.5948176533333336,1.1594917866666665,1.6652331466666666,1.3857870133333334,1.1012110400000001,1.2150810666666667,1.6640175733333336,1.4898706933333334,2.0991504,1.4467346666666665,1.45899592,1.7602343999999999,1.5165399199999998,1.6461591733333334,1.4411098133333335,1.5211641333333334,1.7994896533333335,2.3526659733333335,3.27080104,3.201549306666667,1.91888184,2.1414475466666665,2.3671668533333334,1.7982342133333333,2.0503397066666667,3.768371333333333,4.6790318666666675,3.649439066666667,3.797692533333333,2.87508448,3.46804984,3.6395382400000003,5.473738053333332,4.5199011733333325,5.168986533333333,6.579025573333334,5.73597688,5.891642480000001,5.253481440000001,4.045234293333333,4.116837546666667,3.428057546666667,3.982282453333333,4.690596133333333,5.63344728,5.78685632,5.270124746666667,4.174301626666667,4.838430986666667,4.723086666666667,4.208124133333333,4.990018933333333,4.55881464,4.986542293333333,5.86414208,6.030460639999999,4.747135706666667,4.848883093333333,4.002979173333333,3.8745944266666665,5.45166136,5.95606504,4.860325866666667,3.317136426666667,5.49238928,7.292269493333334,6.616951093333333,8.416206026666666,7.35113848,5.403365093333333,6.20822592,6.506918106666666,6.5215830666666665,7.14783624,6.371828346666667,5.712437093333333,5.9848628,6.9485743200000005,5.223672666666667,5.59969088,5.805537413333334,4.674390746666667,5.994163626666666,7.46693024,6.0606612533333335,5.776899813333333,5.85105728,6.177095253333334,4.817522693333333,5.43465928,6.091916746666666,5.984901306666667,5.74937872,5.506939626666667,4.758326506666667,4.868575066666667,6.154403333333334,6.278539786666666,5.198501626666667,4.605704853333333,5.9766360800000005,5.750322106666666,5.665886266666667,5.26720536,5.5822465333333335,6.053669226666667,5.7097596,6.891355893333333,5.498689946666667,3.93146848,2.8079846933333332,4.70342,4.932268639999999,4.756070426666667,5.741888240000001,5.19917264,5.683470506666667,6.6708448,6.90326392,5.791821466666666,6.14840384,6.159277306666667,4.406002746666667,5.005122933333333,4.9728942133333325,5.808595493333334,4.984582186666667,5.5005178133333335,3.78642664,4.469691546666667,4.931261226666667,4.80386216,5.585056586666667,5.090561893333334,4.89577496,7.0592280800000005,6.2574787999999995,7.13565624,6.619746453333334,6.210827653333333,6.508407226666667,5.16403856,5.660707599999999,5.319005093333333,5.7850484,5.792299226666667,5.466676639999999,4.560971573333333,2.8769922400000003,3.793734826666667,3.859834933333333,4.2508624,3.831451226666667,3.7201287200000004,4.723587093333332,4.370814719999999,4.449806373333333,4.216574026666668,4.97935664,8.372285093333335,5.51235888,6.588401253333334,5.797522053333334,9.224802,7.2225260533333335,5.314089813333333,5.708151253333333,7.17518744,8.032688799999999],