{"message":"Aggregated IX data for Chicago IX","data":{"nServiceId":null,"width":288,"jServiceId":null,"start":1482019500000,"end":1482105600000,"name":"Chicago IX","in_octets":[],"out_octets":[],"in_bps":[9161.262168026664,9261.652402266667,9278.690291386665,9366.669829333334,9038.737253226665,8616.615414026664,8667.90724456,8429.020364586666,8465.950884666667,8434.286420479999,8692.784541973335,8957.49759256,9592.013219040002,10369.414781360001,9985.421291013334,9759.18313384,9275.34506232,9636.477134986666,10045.443388666667,10041.268016746666,10125.633276479999,9405.66131168,9333.076744,10051.249958053335,10042.287825226666,10331.542697146666,9616.52350184,9279.88481968,9795.325820453334,9237.999838053334,9482.566706346666,9063.78706,7096.693535706666,7592.758222186667,7527.601995333334,7679.456029093334,8350.351952986666,8891.455429973335,9138.255791946665,9342.914933600001,8766.328343653333,9221.666556853334,8997.927070613334,9517.11636784,9454.780549466665,9386.321516746666,9285.706092853334,9752.220602853335,10251.737540373335,9889.40992968,9767.706474373335,9315.391003440001,8713.022243626665,9146.225200186667,10262.869993306665,9967.838619253334,10382.885865546665,10060.444779813333,9767.756889546665,9071.424068666665,8575.405731306666,7521.919065653334,7726.726762533333,7600.525800560001,7729.805436453334,7715.441381680001,8220.177531306665,8327.78733928,7724.24124744,7372.0317210133335,7263.382452186666,7390.786382266667,7928.916774106667,7560.512948666666,7936.70136152,7551.817869439999,7380.218741946665,7820.40715824,7683.48352184,7056.812505866666,6704.326102533334,6536.875302373334,6798.86774168,7397.922241546667,8363.560496906666,7345.497985706666,6715.86463896,6507.579340426666,6384.58318896,6474.638092613333,6592.862110426666,6399.402979253334,6422.192295333334,6394.45087384,6119.023392186667,5991.025555626666,7155.1043348,6304.815353866666,5925.432619973333,5736.376944613333,5355.893925653333,5749.113417626667,5638.08904032,5454.330040826667,5349.239836506667,5385.0573031466665,5456.72862968,5604.22002856,6112.76202664,5304.776624186667,5472.058247946667,5462.881103626667,5528.644958266666,5419.891844906667,5598.08067104,5300.78530824,5149.280153786667,5627.6483136533325,5038.372383653333,5266.9819150133335,7124.810498,6748.902893626666,5570.80575496,5641.144251893334,5238.810706506667,4807.040687946666,5129.209269493333,4783.7051508800005,4962.520507733334,5242.737029733334,5215.625725093333,5269.958655893333,5859.390315680001,5337.123746106667,5227.668083573333,5345.733876853334,5091.102700533333,4864.536292399999,4842.733985253333,4618.4494416533325,4466.525256933333,4636.874929626667,4663.980948133333,4718.523719706667,4910.83089,4501.461319973333,4845.4905557600005,4882.048228586667,5046.590526853333,4950.3095410666665,5100.944593893333,4872.351207413333,4801.23402184,4782.009225386667,4853.234593813334,4766.096878426667,5662.70803968,4947.280995866667,5193.751477626667,5652.34232408,5366.88233136,5285.236943520001,5543.130106373333,5599.08596904,5833.532108026667,6066.31486304,6090.60662512,6115.219550346666,7213.498151066667,6560.38514984,7096.37436792,6547.124943466666,6814.966692053335,6842.022102666666,7016.228632933334,6907.297826933333,7179.862144293334,7065.380845066667,7013.93820232,7179.265645333334,9028.232937626664,8014.3941990933345,7731.61144136,7847.383950106667,7985.056152453334,8056.42903208,8355.10281432,8205.220232213334,7653.542714986666,7561.62910584,7576.4918288,7173.6089836266665,8213.502947786666,7806.892796453334,7822.644611546666,8042.82374512,7838.437753413334,7907.625513626666,8359.471686213334,8394.566019626665,8484.865743013333,8478.32184648,8656.50425448,8817.96831224,9077.76684344,9560.139483786665,9503.827194106665,9082.868769546665,8596.664278693335,8373.201983093335,8100.839346693335,8300.313725279999,8560.45558184,8273.290428026665,8572.981246773334,8540.889288800001,8944.748373040002,8473.926821333334,8548.429071946666,8755.889654453335,8171.4895817333345,8382.171734426665,8832.24203216,8444.815538426665,8133.4967921866655,8025.30634216,8073.239711439999,8524.774920693335,8685.616307280001,8163.542967013334,8365.635621893334,8456.303693333333,8316.524289866666,8664.841235786665,8614.102866133335,8731.79874432,8582.603156053334,8970.290934933335,8464.952575973335,8426.7687632,9049.055532773335,8716.062414026665,8471.63335288,8746.875643146666,8830.638347653334,8690.758460506666,8804.636392693335,9327.340534746665,9025.848176293335,8296.728459546664,8137.075720586665,8104.485746506665,8464.672514560001,8865.394585893335,8696.119290586666,8940.791401146666,9062.309526026665,9217.669012213335,9136.419050693334,8797.909709893336,9635.10329232,9305.019799493333,8895.298129546665,8962.336245946664,8834.024188613335,8984.695046719999,8684.811105333334,9087.145279333334,10196.552694933334,10101.188970879999,10123.026824933335,9700.325401653334,9258.358813280001,8902.93150888,9038.452997440001,8588.029788746666,8880.176972853335,8478.100238933333,8736.325891226665,9157.843148213335,9275.002857546666,9572.922234453335,9360.996544773334,9296.763642053334,9239.753054106664,9056.643577493334,8844.705011413334,9082.145073306665],