{"message":"Aggregated IX data for Dallas IX","data":{"nServiceId":null,"width":286,"jServiceId":null,"start":1506657900000,"end":1506743700000,"name":"Dallas IX","in_octets":[],"out_octets":[],"in_bps":[9735.597005893336,9536.129741893335,8853.419773893336,9430.58219336,10445.665091813333,9590.574784213335,9185.60382512,9555.875300213334,9075.480870933334,9096.523690773334,8704.147283600001,8352.163542986666,8200.549058933335,8407.227693893334,8277.632305306666,7827.621504426666,7366.82258376,7764.184116693334,7488.144089840001,7664.246289146667,6696.424532666666,6166.775171066666,5916.149974746666,5922.553433333334,5673.764116560001,5296.78916464,5725.421812533333,5330.281374586667,4971.972378853334,4852.197459973333,4785.1665082399995,4559.38045112,4850.850961653333,4645.837048026667,4408.163101573333,4733.293979306667,4688.966150586667,4323.682915573333,4440.671499466667,4315.697254426667,4599.171522,4619.49730192,4215.83226752,4015.9522149066665,4010.2398914933333,3522.932048986667,3106.27581896,3904.952070453333,4144.1686839466665,4380.728530506667,3954.457217226667,3506.19804008,3437.404762773333,3591.673456826667,3517.882432293333,3681.22502328,3693.0141024533327,3529.41944216,3832.13432952,4350.621355626667,3985.4701463466668,4081.347129173333,3385.086425653333,3400.130347333333,3406.48435232,3616.7706002933332,3542.573354506667,3624.13448016,3669.8560385333335,3729.1068247199996,3521.42698032,3443.4713004,3582.211707893333,3581.3590933066666,3709.060499546667,3674.012904693333,3790.8832490933332,3984.7927904266667,3698.655129173333,3850.1933202399996,4219.144520186667,3901.9834901333334,3857.752552373333,5612.046120586667,6143.018748346666,6023.696331253334,6598.268553093334,6618.845535653334,6590.908127546666,6744.594688133334,6838.607555253334,7153.147086026666,7360.157456826666,7367.964897546666,7857.703216026666,7858.943394933333,7933.667618586666,7662.5482891733345,8479.61715024,8553.09530736,8557.279767253334,9276.2040028,9545.546963706665,9451.009738159999,9747.419408959999,10110.85521848,10896.24362904,11410.830094719999,11930.586130746666,11801.566959333333,11445.290665146666,11592.545575333334,11035.79069304,9858.282013546665,11058.25646584,11387.763799600001,11756.408180453334,12588.695479493334,13073.78670784,12519.312830159999,10755.903850533336,12460.448652853334,12804.256122026665,12366.6587896,12131.907253706666,12588.885085973336,12195.72999304,12649.492887466666,10158.393776533334,11149.090731786666,11572.851355493334,10733.077146266667,10637.642351973334,12066.765047866666,12464.116111333335,12575.990311413334,12729.411713520001,10424.204886559999,11066.984033786664,12334.172602666666,12822.418989706664,10361.727123893335,11999.515678346666,13202.54896776,12776.001363573334,13203.300989946665,13568.185828613334,12260.834984853334,10903.717074133336,12290.236340773334,13104.840173573333,12914.08536096,10899.688030026664,11545.662585386666,12929.837682559999,13091.189459093333,13756.436733146666,12980.65562904,13007.673986239999,11183.526365493333,11658.39870776,12383.273471466666,12985.429378026665,11611.224636026665,11192.854324079999,12032.781138373335,13030.98678824,12837.803088213335,12472.849764293334,10709.79857552,12471.874036586667,12571.60901912,12316.871844746665,12641.470142746666,11974.700037306666,11593.459555173335,12322.288618933335,12172.692081680001,12387.848649573334,11931.79866928,11947.024776,12681.360165173333,12824.5744156,12077.948418133336,11435.474498586666,12706.175792453334,12784.561747653333,12590.520616693335,11743.270678426667,10727.493271066665,11987.105644853335,12081.752853466665,11896.257517253334,12099.85779624,12435.609456293336,12311.096093786666,11148.69805336,10773.398690906666,11304.39927136,11115.542170773335,11565.482244613335,10611.975255413334,10399.935660666666,10715.99593872,10547.931978879998,9753.130023973335,11134.3204568,10399.905259253333,10699.83788192,11010.892866266666,10561.383867306666,9354.73647176,9895.773232906666,10256.6834184,9881.38956384,8868.430496506666,9916.89121336,10009.99828944,10186.899163146665,9821.801173173335,9655.242036026664,9328.602037573333,9620.932421066665,9860.407773173334,9579.54131864,8511.677193653335,9264.27351392,9413.653814933334,9406.952047333334,7879.518837706666,8381.825827813334,8961.594416079999,9337.204354693335,8986.140159493334,8956.12698712,8277.595092346666,8898.865169146666,8619.0447236,9036.239572426666,8297.792507253334,8244.364840053335,9505.217378213336,9501.024210293335,9499.121170453334,8037.480970053334,9666.159504879999,10614.127592746667,9419.178339733333,9367.50686088,8848.774774133335,8787.932024,10093.200784906665,10062.890124053336,9084.730054906666,9772.30919,9585.50888592,9358.927278986666,8046.980793226666,9354.906097333334,9208.916592799998,9971.705843200001,8210.913349146665,8600.48981,9038.811268613335,8270.472888373333,7882.655931066666,7742.9801037866655,7041.497092853334,7555.43784248,8034.804430586665,7816.6854643199995,7704.549354479999,8317.033640239999,8478.97650248,8173.349742506665,8847.0325324,8989.142025946665,8305.45422944,8360.654088213334,8510.181399466665,7842.864559973334,8806.833319973335,8098.703132746666,7880.211235546666,8322.985529306665,7522.23539952],