{"message":"Aggregated IX data for Dallas IX","data":{"nServiceId":null,"width":287,"jServiceId":null,"start":1503144300000,"end":1503230100000,"name":"Dallas IX","in_octets":[],"out_octets":[],"in_bps":[3019.6869166399997,3191.93997144,3108.846504773333,3115.318642586667,3113.880036506667,3283.642282426667,3518.368221813333,3345.389193253333,3457.5583514133327,3591.789269706667,3558.8261766133332,3448.64872984,3810.867069146667,4004.90201352,3795.676099146667,4189.972158426666,4060.572630186667,4304.095378266667,3081.519823333333,3787.3683396533334,4427.773181013334,4300.77076568,4329.358245173333,3506.273878053333,3808.957291946667,4201.113991013333,4468.326992186667,3863.1190944533328,4464.28724768,4204.056668693333,4147.518167706667,4487.95133752,4059.804793173333,4151.733891413333,3898.102309306667,4075.5470987199997,4365.179674666667,4715.9297356533325,4710.7808274399995,4628.61895824,4983.016723786667,4428.11550384,4329.401785013333,4455.25398384,4271.141194986667,4266.622957946667,4779.3207090666665,4869.81060816,4918.681499306667,4706.1045042666665,4344.9813356,4425.784871066667,5129.917303306667,5050.46657624,4804.177076186666,4918.792401013333,5020.712715573332,5466.034492053333,5062.405495413333,4852.099789466667,4733.4041395466675,4444.140215946667,4620.952321173333,5078.318663146667,4712.144335520001,4704.132461973333,4534.357755866667,4748.0973752,4771.094448773333,4900.430625333333,4919.144859493333,5104.539486506667,5531.659930399999,4654.66519808,4697.50194712,5134.059991626667,5020.381070106667,5056.345690933334,4879.08522816,4609.250616826667,3903.660149653333,4067.536234986667,4006.7574583466667,4251.32276008,3953.6274304000003,3897.086853893333,3860.7750878666666,4457.1524124,5133.1416667466665,5726.050826426667,5727.340354453333,5798.117259786666,5957.380242986666,6175.130235279999,6268.229484213334,6218.798798853333,6346.0231562399995,6720.155497493334,7087.949376533334,6650.86968296,5206.49826392,5757.967660666667,5801.000397600001,5769.483855146666,4343.005980319999,5286.427285706667,4904.018241173333,5336.275929359999,5885.62411816,5744.609831466667,6212.627014613334,6499.190863013333,6753.844058533334,6814.5499882133345,6719.4381202133345,6938.690672426666,6449.781569093334,6078.750596106666,6181.24804168,6537.773073066666,6958.391342133335,6816.60864104,6764.510342,6483.52821936,6665.621086773333,6377.14716848,5166.363060906667,5606.237471013334,5740.976797413333,6179.15744592,6367.049080693334,6500.9328236,6691.401547173334,6569.328213626666,6629.06392072,6530.3504774133335,6570.8185708,6754.422790826666,6618.874456186666,6515.2781202666665,6696.457745386666,5565.604304266666,5663.296163013333,6283.7865034666665,6639.31292696,6860.3493943466665,6796.0333857333335,5017.444672853333,5565.435725333333,6506.078022026667,6358.923639413334,6100.457138106666,5100.516911680001,5466.86859536,6101.70239728,5954.711639573334,5032.843448933333,5007.2569948,5928.969968053334,6083.411858853334,6347.547518773334,6135.948600826666,6547.077039146667,6551.710094586666,6575.0945454933335,5282.293709733333,6199.442764453333,6452.6130169066655,6688.098849013333,6923.9837204,7170.63680536,7054.5416436000005,7122.618660453334,7058.341378426666,7421.348448293334,7320.089795813334,7176.093189226666,7329.3355212,7187.310623226666,7199.852229946666,7006.684320773334,7078.9214052,7113.402988853333,7059.094369173334,7075.857275653334,6903.301636826666,6798.764548720001,6805.331805573333,6788.809537386666,6621.862758106667,6548.42355712,6418.473399653333,6300.98185568,5695.800072666667,6376.29801008,5645.6762485866675,5458.601502586667,5394.938707253333,5408.512612933333,5663.459581093333,5674.484580826666,5652.845583253333,5445.69529728,5495.75552872,5304.471271706667,5149.185459439999,5312.858142319999,4948.8327239733335,5027.483087359999,4562.076703306668,4485.27440912,4631.270411466668,4424.58792928,4075.333562133333,5739.215371226666,6528.22958456,6381.8726750666665,4441.368173146667,3930.7145386133334,3726.165980266667,3869.820470373333,3889.845232106667,3855.9585560533333,3583.33414688,3516.593247173333,3516.593570666667,3470.133111466667,3363.54504944,3819.7706464266666,3749.226955813333,5047.20790472,5778.121367493334,5636.732355786667,5566.891792986667,5598.862396426667,5451.049440479999,5322.625500533333,5355.61323104,5367.175842693333,5166.279326826667,5250.364022053333,5265.344694346667,5329.282244266667,5008.357501253333,4858.712411146666,5246.647739386667,5181.691309973334,5407.970867466667,5303.748682026667,5204.05131312,5043.5839768000005,5108.81295632,5407.55638776,5056.089209066667,4905.816866986666,4873.126769333333,5024.15121456,4855.049308,4832.830473386667,4790.589639306668,4928.593874239999,4964.08995744,4923.58994912,4692.409347466667,4829.062102106666,4894.493517546667,4742.3794056533325,4429.934608666667,4772.5940149866665,4904.613394,4965.193266853334,5079.008872533333,4843.1454932,4848.759359866667,4814.951870026666,5024.820972693333,5262.649034826667,4878.981132373333,5053.640388853333,5130.0571674133325,5297.921332053334,5224.84253464,5386.710577866666,5080.008854586667,5126.877583359999,5083.99679848,5386.535087013333],