{"message":"Aggregated IX data for Dallas IX","data":{"nServiceId":null,"width":288,"jServiceId":null,"start":1483862700000,"end":1483948800000,"name":"Dallas IX","in_octets":[],"out_octets":[],"in_bps":[2449.961101866667,2105.5942132,2257.972509653334,2444.087197866667,2384.3083681866665,2432.0174158133336,1997.0306915466667,1435.0451798133336,1313.4865183733334,1639.14772,2051.31553744,2241.6295918133337,2018.2283325066667,1614.5654802933336,2228.53050888,2320.4213919466665,2113.26908592,2150.82354344,2193.9539827199997,2197.0429000266668,2258.78628752,2188.3245715733333,2164.3878572,2009.4115054400002,1972.80244624,1970.0612925333335,1882.0260795466666,2008.1784639466664,2040.5506958666665,2098.8719048533335,1819.68401,1632.9848328266667,1754.4084192533332,1761.6410088,1857.9973562133334,2129.4580698666664,2153.1578471466664,2157.9679679733335,1943.5732866933333,1694.4319224266665,2160.6502823466662,2091.2575999200003,1829.3439562666667,2289.9461471466666,2134.9981086133334,2035.34804024,1655.2780869333335,1559.2435505866665,1777.2059578933333,1873.6018356533334,2088.2379381866663,1904.3212605333335,1781.9773220266666,1883.68715512,2109.0906250133335,1938.8305090133335,1949.0148113866665,1711.0393625066667,1713.4698930666666,1773.9262245333337,1630.6687550666666,1770.6949135999998,1981.1554880533336,2036.1834132266665,2218.243827866667,2268.0739313866666,2315.06238656,2197.1306408533333,2059.6917350933336,2070.7901822933336,2187.5766776799996,2273.8838407733338,1985.7208754933333,2013.2619518933334,2075.1329049066667,2312.42452536,2482.20499712,2217.9288366133333,2412.353120906667,2372.946675386667,2234.7816874933333,2361.689793013333,2437.3803659466666,2323.79644456,2373.14403128,2607.5902254933335,2532.6179951999998,2304.4705353866666,2331.85350216,2382.6463405599998,2558.373031173334,2414.1140728,2575.03175104,2196.0055867466663,2486.71930904,2305.0718306933336,2340.2070868,2112.7819508533335,2066.556282026667,2449.2065372533334,2559.43117368,2622.238819466667,2442.3658328,2249.5276036533337,2135.1280513066667,1912.21084632,2047.4148058933333,2334.0842097600002,2218.9537111466666,2075.9736670666666,2344.4599092,2341.5793212800004,1864.1803571733335,2156.73721312,2174.3725656799998,2368.45378752,2146.39827464,2097.0430911466665,2131.4829016266667,2164.2901929333334,2031.9857072533334,2370.70474976,2365.1539636266666,2096.6414538933336,2204.9758952800003,2099.7331266133333,2258.267622053333,2282.5254226399998,2335.5069781866664,2153.6413905066665,2336.251833866667,2458.1958818400003,2544.501913306666,2414.2496156266666,2344.8013395733333,2535.17574264,1941.386402,2388.8168286666664,2281.65934304,2289.6613226666664,2318.01565896,2687.7946037066663,2425.64526208,2141.08075968,2276.1912932266664,2085.0164607733336,2154.0270617066662,2297.3661248266662,2171.2092954133336,2275.6913147466666,1744.67089648,2072.18864984,2376.9510615466666,2400.8710578933333,2383.6799736533335,2356.6938550933332,2300.54229936,2398.2205886933334,2414.804251546667,2085.595372266667,2071.67833536,2171.8226229066668,2173.445469893333,2317.7728275733334,2302.02628904,2232.36320088,2159.1681284,2175.6427563466664,2512.3287327466664,2254.1201927466664,2274.01503304,2186.5026732533333,2126.15712056,2097.2577571733336,2289.8382149333333,2031.8738659466665,2062.73644976,2004.3066340799999,2137.6407164266666,2288.4602611733335,2302.9813320266667,2013.4998783733336,2416.011935546667,2239.0299508533335,2228.88874744,2158.3919408266665,2041.0628021333334,2137.3099778666665,2401.22487296,2341.9764655466665,2172.8782614666666,2415.9112218933333,2265.89764928,2171.741388053333,2297.69434504,2263.80184824,2396.6188367733334,2446.44921488,2540.4319697866663,2528.4399783466665,2361.9840056,2278.8471765599998,2384.9733289333335,2447.3343772800004,2480.8679796799997,2403.2960726399997,2160.1192387733336,2409.0466123466663,2228.89562256,2305.91347184,2516.2829355999997,2596.8859068266665,2499.5482456,2545.2450427733334,2387.9205901066666,2183.54162464,2428.92075768,2010.5759058666665,2058.731355733333,2069.37386192,2278.0227057066663,2383.51823608,2268.7009256799997,2314.9423031733336,2170.5443356799997,2208.1977187466664,2101.07270456,2078.8461562933335,2062.4444234133334,1975.5573409333333,2039.8079353599999,2147.5488690399998,2183.793224506667,2163.6068222666663,2339.5902833600003,2328.11001048,2572.5680520533333,2483.24420208,2336.1238211466666,2376.5800111466665,2443.9596357600003,2444.2141087733335,2361.3818558933335,2418.5965525066667,2483.5245528266664,2405.70956368,2691.775406133333,2603.2274347199996,2498.1869851733336,2376.9555672266665,2294.68334696,2458.8979542933334,2505.4910143733337,2577.41805592,2517.8728243733335,2585.30636856,2658.24695424,2648.7693622399997,2549.182491013333,2610.020480426667,2622.95157352,2725.7933411466665,2548.3346294133335,2592.3546937333335,2703.6977637600003,2486.05820632,2501.0956752266666,2443.3546253866666,2445.10858368,2392.0817689866667,2490.1307614933335,2347.6229516533335,2229.176817173334,2209.5142621866667,2120.3102079733335,2090.4591305866666,2251.8963653333335,2060.7677340533337,1922.1977036266665,2059.39417648,1995.9877905333335,1950.9458050666667,1929.4484719466666,1843.9704008800002,1972.2334622133333,1915.25830896,1922.4385829066666,1838.98016248],