{"message":"Aggregated IX data for Dallas IX","data":{"nServiceId":null,"width":287,"jServiceId":null,"start":1494720300000,"end":1494806100000,"name":"Dallas IX","in_octets":[],"out_octets":[],"in_bps":[7214.322583466666,6769.26128064,5816.412306213334,5413.189792666667,7076.297045253334,7437.876212560001,7162.956561946666,6554.060539066667,5841.029275146667,7253.461691439999,5639.74894968,6197.499243173334,6897.64862704,5783.712816053334,5501.05134584,7568.0651218133335,7794.709874373334,7680.860513733333,7309.28408456,7765.874905173334,6682.212975013334,6140.979491466666,6410.683217733334,7352.8877288,6191.821150479999,6145.740724933334,6512.6184808533335,5903.137243866666,6075.670042346666,6405.609032586666,5617.393889626667,5621.26399736,5996.730946533334,5583.182295813333,6758.3554838400005,5844.493359653334,5495.401895013333,5826.906460853334,5925.841614213334,5705.95823368,5798.7217588,5771.75427248,6139.153778906666,5990.6024325866665,5412.06380104,5723.474871813333,6013.394134213334,5629.703510266667,5788.290400266666,5355.09145264,5538.505976613333,5337.28748128,4476.459053093333,5378.31086824,4661.515293173333,4370.793293306668,7375.33231008,7233.814092666666,7030.36073064,7186.638894613334,6979.386054506666,7041.485820666666,6914.784532613334,7010.045892666666,7067.312736506667,6994.67690248,6710.7852388,6672.117266826666,6741.729887253334,6927.856121093334,6679.931641493334,6944.844136373334,6793.394755546666,6518.0324395200005,6432.458409253334,6542.9980352,6439.020495146667,6082.66576032,4916.6804311999995,5717.97447984,5983.48850504,5921.10381408,5938.1430754133335,5550.186677093333,4390.109751386667,5593.359094613333,6274.109918506666,6221.77855496,6203.7624269866665,6084.12098496,6287.704014746666,5945.109845546666,6003.229013653334,6084.620021333334,6348.669921626666,6037.56172,6085.670563946665,6190.658624133334,5955.686002373334,6125.5493968,6238.378322426666,6208.55314696,6396.483887786666,6579.241676453334,6519.973493866666,6443.05315936,6014.352919973333,5522.1741934933325,6020.3534968,6270.343653146667,6445.319358586666,6663.511440213334,6439.035614986667,6404.684344613333,6400.280419093334,6391.399732613334,6410.997565546666,6213.81393616,6289.543553866666,5973.216044853333,5870.011612586666,5989.092681306666,5727.502578666667,5799.828968826666,6158.63728904,6151.125450266666,5964.868821893333,5843.907906053334,5792.305496346667,5663.961164,5732.841077253333,5643.9605890933335,5431.188490826667,5520.565697253333,5516.330511013333,5592.09796376,5542.858799279999,5354.844396906667,5473.691089173333,5562.6117285066675,5575.015743173333,5552.252968986667,5602.55684312,5754.272735813333,5633.44285664,5724.891740613332,5784.19949104,5746.61933144,5913.727391946666,6126.674802746666,5931.64595544,5933.44003496,6126.098911226666,6025.938842266666,5956.413988213334,6112.919937680001,5028.0506190666665,4451.6263132799995,5632.670708053333,6242.855889546666,6365.469310213334,6119.5300853866665,4554.00172688,4674.26406816,5161.878761466667,4717.618490933333,4775.167267333333,5006.162529146666,5183.13392352,5268.5168328,5276.625577173333,5013.415866266667,5033.17376928,4962.386464746667,5547.106549386667,5356.391439253333,5285.935376613333,5431.4812172,5386.751164266667,5620.407105653333,5466.608141786667,3737.404279306667,3842.025045093333,3855.927834186667,3920.891605733333,3894.00901816,3810.0254916,3992.8350914666667,3901.104415253333,3877.683502346667,3741.31477792,3608.9337546133333,3801.5434265333333,3889.191952666667,3779.3690750933333,3850.137763706667,3723.7290104266667,3742.54329992,3831.551699546667,4916.730949493332,3618.544325146667,4007.187102826667,5082.2839288800005,5566.942878666667,5583.916943226666,5575.837920479999,5303.363414213333,4412.508247653333,5995.87486648,6184.154350613334,5879.098152533334,6198.7607591999995,6400.398009253334,6086.80046784,6009.26128136,6100.60360016,6339.89328704,7173.756992533334,6387.75871,6075.60771688,7064.698176373334,7614.286173306667,7233.7873984,8115.378590346665,7381.978889653334,6578.402074106667,5852.396671626666,6022.247667226667,4590.581996826667,7178.476181866666,8252.336653466666,7378.9957489866665,7339.829045493334,7986.700897173334,8003.925462346665,7301.183691306666,6837.590355066666,7100.308950826666,6612.36485584,6064.629792613334,5726.1402648,6870.208706293334,6209.514795946666,5864.040105546666,5752.34238328,6146.57738192,6564.304614133334,5675.843371813334,5461.947643626667,5836.7135470133335,6680.170228213334,6094.479015946666,5732.767039866667,5517.9085382133335,6214.71790888,5959.940090666666,6554.665070266667,6617.379416293334,6873.207145626666,6945.596137093335,5869.486870453334,6405.882287573334,6891.233481066666,5668.597392293333,5561.86173912,6387.93711056,5553.882754266667,5748.7731181066665,6382.766227893333,6957.854452426666,6192.652925626666,6716.84116936,6288.676766906666,6642.175562186667,5577.720384293333,5219.502653066666,6171.091725626666,6269.5426123199995,6142.385673573333,5947.33986592,6223.7502556,5618.12703832,5426.55205312,5683.967828293333,6517.90450968,5173.578815520001,5650.095849413333],