{"message":"Aggregated IX data for Dallas IX","data":{"nServiceId":null,"width":287,"jServiceId":null,"start":1501243500000,"end":1501329300000,"name":"Dallas IX","in_octets":[],"out_octets":[],"in_bps":[3765.411694933333,5287.845114693333,4756.85263024,3429.8036755999997,4280.371825813333,5074.552251733334,4095.6709287199997,4522.533445333333,4953.18076744,4368.794013173333,5569.0916286933325,5569.231686319999,5729.635424053334,5201.732780853334,5864.86661,5887.387802560001,5174.7443276,5254.792964666667,5098.97351816,4844.26586424,6074.0899403466665,6014.0695428,5595.946989893333,4994.362846373333,5932.552758853333,5938.32636376,6025.752962426666,6065.913589093334,6186.244975306667,4845.66091128,5446.734675146667,6282.5332289066655,6132.743184533334,5731.705248026667,6297.7572471466665,6270.953803359999,6317.3134178400005,6434.524866933333,5071.056515013333,5834.892923946666,4802.20652088,5791.803217546666,6130.015068346666,4210.959571066667,6069.14946992,6310.02840704,5921.5885757333335,5162.041078293333,4541.049562,5036.877013733334,6169.650325226667,6129.870613573334,6103.58570064,6223.528847866666,6342.602049173334,6254.316486533334,6233.780315306666,6244.440493226666,6484.35813088,6084.461725013333,4910.30652216,6240.484523813334,6635.355799066667,6473.274075733334,6471.178339093334,6478.94788984,4915.556666266666,5749.400217173333,6347.8331719200005,6396.330963439999,6399.40069408,6445.4204499200005,6337.549847813333,6605.752487013333,6876.6901712,6511.431557546666,6346.81545688,6524.519123653334,6359.15571,4504.419222826667,5832.57013928,6241.136871893334,6228.5486262133345,6054.10795344,5487.633431493333,4939.777973813333,4803.761316826667,5655.2450588266665,5434.935106213333,5228.667511706667,5490.479499066667,6296.69739688,4539.94568032,4458.6943542399995,5200.02665448,4656.980318,4564.01509288,6222.972039066666,6373.41259448,6295.341334693334,6551.81471264,6490.9035972,6666.864990586666,6284.26361648,6590.647484,5551.600279786667,5693.86397408,4228.46764992,5575.605368053333,6214.8271775466665,5761.602364373333,6176.408434586666,4796.52953432,3441.725025413333,4792.295219600001,4941.826171706667,3748.126990586667,5224.531736453333,3525.14626008,4018.950371733333,4189.905495493334,5062.336494266667,5200.647918293333,5073.475894986666,3741.7034005066666,4801.7163520799995,5521.175910666667,4316.94067272,5931.220059626666,5134.360010533333,4248.6007628,3833.016669546667,4732.628214186667,5824.061926266666,3905.2897846133333,3668.396907333333,5550.471258346667,5511.301827173334,5787.875606933333,5968.335060213334,5841.0227503999995,4645.38210312,3540.167850106667,4365.084932986667,4504.439967386667,4026.9557620533333,3815.16884264,4777.963596853334,5977.784732133334,5906.292288186666,4821.686917520001,4631.212053013333,5835.497906666666,5042.412060506667,4074.45614488,4258.824958533333,5561.9456907466665,5663.6533588,5542.33459304,4796.82264064,4474.39722272,4039.871290533333,5675.80919592,5747.673071626667,5681.867426986667,5428.930794399999,5711.068276,4450.4685272,4758.698935439999,4239.56383096,5148.841121893333,5976.072711973334,6090.506404826666,5502.64720696,4848.33181592,4374.543922773333,4447.464611253333,4651.189826186666,4623.482341546667,5134.478586426667,5626.02320376,4674.864065973334,5967.31436552,5040.150762640001,5228.52089616,4188.1217193600005,4290.871314213333,4390.49659928,4478.2832964,4359.301041493333,4487.1523930133335,4525.146484106666,4461.434235386667,4232.948253146667,4316.150216,4389.8332224,4385.56900312,4165.13358672,4252.52885808,4167.874349973333,4102.378121653333,4217.562265893333,4079.804123546667,3948.641492426667,4256.394667253333,3974.122082933333,4002.231128266667,3947.357369973333,3823.60377608,3897.756298613333,3825.5144389333327,3792.67391432,3815.1681587733333,3707.177365973333,3735.28249,3784.855549093333,4451.967170399999,4487.317852586667,4439.672865173333,4404.015872666667,4445.351066666667,4632.507973653333,4506.008289893333,4303.747598133333,4307.463366,4328.016843146666,4060.684575653333,4081.534414,4117.091571546667,4009.28477832,4074.9788308800003,3983.6451567199997,3829.297432826667,3896.07802056,3701.4194945599997,3659.733347546667,3645.257596746667,3576.3537845333335,3431.3576811733333,3474.951101493333,3664.0522351199998,3641.30519648,3634.2234658666666,3604.59443056,3724.708644693333,3704.9367803466666,3655.6415105066667,3653.645255973333,3585.912868186667,3561.2583127733333,3663.913017306667,3451.102235066667,3510.13442072,3428.81085832,3485.5856772800003,3439.064270933333,3446.31711392,3290.5741594666665,3409.2939154933333,3405.443944213333,3360.522916186667,3513.0137544,3286.313839013333,3199.27651648,3466.610890346667,3371.6658145066667,3314.3875662399996,3308.202690666667,3174.417027306667,3202.444537866667,3458.673927066667,3631.798382053333,3484.397211413333,3387.04420904,3458.238884133333,3325.5945510133333,4597.539283253333,4769.693059866667,3373.020524266667,3423.570583253333,3419.4375852,3307.6961430133333,3229.5032112,3211.0206314666666,3384.779530133333,3408.0781193333332,3370.891973813333],