{"message":"Aggregated IX data for Dallas IX","data":{"nServiceId":null,"width":275,"jServiceId":null,"start":1482246300000,"end":1482328500000,"name":"Dallas IX","in_octets":[],"out_octets":[],"in_bps":[3055.9130407733333,3047.5436297600004,2923.4940895199998,3526.1691289066666,3587.0774406933333,3023.5820364,3263.160153146667,3338.465459413333,3524.7365714933335,3325.7932545333333,3332.751484026667,3148.42181712,3064.071210186667,3242.7767679466665,3329.236321706667,3191.7637220799998,3209.396442266667,3258.33330992,3339.6121514933334,3246.398421173333,3144.24138144,3066.41132712,3083.050096106667,3091.77980248,3221.51797704,3382.2932855733334,3413.522123706667,3386.798979173333,3377.90986608,3409.81381896,3591.8147340266673,3501.7752202399997,3376.3793264,3311.402343413333,3126.371784186667,3101.46844392,3275.827759306667,3361.7743145333334,3337.10977152,2793.9961687466666,2730.9021085599998,2656.45165216,2746.6808826133333,2446.8798759733336,2299.5156352266663,2709.006172053333,2763.2262062933337,2560.721778826666,2510.6556150666665,2581.944558986667,2753.7014636,2840.3482238133333,2796.6837380266666,2439.9343020799997,2567.53127152,2557.1451296799996,2543.960437866667,2610.0953556,2972.044020853333,2921.13999576,2624.645188613333,2811.5153474133335,3265.02629448,2992.965914773333,2762.5026175466664,2707.838740986667,2706.399344133333,2847.226104906667,3011.441305173333,2802.3023044,2768.7578508533334,3087.112186586667,2921.366247813333,2968.766341493333,2831.5483046933336,3204.531840186667,3184.7253511199997,3332.340754906667,3133.745091653333,3273.446129093333,3315.137715973333,3072.7669701333334,3563.60658816,3198.198051733333,3380.55144368,3485.664447813333,3335.14945104,3155.523879386667,3141.8852218666666,3279.5885807199998,3039.9434401333333,3266.364824773333,3272.94889944,3265.2026409066666,3000.148344426667,3079.3548094666667,3037.271476346667,3513.7944758400004,2729.0015077866665,2555.73084104,2605.0980736799997,2787.5640428533334,2950.416986026667,2826.78027208,2845.452196986667,3321.385742693333,3146.353025706667,3066.157234453333,3074.433692773333,3098.9880536799997,2898.4078372,2879.5412854933334,2926.720825306667,2982.33319944,2938.9311535466672,2981.29731992,2858.1704575999997,2693.4458108533336,2939.49186384,2968.421775386667,3187.13028312,3034.921545893333,2858.08789368,2775.917501066667,2851.3297278933333,2995.1755297600002,2932.2022635999997,3256.3748879466666,3089.6028654666666,3200.327566186667,3141.96581344,3010.1371048,2753.7373554933333,2801.3656608266665,3077.289886666667,2906.2199195733333,2940.8871266399997,3054.4241949333327,3094.007096186667,2978.47013704,3082.92943176,2954.223414933333,3091.70126464,2841.1852381599997,3016.220740346667,3056.0256514666667,3162.304933813333,3065.657257813333,3029.824773653333,3052.4303045866673,3070.71935344,2797.9961668,2886.210293706667,2950.0621585599997,2898.9623062399996,2995.3586285066667,2841.8200529066667,2783.1620877600003,2970.541967813333,2895.348561786667,2929.0217010933334,2915.6932314933333,3566.375288106667,3117.0915682399996,2505.4984244266666,2623.6344290133334,3083.650652853333,2901.4108751199997,2965.62296296,2950.5130964533328,3141.768439146667,3122.4353894666665,3378.6688840799998,3423.120881146667,3316.03727416,3416.26690144,3095.3404471999997,3341.245318373333,2882.2488944266665,3320.642849173333,3188.458539893333,3249.764125146667,3043.3376924533327,3300.25495392,3233.1241038666667,3404.401019626667,3195.645076773333,3111.311502186667,2950.0211106133333,2961.909347066667,2707.7789881066665,2969.5901309066667,2892.00469384,2883.1872408000004,2872.2865217066665,2812.6427906933336,2915.385676213333,2787.9112749066667,2745.568513413333,2464.5204042666664,2764.8454482666666,2393.043584213334,2423.2581522133337,2242.1372767733337,2836.22672656,2584.4534439733334,2882.602540746667,2277.7402410666664,2418.3207154133333,2089.4870930666666,2110.7773310666666,2431.4399421333333,2152.49882888,2258.8675442933336,2309.214558426667,2066.4448039466665,2016.2644408533336,2292.86158,2081.67068504,2164.017620266666,2100.6483586666664,1827.1069989866664,2053.9149199466665,2176.6472680266666,2124.6907297333332,2153.5263233333335,2188.05969448,2226.04423664,2093.49399144,1929.96280368,2116.4050488266666,1964.1793197866666,1839.0704656266666,1917.4642404266665,1983.34258168,2101.41605256,2060.8655794133333,2089.87956976,1940.84410248,2205.9108571733336,2035.1100462933334,2404.103754133333,2270.866186933333,2223.5656451199998,2118.72080992,2415.284565093333,2272.1752737866664,2224.6730726399996,2400.3719530666667,2286.0941951199998,2075.4420151199997,2161.8957059733334,2161.8567443466663,2132.1850568533337,2285.96118056,2249.4320235466666,2211.34608952,2396.6357619200003,2138.55455312,2256.6108172,2359.4643082933335,2246.234254053333,2401.9297894133333,2407.2046412266664,2531.525310533333,2670.0903108800003,2575.6499514666666,2489.8353852266664,2454.0262281866667,2498.0457150666666,2255.626547386667,2631.27211288,2520.27003848,2804.0467337333334,2545.7682771466666],