{"message":"Aggregated IX data for Dallas IX","data":{"nServiceId":null,"width":223,"jServiceId":null,"start":1475868300000,"end":1475934900000,"name":"Dallas IX","in_octets":[],"out_octets":[],"in_bps":[1908.6938164266664,2058.3859323733336,1692.52180752,1987.8803897066664,2008.4444394666664,2136.253594266667,1919.5535621066665,2070.288422453333,2016.2093501866666,1820.59789776,1869.2060510933334,2062.1883969866662,1881.4905337066664,1984.2599875733335,2051.9487966666666,1954.5240840266667,2074.2989416266664,1988.8411403733335,1974.7400930666665,2196.8266314933335,2073.8368007733334,1988.3100174400001,1987.8489253333335,2016.1658595733336,2140.4711472266663,1917.36969928,2064.9172965333337,2033.8464669866664,1843.3229032000002,1815.3725784266665,1995.2016310933334,1995.8155061066666,2007.5986944266665,2082.2919238933337,1812.4967506666665,1825.2514217066664,2011.7383807733336,1799.2728934133333,2010.3058950933334,2072.05646592,2064.6459351733333,2062.8688562933335,1916.3288007733336,1788.3827952266665,1659.9820829333335,2121.0879424266664,1972.2596052533333,1982.06301504,1998.7973809333334,1883.5785012000001,2081.6602920533337,2009.8571558666665,1780.5980509866665,1927.1890551466665,1962.31189856,1795.9252981066666,2072.9734144533336,1992.7784991199999,2073.85323584,2230.2546418933334,2269.8194961066665,1938.3426041333335,2098.0981062133333,1901.9809739733334,2082.4119471199997,2051.8606858666667,2145.9938558666668,2160.0960938400003,1957.6479091466665,2044.9435484800001,1967.3309473866666,2002.5250108,1986.7082981333335,2017.2269058933334,2249.1675156799997,2008.5768054933333,2339.7338211466667,2318.0393020799997,2303.5449819200003,2094.5728928533335,2335.7474021333333,2274.4900933866666,2249.9402378933332,2165.5073308266665,2239.7484317333337,2353.4147656,2105.0712543199998,2358.64721584,2125.2026709066663,2387.7458766933337,2149.7826822933334,2180.253873466667,2504.43720312,2346.9160415466667,2558.9178432,2331.6786283733336,2355.3224832266665,2493.9479568266665,2320.4173033066663,2366.0443299733333,2152.88728432,1841.6823414666665,2417.6783322933334,1986.6262187733334,2229.6654348533334,1946.1889378399999,2125.2739261333336,2162.06083104,2032.917874,1841.4447009333335,1856.3495799466664,1881.32307072,1748.2706206666664,1761.31726952,2272.8309450133333,2274.490659733334,2069.0131109066665,1854.1574549866664,1845.6397370133336,1720.6599753599999,1730.6597886133334,2013.25425528,1758.5576898666666,2000.2316234666664,1985.5160101333333,1855.48944984,1704.30719144,1951.67166728,1674.3165055733334,1715.0413865599999,1835.015002,1942.7345121066667,1910.3981530933336,1790.7059404000001,1967.5683873066666,2047.29939576,1725.3476933333334,1950.1186739466664,1554.6428166933333,1641.32291288,1743.7347388266667,1867.73149576,1788.6175750933335,1546.83319272,1716.9009908,1629.6619431733334,1404.0834737866667,1503.3659082666666,1632.5518550666666,1355.3358454666666,1422.51826088,1577.14736968,1688.3486014933333,1846.9849250933335,1700.25318856,1446.07426616,1574.3904328533336,1753.4932763466666,1569.77650256,1454.14358296,1827.8655305066666,1767.9115066666666,1681.64405232,1675.4259055733335,1933.5076459733334,1712.1893092,1595.0947364533333,1697.9096629066664,1780.5056110933335,1471.3401509866665,1748.7512040266665,1959.4900367733335,2047.8203476533333,1757.7048908800002,1937.90494824,1660.6400882133335,1794.68362904,1539.4868386933333,1783.8346306400001,1574.9648902933336,1724.4184697333333,1844.8214283733334,1978.26200416,1648.6004059466666,1933.70403848,1559.52004368,1542.5861167733335,1478.57910872,1636.2943100533334,1779.6525022133333,1917.2318870666666,1635.8972333866666,1788.4161364533334,1731.37420632,1647.34938904,1854.0421841333334,1738.2772652533333,1619.0282555466665,1845.6084282933334,1785.70836344,1699.5048930666667,1725.3031758133336,1872.8848714666665,1831.7455779466666,2114.6656835733334,2090.9719221600003,1879.7621801866665,1991.0208167466667,1842.8651661600002,2222.5834391999997,2036.3888293066666,2117.2157362933335,1995.81326904,1794.9417626666666,1788.9243494933332,1922.81538824,2183.48644616,2156.36908248,1870.6829850666666,2072.0572681333333,2131.0091939733334,2047.53137552,2210.5435971733336],