{"message":"Aggregated IX data for Dallas IX","data":{"nServiceId":null,"width":263,"jServiceId":null,"start":1500480300000,"end":1500558900000,"name":"Dallas IX","in_octets":[],"out_octets":[],"in_bps":[3647.195249333333,4389.12374424,3819.6847878666667,4065.101534346667,4354.555371706667,3609.592294373333,3766.15556744,4128.638556,4278.42594792,4041.159770186667,4364.699904640001,4221.161642373333,4344.9101414666675,3803.076361733333,4836.8100011199995,5705.114969946667,4501.58327,3877.286772346667,3902.15125256,3836.740751413333,3835.748474533333,4214.85561384,4629.115084506667,3829.589364186667,4041.232320373333,4324.876570586667,4000.789594693333,4181.126177173333,4204.675419813333,4340.431031733334,4166.871775733333,5270.626838213333,4139.729107306667,4296.68463264,5965.3934091733345,5855.473166613334,5966.763611866666,5979.446188906666,5848.535107066667,5858.024769946665,5288.700207333333,4974.8197468533335,5946.976089386666,5719.224286186666,5842.815824586666,4925.44507904,6022.9194654933335,6057.219693520001,4433.98561944,5497.780876853333,4704.020973733333,4416.5303910933335,3685.138862666667,4764.391799146667,5788.8189009066655,3936.631113653333,3964.919072666667,4074.941630453333,4082.1071533866666,4040.883706426667,3974.95042952,3942.760832053333,4042.23565424,4664.2113994933325,3765.7645879733327,3899.0820164266665,4039.54994016,4832.716878133333,3864.446187493333,4437.4656052,4485.956327733334,4859.865386053333,4051.70812008,4220.9503794133325,4952.2639233066675,4939.070805493333,4615.470764053333,4853.29545528,6873.30559256,6108.744885786666,6004.465831893333,6170.624684613334,5858.473033893333,5962.810908186667,6122.98154888,6117.27939184,5458.824052479999,4434.0620072,5236.162271146666,4063.7572053866666,4584.311338426667,4787.316163813333,4842.411954053333,4100.180200106667,6261.266964373334,5954.211964133334,5744.122561813334,5190.272042933333,5082.479531413333,5986.117537466666,6184.933259493334,6737.735872026667,6617.883576346666,4659.113948906666,6416.5290669333335,5654.2663643999995,5859.147907760001,4477.37762688,4095.98919752,3911.102974933333,3820.421926933333,3840.784812773333,4024.248082586667,3910.7057799466666,4169.26354616,3959.7206075733334,4209.533934133333,4883.418388746667,4485.767459093333,4207.875602346667,4282.736055946667,4169.88450808,4401.37854016,4576.378593466668,4595.020593733334,4954.397837173333,4301.757137226667,4981.153854986666,5209.891341680001,4536.89179144,5041.301027760001,4935.886654506668,5057.77102264,4635.293711013333,4939.065103306667,5845.593814933333,5734.664033146667,6002.553072346666,6173.522633279999,6557.8620066133335,7011.383243306666,6906.389924346667,6146.944321066667,7080.487484106667,7194.79529128,6136.085555093334,7768.713060986666,7559.14514696,7897.9494280533345,7576.7330354666665,7323.333304613334,6430.938703546666,6481.692752373334,6326.856050266666,6488.123487600001,7136.99056184,6321.68280848,5478.8971027200005,4760.766230933334,4903.835936933333,5514.920015093333,6906.801488986666,6804.600266426666,4363.70125472,3958.52518608,3849.343610346667,3800.841945946667,3945.71967704,3819.537971173333,3681.875173546667,3917.4398430133333,3577.99320688,3452.95805208,3731.137715413333,3752.0736862666668,4997.75928696,4617.72145384,4602.488278293333,4082.97927992,3533.680764346667,3472.071481786667,3478.528485946667,3201.116294,3392.245289306667,2983.94088632,3078.233797306667,3130.303252026667,3143.38166984,3024.755946586667,3297.11189088,2937.75254432,2857.0022479466666,3035.036974,2916.940259626667,3161.0763129066668,2964.546468293333,2796.6192157600003,2857.53555272,2642.3193573333333,2710.5118424533334,2865.8212629866666,2837.7509303733336,2744.8347877866663,2636.2794122399996,2827.26913768,2912.388890133333,2660.4830167466666,2529.590286986667,2151.0896517600004,2302.7583883733337,2481.740833386667,2179.28273184,2411.7171738133334,2511.0357708533334,29.90734154666667,53.256271520000006,2567.5982386666665,3026.496494453333,2655.5455571466664,2581.829197013333,2562.979033173334,2721.19022656,2679.7035315999997,2525.291360906667,2557.3901025866667,2627.01937848,2686.0081963733332,2663.23979616,3240.43057608,3165.179119786667,4302.301194933333,3276.023174453333,2582.99054872,2741.5322650133335,2755.4764770399997,2646.9019698133334,2676.82482904,2768.6986194933334,2497.02385608,2780.287074,3244.40008568,3965.139054853333,2923.005830586667,2976.909661066667,2861.1933089333334,4081.742423626667,4606.30820816,3774.979165813333,4342.63099504,3620.798313386667,4128.6774171199995,4339.482672586667,3809.722076186667,5023.600944186666,5067.472073813334,4962.529131466667,5023.750377973333,5085.035536293333,5425.497992186666,5885.4629583999995,5641.400432933334,5840.6609032,6041.462845146667],