{"message":"Aggregated IX data for Dallas IX","data":{"nServiceId":null,"width":287,"jServiceId":null,"start":1486785900000,"end":1486871700000,"name":"Dallas IX","in_octets":[],"out_octets":[],"in_bps":[3402.81340704,3394.2950679200003,3341.9455797600003,3416.72851456,3423.050031173333,3370.326553786667,3323.479785253333,3515.6802449066668,3642.468418453333,3489.06275992,3391.6449669866665,3498.354984213333,3524.174955253333,3505.708468186667,3531.588016773333,3385.295652026667,3323.3184814666665,3389.066015786667,3412.745941946667,3286.8655977333333,3329.4143979466667,3376.436308186667,3394.04987432,3420.79627504,3432.7518147466667,3272.0601133866667,2968.736605493333,3190.949368933333,3051.0163830933334,3064.437505333333,3060.4417813866667,3006.3884285333334,2969.799936053333,2809.9554900266667,2843.96749552,2746.37832264,2881.9580664533332,2833.33419152,2716.4021104533335,2534.557199386667,2725.0955107199998,2636.77566816,2602.10541288,2440.0452207733338,2403.0417408000003,2158.2017932266663,2108.2102916,2203.47370952,2168.4224943466666,2440.1885084,2279.031122133333,2198.0876451199997,2416.8275377066666,2337.9988560533334,2408.4653549333334,2299.4757405066666,2219.8695596266666,2144.7173654933335,2227.0153609333333,2210.2161072266663,2168.1826750933333,2085.6868805066665,2008.0604468,1882.06492528,2040.54973744,1997.4152368266666,2039.1175874666665,1912.4574809333335,2052.2656008266667,1893.3774553599999,2014.00710648,1929.5311021066666,1810.49524632,1675.23542848,1793.2358206933334,1874.2537304,1807.6103974933333,1819.4866094400002,1797.9117501866665,1719.2526252,1732.5195182133334,1705.1209732533334,1879.8023590666667,1786.1207310133336,1828.0403033066666,1729.01443112,1592.7434236,1716.43177128,1675.9740848,1783.6459671733335,1752.6605306400002,1776.9660471733334,1740.6090977333333,1759.1243270933335,1899.5382076533335,1915.1892492,2076.06059056,1816.8589220533336,2046.1658481333334,2023.57741,1855.7133128,1798.6275017866667,1751.8899235733336,1724.4751245333334,1823.94040712,1909.64234584,1794.8265465866666,1972.6359758933334,2016.0902786666666,2092.3433918666665,2024.8378055466667,2078.2330203466668,1936.5703638933335,2187.9986405866666,2160.323934613333,2095.6531662133334,2280.087082506667,2433.5664429866665,2534.0962346399997,2428.9866943466664,2366.97825584,2494.4425158933336,2590.328865253334,2653.719752533333,2502.7828188000003,2608.1174872266665,2726.6512267199996,2732.1957852266664,2712.5212856266667,2736.0222856,2765.9562261866663,2685.2522963733336,2796.0513567733337,2829.7725815733334,2752.3117937600005,2839.2838050933333,2767.8168857066667,3025.2136676533332,2917.6377574933335,2796.5764984533334,2811.6323148533334,2874.6711086933337,2966.611422,3102.194648773333,3116.3271981599996,3409.9195118666667,3170.91580688,3467.6216776533333,3248.9700234666666,3415.58498808,3434.4748899733327,3244.4099524000003,3299.17881472,3456.8050529333327,3490.9587133600003,3434.407003626667,3365.150519226667,3269.744412586667,3103.8213532,3288.853498186667,3307.295481493333,3353.2198745333335,3511.560534213333,3409.110126293333,3079.1716825333333,3190.082694426667,3195.103164746667,3215.358442773333,3377.18301104,2988.8360577333333,2882.96507728,3048.825452853333,2977.93636456,3104.55503888,2892.558638613333,2938.717767626667,3052.06557744,3051.873517893333,2996.243209733333,3130.788303253333,3046.7755678400003,2975.791270853333,3177.36381456,3221.3504970666672,3211.2604671999998,2938.9354319466665,3046.167818453333,3012.8648285599998,3262.396436,2975.5027764266665,3276.794744613333,3086.089072133333,3093.421219893333,3003.756309066667,2925.1913365066666,3119.1655154933333,3150.914380346667,3128.48878576,3149.680555146667,3031.041985893333,3326.124795706667,2987.025723733333,3201.378138106667,3278.67775408,3193.9347956533334,3175.9450099200003,3027.759513226667,3343.734644773333,3259.43312728,3418.716555546667,3314.82748992,3344.285235946667,3450.139792666667,3142.877178773333,3147.509205386667,3315.514439253333,3242.70255792,3200.99769456,3209.98730008,3146.98353176,3133.586401226667,3049.463391653333,3155.6281932800002,3251.6405467199997,3015.9879091999996,3293.01462944,3176.57085536,3239.49600392,3437.6453937600004,3085.72864448,3071.121817386667,3069.32900456,3262.478270106667,3028.800901893333,3207.362653066667,2922.8933907466667,2843.5217560533333,3204.320982906667,3265.2655701333333,3492.0729359733327,3507.011406746667,3293.852097546667,3393.80477016,3392.07361656,3484.1013769066667,3355.887739146667,3406.74428432,3438.5941585066666,3566.9127165066666,3542.732280373333,3510.974302933333,3625.37914616,3640.9783745066666,3572.2503392800004,3593.768801146667,3612.722451546667,3411.3000171199997,3533.724821893333,3498.2471389333327,3375.735015866667,3664.25019728,3288.0194729066666,3449.32277352,3536.57283584,3543.3663633066667,3445.094391226667,3390.42370544,3536.992731546667,3430.956996693333,3366.167842346667,3661.214479653333,3533.843693413333,3515.179307546667,3491.698203573333,3336.836878026667,3412.0971856533333,3394.89056776,3498.518311626667,3786.391176373333,3837.882258373333,3854.050642986667,3952.31067376,4025.559109626667,3868.7499079466666,4040.3979727466667,3950.7076064266666,3899.1296930133335],