{"message":"Aggregated IX data for Dallas IX","data":{"nServiceId":null,"width":214,"jServiceId":null,"start":1495051500000,"end":1495115400000,"name":"Dallas IX","in_octets":[],"out_octets":[],"in_bps":[5549.191647653332,5323.276331733334,5722.53401984,4892.47981472,5006.815860266666,5034.303303066667,5289.132807626667,5704.264139173333,5650.56791856,6251.558821626666,5930.2971692266665,6160.643985253334,7071.403337973334,5506.470066,5463.659978453333,6165.657882346666,6198.148687866666,6046.324844586666,6929.846590346667,5682.36742984,5695.1155897866665,6646.31322104,5915.307705573334,5762.057959680001,6569.958217386667,5984.365965013333,6158.089321093335,7480.860776906666,7640.236759413334,6392.469056586666,5561.530802053333,5151.828307013333,4986.809144826667,4974.351102,5054.358746746667,5561.197014826666,5391.319598720001,5404.608266933334,5460.37896416,5622.2209201333335,5551.363690986666,5621.25420776,5932.175573573334,6229.244795359999,6798.670683573334,5928.261992613334,6743.8048352,5712.132388800001,6023.358017306667,5957.871271946666,6405.152467253334,6461.036613493334,6289.796487359999,6101.650514773333,6287.667275093334,6006.1293514399995,6712.38005112,6463.71139032,6567.00151232,5768.717179866666,5974.289110479999,5330.51940488,5794.880024666666,6257.399046666666,5687.61710928,6011.609964586666,6334.860468986667,6027.811070479999,6163.09653312,6157.4221500799995,6251.120537546666,6198.504795520001,5661.131125600001,5252.756230853333,5382.77699976,5437.178917413333,5159.34216408,5322.904851733334,5263.43560704,5263.149242773334,5351.839616933334,5174.0163204,4146.152538533333,3917.51433704,4188.08893704,4272.50655592,4276.504300986667,4234.645733413333,4215.4230236,4183.1950776,4274.316372053333,4062.771591253333,3936.343615386667,3965.016798853333,3884.5506890933334,3860.3895806933333,3836.4104299466667,3799.775714186667,3748.1857294666665,3691.122350106667,3591.0455911199997,3654.2198015999998,3688.639628586667,3684.49504016,3524.5889752,3544.29006952,3450.0411045333335,3416.6419284,3562.840504906667,3609.7493652,3310.988677066667,3326.0064339200003,3281.1083923200003,3289.5630272,4001.205639413333,4949.872968773334,4280.2401911199995,4144.306111146667,4897.743140426667,6099.538169359999,6077.6922036000005,5925.118897786666,5962.70101128,5844.610046453334,5912.315491573334,5927.001191813333,5838.824422853333,5664.5929523466675,5754.545665546667,5631.889414453333,5646.557479626667,5654.15241776,5872.7356716,5672.4823654933325,5700.6828583999995,5720.113667413333,5392.175002106666,5739.121883733334,6126.229957466666,5861.389910986667,5751.277888613333,5862.879526933333,5842.55421352,5786.768804186667,5790.485768266666,5704.218889813334,5624.200633413333,5578.244653146667,5706.416541813333,5618.652002426667,5615.983670613333,5667.549579013334,5498.926840186667,5579.333020533333,5515.283709493333,5568.03075232,5484.744122186667,5416.26796568,5450.020887733333,5492.58154184,5587.453714133333,5329.1619632,5364.801829813334,5359.5863087200005,5431.054451173333,5188.72372864,5230.70883232,5167.583607306668,5424.257680373333,5377.939208,5382.425624053333,5257.012836026666,5160.815666186667,5315.885151359999,4284.16198904,3268.171272666667,4719.375957893333,5453.801770666667,5523.863474426667,5491.576464026667,4456.985375066666,3389.7797682399996,4387.518009546667,3821.4487855466673,3447.513530026667,3428.00758544,3607.1958111733334,3740.1405503200003,3578.734683813333,3572.1331248,3649.657414373333,3588.281097413333,3663.680595866667,3856.999701066667,3772.0360756,3729.455376826667,3832.430034666667,3667.7553774666667,3909.399148613333,3984.478208933333,4366.0800968,4029.232100186667,4085.93620928,4621.8184108000005,4304.57906272,4476.79273784,4434.847487013333,4719.56787504,5581.3679213333335,4988.969147066667,4011.7655530933334,3632.831857893333,4680.82359608,4759.504068586667],"out_bps":[5300.22272288,5729.8447236266675,4931.1942900799995,4986.324654266667,5075.706594746667,5277.512569013334,5688.634533173333,5659.140260293333,6264.761112133334,5940.671740293334,6190.080164133334,7029.3117252,5527.805542720001,5451.0521004266675,6171.6815180799995,6254.714208293334,6069.132388346667,6901.927423546666,5660.225521333333,5756.3580006133325,6650.04046408,5902.956583466666,5759.2731321599995,6571.00475896,6033.98972568,6157.123835973333,7459.468376506667,7641.5241808266655,6443.950201493334,5502.931087253333,5183.495277706667,4990.036288640001,5008.349482693333,5021.5883736000005,5593.5652490933335,5382.3325661066665,5388.3951598133335,5486.99625264,5605.94051872,5564.940506826667,5634.701617680001,5928.287084026667,6192.752058026666,6790.1796661866665,5970.094202826666,6733.788757333334,5776.467307946666,6023.45415392,5977.336002986666,6396.7582950666665,6426.669185573333,6302.925191626666,6089.0757586400005,6271.314487786666,6034.462780986667,6663.454820533334,6509.340319013333,6560.311259546666,5751.963449306667,5948.777735093334,5380.590533786667,5755.1000059200005,6285.562608933334,5661.804515626667,6009.351190106667,6363.65962456,6002.5572523733335,6147.0699027733335,6179.527717866666,6230.696984906665,6220.512061866666,5631.881467413333,5290.446785786667,5356.766599386668,5427.7786598933335,5213.6766184,5292.98022824,5280.7726330666665,5291.7388039200005,5339.379246586667,5189.287740533333,4080.711657066667,3954.5211568,4161.14825552,4265.133925013333,4267.771760773333,4235.69659304,4222.777884213333,4145.204169626667,4334.716323786667,4039.57242432,3957.464271093333,4005.804714853333,3907.654447893333,3839.268071893333,3860.29735552,3787.89360416,3789.117043413333,3674.6268334933334,3585.896115253333,3671.63506232,3691.096299253333,3670.32364984,3554.53039488,3550.1633005066665,3452.610056373333,3418.145321973333,3589.176242373333,3601.539710666667,3312.5811872,3324.05863136,3321.244006586667,3303.1630690933334,3995.650515413333,4933.537196560001,4275.940351386666,4158.04412824,4984.1579484799995,6104.327401333334,6041.819102293334,5930.550755626666,5974.118627733334,5843.374039626666,5963.066273573334,5897.48009336,5827.478822720001,5725.635858479999,5740.527126693332,5608.398847333333,5656.444993893333,5683.835509493333,5897.130038613333,5672.91377912,5662.38326416,5800.409294746666,5336.799405226667,5787.394815653333,6127.9046052799995,5822.162519093335,5791.080860746666,5885.908967893333,5861.46573584,5783.873336613334,5830.5063456533335,5725.752730586667,5595.630882453333,5616.606777333333,5704.630856693333,5625.977568613333,5601.223080773333,5656.627740319999,5456.032245146666,5601.672962773334,5509.987149253333,5584.595503493333,5447.315767893333,5413.851543546667,5435.048987066667,5471.729787866667,5617.999213413333,5291.738852346667,5333.970194773334,5355.71473688,5423.785525866667,5179.60116376,5215.159152,5163.115255520001,5402.04310752,5342.422894293333,5353.334408933333,5267.922860026667,5147.932928986666,5281.8688477333335,4313.12066936,3251.292308853333,4746.5838066666665,5450.348461866667,5512.778914053333,5448.700179146666,4444.911065386667,3350.955552346667,4385.281030533333,3790.390234,3437.1405362133332,3432.459142853333,3609.24633376,3707.8956268800002,3551.86103408,3559.05333544,3613.092591626667,3579.857959973333,3655.083190346667,3856.550663066667,3749.6578285066666,3720.92121848,3762.7041743466666,3668.2934227466667,3879.3041532800003,3962.151514,4342.715013466667,4018.917893786667,4060.843137786667,4625.733228693332,4331.415913520001,4456.5886234399995,4421.97106424,4704.363763066666,5589.5726038933335,4969.97438776,3985.2560370133333,3662.407854533333,4696.75116288,4754.777162773334,4564.615488986667],"in_packets":[],"out_packets":[],"in_errors":[],"out_errors":[]}}