{"message":"Aggregated IX data for Dallas IX","data":{"nServiceId":null,"width":286,"jServiceId":null,"start":1510460100000,"end":1510545900000,"name":"Dallas IX","in_octets":[],"out_octets":[],"in_bps":[10603.573892266666,10905.378453120002,11352.066173013334,11315.291118026666,10921.41381248,11531.66548864,11764.804521546665,11869.437311893334,11627.920885333335,11296.759367813334,11710.090022533335,10848.631717173334,10390.550891146666,11297.657786773334,11388.461793093335,11266.749678986665,11054.047676053335,10718.995933546665,9996.85517384,10400.599250533334,9892.44442632,9671.216346693334,10237.514856213334,10651.545279200001,10528.286184426666,10572.798833973335,10015.751924026665,9880.263984213336,9967.33366696,10084.64904016,9565.669821520001,9509.742902346667,9103.174156719999,8415.10288152,8483.703922666666,8228.710329466665,8352.849547493335,8434.706078613335,8478.855492106666,7859.6762444,8270.288401386666,7792.3428464,7921.693243893334,8158.179298186666,7870.27466304,8180.837787066665,8931.97477488,8776.418668373335,7407.464222613334,7389.041662186666,7001.249391973333,6889.036916720001,6592.540557253334,6776.9893392799995,6439.733438453334,6528.98825984,6357.115526853334,5896.738102640001,5815.703441680001,5507.54914632,6183.49854976,6186.90047568,5881.598276133334,5690.392941173333,5356.402741093333,5622.91559,5454.346133093333,5528.095752106667,5584.948395146666,5246.231254133333,5593.70368232,6291.701661093334,5523.246687866666,5765.99657504,5594.469882826666,5666.423540106666,5828.243225466666,5340.561520186667,5586.507571653333,5556.534446026667,5308.858008373333,5099.26309408,5526.5869292,5510.4011568000005,5456.1449969333335,5456.36215416,5465.991442506667,5349.398067973333,5180.265409706667,4793.63392808,5073.285802613333,4923.26294072,4964.55745432,5048.184949146666,5410.68354536,5271.916635279999,5448.134879306667,5841.067535413334,5307.158822533333,5264.06494904,5606.578695733334,5594.038725573333,5799.875352266667,5857.35967256,6018.145736933333,5991.675002800001,6207.704223173334,6358.879121893334,6166.916263893333,6298.477142933333,6418.323768373334,6577.535532453334,7000.076520586666,6808.43790784,6752.08962936,6871.0591648,6885.10852576,7732.608897653334,7156.24258568,7497.2557960799995,7823.562976346666,7592.119820666666,7736.632292586666,8219.117758426666,7509.77268384,7809.867369306667,8272.168292293334,8661.79216976,8390.91479,8198.64471512,7958.2236089066655,8630.45018376,8699.19505592,9339.5987844,8748.978531733334,8544.65308112,8421.56066912,9185.083817386665,9408.63158312,9508.49087296,8588.476336133333,9375.53600392,9536.289167653335,9269.958929866665,8712.099277173334,9895.294837146666,10127.835620133335,10163.80274592,10128.168207386665,9671.37567584,8605.815350293335,8954.662887626666,9639.52351592,10487.184324693335,10311.712793866665,10010.42155888,9857.340765733334,8532.723718933334,9531.757010906666,9655.273134106665,9794.66834608,9941.043723653334,9979.13880008,10265.824944959999,9699.055287386665,10831.48613808,9445.375475946665,9674.604461066665,10352.254566933334,9817.177893253334,8718.838166213334,8988.739540533335,9984.859665413334,10701.199593653333,10346.985893066665,10679.042775946666,10678.738292613334,9552.466428959999,10344.964170773335,10503.417498746667,10803.126053760001,11160.8346504,9373.493225013335,9976.79097584,10797.302557413333,11191.130044959998,10817.551186426666,10724.94726048,9008.735687066666,8450.672407706666,8505.346125493335,8192.025707093335,8115.024711306665,8348.0358652,8763.507941386666,8269.172422426665,7840.534076746666,7120.17078672,7410.4640674933335,7336.040611493334,7860.8927304,7784.299463546666,7661.3399356,7734.449508533334,7708.57583008,8203.84352536,7686.19883552,7838.824923493334,8419.175406906666,8148.109420186665,8366.120343306666,7968.871427226666,7356.706490506666,7774.952651706666,8260.959343786666,8092.210649573335,8111.966716213334,7248.325797333334,7231.91935048,7977.885592133334,7827.80910576,7805.9675930933345,7440.933933653334,7685.582401199999,7986.437136746666,7853.56449448,7311.612564,7692.482105066667,8260.962609279999,7144.59725168,7823.69566736,7910.261732319999,7940.586686746666,8153.119523466666,8277.962807413334,7347.81168496,7215.821398293334,8040.9215145066655,8315.751201626666,8105.100380693335,7429.300667546666,7628.11711984,8118.818980826666,8448.34518568,8363.068627946666,8038.60287296,8252.369548746667,8184.520908106666,7630.094068,8076.388385066665,8163.423676533334,7959.596154533334,7752.06977368,8010.346535093334,8406.921460613336,7498.09063856,8038.47554912,8211.916552373334,8139.748668346665,7733.140161413334,7499.67699792,8041.36662184,8063.39821384,7662.4559284,8196.367366853334,7800.60649328,7981.3491261066665,8028.07276424,8132.72535992,8230.767921573335,7911.581892933334,7742.267326453334,7844.414880293334,8083.29821368,8559.617855253335,8926.0859892,8861.82350656,8608.540793306665,9100.145200453335,8274.329255306666,8332.588666826667,8809.35551112,9042.575066906666,9577.53750616,9182.189542026665,9267.612179626665],