{"message":"Aggregated IX data for Dallas IX","data":{"nServiceId":null,"width":287,"jServiceId":null,"start":1478822700000,"end":1478908500000,"name":"Dallas IX","in_octets":[],"out_octets":[],"in_bps":[1492.5910610666665,1444.0984297866667,1450.6167154133334,1634.65007608,1800.3450810666666,1775.4950430666665,1828.26387944,1866.7895283466667,1916.2665470666666,1697.6308694133334,1716.2684090933335,1773.63937352,1968.8269418666666,1643.3231135466667,1705.5542778933334,1666.85519912,1638.6021752533334,1647.01265696,2019.3139498933335,1774.0696500533336,1673.4687824266664,1704.41043984,1734.2277090933335,1759.3744126666666,1694.4655538933334,1851.9704610133335,1916.96734816,1779.3375926133335,1690.1499145333335,1656.812506,1724.50533992,1761.9971251466666,1633.61530696,1803.3130046400001,1878.4109114933333,2084.0708985866668,1883.1981490399999,1712.0036534133335,1613.4516387466667,1577.5877781066665,1585.7653685333335,1684.8322802933335,1707.1137425333336,1595.1920412266666,1981.63095976,1581.1956720266667,1618.8598713333336,1585.6914520533335,1818.0455050399999,2002.7373921333335,1891.2547315466666,1816.7806996266665,1863.7394694666664,1778.93500528,1826.65869928,1840.7111664533334,1861.929466,1997.8228206133335,1646.94041872,1815.5042114933333,1955.2415848533335,1860.2810659466666,1888.0798650933334,1843.2152610933335,1700.8682887733335,1880.7802985333335,1952.3111037866665,1975.1999961333333,1802.1302054133334,1897.15935416,1778.3641945066668,1745.0659189333335,1861.1531580533335,1716.6944963199999,2051.50843528,1884.8478739466664,1594.0543129333334,1638.1685405066667,1653.7973762933336,1641.4714420266666,1533.5818172266665,1821.9624994133335,1691.47457624,1628.7698429333334,1557.0001289333334,1665.8848423733334,1751.5105787466666,1555.90445544,1443.3168954133334,1633.3912031466666,1531.1957920799998,1504.2705402133333,1587.44460736,1436.438876,1311.96511272,1310.9274417333334,1226.0621578933335,1240.4285269866664,1294.8090530933334,1350.237348,1349.7237712266665,1347.4034730666665,1240.3840112799999,1168.0217116533333,1197.6690051466664,1363.9972037066664,1329.4308436800002,1402.9818489866664,1569.1427952000001,1445.11828808,1417.77979024,1232.8139113599998,1396.8784105066666,1263.7982273333334,1070.42540352,1235.15688176,1379.19543072,1289.4640476533334,1376.6654968533335,1273.3323727466666,1177.17497064,1218.3972050133336,1275.9458846133334,1280.6563748800002,1226.1258708533335,1243.0342003733335,1105.9367327733335,1011.9555146666665,1075.8879013333335,1091.58785992,1114.65022656,1192.4494452533334,1181.2374275733334,1012.7636822666665,1126.16729176,1179.45049296,1086.5970226666666,1223.9404206133336,1317.72436016,1141.03197832,1291.4897006400001,1480.2588596266664,1466.4079784533333,1311.2341449866665,1216.3167968266666,1172.6316067999999,1544.9286838933335,1218.3255844266664,1206.1296666666665,1350.0965651733334,1626.6303571733333,1266.8130257066664,1285.7592113066667,1258.2306753066666,1212.1021417066665,1568.8304248,1546.01353376,1500.3315050666665,1423.0377331733334,1597.1398081333334,1445.3218413866666,1515.0246031466665,1738.70611952,1548.8885568800001,1577.7129741866665,1718.62692968,1572.0722299466665,1681.3138343733335,1683.9784221333334,1908.77116,1713.3170058666665,1736.4143451733335,1699.5107218133335,1756.8429363466666,1829.95524648,1751.0778554133335,1679.1690277333335,1631.5615621066665,1715.3335991466665,1661.4551059733333,1742.9768334933333,1717.3360287733335,1826.0635506933334,1962.76030216,1945.5580193866665,1923.4230478933334,1888.38597448,1981.2315058666666,1800.9289787466666,1699.2590630666666,1785.5275136533335,1755.10912072,1744.28247776,1930.2317313333335,1990.7803418933333,1848.6737536266664,1834.63878112,1865.2617005066666,1902.8971833866665,1879.4162932533334,1725.5177979466664,1944.9033639200002,1962.4919335999998,2144.0302639466663,2035.06650832,2102.38912808,1858.8108895733335,2096.73341648,1895.2643770933335,1751.4870245333336,2072.6602350133335,2012.8608516,1935.0042495466666,2057.6423367733337,2106.6915781866664,1786.2730569333335,2094.8467313333335,2010.4032467466666,1849.0610596266665,1848.68762,1839.8164145333335,1818.1732529333333,1972.4511949866665,2056.3055650933334,1841.8891213066665,1760.7640369066664,1714.9379068,1808.9051637066664,1952.5101014666664,1749.0214408,1832.3244988266665,1916.0457117866667,1821.6721117866666,2056.4556846933333,2003.4945688533335,2069.4581734666663,2095.7282764,1973.7862973866665,1780.9874862133333,1672.7521082133333,1717.7203453599998,1884.9056027733336,1842.09579384,1736.6052416,1848.4885222933335,1793.3906898666667,1990.1647601333334,1847.2140726666664,1803.4711788533334,1840.7398143466667,1901.3384931199998,1781.6260713866666,1678.5712203199998,1732.7451517333334,1751.4298999733332,1845.0017514933334,1877.5401481600002,1850.7058693066665,1738.6894799733334,2075.7480320533336,1702.75593144,1897.02289872,1891.2334955733336,1773.4570111199998,1763.87006256,1810.32407328,1830.441002,1701.9016917066665,1679.2376615733335,1809.61984304,1927.9029578666666,2020.8557149600001,1997.4488762666667,1762.5475322133334,1844.4038956266666,1868.0964950933335,1699.3443756533334,1849.8911169866665,2124.5400811199997,1912.1968981866664,1922.7761589333334,1953.1839230399999,1734.8781119733333,1754.6364368,1717.76222648,1695.1026175733334,1790.21874976],