{"message":"Aggregated IX data for Dallas IX","data":{"nServiceId":null,"width":288,"jServiceId":null,"start":1487937900000,"end":1488024000000,"name":"Dallas IX","in_octets":[],"out_octets":[],"in_bps":[4050.673352853333,4073.0681956,3989.7278834666668,4328.233198773333,4560.937754373333,4644.805045413333,5025.211576106666,5064.559435226666,4890.020601706667,5165.816533893333,4987.64067336,4861.5797331466665,5208.122210373333,5212.169624106667,5169.976241946667,5328.876056986666,5353.995111866667,5275.326401253333,5280.689560293333,5299.551683226667,5328.492039626667,5217.3562534133325,5168.122680266666,5714.079258933333,6067.61501192,6147.392886773334,5984.770508186666,6044.1190681866665,5901.736006133334,6007.559357413334,5843.19859008,5628.512409173333,5770.1834208266655,5696.1627108,5849.768764693334,5913.631027226666,5923.407776986666,5913.0565933866665,5728.048838693333,6197.386900560001,5925.676909386666,5770.14004256,5864.15707736,5608.970146826667,5571.133777226666,5542.421318826667,5645.9933879733335,5646.528956773333,6051.91455832,6408.725063520001,6708.93358504,6777.6385459466655,6447.86836024,6397.231695413334,6494.473299493334,6365.79111744,5975.673480266666,6143.377865413334,6083.25003576,6209.066403813334,6428.539308506666,6173.936858453334,6264.7446808800005,5718.159976106666,6279.232801013333,5559.034522613333,5180.185419653333,6089.04815752,6138.702841866666,6356.383917173334,6099.926447066667,6170.22979192,6207.26803776,6216.484915013333,5952.488073760001,6136.564027840001,6745.396952346667,7174.48434432,5964.86756816,6610.935458426667,6187.35719872,6358.700848106667,6051.332907706666,6464.357328,6576.95338016,6531.794551173334,6515.469652293334,5627.7280929066665,4494.164582613333,5725.99954336,5264.84798784,5273.33109296,6086.045422346667,4894.1451888266665,4390.204666906667,5208.875514026667,4572.8060836,4275.295892826667,4380.357736479999,4848.743493946667,4626.27026592,5504.358510053334,5495.925679706667,5767.3841875200005,6092.572857813334,5041.302234479999,5294.899331573332,4976.075186986666,4958.14940288,5280.9468968,5243.5074596,5055.569616106666,5525.891036506667,5739.245917786667,5857.528674213334,5999.864210853333,6484.8081955200005,5729.227105146667,6233.522425706666,6740.22691072,7051.813392666666,6937.577190906666,7233.519779066666,6860.112598479999,6896.035164186666,7116.248271253334,7347.418287386667,7146.874111493334,7411.5420756,6968.757322346666,6787.783124213334,6841.6368525866665,6316.413948053334,6706.968492933333,6139.060323173334,6482.0279382399995,6519.840711093334,7167.927735946666,7107.518250506666,6342.8747628,7225.87190512,6768.329310746666,6783.812784,6541.88537288,6675.482330533334,6747.656804666666,6163.879924293334,5915.631813626666,7034.535578506666,7731.3997125333335,7328.348546640001,6962.141660159999,7030.588375146666,6966.86375016,7024.716500213334,7248.652745813333,7347.361393146666,6982.054121786666,6963.590265306666,6523.475139146666,6548.752351146666,6264.524820506666,5576.767221093333,5215.36692656,5798.361927173334,6150.83836296,6404.409269546666,5682.895974986666,6542.01647528,5985.129151706666,6162.2266695200005,6074.516816106667,6507.87311096,5748.182679546667,6127.136027733333,6139.752376,6308.64639328,5986.055595786666,6628.509164666666,5802.248091813333,5736.017862933333,5901.13703312,6160.886753306666,5805.458296853333,6167.322703173334,5491.18737448,5541.891889653332,5503.98603592,5389.2249012,5717.433163626667,6087.79514872,6077.8292676266665,6076.72468464,6478.063923333334,5728.71435528,5918.791957973333,5581.789898693332,5834.727696666666,5393.488076933333,5665.315852613333,5880.93772696,6056.542105413334,6038.82875448,5942.836302266666,5982.578018453334,6127.156150266666,5895.206843733334,6092.338300266666,6335.179154586666,6291.18087352,5932.72778744,5863.801913306666,5642.893948186666,5699.974686426667,5566.533619093333,5355.791568453333,5681.637976986667,5569.3632162133335,5125.1765874133325,5052.9996588,5105.958845866667,5160.765500613333,5066.056978346667,5132.721011626667,5099.2405644,4869.574166693333,4710.190523786667,4881.14748232,4638.03636232,4826.834968826667,4684.05508736,4555.310064933334,4574.170370906667,4278.119774,4415.756483733334,4574.396991013334,4262.205772826667,4246.61192544,4204.389937706667,4008.247191573333,3833.605604213333,3684.172737226667,3621.8555636799997,3599.647710906667,3400.48942992,3588.2372842933332,3196.3158854933336,3410.308928,3345.8261533866666,3361.02294144,3076.496182186667,3175.003170453333,3184.1031729066667,3380.696060826667,3026.0535624266668,3209.169990213333,3120.8394429866667,3057.7786817866668,2924.63642152,3025.701032106667,2811.3989657866664,2784.70799648,2888.756044133333,2739.74674528,2673.382798986667,2825.7433070399998,2980.4382737866667,3110.298834026667,3075.692705333333,3144.0035488266667,2727.5411711733336,2804.41634688,2903.636055893333,2722.59137264,2868.03756704,2682.8730278933335,2768.92271136,2990.553708693333,2902.76032816,2766.0996488,3020.720939973333,2699.844523386667,2891.7667204533327,2784.43910272,2901.967093546667,2877.9869646399998,3012.900099146667,3148.411268266667],