{"message":"Aggregated IX data for Dallas IX","data":{"nServiceId":null,"width":215,"jServiceId":null,"start":1482005100000,"end":1482069300000,"name":"Dallas IX","in_octets":[],"out_octets":[],"in_bps":[2365.4115141866664,2516.290965413333,2372.79343472,2336.43874744,2347.2580471466667,2431.6891666133333,2523.5193609333332,2454.4682773333334,2451.7082121333333,2442.67624144,2407.8299048266663,2290.4437884533336,2357.2515269866667,2358.571269306666,2389.0898950666665,2431.6649380266667,2305.5772053600003,2493.57363088,2254.53489808,2351.6873506133334,2297.9093875733333,2424.3800812,2230.36615384,2369.1411536533337,2409.774282906667,2168.7927006933337,2112.15094576,2244.2196078666666,2384.8082404,2427.4092003200003,2466.6154210666664,2669.7882766133334,2654.7403610933334,2481.9313142399997,2343.8275252,2409.427742053333,2498.4539433866667,2309.61230712,2475.8345950666667,2457.018390426667,2307.56393832,2488.21636944,2572.3554417066666,2384.3794704533334,2337.55118936,2459.84505944,2439.7847879466667,2605.5504224533333,2616.2295474933335,2610.167422026667,2485.58209968,2511.3879299200003,2721.6906092533336,2479.2904794666665,2462.2696997066664,2463.1976601066667,2389.53550088,2464.3724214666668,2326.3407149866666,2246.07697912,2285.7577366133332,2370.33175416,2290.718636533333,2824.29439864,2399.0238351999997,2622.527258453333,2544.7852847466665,2494.896290453333,2300.33532544,2421.7428523733333,2446.1437666933334,2285.7686365333334,2442.59943496,2648.148550613333,2686.40453696,2482.0636652800004,2495.05736384,2341.9990936266668,2360.293535093333,2499.20397576,2475.56424576,2551.8722842933335,2491.5096944533334,2505.1196808,2707.65191248,2426.2258039733333,2397.0055542133337,2470.7228950666668,2448.5425455466666,2460.2007350133335,2421.5504062933337,2398.2665061866664,2408.4667364800002,2569.8036756799997,2561.372990613333,2703.09474496,2499.2073861066665,2394.7476570666668,2732.6635961866664,2501.586496613333,2591.4736659466666,2867.2602368800003,3396.22970592,2752.9348151466666,2957.290790933333,2707.898592506667,2782.954748426667,2874.2368241599997,2656.8780035199998,2566.4571087199997,2687.3444513866666,2536.21507472,3091.229588426667,2511.5850186933335,2536.4016303466665,2495.2982231466667,2472.9161526933335,2636.6466986933337,2481.7884096266666,2839.5304868000003,2756.6352723200002,2909.197835866667,2748.09316256,3221.299773893333,2920.117646133333,2523.52966984,2613.433725093333,2687.2170638133334,2641.3262885066665,2703.6987725599997,2789.13729736,2549.1693932533335,2519.3361845866666,2905.2756970933333,2754.6608905866665,2647.6561574400002,2349.6093092266665,2547.829565013333,2750.145955013333,2580.520052133333,2331.3425921599996,2247.7999142666663,2536.0024092266663,2676.9615821066664,2729.9654030933334,2490.808914906667,2253.878235786666,2283.5976981066665,2240.5047690933334,2167.4892721866663,2202.4727576266664,2106.2623427466665,2226.3922014933332,2284.4238494666665,2187.35093896,1881.50980176,1876.9291927466666,2230.284612133333,2250.7035700266665,1869.5910077066665,2233.1193645333333,2107.49222344,2088.8536680266666,2196.9214557066666,2118.55040744,2308.5180542666662,1956.20152648,2094.2527548533335,2017.3688953333335,1983.3214135466667,1768.1281143733333,1702.2775326933333,2058.9362769066665,1928.0955083733334,2063.0535346133333,1927.16810968,1998.9020424,1824.99932024,1907.4401799466664,1751.6012076,2165.0653334133335,1963.2576746133334,2166.0279231466666,2078.1692354666666,2137.1111611733336,2147.645985973333,2006.3163419466664,1843.6125502133334,1993.3718880533336,1908.9967313333334,2361.2718304,2225.493326906667,2129.00929112,2260.63255736,2528.16126584,2408.3329139733332,2079.0516683733335,2167.6111452533337,2304.9770447733335,2225.3270259733335,2711.2832348,2397.8244932533335,2249.776586586667,2274.1359539200002,2557.1133540266665,2675.9274841066667,2338.1426940533333,2176.23005792,2356.0395004533334,2248.7067397600003,2560.8652264266666,2548.71359208,2309.460727786666,2399.6645217333335,2764.06074296],"out_bps":[2378.1665837333335,2511.7889448,2364.5058387199997,2329.32595944,2348.38772856,2421.3028347733334,2543.15879128,2433.5467057866663,2443.922171653334,2485.29871304,2368.6090996533335,2303.3331673066664,2349.1626746133334,2350.2941110133333,2379.4794819466665,2432.7498961066667,2294.829844,2465.2037785866664,2276.6228559733336,2328.86212488,2306.8167910133334,2409.51872136,2220.8308169066668,2393.6961996533337,2391.7642033333336,2176.6899016266666,2107.4210154133334,2245.2884401866663,2385.3705136,2415.37360184,2467.45240904,2687.3299305333335,2651.1411010133334,2493.2357487466666,2324.4946751466664,2430.8695811999996,2486.69375248,2308.276382346666,2493.5532748266664,2455.0619759733336,2286.3707620533332,2503.4113290933333,2576.4031696266666,2378.506034213334,2361.4362747733335,2459.5843815733333,2442.5774879466667,2600.8287988266666,2602.2685007466666,2600.6303627733337,2494.9704924533335,2492.9507812800002,2714.75853824,2478.4343495733333,2468.2559355999997,2453.8630395466666,2394.2971466666663,2456.64435312,2331.1227304533336,2223.7441387733334,2300.73012104,2356.36349896,2289.2742530133332,2844.3012599466665,2382.7443222399997,2617.2487004,2545.3035202666665,2488.3449218133337,2284.966767866667,2438.2707313866667,2428.6578947199996,2284.7003608,2440.1646843466665,2661.1410790933332,2650.33268864,2494.3748605066667,2481.74118624,2347.87552664,2357.51449576,2503.4515531733337,2473.1313045066668,2551.8959005866664,2495.0910398933333,2510.8629887466664,2677.3356037066665,2443.2130499200002,2395.775864906667,2455.1315221333334,2457.0018245066667,2465.76323504,2411.9332049866666,2406.700440826666,2405.3145762666663,2570.4504117866663,2569.2499476,2691.9304689333335,2498.0031953066664,2404.007677466667,2721.9510890933334,2507.4473342933334,2579.99474152,2861.5884993600002,3425.50600768,2735.784259493333,2957.2504344266667,2710.98944832,2782.3227802933334,2892.42301856,2636.9339722933337,2561.3770844,2682.80131,2538.14197448,3091.6218811199997,2535.4118502133338,2526.771510826666,2492.835752613333,2488.9471887733334,2621.5973495999997,2466.73151752,2836.9581267733333,2771.0752082666663,2912.9136045066666,2737.0540277066666,3229.36127496,2912.7817752533333,2515.9265869866667,2613.8769302933333,2674.3253513333334,2648.8962221866664,2706.0370660266667,2782.3639312533337,2555.4637547466664,2506.4960271466666,2917.83408664,2775.6150750399997,2648.3661196,2334.184824026667,2575.08985168,2727.9537734933333,2572.6945128533334,2340.8904142666665,2252.0856892266665,2543.27653056,2652.14608432,2765.0472294933334,2472.1893541333334,2259.304660133333,2278.594698053333,2237.0693856,2180.48923336,2220.45845656,2087.4144881066663,2211.05642872,2302.4128970133333,2175.36873248,1870.7683958933335,1877.3315056,2245.849754906667,2235.14736408,1857.2974875466666,2234.61725864,2105.71495464,2071.2934005333336,2214.0454895466664,2117.2854014133336,2309.9812963733334,1948.9265963466667,2093.1209881600003,2024.0569783466665,1986.62218688,1767.3284292533333,1706.26754544,2049.77143408,1926.0734954133334,2052.4109906933336,1931.0192992,1995.6345118666666,1817.05628144,1909.8073287466666,1780.8412775733334,2138.7223547733333,1972.0194848266665,2169.2685203733336,2082.612002746667,2135.203209786667,2174.45260552,1979.5331157866667,1845.7452651733333,1970.6980810933335,1925.8593712,2347.4220444533335,2236.994213253334,2133.4224712,2265.9756635733333,2517.2254245066665,2418.11507888,2046.0605757333333,2179.3125656266666,2303.4213514666667,2223.2028082933334,2703.9860858933334,2395.9647481866664,2264.13558152,2297.3316454933333,2533.64309656,2688.07140016,2330.6049255466664,2169.07312056,2376.5050684533335,2258.6451910133333,2545.2033627733335,2541.10156272,2313.2414248533337,2443.5460908533337,2734.3467068266664],"in_packets":[],"out_packets":[],"in_errors":[],"out_errors":[]}}