{"message":"Aggregated IX data for Dallas IX","data":{"nServiceId":null,"width":288,"jServiceId":null,"start":1474365900000,"end":1474452000000,"name":"Dallas IX","in_octets":[],"out_octets":[],"in_bps":[1417.8235656266666,1024.9417108266666,1453.6755926666665,1639.7006943733334,1540.7465014133334,1524.4806533333335,1549.77800136,1514.2900381066665,1630.0874606666664,1574.94736624,1633.4251747466667,1548.6212037066664,1456.0470199466665,1480.7383505599998,1527.633038,1563.6219213333336,1665.75307296,1762.2068197066665,1711.4007531466666,1678.3748675466666,1720.8522189066666,1761.6873622666667,1787.0756133866666,1821.0616792266665,1725.4474899200002,1864.7093706133335,1857.9203350666667,1835.9071877866666,1897.88083304,1824.6008068533336,1906.3322612533334,1724.19174776,1778.3362876266665,1835.8975771199998,1939.1127489866665,1960.1254527466667,2039.3053588,1964.53018408,1960.5789197066665,1901.4266266933334,1869.8348918666666,2003.5553028,2093.1445250133334,2041.3858467733335,1944.61512672,2104.16178632,1976.5251043733335,1954.2396209066665,2060.7599077866666,2058.8740113866666,2036.80818928,2067.7127232533335,2126.7482861333333,1921.0813483466666,1771.9457533333334,1892.0119340266667,1859.9297941333334,2100.9925658399998,2050.553407733333,2006.1507611733334,1888.44851992,1923.0165986400002,2154.3009934666666,2188.68147456,2071.9509929066667,2177.51085256,2127.372407786667,2109.2381408533333,2138.9397033333335,2256.8462348000003,1948.4425939733333,2104.29553488,2075.5260278933333,2283.3278315733332,2106.2776573333335,2013.9301985866666,2077.9927998666667,2108.94806776,2185.0785853333336,2226.8271214666665,2219.702642,2127.5708034133336,2063.5928321333336,2177.8411093333334,2162.55102104,2088.6030324000003,1953.5383953866665,2159.312574826666,2099.7125937866667,2031.6422669866665,2018.1738663466665,2081.7627924266667,2008.8297842133334,2257.61442904,2114.2677696266664,1988.45111632,2094.288623066667,2077.6579947466666,2073.46134256,2274.90055752,2137.76164904,2160.4393313866667,2124.1377870133338,2186.6614417600003,2209.83792032,2103.69714872,2242.657456,2250.87817488,2140.11668016,2227.70611008,2218.9649836266667,2250.9894081066664,2065.9747720533337,2121.6232753333334,2292.7808834133334,2212.5298045866666,2109.57716648,2295.7958161866663,2316.3435772266666,2105.64256376,2310.3984458133336,2184.7380128266664,2116.8590315466668,2229.21685096,2166.36455096,1943.07801152,2094.0100280533334,2125.46542456,2301.5766309066667,2150.2140490399997,2127.9422722133336,2133.5836959466665,2041.0739789866664,2020.9321477333333,2118.6351710133335,2089.7867029333333,2044.6260262933336,1839.21372992,2169.6436590666667,2112.8825012,2115.0179648533335,2001.2151672533332,2061.8363506666665,2087.64987528,2076.954692213333,1914.4033910133335,1913.4502079200001,1705.68510152,1589.3403201333335,1431.1985933066667,1526.9962785333335,1761.6464498666664,1750.8897968266665,1981.78797216,1948.79462232,2030.2105684800001,2027.6689155466665,1887.5608472000001,2045.7424689066665,1894.0109284,2040.9686170666666,2134.79037744,1967.8197632000001,1976.4782164800001,1904.0353263733334,1793.0131360533335,1976.9042233066666,2077.87790112,2039.3669793333336,2025.3000026666666,2031.8106240533334,2115.9039961866665,2044.8167455466667,2152.6308546666664,1990.10992176,2075.118206453333,2054.340477253333,2087.3667157866666,2043.3213546133334,2121.2849096266664,2053.39644392,2082.05542656,2215.4023356266666,1964.0748489333334,2167.7885863733336,2128.56136384,2090.4516300533337,2160.11595456,2110.3651732,2028.1333528266666,1927.2993445333336,1988.5884104533334,2007.0784516266665,1993.13576776,2072.52547856,2099.18734488,2061.0915546666665,2186.2014657600002,2057.5521953866664,2049.4654369600003,2086.4864784266665,2164.84608552,2140.82204344,2086.93181376,1939.5780130399999,2003.9073814666665,1854.6690815466666,2054.4515174666662,2042.9809125333336,2061.7888682666667,2056.2091039466663,2122.4732645066665,1973.2770751466664,2048.78597336,2189.00207504,2129.08394168,2102.4081375466667,2023.34791032,2211.6735060533333,2008.8288624000002,2209.3295304000003,2133.1974985333336,2203.9934209333333,2265.0945768,2099.4688132533333,2143.06401744,2095.6794641066667,1925.6226182933335,2096.30484928,1979.5009930933336,1976.9598041866666,2045.0078953599998,2032.8995594666665,2139.610952026667,2195.0930506933337,2106.7658004,2059.9939991733336,2105.0027571733335,2027.7386260533335,2000.2652249333335,2003.4627273333335,2015.4678299733334,1911.9779687733335,1931.9310347733335,1954.4786961066666,2296.18706632,1997.7036389333334,2035.0413826133336,2056.7354888,1978.9987697333333,1915.8567632266665,1967.3963197333333,1985.2523411733334,2066.5118882133333,1982.0897767733336,2142.0474710933336,2123.3352781066665,2069.8487676266664,1897.8344556,1812.9132322933335,1906.8200068266665,2036.2847663466666,2029.5336368266667,1919.7367643466666,2033.0076812,1961.5526369333334,1872.8004224000001,1796.89391536,1799.5467521333335,2033.5275123466665,1969.8069691733333,2102.0033364266665,1886.3956481333335,1816.6620094133334,1909.63286728,1856.9016819466665,1791.8385063733335,1833.248402,1785.5859205333336,1675.3795516,1697.0406074666664,1866.8836163733336,1716.6047630399999,1709.92598096,1567.2617905066666,1722.3611712266666,1616.74409528,1621.6762025066666],