{"message":"Aggregated IX data for Dallas IX","data":{"nServiceId":null,"width":287,"jServiceId":null,"start":1497758700000,"end":1497844500000,"name":"Dallas IX","in_octets":[],"out_octets":[],"in_bps":[4411.643072026666,4063.507415413333,4024.4586684,3863.634006906667,2766.1518595733332,3283.985184693333,3257.735280026667,3156.2203263200004,3231.556036693333,3087.940084773333,3109.492049653333,3158.08461496,3192.5651637866667,3143.03964512,3135.268285706667,3167.428204666667,3166.92953136,3100.942477733333,3043.6722846133334,2931.032414613333,2965.1386144266667,2990.3769705066666,2770.04681,2880.03061112,2988.27625184,2942.497012773333,2644.21740928,2772.0212321599997,2793.8333312266664,2770.4492965599998,2498.0338932533336,2634.2383431999997,2846.7898158933335,3350.842477066667,4131.342294213333,4121.523436133333,4101.45356584,4212.604184613333,4055.382646453333,3943.125090533333,4027.245573146667,4129.582734586667,3949.8996196,3915.443621066667,4466.08319048,4504.914212586667,4801.6733596,4480.547917813334,3643.025801946667,4289.847527706667,5121.746023973334,4244.5674393066665,3742.376717413333,4996.042993146667,4921.68641072,3439.4587637600002,3687.61300944,4542.04103944,4725.38975944,4763.935914933333,3948.9442923466668,3240.5064138666667,4495.729056613332,4904.551579626667,5139.163191786667,5091.783343546667,4932.20634136,4768.954487253333,4758.575639546667,4740.161225866666,4912.663579626667,4887.490740213333,4653.875758986666,4776.51596584,4885.197986613332,4749.80618888,4620.9334989066665,4635.27964064,4688.752294746667,4751.810908586667,4798.618183493333,4817.509132986666,4876.726559573332,4660.9422641599995,3973.3620200266673,3231.13734536,4141.574590693333,4813.3634408533335,4830.827495386668,4371.489815306667,3219.500515466667,4504.319032133333,4156.592948053333,3409.9125177866667,4108.917358906667,3568.8443526933333,3176.188053626667,4644.908827786667,4020.759342053333,3673.112776586667,3427.498409813333,3292.6830633866666,4442.762333279999,3696.760164826667,3581.610371066667,4783.8589905866675,4863.9990279466665,4142.688868746667,4297.744278666667,5482.446795600001,4296.114728933333,4359.019780773334,4959.054041413333,4295.150206666667,3752.806260586667,4681.530023893333,4803.342344266666,4406.498288666667,4422.013228986667,4322.753428720001,4203.670225066667,4090.625789626667,4109.635339146667,4246.484705653334,4226.928446506667,4008.158936346667,3904.2758094933333,3931.9763750133334,3855.5700304266666,3925.579176133333,4016.090996293333,3941.098871893333,4007.3304974933335,3931.5846784,4020.08540904,4038.319138746667,3984.88767336,4128.595902293333,4671.670387866667,4914.93940472,4678.863252906667,4698.35992704,4664.5166377333335,4648.378956986667,4802.193496986667,4747.678782293333,4943.495877626667,4881.11099048,4830.83910784,4814.335511973333,4776.123150986667,3651.4728316533333,3213.207271173333,3023.918108906667,2516.970107173334,2711.1669831466666,2599.8067302666664,3641.9462627199996,3323.760317866667,3376.64474952,3678.337683653333,3302.861554373333,3304.657197253333,3650.054112906667,3540.3343626133333,3190.9276354666667,3461.8573331999996,4076.95508232,4054.571101226667,4145.83103192,3999.441593573333,4287.00145864,4151.636366453333,4575.209210986667,4100.00440216,4256.57871168,3641.765182293333,3687.771709333333,3576.9551139200003,3344.316968,3816.7210188000004,3322.332616026667,3224.403859066667,4358.07322048,3455.20140536,3038.771359093333,3856.18864064,3936.42328912,4595.2047326933325,4543.546759600001,4582.26249608,4760.92323064,4722.64582056,4675.811531306667,4694.074362373333,4544.151524773333,5165.972176506667,4733.910677520001,4704.375407786667,5270.94854,4584.865451199999,4471.492347973333,5185.20171712,4499.69298072,4584.0186015733325,4994.241690906667,4678.79313632,4719.036416826667,5052.490678239999,4707.089844613332,4790.558014586667,4528.26888008,4644.011264293333,4535.63113624,3864.6661613866668,4197.421921173333,3573.049218933333,4238.15039592,4264.453166746667,3599.472029973333,4276.405037306667,3666.04184896,3735.28117592,3871.902238666667,4230.415247280001,3317.0109688266666,3756.826883466667,3172.994018106667,3151.036527413333,3215.003163413333,3318.2376144533328,3090.7427185066667,3136.4349550933334,3320.5851465066667,3973.5576211733332,3300.01966992,4101.629527386667,3322.4799625066667,3384.36658328,3482.4260437333332,3972.961528266667,5276.746047466667,5270.555288426667,5008.652826666667,5226.389277786667,5024.148771093333,4606.51825536,5771.41041704,5204.729794933333,5341.177581386667,4662.2856924,3766.964404026667,3743.876435733333,3849.74510056,3468.599393093333,3164.11204296,4314.72298344,4208.792367733333,4026.777049226667,4774.71011536,4184.796901546667,4016.361131333333,4035.3544759733327,4325.733539226667,4176.33659904,3559.8720293066667,3750.7839320533335,3877.423098906667,3892.43300808,3947.778512746667,4002.230704506667,4128.79229408,5439.582495386668,5556.62105768,5401.87441048,3432.6127093600003,3873.05010512,4428.429355626667,4204.051337733333,4602.563426106666,4264.58372728,4863.231343546667,4079.4071722666667,5487.973999653333,5162.735720133333,6396.66231176,5553.341767626667],