{"message":"Aggregated IX data for Dallas IX","data":{"nServiceId":null,"width":286,"jServiceId":null,"start":1508069100000,"end":1508154900000,"name":"Dallas IX","in_octets":[],"out_octets":[],"in_bps":[3720.0674434933335,4017.884585973333,2732.0475849866666,2677.5140347466663,2757.5635092800003,2651.68784672,3088.105048933333,4356.979339893333,3376.4699548000003,2902.299654186667,3068.9179771199997,2960.653857866667,4010.602993146667,4075.96357008,3384.4666865066665,3451.03760528,3535.40824328,3332.0232769866666,3836.007787413333,5141.23077256,4732.57465456,4330.479746986667,4063.963539893333,4207.64835712,4746.81693784,5673.68403872,5233.27879064,5060.929926426667,4594.3149128000005,4774.462919680001,5043.28481888,5227.317955173333,5259.586423333333,5143.31680712,5068.627299066667,5019.864803439999,5659.500002266666,5720.546852746667,5731.64756504,5732.417403866667,5441.293234106666,5535.32683416,5863.558840213334,6140.070290613334,5857.94753568,6338.892928933334,6418.99173016,6407.3205376000005,6610.083607386667,6145.279748373334,6607.410627946666,6617.44693464,6719.860529786666,6385.840106773334,6400.9113712,6241.548910426666,6429.64175336,6802.720260266667,6967.901390346667,6805.56413688,7829.235997600001,7708.726462133334,7968.089771786666,7894.1086184,7498.274662346666,7914.09221144,8284.58222184,8486.883741706666,8566.314650346665,7861.26551264,7633.879340746666,7417.070913760001,7919.05962336,8093.150076479999,7904.127610906666,7751.533864533334,8076.958595973334,7190.688370053334,8295.648604293334,7921.40295392,7390.788903493334,7871.036054533334,7567.4817109333335,8048.77616176,7735.205822373334,7798.785205066667,7736.5676798666655,7891.188342426666,7288.172165146667,6993.60884824,6866.201394106666,7375.395361973333,7974.077515786666,7135.85846128,7155.979007546666,7534.037870586666,7090.993066613334,6993.4514163466665,7187.1410571999995,7236.524461466666,7124.304741893334,6957.575789413334,7019.666839493334,7657.88857096,7551.044406666666,7885.926746186667,7965.985395253334,7612.225271573334,7672.499381626666,7691.885628693333,8507.981493546666,7808.60597016,7345.798630826665,7608.675501653333,7720.517718666666,7853.161251946666,8011.338335546665,8035.2679963733335,7669.028739253334,7791.41302352,7274.50939584,7382.480012800001,7381.904386906665,7803.761339946665,7559.71541624,7622.20628072,7434.902810746666,7543.366875173334,7712.983415173334,7504.993250986667,7442.683427973333,7981.48270656,8039.712629066666,8120.717872053334,8088.969878453335,8215.415974,8501.768309306666,8608.02842472,7799.708863706666,7609.865743333334,7359.140690213334,7350.101660560001,7448.428186666666,8679.665017493333,9343.82851352,7878.2914903733335,9202.027561546665,9210.677830693334,9417.02296472,8118.459709333334,8318.046485093335,7987.790037306667,8196.140143786666,7912.765625786666,8558.438107626665,8768.843590879998,8674.677544426666,8681.499442986666,8669.938720986665,8747.785267893336,7970.1053653066665,9007.157420053336,8851.201912666666,9326.725856613335,9226.70088032,8497.611467813334,8765.478661520001,8834.693326986666,9017.316858853334,8713.538884186666,9035.897146133335,8891.158162533335,8736.680842026664,8562.44767016,8391.327769386666,9795.40460216,9757.452394053335,9541.554249066665,9630.300986426666,10223.807628186667,10323.002569893335,9634.035139546666,9864.227956693334,9975.228410186666,9427.420467973336,8964.05355656,8713.3072796,8818.765055146665,8801.969284773335,8609.42021656,8180.131500826666,8426.075013653335,8303.79092328,8063.515255706666,7978.085764613334,7860.903225786666,7802.324409493333,7995.5400012,8392.15489776,8118.469439279999,7900.900503253334,7770.326805173334,7480.889768053335,7884.233360026667,7037.974387386666,6393.15726304,6516.905060586666,6467.814918346667,6127.741519946666,5635.429302026667,5479.9321651733335,5404.68369056,5507.423128426667,5070.476152986666,5114.34558704,5111.641309786667,5209.58896568,5271.03289488,4847.521523573333,4807.879442426667,4687.216108426667,4726.258554826667,4579.621275279999,4768.54616592,4323.832565893334,4258.57622032,4140.30038816,4367.040535013333,4281.821236213334,4047.9063924266666,3790.093847333333,3575.383827386667,3321.84228472,3512.724177973333,3456.416758,3287.3026608,2813.5889003733337,3250.580608293333,3522.857209626667,3143.33494768,3092.794055093333,3034.61426952,2731.619446,2798.01670576,2596.88896424,2751.7831172266665,2756.7792030933333,2784.56153112,2969.535487546667,2392.4639687466665,2794.13159408,2707.6689510666665,2582.4855853866666,2815.1300390666665,2704.4345893600002,2796.9474772,2809.3479317600004,3046.5917668800003,2809.9757068533336,2552.63269984,2469.8490809333334,2407.20561568,2341.5093141866664,3033.9117083466667,3009.2494117600004,3035.660162586667,3799.814562666667,3296.046514293333,2646.31024328,3214.140723706667,3185.79018888,2695.7435133333333,2572.3977258933332,2583.970474933333,2658.61444056,3458.373920106667,4229.43449272,3283.2666036533333,3526.3895468,4145.634946533333,4424.734812773334,4210.86033688,4341.5856492,4327.373854586667,4544.094681013334,4311.290678693333],