{"message":"Aggregated IX data for Dallas IX","data":{"nServiceId":null,"width":286,"jServiceId":null,"start":1497686700000,"end":1497772500000,"name":"Dallas IX","in_octets":[],"out_octets":[],"in_bps":[2249.60355,2075.0177085066666,2670.2718549866668,2910.07102184,3244.051941946667,2111.73523952,2680.64974696,2730.872398613333,1986.8370348266667,2693.1467324,2634.2478217333337,3054.145768133333,2621.6376655733334,1841.9156640533336,2516.0522379733334,2883.9947673066667,3553.50273896,3717.6446468266668,3520.8459107199997,3421.541320613333,3531.256327493333,3669.2496664,3572.271783466667,3651.790106693333,3189.050701546667,3304.7691109333327,3562.4121970133333,3826.0848316799998,3758.4392382399997,3585.296473306667,2807.748957893333,2384.6559137866666,2635.9487972800002,2490.59757104,2666.457808426667,2534.007423573333,2742.8349642133335,2213.710846533333,2286.1479105333333,1231.1869798399998,1453.0427144533335,2143.7208539733333,2027.03959016,2074.7273049333335,2057.6910499733335,2333.18496336,2425.96859344,1511.4361803733334,2176.3827315466665,2809.1311175466667,1818.4707797066665,1649.6580135733334,2577.4530130133335,3247.337560133333,3347.4952124266665,3410.98559504,2823.09301192,2285.19493456,3108.777854186667,2919.0922553066666,3619.689921146667,4196.05133312,4980.4344404799995,3954.2990289866666,3827.581530373333,3566.686313706667,3550.487117466667,3453.34506296,3602.81544208,3685.243197226667,3580.411894053333,3621.7057249866666,3639.734727066667,3915.5787624533327,3902.7783268266667,3924.245995973333,4166.92170336,4440.118569973333,2936.113455893333,2678.5609956,3224.88401248,3810.17046656,3164.298194373333,3131.4753508000003,2329.5056908533334,2686.7758568266663,2652.87884776,2553.580733946667,2152.0024035466668,2658.20868384,2620.93644552,2601.1974198133335,2164.5695271733334,2303.1466474666668,2320.0812928266664,2358.7436899733334,2374.3300597333337,2393.7009172266667,2417.5431358133337,2826.7446414666665,2895.930983733333,2966.976797813333,3108.3548412,3167.9937346133333,3109.1673830666673,3104.859885146667,3158.52859432,3118.573705546667,3163.5083882666668,3221.48943336,3077.187589333333,3171.3267911733333,3360.9046875733334,3266.99046296,3244.0503124266666,3067.022524053333,3063.202819493333,3044.53438688,3225.65080624,3000.9290247199997,2787.3576163733333,2741.68098632,2500.2951717600004,2156.30222648,2757.9251211733335,3595.5873108,2692.0185186666663,2295.8256891466667,2324.7348499466666,2268.533049973333,2290.8268130666665,2201.65987464,2236.9153571733336,2330.7387824533334,2884.743972266667,2166.199477386667,2584.9929790133333,3214.223369946667,2744.8364000799997,2832.8342052533335,2657.3863496266667,2480.3026846133334,2305.1982348,2230.90857664,3294.5232519466667,2377.1744101599998,3008.20782616,3718.422561546667,2650.1707814666665,2989.22468312,2668.6422006666667,3809.31120616,3151.2780183200002,3053.109303733333,4016.28915176,2522.72522864,2978.1766864,2936.346305066667,2688.1928907466663,3011.57266512,2427.9655217066666,2815.0526636533336,2967.307185466667,2899.368784026667,3018.109573946667,2860.3258507733335,2580.3301691466663,2519.813195973333,2404.7266324266666,2708.1486466399997,2427.48911456,2298.36437392,2966.468857546667,3031.54753752,3387.654816906667,2364.5366806666666,3183.590739706667,3807.71479232,2735.67101048,3176.30476528,3150.5440966399997,2972.837795226667,3936.145780133333,2912.536741546667,2339.5240113600003,2969.24187168,2528.8258336533336,2438.02488272,2749.7710126399998,2690.5770163733337,3153.256687493333,2994.159071226667,3017.0186005066666,3733.8562585333334,4241.543046213334,4568.203643546667,4387.076408346667,4327.725976986667,4232.635055946666,3772.4318776,3940.79298816,4708.656902826667,4541.15998208,4100.230102826667,4093.129938933333,3876.88988664,3528.851270933333,3242.594832346667,3882.0392132800002,3873.5780823466666,3891.6779911999997,4208.905267386667,4399.581600186666,4374.434475733334,4394.904461973333,3915.71263208,4162.35375264,4497.864228213333,4365.0568812266665,4361.33143568,4371.763729226666,4542.804963706667,4412.0062772,4371.57036296,4584.365558213333,4606.80849608,4628.374442693333,4366.5498032,4387.63505952,4308.273582826667,4211.068328933333,4554.030285066667,4658.424464,4664.4197504799995,4356.159857653332,4764.001742986667,4653.973814399999,4937.076541306667,4698.566866373333,4411.643072026666,4063.507415413333,4024.4586684,3863.634006906667,2766.1518595733332,3283.985184693333,3257.735280026667,3156.2203263200004,3231.556036693333,3087.940084773333,3109.492049653333,3158.08461496,3192.5651637866667,3143.03964512,3135.268285706667,3167.428204666667,3166.92953136,3100.942477733333,3043.6722846133334,2931.032414613333,2965.1386144266667,2990.3769705066666,2770.04681,2880.03061112,2988.27625184,2942.497012773333,2644.21740928,2772.0212321599997,2793.8333312266664,2770.4492965599998,2498.0338932533336,2634.2383431999997,2846.7898158933335,3350.842477066667,4131.342294213333,4121.523436133333,4101.45356584,4212.604184613333,4055.382646453333,3943.125090533333,4027.245573146667,4129.582734586667,3949.8996196,3915.443621066667,4466.08319048,4504.914212586667,4801.6733596],