{"message":"Aggregated IX data for Dallas IX","data":{"nServiceId":null,"width":285,"jServiceId":null,"start":1504181100000,"end":1504266900000,"name":"Dallas IX","in_octets":[],"out_octets":[],"in_bps":[3081.383846293333,3871.797499786667,2473.2372997866664,2974.486241226667,4211.203946106667,5258.969707306667,6440.925659386667,6321.850126293334,6242.917471866665,7473.115396613333,8719.12003432,8701.015570213334,9070.824166,9709.920086639999,9123.425669253334,9472.528452373335,9583.253140533334,9630.987023973335,8901.118909840001,9465.356941173333,9283.607715653334,6390.251158399999,7647.0542404,8122.586021013334,7835.321677226666,7849.860948293334,7907.539079306666,7345.847971333334,7410.76755496,7803.62412312,7240.4474808800005,7208.948789493334,7968.625525413334,6980.16803544,5934.6448085600005,7672.645188613334,7841.769166773333,8025.2285789066655,5393.2380980533335,6295.37596848,7595.397616826666,5789.6619170933345,7556.524278026666,8059.809864213334,8131.1908436,7339.4032316,8171.916731733335,6521.281520293334,7854.448000106667,7995.607352,8357.846520186666,8790.366445786665,6608.5346621066665,8510.25287592,7506.012172853333,7332.980561146666,8065.35131568,8680.09802528,6975.750849706666,7008.249345093334,7079.39821552,6876.861312586666,5942.562734293334,6683.6482209333335,6251.24584512,6098.595314986666,6523.014984453333,6134.1520858133335,6150.434704,6556.89187408,6484.440745866666,6551.000272533333,6576.618631866666,6558.783834053334,6342.63487344,6001.722823253334,6266.299436826665,6710.089161600001,6395.065176666666,6039.381574399999,5888.093084666666,5947.862649013333,6105.529697066667,6817.001305333334,6055.301100746666,6297.155152773334,6636.9215448,6008.76429904,5793.52560816,6034.551326666666,5697.789686720001,6181.12612424,6194.790544586666,5553.551573813334,5787.187168213334,6004.801818479999,6547.734272746666,5489.941734613332,6479.338797626666,7168.463290666666,7893.731389253334,5155.48343296,5693.616170506667,5373.349836133333,5846.8973886133335,6347.554837546666,5610.296347893333,5498.14255928,5778.38518048,6230.823573653333,5806.470500906666,5567.808004373333,5567.972095706667,5469.947764106667,5704.7564545333325,5612.009364533333,5608.783688906667,5698.741750506667,5468.63881776,5344.350420853333,5395.502285626667,5303.797093653333,5003.542279466667,6573.41849808,6232.565864693333,5990.752897653334,5812.959322453334,5949.874427653333,6077.488372266666,6051.895674453333,6128.677817413334,7285.176069973333,8550.422073173335,7773.119584693333,7917.80308272,7559.101552239999,7931.270618426666,7086.443493813334,7986.707965866666,6548.397761226666,5756.254262986667,7545.886882186666,8604.65706736,8797.011292,8022.431543680001,8356.869037226665,8536.90691216,8631.24528,8509.819839626665,8321.191517733334,8502.991704986665,7023.405926853334,6165.060027760001,6170.465047626666,6323.23157784,6748.94046792,6842.254193866665,5687.515327013333,6682.404785093334,7214.228226106667,6970.276854613334,6265.3246415466665,6202.872735013333,6093.858678746666,6005.717859493334,5734.419153093333,6076.890905786666,6234.911815573334,6286.304070373334,5785.736413226667,6864.153044133334,6135.852332426666,6124.499404906665,5943.6086118133335,5836.4519914933335,5682.155940586667,5259.514952266666,5638.45242584,5470.4937705600005,4804.330182106666,4903.036822373333,4713.919289333333,4453.798725146667,4574.372920293333,4524.674074,4118.556316346667,4037.896004,4085.984357173333,3906.4459894666666,3934.4249464,4305.205064293333,3988.774893146667,3991.367045333333,4456.3178940533335,4291.087689226667,4107.786532666667,4088.234438746667,3745.7734728,3747.9579538666667,3722.3835386399996,3677.364259306667,3353.116561893333,3444.936511066667,3526.6618800799997,3405.770696186667,3305.3330088800003,3089.361384186667,3053.4951592800003,3240.6374389333328,3176.35695184,3008.76306016,2606.04356144,2524.70883584,2486.5946487466663,2747.3660852266667,2761.852779866667,2684.23001832,2602.0517361866664,2713.2140994933334,2555.3095704533334,2599.8334812533335,2773.7142090933335,2695.8815443466665,2645.5806657066664,2386.6362466133332,2435.1157321066667,2748.8747928533335,2071.3912894933333,1943.1742661333335,1807.3475675466666,1838.65008896,1797.9043963733334,1762.5822809866665,1588.1588212266665,1497.99918936,1484.5585982133334,1457.0453322666667,1942.14664896,1998.9759311466664,1852.6977999466665,1853.0800123466665,1581.5750849866665,1486.2196806933334,1961.7173442133333,1950.1385526666666,1663.9038169333335,1536.1212308266665,1570.5622435466667,1553.57351552,1486.26125128,1519.726348,1784.6428366133334,1760.12712008,1872.1404395999998,1809.137154,1715.4307069866663,1704.0717260266667,1698.3114116266665,1838.4005950133335,1740.8379292,1929.6476379466665,1781.5926882133333,1837.74820224,1937.8355201333334,1881.3481455466667,1796.2354219200001,1880.5954750133335,1899.99400208,1786.13738648,1851.1379724,1657.4210121333335,1670.4272923733336,1666.9182019466664,1760.5762721600001,2003.0297385866666,2116.1784163466664,2991.275735626667,4062.9791337600004,4622.94784408,4294.822411333333,4784.720419813333,4918.420890106667,4939.422640666667,5057.74792192,5219.154052853333],