{"message":"Aggregated IX data for Dallas IX","data":{"nServiceId":null,"width":287,"jServiceId":null,"start":1503907500000,"end":1503993300000,"name":"Dallas IX","in_octets":[],"out_octets":[],"in_bps":[1300.6945304266665,1338.3211748800002,1311.2236745866667,1325.66436808,1236.5987816266666,1257.5027232,1369.0305561866664,1248.8801038666666,1203.0502177066664,1183.3030950666666,1149.9295467466666,1124.7106338666665,1169.1624525333336,1252.4897817866665,1331.6436957066664,1290.14136904,1248.9534644533335,1354.7484494666664,1324.30276336,1157.6069709066664,1242.8321225866666,1213.99097648,1240.2939204000002,1172.250326,1268.4624651466665,1271.7115371466666,1248.5525801600002,1168.5761211466665,1090.5971699466666,1132.1502775733336,1203.8401512266664,1214.5915686666665,1230.4970667466666,1232.7165701866666,1207.2867462933336,1271.4579209333333,1431.2041550666665,1357.2538672266664,1521.9087332000001,1492.4548617866667,1571.51781456,1956.1802588266667,1830.1500621333334,1649.4402187466667,1573.89859048,1666.6176888266666,1767.9954248266665,1886.6226364533334,1950.98431192,2008.6622322666667,2045.1891044000001,2287.6429368000004,3621.959497066667,3879.5441924266665,4022.549265413333,4585.304084986667,4885.265944613333,4839.090425306667,5015.996245253333,4988.18808256,5256.5171415466675,5663.217531253333,5758.117254693333,6118.4874824,5947.519132186667,6150.994892613334,6048.161082373334,6191.835738453334,9199.727213093334,8903.29201184,8508.338304666666,7486.5748276,8514.471904533335,7478.077238986667,7775.487641333334,8064.70751472,7809.460984533333,7718.924313093335,7756.321678106667,7896.109196560001,8022.337566533335,8353.621199013334,8513.309729173334,8871.1089656,6672.242730986667,6436.577407066667,7758.87797592,7369.384154906666,7039.372308399999,6937.902576826666,4590.772848266666,4363.765459066666,5390.906352906667,4096.973939706667,5423.364146773333,6039.385118720001,6193.4228801066665,5127.22726312,5488.699496293333,6175.1325949600005,6414.60670328,6431.417960746666,6284.163557093334,4896.66398912,4416.205190906667,6133.596176746666,6010.943516533333,5953.403429626666,6301.53589672,5603.657540933334,5406.06357976,6192.603831333334,4580.059169146666,5177.665000693332,4784.80592896,5261.061853813333,4238.986637893333,4840.881122906667,4977.505914826666,4802.573416506667,4658.84691424,4690.734369520001,5040.600884266666,4764.38862408,4624.7940996533325,4723.385336106667,4799.681565173333,4858.40766704,5027.621313946666,4343.625314506668,4688.61983592,4863.9185164,4974.088257439999,4304.351966560001,4684.67006912,4893.984085093333,4713.43233104,4962.645982319999,4692.388219733333,4167.382148053333,4959.582827786667,5094.638503066667,5007.156908906667,4997.250912133333,5029.315498693332,4151.66572712,4784.4442076000005,4794.8107731733335,4181.75909056,4524.535589333333,4835.870166986667,4724.955820933334,4952.939568693333,4497.448845226667,4389.70993584,4656.376413573333,4736.4059818666665,4936.918080693333,4578.955786826667,4692.561651066667,4504.714766986666,4503.066033786667,4709.657287653333,5102.16135552,4942.895092746667,4970.273988319999,5070.116161146667,4870.085445946666,4463.803609359999,4749.950205653333,5081.315231173333,4960.607733626667,4695.517809013333,4440.806911946666,4800.486272506667,4623.62243456,6306.577026533334,4880.7673022399995,5284.054740613333,6553.035513733334,5430.54666024,4736.273824293333,5997.65619088,6333.254430346667,5603.567045093333,5202.46400792,5203.182517866667,5638.024023626667,6919.429530986667,5724.127170666667,5849.018844026667,6430.170491973334,5532.140727706667,6396.446918666666,6884.869684666666,5378.592116773333,5531.0024972,6864.307002666666,5616.157848479999,5798.605925413334,6459.722134426666,6417.7141972,6433.485056826666,5603.3711387466665,7236.298993946666,7396.7427654133335,6399.006334906666,7147.323237546666,5623.08731184,5043.862204746667,5219.393576746667,5515.305329520001,6657.37637904,5440.905741680001,5380.28678352,5256.206926293333,5387.825463653333,5148.16559984,4841.5339047200005,4876.418710853333,4942.254434693333,5105.4578692,5176.829453973333,4819.448703813334,4564.580940666667,4769.4076497333335,4564.41337736,4551.49153216,4292.575608293333,4474.206115013333,4584.1340529066665,4380.1563808266665,4287.250255146667,4133.411449013333,4326.9249790133335,4367.939467439999,4086.336622666667,3990.0428308,4126.326587706667,4106.097881386667,4326.1004732,4316.69788232,4468.534516826667,4772.3700879200005,4813.33574688,4204.10950896,3685.217893893333,3571.8189873066667,3423.804095333333,3453.2704819200003,3563.17060808,3692.971606533333,3479.17683064,3255.637274,3529.722766826667,3394.937663466667,3304.7606777866667,3257.474621173333,3185.8896330133334,3123.962143413333,3151.3919443466666,2795.116084,2685.7934658933336,2576.6827396533336,2723.71086248,2549.3777741599997,2449.0730434133334,2681.05908008,2838.6452513866666,2779.5165470933334,2592.0046945333333,2159.3634746933335,2102.6137521333335,2229.8206984000003,2048.7825798933336,2440.877537093333,3304.4022346399997,2598.9451415999997,2430.6716074133333,2050.20715048,1825.8153680266666,2098.5803262133336,2228.751573493333,2255.66636288,2273.83532736,2110.56314432,1842.8932557066664],