{"message":"Aggregated IX data for Hong Kong IX","data":{"nServiceId":null,"width":263,"jServiceId":null,"start":1486137900000,"end":1486216500000,"name":"Hong Kong IX","in_octets":[],"out_octets":[],"in_bps":[3397.964633733333,3400.829237013333,3369.9190343466666,3361.035456266667,3375.1368597600003,3247.17676152,3245.738315733333,3245.581267066667,3228.00714896,3178.6574548000003,3275.6965417066667,3487.60399112,3272.975034533333,3143.9456631999997,3009.504298266667,2892.3632242666667,2871.607118613333,2845.7052696266664,2777.7499437066663,2693.29157816,2659.9385357333335,2625.0324099733334,2660.2124381066665,2444.9822888266663,2348.444829733334,2385.3425798133335,2219.2111584266668,2183.0263536266666,2177.7860748000003,2111.8289162666665,2140.1797004,1914.3487302933336,1926.33965432,1916.1681754133335,1846.6032138666665,1778.5362137866666,1787.9178526933333,1693.6643761866665,1646.0620288,1597.6502932,1528.2211589600001,1563.40903712,1547.0171796,1563.1567970666665,1585.6379313066666,1481.3194359733334,1593.6461443733335,1666.6413185066667,1686.8626082933336,1577.19158824,1693.3924984266664,1561.0719382933335,1504.6404629333333,1472.0583345066666,1400.4257189866664,1401.8855302933334,1390.8343478666666,1407.5138593066665,1467.9534486666664,1343.0380325066667,1337.1536992000001,1290.1579398133335,1340.4825332266664,1430.0839602133333,1489.9306267733336,1481.3972743466666,1516.5195035466666,1607.6493985333336,1562.1081543733335,1518.99647968,1534.5441522933336,1486.9485217333333,1618.9564183466666,1662.1509868,1758.4427238933333,1620.6248021600002,1723.3678626666665,1746.6043034666664,1754.7498872533333,1680.7038997333334,1516.1874290666667,1445.3027279466664,1504.1327181333334,1570.7638985866665,1551.29168504,1506.9272459733334,1545.9741302133334,1593.1991677866665,1544.6576668,1674.5509615466667,1610.5356173066666,1703.0443788,1685.11779104,1771.9168462133334,1789.8330402933336,1823.19538072,1819.96581896,1962.4521782133334,1950.0993172533333,2178.24074784,2200.4464822933337,2355.669518986667,2197.9442986933336,2220.48459264,2032.3290974133333,2133.29805064,2179.6182808533335,2232.1508121066668,2200.71282256,2328.9045238933336,2364.3401284266665,2268.40740992,2359.87287248,2295.607060613333,2446.01445576,2350.6251961066664,2290.6711482666665,2186.9609354133336,2145.6789208533337,2159.981510266666,2174.971641173334,2217.94770688,2259.9968581333333,2212.6241714933335,2269.0151832266665,2275.1288506666665,2308.8685794133335,2365.08244784,2402.8013971733335,2321.4026173066663,2358.6341592,2400.7948946133333,2340.3368516799997,2445.46899192,2421.4496683733337,2399.2611130933333,2383.324644,2431.20300632,2501.2883213333334,2496.8095532800003,2345.47273032,2419.46620536,2495.2839322666664,2366.4546434133335,2352.91129808,2286.8108419733335,2289.65940568,2462.4428082933337,2494.4572776799996,2393.338005466667,2436.6662192266663,2402.11631008,2386.0330638133337,2446.6317442933337,2576.7755731466664,2586.97457056,2621.9464450933333,2450.4762398933335,2509.951049946667,2458.6900092266665,2573.56272928,2529.4060141333334,2596.24402288,2545.7483249333336,2490.203795866667,2467.3495607733335,2618.6760433866666,2684.83430048,2582.783431866667,2881.8111883466663,2587.1071224266666,2614.133026346666,2502.33278544,2682.934711573333,2674.24606544,2752.6674248000004,2838.410119973333,2678.6741864533333,2586.5739976533337,2787.99150504,2727.6414976799997,2662.85758488,2808.4570010133334,2834.93964568,2803.27344816,2778.591481066667,2805.9504707733336,2622.139907093333,2675.9615950133334,2562.7252101333333,2763.4459815466666,2801.903597573333,2939.86747392,3027.8859510933335,2935.6759621866668,2850.1978601066667,3026.734239893333,2716.790945866667,2700.1012308266663,2670.1966991466666,2547.4707448533336,2590.0335677866665,2491.8602516799997,2580.5421072800004,2594.5994242933334,2631.97155032,2589.0011612533335,2573.49624016,2637.9866717066666,2690.0656402666664,2551.5467758933332,2606.1604056799997,2513.215826986667,2401.7385752533337,2385.0155314666667,2472.6628796533337,2397.74680624,2443.4346916266663,2568.4939774133336,2489.07283912,2450.2023664000003,2394.9543770666664,2298.446924613333,2273.5788589866665,2297.4598398666667,2318.7480510933333,2282.9610190666667,2350.863229493333,2472.9611322666665,2401.3681110666666,2357.87982784,2536.72786952,2371.67625008,2565.8079002133336,2638.7783497600003,2579.1541117866664,2668.3630442933336,2583.9869991466667,2515.463972,2543.22356888,2657.09165656,2862.17172456,2637.2767486933335,2488.734083866667,2512.2401546133333,2597.7006686933337,2572.0022378133335,2557.0135587199998,2775.2067910666665,2679.09417872,2853.4779683466663,2880.1279429866668,2910.310323386667,2991.272016373333,3030.443437013333,4931.431658933333,3808.185156586667,3574.3288996,3557.309974,3703.087764613333,3497.726097653333,4149.604870666667,3990.234806373333],