{"message":"Aggregated IX data for Hong Kong IX","data":{"nServiceId":null,"width":287,"jServiceId":null,"start":1504397100000,"end":1504482900000,"name":"Hong Kong IX","in_octets":[],"out_octets":[],"in_bps":[207.23582813333334,211.34924456,246.73666549333333,245.70900565333335,227.82479984,206.91565952000002,211.41897202666664,249.52262757333335,251.96637288,446.2694865866667,822.53662088,643.7248675466666,663.1048992000001,683.79089888,696.2337776533334,763.7397442133333,723.8296177866666,772.0970503733333,791.68143648,835.79487088,815.27853208,769.5989613333334,837.2076965599999,752.20754232,647.1610184266666,292.6066198933333,299.7373472,282.23677488,287.6356147733334,290.0418247733333,336.8779228,333.27209901333333,337.3227108266667,339.1846998666667,307.60457104,318.02996,417.42441717333327,363.17245112,325.9500340266667,444.0516105333333,442.9583768266667,443.4529437333333,354.7192500266667,334.0017731466667,302.5604227733333,308.4020789333333,329.32182330666666,320.27882152,323.57535186666667,348.68837186666667,372.61467437333334,346.29849592,339.2786980533333,336.87938632,315.9380222933333,320.31286839999996,372.6532033866667,318.13362874666666,325.0201422133333,359.71921224,361.1573517866667,340.7661333866667,346.17645837333333,415.76682392000004,355.1484553066667,349.88028744,345.8162634666667,356.61980781333335,332.5715936,330.43864448,345.17751176,341.4741491466667,357.42664882666674,1412.6523453333334,879.0169096266666,933.2105722933334,952.1083522933334,898.8438698666665,756.4968008,575.74793216,838.5095858133334,824.4310464533335,671.19653992,459.75357248,483.31584429333327,357.3174499733333,473.24524738666673,492.81943512,354.9209579733333,351.1689385066667,332.50726632,337.36880831999997,346.5279066133333,340.8064373333333,330.7863713333333,336.39760104000004,348.36458792,434.69523608,335.74649464,350.92671296,347.2482860266667,343.9600103466667,369.99040949333335,367.73706794666674,345.33550512,338.76339088,342.60436794666674,346.1211487733333,363.93301149333337,347.50340248000003,761.4346187733335,384.5565526133333,931.3962223200001,919.4231847466666,964.7747287999999,1001.1822563733334,663.88326512,354.42466736,324.89761504,700.6569922133334,1045.65352304,898.1358702933334,329.8854256,361.1257314666667,343.5110619466667,335.39618160000003,666.1721102133333,806.8840216266666,970.27111344,1107.4452456,749.4394133866666,701.22109552,802.0979366666666,775.54602976,333.08142525333335,330.75142992,408.30941528,482.30710634666667,340.0914368533333,344.7485193866667,334.5008265333333,340.93717583999995,337.8689169333333,327.1914755466667,328.10744239999997,334.3209214666667,368.0211906666667,508.8194740266667,370.90211568,385.4880944266667,431.39455448,323.79208770666673,334.52959624,340.55042632,682.4710416533334,1489.2660860266667,1441.20196952,1452.0977562933335,1444.3759224,1170.37103488,924.9917930933335,856.2301788266666,884.6806188533335,720.2304468,784.8174065333334,748.8188401333333,763.28097984,824.4424212266666,470.2893734666667,404.26185845333333,397.5063041866667,387.8888622133333,408.83918832,775.3038887466666,1274.6971484800001,1350.2353489333334,1006.4304073333335,791.651086,731.0446823999999,462.1188467466667,391.9035028533333,386.63809951999997,385.95252808,405.8422731466667,427.79362192,372.79213536000003,421.41194125333334,452.11740744,419.50318288,395.2928259733333,368.6109732266667,360.84242832,454.0174887733333,367.80785642666666,347.68601616,353.82123669333333,479.1999492,455.05790487999997,461.79186536000003,416.8442370133333,344.6653717333333,385.65949408,450.50873088,423.1500668266667,471.47838368,452.6014162933333,413.2008504533333,406.25222976,425.93509736,638.4898441066665,670.99234576,526.1143432266667,508.2713048533333,484.3783990933333,343.6205837866667,333.8037211733333,564.5881206399999,390.68744050666663,320.0549505866667,264.5316238666666,253.8136896,259.16926749333334,227.55788856,216.44173408,212.32184797333335,426.0102200266667,211.52470416,211.68862722666665,214.88381941333336,221.66754797333337,198.49031317333333,192.52083138666666,190.08498501333335,191.49353072,185.91598282666666,212.76842186666664,174.76687,170.80862344,175.24087005333334,164.9383576,172.77401576,168.71131448,158.06840786666663,163.81224831999998,159.2709188,152.95591584000002,150.21575826666665,145.94571029333335,143.58984901333335,156.75317754666665,140.17874392,146.03310304,153.62139058666665,142.40111498666664,135.04370912000002,138.14552576,148.27400272,143.58342026666665,140.30991789333333,138.71013202666663,145.59051,141.98209309333333,154.80933976,137.6843564,141.45607384000002,146.22231645333335,145.56959205333334,147.82398909333332,186.47473319999997,190.81433575999998,193.08901016,160.07364229333336,151.94743357333334,149.33422781333334,158.96751565333332,168.10777154666664,179.39265370666664,176.24867501333335,166.07032042666665,169.23879725333333,186.69132437333334,187.92838794666665,175.54993816,183.65919232,185.39586306666666,193.37195997333336,192.32091631999998],