{"message":"Aggregated IX data for Hong Kong IX","data":{"nServiceId":null,"width":274,"jServiceId":null,"start":1481814000000,"end":1481896500000,"name":"Hong Kong IX","in_octets":[],"out_octets":[],"in_bps":[2317.4915433066662,2381.3951669866665,2290.1837694933333,2334.069002933333,2038.6217705333336,2009.7958548533334,2138.5450193333336,2305.1379990133332,2273.8393068,2268.0576655466666,2290.7243570933333,2181.59804864,2121.04119112,2052.69468456,1775.46707024,1761.75212792,1718.2478967733337,1666.1033007733336,1657.2590788266666,1629.9166412533334,1538.5795954666664,1538.54509272,1717.9885410133336,1746.0768763733336,1799.1394239733334,1833.8003354933333,1616.55156448,1526.9956949066666,1420.10504472,1326.70429576,1333.7510905866666,1346.76708848,1319.8152286666666,1305.5317411199999,1262.0264496533334,1231.1115072266664,1329.1362226400001,1418.638528,1381.05775064,1262.15123352,1221.2560016533334,1214.2210457333333,1198.5327482933335,1178.0512676533335,1126.5573190133337,1140.9210776266666,1117.1415029866664,1082.2965118133336,1032.89122464,1022.8293465066665,898.3535586933334,843.4801012533335,862.3873535466665,857.7886706666665,857.6117681333335,875.0890529866666,865.0958580533334,849.4026108533335,880.4016358666665,874.5646556266665,863.9797731466665,822.6072870133335,808.9913106933334,822.7907902666665,802.55959608,786.2657992000001,810.2611681066666,857.91277344,777.1698130133333,733.5611786666666,686.6222357066666,682.12671144,699.9347366133334,753.2062933066666,767.9079649866667,818.32248912,710.7208236533335,740.6031316,730.4083676533335,813.0196933066666,813.9958207466666,799.0856652,807.96008792,860.0018350666666,879.8030735466665,856.3574343466665,869.7325357866665,852.0968388533335,839.1231165333335,818.0071993066666,858.8316945866666,863.26483648,862.4042218133334,899.9463185866666,935.3730255199999,882.74263896,912.1474221066666,914.2905976799999,943.2664048266666,1003.4032970666666,1030.30555248,1002.2520374666666,1022.4121187733334,1061.3155785066665,1044.3879420800001,1108.4188626933335,1163.4106402133334,1145.3192949333334,1139.3277548800002,1242.3972056533335,1286.7971841600001,1389.7820447466668,1346.8560574933333,1444.6674200799998,1484.3694244266665,1467.7212405866667,1577.2008694933334,1557.6775896266665,1610.97412424,1616.9965422933335,1588.11425288,1718.1588119466664,1775.01903624,1839.6972889866665,1921.9948009066666,1998.2544670133336,1767.1416438933334,1811.4063439733334,2063.2704344533336,1831.45935024,1866.4228023199998,1770.2227936,1738.62520856,1645.9162564266665,1888.8707620799998,2131.7252346933333,2247.8300226666665,2077.4630917599998,1940.8804706933333,1971.08821704,1905.2138442933335,1786.5482544000001,1929.25825224,2057.0882915733337,1884.8226547733336,1946.7477865866665,1834.7312443733335,2234.5819201333334,2009.7206149866665,2204.0039052800003,2244.76763536,2002.04866608,1994.4489804,2050.72292832,1911.6580544266665,1862.5912477866666,1803.8929221866665,1891.84534448,2028.9427871733335,1955.0634665333334,2063.2342262666666,2217.8550062133336,2213.2694489866667,2544.2997064,2243.89743808,2191.1855521866664,2123.6285648800003,2026.0746047466666,2031.7697865333334,2025.5336660799999,2030.7164137866666,2081.4518721866666,2185.8469720533335,2190.1372861333334,2157.6777401866666,2128.4167380533336,2049.70766352,2231.2509822933334,2233.9061262133337,2143.0527448,2248.31392496,2547.2571437600004,2255.9863089866667,2224.88587248,2485.6132432,2279.752490133333,2161.6719792533336,2400.3953239733332,2611.4330196533338,2408.56694496,2113.2255204533335,2086.7253715733336,1998.2115314666664,2070.0602345866664,2011.00962184,2141.6465109066667,2052.8073241333336,2155.26028288,2081.2881274133333,2049.1008594666664,1968.5580201066666,2033.3275761866664,2107.057320693333,2276.74656672,2268.66729016,2166.99003544,2181.3547876266666,2068.9406644266664,1992.9080125599999,2033.20889384,1883.0699324266666,1972.4811605866666,2103.2705280533337,2026.2915985333336,1947.3940334400002,1987.6777509866665,1918.24246904,1889.0015178933334,1905.3830328,1903.5775791199999,1735.9452650933335,1774.4224782933336,1802.8271895466667,1823.8239026400001,1991.9128706400002,1927.7789989333335,1961.5956261333336,1878.8678662666666,1897.5616100533334,1896.5378319200001,1824.1061002933336,1837.84946976,1828.0968649866663,1865.0968245333336,1811.1129349866665,1762.7508790133336,1744.10859672,1790.7228388533335,1831.85713584,1832.25469928,1870.7395329066665,1720.4385693333336,1699.7113087733335,1760.6600973599998,1678.1122468266667,1555.8262957333334,1627.8464433066665,1748.1627771733333,1577.3129976533335,1665.9414634933332,1671.8580864533333,1763.72331504,1782.7073657333333,1840.5598297866666,1823.43916784,1834.9024669333335,1881.01783256,1944.7257126933334,1929.3315358933335,1922.6899639733333,1970.4627902666666,1965.5911928,1984.9672136,1859.3837089866665,1817.7135561333334,1690.8379698133335,1730.10920144,1763.81173816,1692.8684353866665,1639.8787421066666,1724.04711264,1806.5625352266663,1944.14429792,2089.8391109333334],