{"message":"Aggregated IX data for Hong Kong IX","data":{"nServiceId":null,"width":287,"jServiceId":null,"start":1491091500000,"end":1491177300000,"name":"Hong Kong IX","in_octets":[],"out_octets":[],"in_bps":[214.62207525333332,208.90002719999998,217.94313149333334,196.11398005333334,191.61180338666665,195.33184557333334,179.59999191999998,193.97741048,213.29209192,204.37980938666666,213.27474877333333,210.50538565333335,202.63594178666665,202.20938304,213.73513749333333,204.85341922666666,195.6619804,245.52643389333335,252.30195949333333,303.4212514666667,278.9612695733333,383.2639137866667,1366.54479672,1475.3658882933335,936.5770325599999,361.05472429333327,266.59595557333336,248.56635287999998,362.35811861333326,1387.7735556,1646.8889893066666,997.1502798933334,422.5508248266667,276.18562170666667,283.8200768533334,258.33262728,301.3078086933333,284.04492258666664,279.7180556266667,244.49017528,271.65342594666663,270.14586362666665,301.93699706666666,311.81678168,311.5663399733333,318.85388437333336,261.10222242666663,248.20167501333336,261.80467221333333,248.88690765333334,273.38927616,382.19763288,433.5854801333333,349.4204572266667,279.65325458666666,277.43200776,274.5815852266666,259.4904892,280.42167658666665,272.77173877333337,293.3382965333333,250.37398016,257.68947922666666,253.24433231999998,243.14105602666663,246.22897709333333,275.82103704,281.41966589333333,273.0018103466666,282.5694941333333,252.77384034666667,260.87592893333334,319.9784448533333,282.77138325333334,310.1035256,321.46788104,324.02930816,309.4553315466667,295.94824962666667,315.8877628533333,326.0446665866667,299.1865633333333,294.5734190133333,309.7242875733333,344.2099043466667,335.52505616,322.4835111733333,331.57388896,334.20223368,342.5981813066667,298.09402,264.77460242666666,292.02713781333335,301.27937248,313.89554016000005,322.3535266933333,326.87030568,328.85696816,370.1710430933333,352.41801925333334,335.3244885066667,362.09318416,344.6756832533333,307.24037183999997,389.22537821333333,365.2841611733333,389.42242680000004,367.01475616000005,375.00667989333334,372.49705983999996,319.0600780266667,304.22198824000003,326.93734448000004,315.91575066666667,274.32965586666666,274.8912512266666,287.49554784,320.29736749333335,294.43875744,298.6955583733333,290.78610480000003,258.35828928,265.7492420533333,234.35948613333335,271.70872792,248.58122504,254.28766061333334,249.0869616,245.92483525333333,270.03302994666666,289.5373701333333,321.03049237333335,301.96263856,314.15548536,272.6546616,300.4933670933333,296.2818292266667,312.3823569866667,327.2391241866667,340.80488992,310.4207097866667,328.71236301333334,333.8076783733333,325.4515550666667,337.9979854666667,327.32003618666664,348.0347697866667,332.0833894133333,395.7340325333333,336.5455328266667,275.99696005333334,283.49710805333336,273.55502392,289.9756162666667,294.0642334133333,325.7032616533333,326.0724770933333,378.1873194666667,337.5446827466667,270.32422877333335,322.25535272,437.6260956533333,327.8370909866667,304.0284639466667,299.7167009066667,315.43494096,318.84748472,318.7042996533333,314.4302870133333,325.24528256,337.2158793333333,339.0758750933333,346.28701576,359.4632433866667,358.26822344,367.33079752,377.02208786666665,397.6393605333333,387.1406537333333,379.1218071733333,430.2483362133333,371.9051097866667,367.6665798133333,399.0497657866667,420.7984301066667,375.2562854666667,379.49826525333333,376.5131864,411.106212,401.75233749333336,412.86589925333334,447.37139362666665,324.3500720533333,350.7559397866667,330.44411216000003,339.93653981333335,333.78323408,309.8204262133333,312.5105741333333,361.6606143466667,396.2924463466667,373.6058050933333,390.5896692,378.04471344,361.43389306666666,310.60785554666666,321.16811173333326,309.7527732533333,292.0846711466667,302.69944807999997,299.67594768,307.12776632,282.2121084266667,270.9837016,284.57293437333334,237.25667072,257.8080892,218.69459674666666,232.16724397333337,219.26489917333333,234.11455653333334,265.21869016,223.25326552,200.12097328000002,193.67801354666665,191.79901784,251.86342328,226.11372328,222.64134976,202.96831402666663,174.22369573333336,196.69487546666667,167.31482658666664,178.54775141333334,163.41398426666666,198.01259994666665,162.35428634666667,174.11683584,178.58729810666665,192.33818890666666,199.74316261333334,180.76010909333334,180.40568032,190.22438698666664,189.24214474666667,209.67960344,194.3920652,202.60274856,189.12881392,176.84843093333333,193.71498341333336,185.32661626666666,182.65722792,205.06695589333336,197.45930586666665,196.28762840000002,190.26020557333337,195.43823901333334,217.91926618666668,199.12439888,206.48002861333333,223.20173984000002,230.95028205333335,217.34743898666665,217.95034861333335,227.05673354666666,244.27985687999998,238.95720853333333,230.31829626666666,232.06,251.38978597333335,241.96479864,278.8146780266666,289.56043432,276.0662273066667,266.87389458666667,222.44655218666668,210.91051554666666,233.60455973333336,245.08521146666666,239.00043191999998,265.10175088,236.60303722666666,241.22754370666664,261.32107514666666,266.35650885333337,244.4876292],