{"message":"Aggregated IX data for Hong Kong IX","data":{"nServiceId":null,"width":215,"jServiceId":null,"start":1487707500000,"end":1487771700000,"name":"Hong Kong IX","in_octets":[],"out_octets":[],"in_bps":[1024.1354484,1024.5045207733335,1034.5336641333333,975.1875483733335,1013.4006629066665,944.3533392,1024.73974472,967.1037559733335,1018.9821049066666,938.5058858933335,935.9739398933334,919.5671553066666,984.14119488,880.8319340533334,943.1112776533334,999.90022672,977.8427142133335,992.2236109866666,1022.95143776,1086.2572161866665,1059.4550066133334,1005.7058043999999,1093.0951578933334,1081.5538847733335,1065.24434376,990.3009778933334,1035.49764408,1035.5753736533334,1071.64567424,1114.7184101333335,1102.3330626133334,1201.8934282933335,1233.0356136533335,1205.3993596533335,1252.6405998133334,1302.6534677333334,1213.0711165866667,1227.7692689066664,1250.60565536,1311.0675737866666,1324.7544254666664,1349.02386576,1297.4079853866665,1162.1645681066666,1264.7918123466666,1243.1784705333334,1233.8558789866665,1271.0135361333334,1269.9121820799999,1367.5239850666667,1497.1463999733332,1360.0771077866666,1349.5469034666664,1348.16901936,1326.26532536,1396.1705172266666,1566.0388246133334,1536.7288285333336,1664.3994636,1657.3669836266665,1673.0750731199998,1709.0444096533333,1615.53991208,1641.2186520799999,1667.95475152,1742.6674926666665,1661.2295297599999,1641.68778928,1573.7043625066667,1717.4645616266666,1689.5549401066667,1630.6741273066666,1797.4584361066666,1822.7224765866665,1783.2578677333333,1660.7052789866664,1724.9231046666664,1710.79578968,1765.0825006666664,1671.4754162133333,1785.4527109333335,1720.1188066133334,1693.72871544,1666.2000249866664,1737.3582852,1676.1527389066666,1759.6807209066665,1847.0878676,1858.7333899733333,1810.5543129866664,1810.5990257333333,1854.8071431733333,1960.0275237333333,1907.837486,1932.8748529333334,1914.6758117866666,1871.2737870666665,1816.8450262666668,1820.2206465333336,1880.35680056,1899.2946464533334,2065.3003335999997,2075.5932207466667,1926.0307349866664,1886.3591885333335,1932.8526449066665,2010.0796465866665,2148.1205133066665,2388.8509135733334,2152.3659444,2167.4632412266665,2018.7357501600002,2124.38151584,2061.61130384,2153.4627947466665,1874.3818974133335,2021.8314195466667,2034.3491866933334,2126.53980192,2069.27362304,2188.3162457333337,1961.8849669866665,2128.0043425866666,2192.7100756533337,2232.862140986667,2134.09765776,2230.5652629866668,2275.352731093333,2455.863723093333,2265.758632346666,2790.14292464,2838.4251467199997,2694.1087981866663,2548.2557811733336,2469.0170939466666,2579.0237058133334,2553.1196641866663,2534.6694856533336,2449.938868133333,2501.1720559466667,2469.4611055466667,2458.9656858666667,2555.3460867733334,2659.82360736,2912.295114666667,2927.8708900533334,2672.0722855733334,2603.7199833866666,2617.211475493333,2349.3166918133334,1965.1561313866666,1941.2816610933335,1958.5786367733335,2058.2241967733335,1978.15606104,1975.9067294400002,1815.1918619466664,1809.5581985866665,1906.6674685599999,1811.9433474666664,2191.8341299466665,1836.82315248,1818.7241734133333,1772.4802314400001,1771.2385708,2042.5098636533335,2157.84008832,2046.0255438666666,2476.54714112,2389.93731608,2175.45441832,1959.3623358933335,1984.3593483466666,2105.6461575999997,2063.633349973333,2299.17406872,3323.9076669866668,2344.7350797866666,4394.196090666667,7265.95672296,5947.745881973334,4886.669716693333,3756.010736373333,4604.71290744,5188.917780106666,7048.46181816,4022.627936213333,3400.093935573333,3164.4390044266665,6103.729733706666,9111.244935093335,7988.16945512,6917.1995808,4527.9834181333335,5643.595085173333,5157.863180133333,5667.828861866667,6279.7990472266665,7172.506756346666,6989.012405173334,7154.088401733334,6027.56475808,5816.57428808,7284.653514986667,5964.175513573334,4676.254107333333,5028.852189439999,5391.243770746667,4802.877457813333,5000.418024746667,4325.207720666667,5363.493170826667,4988.936674693333,6976.653476186667,7162.1141015466665],"out_bps":[1023.030586,1020.3143006133334,1030.5930855466665,972.9365480533334,1018.2794458933334,928.7814094933335,1053.0815199733336,942.2950161333334,1001.68350752,927.9038928266666,932.3370449866666,904.48728048,982.3783957066665,874.19670296,948.7346975466666,990.6476891733334,984.5231430133334,985.1160555466665,1010.3362777866665,1098.0599330933335,1063.2591158133334,1001.51180088,1071.7357454133335,1063.8695112266666,1071.5523790666666,976.9001518133334,1027.6022896533334,1032.11255112,1059.79232568,1093.4501087466667,1097.1607048266667,1201.5489132,1234.93472344,1215.6572679466665,1244.8565294933333,1282.1207335466665,1227.7508858666665,1226.41927824,1236.00658912,1308.5337326400002,1310.4087163466666,1335.8613394933334,1290.0862365599999,1163.96662904,1274.7233426666664,1235.8331062133334,1242.39178256,1267.97457704,1285.0428705866666,1356.53988728,1485.76074128,1366.3569976533333,1333.44607808,1361.4386717866666,1340.63540984,1393.6273412799999,1565.962194,1554.2683265333335,1666.8323550933335,1658.67036,1669.3631856533334,1709.5718426933333,1631.98322584,1633.2169546933335,1674.2980917866666,1739.8820507733335,1646.3247624,1647.8159990133336,1557.05250624,1727.8441850133336,1668.74326144,1645.4594045866666,1793.4106712799999,1848.3086272799999,1776.5770850933334,1639.0492279466664,1742.7896509333334,1711.4243636533333,1772.56599992,1650.7371946933333,1786.1172897866666,1714.9479472266664,1692.9110496533335,1660.57107744,1731.7767849333334,1681.3700459200002,1752.5451277866666,1895.24192216,1797.5172373599999,1778.6298670133335,1806.1143550133336,1848.9068237333333,1964.9009144000001,1898.4015290933335,1936.8669063733334,1912.7652238133335,1860.2754542666667,1842.0419738933335,1809.8105683733334,1858.4694486666665,1902.8258935466665,2065.84840624,2067.3454187733337,1939.697662,1880.9025092533334,1934.22497352,2015.9000189333333,2141.03985936,2403.25615944,2159.513381386667,2161.354803466667,2004.1318764533335,2138.0598348533335,2087.0086939733333,2111.5009488533333,1897.05274,1991.32325904,2059.200501253333,2108.4074844,2078.8639557333336,2178.8869255733334,1965.8738817333333,2135.4933717066665,2196.7017484000003,2209.4091891466664,2140.7844419733333,2204.4154662666665,2270.8367029066667,2457.3328382933337,2241.0486633333335,2784.9187629866665,2798.07507224,2702.267723066667,2547.16195488,2462.0019180266668,2593.4776366399997,2592.9789397600002,2541.100572906667,2454.8666957333335,2520.1494927466665,2471.0093474933333,2473.5013406666667,2550.76470248,2675.82146184,2876.6761865333333,2938.9278811733334,2681.2918979733336,2617.5799773333333,2636.3825124,2350.761494133333,1976.4082237333334,1945.03074904,1962.5917365333335,2071.2613663733337,1968.0628620533334,1973.8309246133335,1831.29216096,1807.0381546933334,1909.3865128,1818.1048499466665,2188.23894064,1820.6185409333334,1814.4328637866665,1782.44255024,1769.4160451466664,2051.2394529866665,2150.3927680799998,2064.09264176,2458.1882441066664,2401.3961615999997,2145.8615289866666,1971.0706170666665,1983.1358159200001,2106.64139616,2062.74310568,2329.33186424,3325.7383909866667,2326.81648344,4536.586983306667,7239.525585066666,5818.533398506666,4943.710238933333,3723.687604,4641.337400853334,5170.99682736,7059.066024586666,4038.09876944,3390.680723013333,3157.25913096,6074.87564216,9343.120080053335,7855.409158026667,6933.079410693334,4524.936017946667,5666.406546533332,5064.756383786666,5873.86882904,6198.335085199999,7196.2482334666665,6980.01724768,7159.986429813333,6062.159057600001,5771.178825866666,7366.5459538666655,5919.706701413334,4655.216040346667,5043.953903146667,5388.527140640001,4837.428880560001,4954.441956133333,4329.47156112,5357.715367946666,4985.321217573332,7066.914143546666,7212.251894346667],"in_packets":[],"out_packets":[],"in_errors":[],"out_errors":[]}}