{"message":"Aggregated IX data for Hong Kong IX","data":{"nServiceId":null,"width":285,"jServiceId":null,"start":1497686700000,"end":1497771900000,"name":"Hong Kong IX","in_octets":[],"out_octets":[],"in_bps":[618.2391497866666,699.5843890133333,685.92847912,731.8312141333333,346.88378821333333,184.72997477333334,205.36374402666664,183.07598701333336,182.20878152,169.21126405333334,164.00797624,159.64434637333335,165.38038005333334,171.04305970666664,314.19923728,720.7248225066667,714.17084312,689.6280174666666,524.3851058399999,614.8258518133334,694.5760820266667,696.3978295466666,530.8610600533333,836.5073392,581.0955130133333,829.87778432,700.18916544,647.6564556000001,647.0410834133335,640.5073989066666,672.12113824,827.9334318933335,569.0735741066667,844.36388272,684.95601576,792.7951450933334,560.4111641066667,228.10067282666665,584.0189135466666,963.76466072,404.9106167466667,541.5424609333332,967.6340346666665,1001.2510640266665,901.1971531466666,950.1251569866665,850.1562592533335,783.9757154666665,1005.1780090666666,1092.8206404,903.2195401333335,1023.87932568,1130.0176982933335,969.5364698133334,832.8859867733335,967.3055139466666,829.2857969333334,901.7310266666665,1112.3596974666664,940.4168434400001,1145.3405124266665,1173.2113580799999,1059.0499769066664,1095.4008522933336,945.3907044266666,953.64898712,815.1319894933334,972.6277240266666,907.6076126133335,685.2052561866666,768.0849814933333,897.47230528,856.68058712,868.4648966133335,791.0669530399999,907.46145976,754.2498458133334,694.7800474933333,696.3110891466666,681.8568674933333,714.6089069066667,712.7123645866666,732.65126688,821.2463218666666,648.5187647466666,711.0642049866667,617.4919546933334,479.1960404533333,657.3860574933334,673.3237871466666,522.1243721333333,501.27414,571.5739386933333,426.19901880000003,542.849778,526.15343336,508.62648192,446.28672768,487.6819198133333,443.98966304000004,447.47605149333333,391.81430624,411.89729768,439.30171413333335,417.45179493333336,429.4856448,443.04039008,415.9501555466667,409.83418093333336,373.8721181066667,375.3730176533333,389.9989814666667,362.1308354133333,343.76749133333334,350.03977127999997,371.0069842933333,352.25847493333333,312.63011192,363.18737501333334,306.7285788533333,333.700746,280.69102154666666,249.35004143999998,245.73995088,282.41331461333334,272.09884904,256.01192968,256.52112424,247.24185834666667,276.9090092266666,246.58588101333336,248.075008,244.88811405333334,238.02011445333335,213.21073309333335,229.55265325333332,203.24602626666666,232.00165432,229.22045525333334,209.35895424,201.80592245333335,239.25672840000001,266.40539544,244.32376749333335,272.0549461333333,263.68821018666665,279.49355469333335,234.39869858666665,256.55042914666666,239.58244989333335,318.6567202933333,196.49171226666664,238.39386453333333,259.00820741333337,236.91726965333334,258.32103784000003,301.5042804533333,314.44307016000005,298.9872616266667,339.6823056533333,304.32634496,295.91652437333335,348.05609128,319.3351786133333,316.5859738933333,299.1699100533333,364.74694168,330.54652736,419.80897706666667,275.77559922666666,454.65017336,418.75282576,448.69843498666665,477.0825957866667,478.77544983999996,543.3480335466668,482.35812648,219.16791888,104.31706578666666,173.03391021333334,140.87287232,196.63759541333334,202.064336,163.97881882666664,171.34546304,176.85333816,193.89292064,194.54131245333335,199.61104181333334,163.87272434666667,123.83100738666666,157.33979285333336,469.1319563466667,280.24606573333335,669.4519364,665.9150114400001,772.4855658666667,665.5734962933334,591.5377136000001,194.28592821333334,294.2164756533333,421.5785837333333,303.80997650666666,626.8916068,707.9394212799999,749.0875438133334,741.2518981866666,797.5236745599999,724.70981472,864.8629231733335,870.2576245333335,627.7820609333334,261.8707428266666,806.3670116799999,690.2529839466666,813.59124752,664.3167436266667,400.8634559466667,548.9836489066666,673.5523548,687.59482768,725.4429672,816.8209046666665,768.9150286133333,769.30486808,812.67961744,827.6952965333335,804.9366888266666,266.8129830666667,360.48797813333334,472.52157186666665,390.98871850666666,262.99537234666667,250.98637821333332,408.8218668,528.5512054666667,260.23548933333336,296.7149723466667,257.90044368,315.4095926133333,336.3146254666667,280.33024938666665,265.4160729866667,264.87167293333334,354.6740054933333,278.02124824000003,282.82594250666665,279.79290144,306.76385504,335.7411709066667,336.66011056,302.75067327999994,299.3746992266667,296.7857446933333,267.4404043733333,284.22272176,274.84023378666666,288.09732488,291.45363152,267.28230362666665,295.5712693866667,274.63173024,275.54446341333335,224.10544919999998,641.1563605333334,790.2701122666666,398.7075079733333,643.5076626933334,836.2401292533334,826.1830171466665,930.8611863733335,836.68778856,748.5215944533334,798.1410019466666,676.5839038400001,724.3843422133334,668.8838704533334,830.0712397333334,843.01974304,842.1414449866666,704.6763935733334,851.19378608,731.7424072533333,805.3969530933335,845.71014152],