{"message":"Aggregated IX data for Hong Kong IX","data":{"nServiceId":null,"width":287,"jServiceId":null,"start":1500883500000,"end":1500969300000,"name":"Hong Kong IX","in_octets":[],"out_octets":[],"in_bps":[657.02496912,644.8222526666666,1229.6858922666665,1399.3588173066667,812.7055995733334,845.3262191466665,842.9340196533334,756.1992038666667,807.4226956533334,751.1368088266665,788.2155370133333,849.44876448,873.3300912799999,851.6288406133334,773.1349376000001,687.5129971733334,760.48626912,773.0170727466667,736.60468976,721.9850363200001,769.8845059466666,735.7658126133333,763.4869938666667,785.6930566133334,806.8489887200001,757.2745057866666,782.0098982133334,907.9856712266666,1005.3781220533334,567.43931816,693.65219688,634.1970680533334,643.7122376266667,619.3027070933333,833.9838835466664,597.2426234133334,639.3585552533333,833.4207559199999,803.6337751466665,613.6887960266666,551.9762855733333,639.9726834933333,776.9355252533334,466.51347536000003,442.7201659466667,473.36231480000004,431.7268417866667,417.8681193866667,528.2125695733333,475.8957035466667,418.0572225333333,478.73417818666667,580.6399992266665,647.77874848,719.9357060533334,805.6861944533335,683.9658177333333,717.5721400266666,691.6512083733334,459.3824248266667,458.7485848,559.8087265866667,630.9596824533334,668.43922168,675.0587548533333,711.4560281866666,953.8434904266666,957.6919638133334,774.6946757866666,667.5790189066666,660.29724656,653.3912977866667,662.4388395466666,632.0556080800001,770.3713377066666,725.5245738666666,741.1612026666667,742.5504114133334,637.5569751466667,599.4915917066666,728.2336676,718.31758088,698.08391936,733.2611679733334,707.5669321866666,683.7267277333334,700.3373388,669.9762166133333,673.7678623466666,743.2916425333334,676.69656696,592.5868499733334,637.3857727999999,684.6561088533333,747.9820222133334,626.0353524533334,577.17114624,597.49392976,589.7913458400001,568.21560656,574.82463872,542.8620121066667,519.2884257333333,523.1890698933333,522.88808752,511.58948645333334,528.57249032,499.21654775999997,489.9867878933333,456.2347782933333,513.6895394666667,525.4256428,478.44318624,522.3921415466667,543.5701788,511.81581013333334,487.0266269333333,500.80344560000003,473.5991484,481.70636549333335,425.98931018666667,429.35476605333326,471.16705936,428.69094168,392.1498949333333,384.4889830133333,389.2123177333333,371.6997637066667,346.50329226666673,316.82461824,324.34920175999997,354.30617584,299.0348660533333,300.68861239999995,330.0223616533333,297.61676208,304.8300011733333,273.30853664,264.63749144,263.39322192,262.84694336,268.95598082666663,402.63374128,371.7830348266667,359.5479582133333,362.8279128533333,369.2020432266667,368.48976498666667,364.34766269333335,372.01435181333335,337.3195593066667,349.85600426666673,347.92733562666666,320.92040039999995,337.01635392000003,313.87560184,291.48694413333334,300.2029758933333,270.44833368,339.22095207999996,336.9736718666667,320.9250385066667,344.80042893333336,340.3215562133333,333.7965622666667,360.8455399466667,333.2908884533333,343.66125368,349.1427511733333,343.14933216000003,397.83171357333333,386.45446706666667,373.49858704,390.4281176,418.05018512,417.4935526133333,422.12558992000004,439.9750654933333,474.39070192,428.7629825333333,426.1010548266667,473.0317896533333,448.2113165866667,482.69372416000004,406.7313742666667,339.2338648,356.3363390933333,379.5800451466667,339.42285376,372.77479136,352.23234173333327,368.8700441866667,364.58356119999996,372.44953018666666,383.92147104000003,391.8344434133333,396.7413726133333,450.95181704000004,496.6485931466667,423.9181822133333,503.41232706666665,450.2760251466667,471.78117144,554.8013374666667,611.7313122133334,646.1639436533334,723.9754226133333,912.2387813333335,809.9800507733335,708.85444128,625.61050144,617.6037009600001,684.3726704533334,638.2538807999999,671.1188414933333,655.7116525333334,741.5068094666666,712.1730389066666,721.3006507466666,739.4133366933333,782.6379105599999,742.8016291466666,728.60794576,780.0853921333334,951.4289084,769.7487760800001,684.5621079733334,731.8910711733334,667.17670424,577.3096228533334,922.61228416,656.6520564266666,754.9403062933334,816.2693892533334,717.8520547466667,483.6199191466667,467.4960737333333,543.5802141066666,500.60574458666673,622.3175992533334,469.43658944,557.60623272,642.33475424,678.4472195466666,751.9620416,684.62020624,691.61452984,615.2115823466665,1026.8681661333335,892.5986334666666,586.32141816,741.4191414133334,690.95526624,499.73025746666667,505.2956418933333,515.7606021066667,465.2836302933333,477.1030032533333,889.5452443733335,671.6097501866666,667.6373655466666,690.0165557866667,654.3869660266666,562.2832558133333,602.4202420800001,663.6052462933334,843.6638653866665,792.2661407200001,722.7888650666666,684.5826995733333,784.60588376,706.47297672,658.95823088,727.8665757333333,756.4350014133335,757.5056976533334,751.9852156799999,714.3832059199999,678.6631856533335,781.0407116,714.8844731466667,635.51761368,763.1871374666666,832.6901554666666,710.2278223733333,733.0581351466667,722.6176924533333],