{"message":"Aggregated IX data for Hong Kong IX","data":{"nServiceId":null,"width":287,"jServiceId":null,"start":1502021100000,"end":1502106900000,"name":"Hong Kong IX","in_octets":[],"out_octets":[],"in_bps":[556.67146144,494.2452736,442.7002810133333,654.71998056,925.35202992,778.2679624266666,608.1836043733333,600.384694,590.2703932266666,593.386376,788.0314647466666,802.8038533866666,650.18562712,715.8433515199999,626.3914913333334,584.1172407466667,634.8722774133334,629.0449066933334,636.86905616,613.2282867733335,616.0700821066665,601.8573471466666,638.5438482933334,655.1373482666667,588.0922070933334,581.8641434133334,630.8179136,664.64246752,666.2050799733333,612.9644901066665,572.9065231733333,669.9183823733333,602.7345106933334,652.0919623200001,655.0174551733334,685.1106683200001,683.4719482933334,720.2177629333333,639.6398056533334,625.3219970399999,643.8895660266667,636.5523514133334,582.6772456533334,560.9018264,572.2974228266667,634.3838573866667,647.6362581066666,603.0138485866665,561.2588451466667,594.36327808,590.87476136,568.3106015733333,575.7990904,553.06593336,537.31542312,524.5701987733333,610.0296287466666,586.6825209866666,547.7243113866666,539.1946914666667,522.4758151999999,553.0509030133334,521.9506176533333,558.0341716533333,600.7859121066666,591.8281153333334,584.2495703200001,531.97179088,528.0981902133333,467.72442266666667,481.66272792,451.28917168,410.83317816000005,466.3464282933333,473.11353232,474.68097248000004,457.01476712,410.54122336,383.4845960533333,377.1622410133333,409.6176868266667,345.4635189333333,363.8626958933333,348.81824837333335,344.26464050666664,352.5216780266667,341.98299192,414.09533781333334,312.1412450933333,358.45877045333333,279.68520330666666,312.77469104,274.81885968,299.29731592,350.43538384,293.5287668533333,320.39302365333333,286.11220152,294.73808016000004,291.20612133333333,316.3646594666667,325.2289613333333,301.25681106666667,255.01475218666667,264.85086624,268.5334487466667,339.40603637333334,324.33354751999997,358.4999740266667,329.74314024,332.0170827466667,320.14563706666667,332.7656997866667,299.6054893333333,305.52447624,334.22278648,289.78079104,345.8036618666667,503.1419726133333,336.7793152,333.4716075466667,360.5630177866667,336.41517095999995,341.0027361066667,374.16432645333333,379.0109009866667,432.8766093333333,457.9924288266667,441.83986183999997,454.62201583999996,393.0098785333333,395.0351999733333,446.3605256533333,481.47552952,491.96355210666667,415.02079480000003,510.96026661333326,565.06747128,493.9188773066667,506.2508097866667,531.5410995733333,507.35391456,498.58463826666673,498.54500048,617.99980088,519.2951763466667,550.0531240533332,555.4343607466667,540.1201196799999,673.7299994933334,529.5557486133333,607.0183309866667,587.3936047999999,556.95376064,537.05005776,505.0810171466667,569.2167205866667,459.98291032,432.8695521866667,428.4104926133333,500.77158298666666,508.6317239733333,445.8351420266667,459.04650986666667,551.0795587466666,661.8912901599999,714.0255923466666,625.7617295733334,620.6328485866666,586.6238051733334,597.7599719466666,518.1776300266667,523.0826043999999,515.6121161866666,553.6327143999999,484.4140151466667,562.7336493333332,596.2938113866667,604.2717803466666,1011.9928456,813.6027194666666,534.0570432,524.85812504,586.4261336266667,930.4755200533334,885.8372652266665,935.8971393333335,719.1718374400001,604.7005663733333,646.9752961333334,732.8252778133334,774.9055207466666,858.2421302133334,944.0006100533334,887.12720832,802.7812251466665,704.5682599466666,651.8271867466667,664.81896104,850.3156891466665,966.5497152533335,899.6748763733334,766.1581453333333,867.3939214933334,697.98155848,554.4834901866667,667.9676258933334,852.397352,851.6292025866666,744.2483050933333,937.838948,820.1569959733334,733.0915312533333,601.8779387466667,780.9878922400001,548.3114237066667,572.0623102666666,613.538596,812.66593552,639.1175786666666,859.6621385333334,820.3023269866666,834.9988146133335,711.5575884533333,643.57168888,692.6982838666667,600.9335792266666,618.17118952,734.6212077066666,557.0392088,575.6939661866667,560.30232216,547.3823566666667,566.654194,551.60778944,524.7172749599999,588.3763428,562.82308608,583.2644027466666,707.66923592,650.4831275466667,636.5250013333334,689.1842845333334,647.2906803999999,691.8542541066665,646.5976547466666,683.8955878400001,682.5221375466666,586.95478296,789.5294787733334,732.36543984,818.2970109600001,627.93856216,728.0815908266666,880.9538889066665,716.1719700533334,853.1453594133334,642.4394852533334,671.9551935733334,635.475948,873.3405412000001,700.7015163466666,645.93059784,568.04130848,658.270706,592.70033128,624.6125276533335,636.27624472,556.9087801066667,577.5605583733334,737.51231416,691.4153244533334,713.3344467200001,719.1117941333333,897.9133557333334,556.8840307466667,554.2613739733333,586.3377121066666,444.50185392000003,847.5873806666665,703.0398532533334,547.6803998666667,559.8242216266667,539.3754382133334,556.2847016000001,733.9459918666666,1029.5096293066665],