{"message":"Aggregated IX data for Hong Kong IX","data":{"nServiceId":null,"width":287,"jServiceId":null,"start":1474934700000,"end":1475020500000,"name":"Hong Kong IX","in_octets":[],"out_octets":[],"in_bps":[1396.3322276,1491.79926176,1488.8720992533333,1458.41174264,1531.6334902133333,1464.97424968,1514.3549428800002,1493.8437972266665,1508.7092892533333,1497.7262597866666,1517.5034942666666,1584.2764864266665,1582.0854419466664,1596.9834729866664,1691.61103864,1630.9395826133334,1647.1405596533334,1687.1799504533333,1593.57546232,1780.7586590933336,1719.2916899733334,1653.02623408,1732.99163712,1694.5116222133333,1701.7766789333334,1688.16053952,1699.4240458133336,1699.4007672533332,1679.3638476533333,1783.4096768533334,1703.8838109066664,1636.0227068533334,1661.9934500266666,1847.6210565066667,1915.7398122666666,1947.3575285066668,2034.6474062666666,2092.2058323466667,2115.7353531466665,2041.01769648,1998.4507221600002,1871.4804073866665,2108.2142945066666,2112.41441408,2087.1115200266668,2180.089386693334,1978.1695574666664,1881.13688624,1884.7768077866667,1705.2874920533336,1737.37270592,1769.9768555466667,1645.2117088,1539.1272506133334,1633.1648909333335,1572.1270608266666,1597.33515768,1628.4176692533333,1722.3288894666664,1781.7347774666664,1771.8505074666664,1663.1680241333333,1759.1255564,1671.740246,1703.37294712,1577.5323186133335,1704.5123747999999,1607.0141844000002,1658.9574454933334,1693.8086573333335,1643.3510718933335,1878.0233945066666,1690.8635050133335,1623.4027255733336,1696.5673819466665,1619.5020529600001,1583.8201355733336,1758.6602153866666,1623.61103944,1670.4752765066667,1646.85275688,1766.8525196533335,1629.0485405866666,1588.87139352,1690.6592615466666,1869.64566456,1676.3085701866664,1729.8213353333335,1676.5132462666666,1671.3873285066666,1634.8106729333333,1743.1415951733334,1757.7838163466665,1616.0579219466665,1637.5523629333334,1651.3090474133335,1631.3551048,1750.4313402133334,1693.09423624,1633.2872114133334,1715.2991768266666,2257.86205552,2149.9174296,2214.2534659733333,2121.48592952,2172.7650045866667,2183.824188,2248.1010581066666,1941.94711984,1711.451674,1666.2291420533336,1684.643386,1674.1403687466666,1735.2612546933333,1726.8040242666666,1664.9596034133335,1665.92819016,1677.3275203199998,1605.3697517066664,1621.9897422133333,1647.39818632,1641.1235107733335,1537.7596768800001,1587.8192145333335,1579.2776093333334,1594.9493649066665,1549.3799927733335,1490.5238026933334,1637.13904904,1549.5058793066667,1708.6125864800001,1593.88272168,1634.1076421066666,1613.7608769066665,1697.1095248266665,1713.9838001333335,1626.7457557866667,1524.8209484533334,1619.1467527733334,1638.98868552,1664.3467160266666,1873.2297275733335,1595.6671254933333,1658.7471926133335,1785.8025652266665,1857.2334909333333,2053.75137792,2215.6782089866665,2382.9060668800003,2370.52334784,2306.2426489866666,2063.206869973333,1856.3927303466667,2394.4841796533337,1846.24870352,1737.33655624,1803.3487569066665,1740.3616453333334,1844.6223249066666,1773.9125302933335,1717.0253761866666,1791.9848838666665,1728.791506,1763.2030822133333,1781.7009952533333,1959.7337597066664,1783.66630544,1759.9209873066666,1862.4312950666665,1806.2002185866666,2252.758458,1982.24060128,1832.6033598666666,1658.1810299200001,1737.3390953333335,1702.8104901600002,1720.5067135733334,1642.2259161066665,1630.9187634133334,1680.2335458666666,1664.3395834666665,1654.6733987733335,1660.09868592,1678.9184340266665,1707.8972570399999,1672.5637112,1645.68158256,1604.48561144,1575.78802456,1542.7642567733335,1511.14810352,1464.5200567733336,1541.3444690666665,1523.1029198133335,1501.57802576,1478.3452194933334,1430.8517210933335,1514.82738808,1554.4530416533335,1456.9987949066665,1420.4113856,1456.3664476266665,1450.8649775466665,1423.5188930933334,1431.40393264,1416.3226561866666,1410.1919081066665,1444.5699696,1447.0662777866667,1360.9215792266664,1315.5812783733334,1288.7210029333335,1276.21681928,1308.8940983733335,1324.5378944266665,1423.8781085333335,1402.0765303466667,1250.2434705599999,1207.9040925333336,1210.6083072000001,1213.0959976533334,1140.0984546666666,1091.5765411466666,1080.6955581866664,1037.3775581866666,998.5699922133335,979.9673756,1033.7720962933333,1040.3293354933335,1052.0328564266665,1016.9648042933334,984.4476165066666,1006.9683066133334,951.5540039733335,958.4289169066665,829.5513465333335,837.4926945066666,860.9320490399999,848.6794173066667,926.1586087733334,891.9589408533335,913.4656125333335,1040.29150168,993.08576112,972.2785789066666,965.1191872266666,929.6957972,862.2456382400001,838.6367073866666,886.1561042933334,861.00565192,853.1298666666665,884.88608472,879.6974041333334,896.6937458133334,871.1977545066666,845.2500723733334,851.0482611733335,890.1113642933334,881.7937924266666,907.3932603733334,914.9049869066665,958.3549727999999,968.9001116533334,1053.9147310133335,1077.26892928,1082.2952478933335,1023.3290845333335,1087.8085749066665,1082.6413035466667,967.3728527466666,974.0750073866666,1034.0848816,1007.7910746666665,1040.7617640266665,1059.77883672,1000.84676936,957.27696824,1058.9209650666667,1084.9926637333333,1128.49430928,1108.7917940266666,1196.5709210666666,1166.9246568533335,1178.0110394666665,1203.43441,1159.1844816266666],