{"message":"Aggregated IX data for Hong Kong IX","data":{"nServiceId":null,"width":215,"jServiceId":null,"start":1504987500000,"end":1505051700000,"name":"Hong Kong IX","in_octets":[],"out_octets":[],"in_bps":[27.4225728,23.32345616,29.658577920000003,37.37539741333333,25.612820986666666,25.95712072,32.394069146666666,27.779511386666666,36.31870506666667,32.0446672,11.222313146666666,5.276915226666667,11.305946746666667,18.563168533333336,49.68796674666667,48.140272,72.06433845333333,53.293533493333335,51.93975133333333,55.31293709333333,55.70067026666666,60.94980368,71.25665146666667,68.53964261333334,61.644369653333335,78.43563653333334,78.56283906666667,88.50185101333335,77.63398965333333,89.72705917333334,77.51727250666666,82.84160504,108.10648922666665,102.36882109333335,106.93183285333333,105.21219384,92.46846437333335,143.09985458666665,104.81068986666666,136.47683781333333,157.21856648,181.240342,141.56347533333334,157.75007653333333,135.28025552,155.96706677333333,159.88671970666664,136.60952544,165.55907634666667,203.313706,228.95025647999998,211.62530312,248.46185850666666,268.6085283466666,196.05356829333334,190.94052525333333,260.15322104,173.85262677333333,194.82168658666663,220.48220586666665,222.21132338666666,296.33183048,353.5380292533333,277.5997828,296.72827784,290.93591864,316.85551912,378.9385168266667,294.5967037333333,326.7616149066667,293.1843785866667,313.27246560000003,220.99849736000002,297.56430637333335,264.74577450666663,316.90054085333327,270.59473037333333,320.25579319999997,246.08338088,272.62963792,332.8280850666667,344.55562352,352.8438134133333,235.8067472,285.50480522666663,321.5809952266667,207.31943773333336,404.47200096,315.14548592,423.20221949333336,443.00799930666665,379.7568600266667,292.5480155466667,384.21940528,465.9188117066667,534.7035088266667,454.6135161866667,396.8405214933333,356.0850824533333,406.48188845333334,358.3405118933333,460.11912232,396.20689250666663,431.1373549333333,274.45106448,202.84742781333333,320.66116328,290.57614250666666,268.54733709333334,319.73729136000003,278.22407458666663,242.84434202666665,262.05757752,233.12924653333334,244.31973685333335,196.40386818666667,242.75766610666665,222.76707741333337,197.21011949333334,242.85482248,189.22196269333335,210.10676162666667,197.21210698666664,168.5747744,189.733988,225.85957805333334,226.63396717333336,185.52843394666667,187.70125570666664,194.52505733333334,238.44390424000002,162.65726464,212.73905496,165.07758936000002,184.20694834666665,217.02372706666665,142.70306989333335,163.44986461333335,176.58765904,155.72765312,182.89905392,202.08522205333335,168.59835730666666,153.52055008000002,193.83843168,254.37594645333334,248.78228117333336,187.51740437333333,172.77759138666664,181.37727213333335,166.23693882666666,219.93754157333336,210.45629362666668,220.3484024,227.28363125333334,154.64857522666665,184.19186717333335,236.20638264,270.90098472000005,185.26240285333336,312.1013978666667,232.12421144,239.80331488,249.33306314666663,291.68580352,359.2066814133333,312.09255906666664,334.4547169066667,204.84333301333336,297.4558625066667,312.26759973333327,294.64626632,292.4535099733333,392.5170125866667,252.13476047999998,287.7538721866667,324.0005418133333,252.21371168000002,276.77585029333335,305.7693108,254.98254082666665,409.29286613333335,329.99796578666667,250.13447208000002,333.1017878933333,259.35409216,262.86929282666665,307.46243224,281.10144706666665,304.18728026666673,305.5295561333333,170.35471842666664,304.4658613333333,259.7193519466667,264.53698237333333,231.96414141333335,249.06886413333336,280.99131472000005,60.797936,23.093124133333333,206.77677165333333,200.72150066666666,219.9762652,222.63768488,119.75423928000001,19.809021066666666,184.77499557333334,68.66659930666665,39.674006506666665,320.7361885066667,316.5376057066667,314.81759,330.98066592000004,318.1181728,291.8761242666667],"out_bps":[28.476605493333334,24.192248346666663,30.462454559999998,37.92915026666667,26.233179066666665,26.837169626666665,33.149638960000004,28.976713973333332,36.73357053333333,33.23808272,11.59296784,5.543971173333333,12.042501333333334,19.302585653333335,50.20141136,48.38100024,72.71539245333334,53.64549370666667,52.08291210666667,55.723785333333325,56.31482842666667,61.00610037333333,71.74600597333334,67.77255757333334,65.42834298666666,79.58139741333333,79.07761792000001,89.38746488,78.85696530666665,90.78527685333334,77.46257053333333,83.31417959999999,110.09773685333334,104.02057186666666,106.75586154666665,106.06533709333335,93.68458610666666,144.42657184,106.17515973333335,138.16757962666665,157.8573584,184.04718896,141.60595010666665,156.65660613333336,137.09555237333333,156.86348098666664,160.34340008,136.75097344,168.31179544,203.86518464,227.27716530666663,211.92231408,244.21979784,269.9143245866666,198.10908024,190.55035101333334,261.11015485333337,174.10854485333334,196.00344397333336,220.29120834666665,222.76089349333333,295.93828717333326,359.0594803466667,278.72290394666663,297.02858832,293.8494793333333,319.56059357333334,379.64714096,297.43393549333337,328.2776941866667,292.9498313866667,315.25487152,224.44365429333334,297.72737151999996,267.68269096,319.80056861333327,271.10379922666664,322.49728064,249.04196109333333,274.5244267466667,335.53606544,347.34190728,354.05065744,236.34574757333334,286.95772378666663,319.60628727999995,208.29275602666664,407.51290976,314.3179426133333,427.01694544,446.05103445333333,381.26496162666666,294.5474623466667,385.18277130666667,475.19052698666667,537.2275544533333,458.9311184,394.16745336,357.75740813333334,407.6535725866667,357.12724727999995,454.22251674666666,397.30298632,433.47050296,277.08124309333334,206.24767813333335,321.5514991733333,293.3610442933333,268.18434250666667,319.31376832,280.45727,247.18339077333334,263.87173613333334,234.08325736,245.75017352,196.75387146666668,249.02404528,227.18109632,199.38381802666663,245.17404749333335,192.90103408000002,212.60395608000002,199.58637525333333,174.44216693333334,193.46002738666667,228.29190141333336,229.51492250666666,190.82191069333336,190.48457624,198.34678722666666,240.28777616,168.63849792,215.72055840000002,167.08764975999998,188.01735847999998,221.34275530666665,144.87780730666665,164.01500746666667,179.83101962666666,159.33427850666666,187.93610890666668,206.01846229333336,173.73435749333333,157.93829226666665,197.34900728,258.78976757333334,250.66089912,189.21281898666666,175.37598781333332,184.53217898666665,168.31870056,221.02420869333335,210.18300978666667,222.0761908,227.75414725333334,156.40506021333334,188.36399232,237.96522445333335,272.30864584,186.73222301333334,312.8406037066667,238.5734652,243.13025125333334,256.25615392,294.8349761333333,362.68846549333335,319.6787828266667,335.29964448000004,211.04634261333334,298.54480861333326,316.56421661333326,300.38387413333334,298.35680917333326,392.1696785333333,252.63183447999998,288.8522582133333,327.2555189066667,256.51071824,280.025144,307.3517370133333,255.23503296,409.3951098133333,330.8808532533333,249.21636885333336,336.837306,259.18946421333334,268.9237338666667,311.6524253333333,283.19758528,308.03262032,307.0651567733333,174.11708202666665,305.64479512,261.98051743999997,266.8720948266666,234.44693613333337,250.83026784,281.09600754666667,62.00072709333334,23.39089029333333,206.9117852,203.35296602666665,221.75498184,226.95803925333334,121.24502573333335,19.12975024,186.69505093333333,69.51442634666667,41.97482853333333,320.8139197066667,321.87459207999996,314.2958500533333,335.8186497066667,321.9291504266667,293.6237139466667],"in_packets":[],"out_packets":[],"in_errors":[],"out_errors":[]}}