{"message":"Aggregated IX data for Hong Kong IX","data":{"nServiceId":null,"width":234,"jServiceId":null,"start":1484677800000,"end":1484747700000,"name":"Hong Kong IX","in_octets":[],"out_octets":[],"in_bps":[2009.49188,1942.1678254400001,1981.32489576,1939.9176426400002,1975.9009729866664,1996.4651838133336,1727.7071548800002,1836.8630521333334,1819.8589528,1730.6399672266664,1681.88033744,1632.64225672,1669.0536093866665,1648.9758905333335,1606.23893064,1643.6978460799999,1611.9912876800001,1573.0764132533334,1547.6565013866666,1655.36933,1494.0281890133335,1463.6595031466666,1530.36356696,1509.0614625066667,1568.9308235466667,1486.79244728,1466.6811871199998,1535.8851346666665,1365.8003991733335,1286.3300509066664,1279.6711939733334,1306.0792022133335,1220.6429920533335,1239.6249621066665,1246.2504054933333,1230.9090900533336,1302.6346808533335,1319.2188600533336,1312.2981801066667,1307.0548595999999,1333.8180423466665,1373.1732927466667,1405.7143929066665,1407.7723919466664,1331.9098310133336,1476.0719716533333,1489.3118616533334,1443.7426021866665,1487.25852048,1390.7319190666667,1406.22820624,1371.8244413866666,1426.6123604266666,1467.7260782933336,1569.7963497066664,1617.4354870666666,1716.0166069333334,1719.2456393333334,1705.3486297066665,1694.6776221066666,1663.88632936,1678.5675100533335,1651.0198963466667,1602.3123940533335,1621.0627616266665,1664.2371458666667,1741.4572644533334,1765.4563131466666,1783.9366604533334,1881.6959649333335,1809.3130903733334,1880.4761344533333,1921.3610349866665,1961.5530850133337,1997.9810427466666,1989.8470321066666,2025.9798796533335,2014.19484984,2006.05777072,2050.03820008,2157.390201413333,2003.0535356266666,1973.2371289066666,1877.49442864,1894.98990272,1947.2143307200001,1944.9599786666665,1921.4783644000001,2005.6177496266666,2042.4537588266667,1953.5392453066665,1958.2449494933333,1954.1454168,2038.4685547733336,2089.79024488,2043.2757079466664,1986.21439304,2011.36803424,2071.1570822933336,2153.0380298133337,2112.80918768,2397.92580184,2238.3307906666664,2156.5304141066667,2045.9061104533334,2013.2383070399999,1998.8270310133335,2005.7484431466664,2136.6712754666664,1888.3229139466664,1815.01085624,1788.9803148266667,1949.3442375733334,2184.7260867466666,2150.2036811999997,2134.5613549600002,2160.0317679733334,2348.11763328,2292.507580586667,2366.4813443733333,2272.5596596533337,2147.651013973333,2120.4384432,2105.1789538666667,2104.46707552,2095.7747831733336,2122.98799056,2151.232946506667,2142.44853304,2067.150514,2086.344688,2218.8951669866665,2149.385203866667,2101.8045361333334,2136.2283995466664,2223.8423253333335,2227.38637992,2289.8005809333335,2202.59729576,2188.9878696533337,2339.6579229866666,2504.8039160266667,2347.7420443466663,2378.97705944,2293.39627256,2382.1099722933336,2353.33520664,2414.62467752,2402.777749573333,2333.981361466667,2205.5228044533333,2321.428531306666,2320.2828348533335,2229.380446986667,2357.3175546133334,2202.357401386667,2231.51029104,2246.143196026667,2287.9720921333333,2303.05871944,2275.45372464,2290.537670426667,2333.3659959466668,2229.8570248266665,2280.79364464,2256.7691038133335,2220.7451530666667,2224.3737153066663,2436.3619561866667,2170.0559917066666,2004.19577744,2200.1988385333334,2245.6051588266664,2178.2144625866667,2188.8748485866668,2252.907431466667,2271.4831164,2182.545423733334,2287.0438415733333,2205.4332686133334,2168.9609565066667,2184.8357804,2221.9743045333335,2231.8790392533338,2209.9862525866665,2233.0794621866667,2223.007369013333,2037.4155998933334,2101.5286318666667,2034.79186128,2037.66486304,2067.593088453333,2049.5929539733334,2165.565033386667,2162.161837786666,2168.0462488533335,2293.542047066667,2392.868738,2363.9538356,2343.9706595733333,2406.38298416,2303.4473651999997,2317.2524880266665,2227.5152097600003,2225.5733532,2291.135463173334,2218.5002326933336,2390.578651946667,2277.7523211466664,2306.0571062933336,2391.2687926666663,2495.2613551199997,2587.5690273866667,2684.72857848,2663.27390208,2646.6006544800002,2890.9509918666668,2781.0964359466666,2797.5441638933335,2888.402984826667,2713.2292536799996,2785.0111458133333,2805.9632238933336,2805.131136586667,2803.7266946933337,2849.75996248,2873.92073208,2972.0228406933334,2962.6384371733334,3026.404520266667,2955.556537813333,2980.4748325066666,3171.0127132,3177.7756896],