{"message":"Aggregated IX data for Hong Kong IX","data":{"nServiceId":null,"width":287,"jServiceId":null,"start":1495670700000,"end":1495756500000,"name":"Hong Kong IX","in_octets":[],"out_octets":[],"in_bps":[320.01931888,325.1870865333333,333.8448346933333,345.95476584,295.86233056,292.4942913333333,286.45616168,432.6592719466667,322.3886652266667,299.28589157333334,319.45617981333334,311.4805945333333,413.5215462133333,711.3038020800001,630.8488029333334,479.6901327733333,426.60648938666674,220.28716994666667,360.2313822933333,345.65518773333326,860.3479150666666,214.28542088,416.69239183999997,346.5776980266667,424.34847368,683.7256569066666,160.97728968,170.79754047999998,176.09847418666666,179.70761338666665,186.58219962666666,179.47837328,164.82424840000002,170.16624919999998,157.93430749333334,156.00875941333337,171.20537013333336,154.58620773333334,163.89501853333334,169.03304645333336,183.85565026666666,169.68930477333333,176.79768058666664,188.65138184,171.07050693333335,209.73495674666668,208.12172866666666,182.70299189333335,233.27301765333334,205.85078810666664,179.96388919999998,196.51252898666664,159.33766384,176.26486730666664,166.71076256,170.18820122666665,168.3348212,188.52924634666667,210.54085146666668,232.33911538666666,261.93810362666665,291.41659704,238.60770909333334,307.05751576,194.11824805333333,196.99867063999997,181.52705047999999,181.75199632,183.69394474666666,169.87789592,173.71800557333336,167.51784704,174.76197512000002,217.68059522666667,478.9224257333333,518.8282378133333,542.4698532533333,439.1213051466667,509.6867693066667,484.32913368,422.08546362666664,242.43775498666665,276.76867072000005,322.9170850933333,287.66653005333336,244.22340122666665,263.6540661066667,315.2765629866667,487.21094304,321.5571353866667,253.79753354666664,266.36206269333337,208.46610253333333,249.70199488,256.82266943999997,190.73119237333333,229.67457565333333,248.39686994666667,199.53619701333335,185.33711584,225.47892426666664,244.44964834666666,235.25949216,214.41653109333333,255.51731074666668,252.45748840000002,236.88461053333333,258.69011128,311.23260037333336,366.3393126133333,392.9320688266667,266.59879405333334,380.9326123733333,287.3125081066667,251.12814984,242.10497053333333,248.08576232,220.065456,247.62405768000002,256.82945416,217.67826485333336,265.75445589333333,240.262502,252.13584730666665,206.10243826666664,259.23694464,206.04097901333336,270.17120130666666,235.37354552000002,176.08062925333334,230.12992210666664,217.50257144,234.42787429333336,221.78983312,320.39129624000003,266.93880805333333,301.1433549066667,312.41810128,307.49133895999995,253.67960256,199.51811298666664,196.80110896000002,208.94742189333334,213.53392458666664,205.17976253333333,201.52123277333334,193.28085461333333,196.80383247999998,207.46343298666665,201.34151730666665,207.61930408,324.5818302666667,262.59621397333336,261.1806943733333,281.83690096,230.75001498666666,265.3433816,230.79186144,215.75896549333333,206.46371426666664,230.55668554666664,225.74952666666667,262.66871112,257.0959516533333,455.4181369866667,428.4230216533333,323.1110994933333,209.48295032,250.60342496,217.48037229333335,225.50282152,258.71020768,235.86446338666664,231.6965964,241.96956226666666,199.10717685333336,221.53917442666665,234.06985402666663,213.02762653333332,249.52656517333335,295.4181003466667,254.74455791999998,240.30660725333334,210.39369101333335,233.49684645333335,230.60602005333334,268.05612736,296.1152443733333,272.27213584,271.16517104,320.90282624,249.27003957333335,223.17019976,284.01518224,344.52424893333335,338.50119744,351.31000613333333,323.8518205333333,268.6001562133334,308.6914351733333,327.9922411733333,262.2634885333333,281.1406113066667,287.39234114666664,262.84945728,332.6321382133333,194.65137202666665,253.29820362666666,285.9999826133334,256.39194373333333,205.46020098666665,305.49369018666664,196.4719896,275.14380088,218.99058037333333,270.9105952533333,402.36178637333336,149.58371656,150.83915885333334,166.61494690666666,125.67013312,115.49611213333334,126.25331784000001,124.34915893333334,124.41481376,112.27102584000001,136.82692413333336,135.1436624,145.37313597333335,128.91332330666665,130.17978528,128.95952562666665,125.04486765333336,123.20799818666666,123.73092234666665,132.79287056,146.58565930666666,129.07967474666665,126.22310333333334,139.62755186666664,133.5504788,120.54181704000001,139.00235664,129.00894061333335,126.68754018666665,160.01568061333333,133.75615864,141.58811909333335,148.378366,146.64029325333334,138.92340856,140.43448157333336,164.89076421333334,146.80760536000003,143.81441568,163.4399764,170.00796717333336,160.50310768,167.05366013333335,187.12501976,191.35325629333335,174.55751016,190.31498663999997,189.82526986666664,175.46337594666664,200.13679205333335,185.98059096,217.3652316,184.86415418666667,217.49388293333334,221.47784786666665,212.95881336000002,208.11415189333334,213.12847722666666,251.37472296,234.57840485333335,245.45651647999998,230.79695824,244.60768242666666,254.36190909333334,248.36826349333333,239.26077848,265.8316588,253.34086549333335,237.98864421333334,260.42759093333336,284.7859906933333],