{"message":"Aggregated IX data for Hong Kong IX","data":{"nServiceId":null,"width":287,"jServiceId":null,"start":1491278700000,"end":1491364500000,"name":"Hong Kong IX","in_octets":[],"out_octets":[],"in_bps":[240.29282626666665,222.08843493333333,224.4934676,253.409114,212.35605872,159.89589496000002,193.43962405333335,246.13488872,266.91490482666666,236.93507602666665,232.16803642666665,224.95589242666665,240.45220226666666,242.89011037333333,235.43871832,222.55246936,242.29291061333333,237.74050925333333,231.54707997333335,219.79267802666664,575.8136213866667,691.3432676266667,408.01259418666666,1238.71388376,552.6527952266667,258.15111034666666,258.23348525333336,277.72280736,269.83135018666667,261.26861256,281.37288968,980.0565069333334,3272.114476453333,648.4116938933334,200.98498077333335,210.85564698666664,537.3674770133333,1531.1471709333334,382.43141296,199.388058,220.97993149333334,188.71926634666667,178.62405802666663,147.23391957333337,155.58609701333336,211.66908413333334,204.24010938666666,197.37034050666665,202.81427453333333,204.07707466666665,220.9895036,213.16825256,207.50915525333332,201.13366306666666,215.39835869333336,206.55911661333334,212.69158693333333,232.33077221333335,212.87251418666668,211.79518173333335,225.64487882666666,216.34103290666667,226.66432133333333,237.19057474666667,220.88870104,233.32466549333333,227.67697605333333,222.69447733333334,221.18530144,218.30737815999998,227.46279645333334,234.01377994666666,232.59535002666664,227.41872181333332,219.86787768000002,165.88546112,144.67787959999998,140.25362853333334,147.12206866666665,143.67161656,163.07526906666666,165.82533674666666,166.40287378666667,164.19107696,225.8749444,395.95272277333333,273.37921639999996,315.43427725333333,770.5645941866666,839.8850534400001,258.56698344,173.51138021333333,173.05878976,183.60009813333335,186.31769274666667,184.31352757333335,207.62743373333336,198.29717405333335,201.27317938666667,173.56867973333334,186.85530376,182.96897053333333,187.29760136000002,166.14371287999998,170.58032530666665,174.03792834666666,203.99919365333335,194.41575591999998,169.99318354666664,177.7593028,187.84291653333332,244.55791034666666,253.180676,215.89298701333334,216.81920216,225.31823328000002,218.70579498666666,192.67269082666667,195.74658608000001,205.17685896,198.90906872,222.18047565333333,224.59652714666666,236.57261621333333,247.08486117333334,235.1374544,246.98351965333333,222.3633056,222.36232890666668,224.11905117333336,217.13519191999998,216.92897328,235.09738728,216.24861533333333,199.89464418666668,201.48326658666664,202.584698,194.73269778666665,200.58510565333333,206.96852728,191.84410338666666,274.3805375466667,207.581988,234.75884775999998,268.45758528,268.72862394666663,255.22758290666667,273.01066053333335,305.8821892533333,337.2293173333333,317.17478450666664,301.01699613333335,394.6763706666667,366.7402950133333,428.81716024,593.7235048533333,668.2186809866666,456.68302266666666,327.20387426666673,361.1403844533333,384.3004274666667,344.31306149333335,185.12210410666665,198.61353746666666,177.40066186666664,172.56248205333335,161.56118802666663,152.92751080000002,145.02315626666666,142.95171386666664,152.17055208000002,113.88510917333335,120.37457557333333,125.21570090666665,124.61000066666665,114.38132431999999,108.77404704000001,120.86763776000001,146.06060797333336,171.44719482666665,216.67086133333333,153.63253482666664,129.99895242666668,129.36736277333335,130.84892656,110.2671612,108.26866173333335,128.59522264,135.21151903999998,117.71278378666666,111.53171290666666,107.19417210666666,117.86819674666665,110.06608272,118.64189872,123.54716970666666,150.39578082666665,149.75511709333333,146.35475354666664,132.06456781333335,161.26677386666665,217.35951856,225.86367781333334,214.18006325333334,196.9639776,210.62565594666665,212.5308268,223.49954986666665,196.10805413333335,206.49890362666667,211.62121159999998,202.15916184,226.44971618666668,224.49652013333335,221.22118978666666,228.98400525333332,222.02671493333332,236.2190752,251.04038546666666,240.74017805333335,252.51503949333335,259.53906133333334,290.7828559733333,378.58229082666674,345.01958106666666,355.30492312,354.9597846133333,389.8995134666667,361.2064347733333,255.81392872,287.17597178666665,293.9973216,339.84033872000003,333.0455288266667,298.7026798933333,281.9442144266667,288.35461778666667,274.72678872,289.04578858666673,291.9300582666667,258.53519341333333,263.33400749333333,289.94983450666666,208.17663416,234.63651874666667,230.36613666666665,219.03382277333333,174.04403970666664,179.43217168,182.66829418666666,183.54520765333334,178.02816485333335,180.01199106666667,216.90995413333334,209.47140330666664,183.71299306666666,177.06579986666665,191.10866224,199.46964701333334,223.62621912,215.50570933333336,202.66232178666667,221.26173432,229.32884397333336,207.91478933333335,219.3254384,225.67931856,239.69576653333334,258.2169849333333,233.25357701333334,215.94533018666667,241.53523013333336,258.03147144,252.64640309333333,233.45548981333334,229.67591154666664,242.00049546666668,285.80501016000005,273.6749396,271.38712458666663,247.32245186666665,247.89477328,253.34941357333335,253.53276061333335,238.33729680000002,255.94303088,256.77535938666665],