{"message":"Aggregated IX data for Hong Kong IX","data":{"nServiceId":null,"width":215,"jServiceId":null,"start":1501704300000,"end":1501768500000,"name":"Hong Kong IX","in_octets":[],"out_octets":[],"in_bps":[310.00498181333336,304.71381045333334,338.5644598933333,312.70675418666667,318.7266972,322.7410144533333,300.5126522933333,263.23066991999997,228.72251863999998,232.67116514666665,253.50603362666666,252.62534162666665,227.46567909333334,216.65351722666665,220.76320008000002,211.90241885333336,230.13227863999998,247.03411925333333,242.49339594666665,213.16129082666666,213.39264986666666,249.08685682666666,241.77770816,258.64441754666666,320.01759648,284.40206792000004,354.84966872,321.03204757333333,342.7203235466667,348.7471882666667,383.1876324533333,351.8450260266667,352.39144248,368.37547893333334,375.4523064,401.47268016000004,395.88594439999997,373.0897917866667,295.62842069333334,276.74174085333334,279.05598776,292.16047183999996,304.26212927999995,279.15156688,314.5107534933333,307.5421510133333,619.6423472533334,332.9226080533333,326.12367752,318.42464706666664,330.88865352,363.8315306666667,368.82641133333334,361.30683026666674,365.6271190133333,397.8556234133333,403.08911482666673,511.2243857066667,459.5924117333333,456.2161268,445.09680944,431.65413338666673,493.8067532,607.7966753066667,615.4443485866666,558.5685338666667,538.6904367999999,633.2240140800001,644.7718189066667,498.11770616,590.4500844266666,516.0578354133334,514.3177002133333,603.2444747999999,573.66331984,679.4023998133334,623.9150989866666,596.4828181333334,624.5987213333334,633.6826113066666,609.5692575733334,579.3459125333334,532.5102708533333,561.8341004800001,617.21191904,503.1875513866667,515.1827533866667,578.3913272000001,682.0793730133333,613.9427716266666,692.8669223733333,570.5278284266667,494.40421962666665,650.57204,692.0876023466666,629.65054648,640.6997932533334,610.9152997333333,644.9529458133334,775.6208074933334,717.79518664,725.3808032266666,752.8830405866665,714.0411292533333,740.3933604,739.14542704,712.3961174933333,645.9749158133334,670.0769580266666,618.3957364533334,646.9823824533333,661.1390099466666,692.3383951733334,669.818306,674.2454868266666,679.9821864533334,701.7611290933334,642.2602570666666,659.6069018133334,696.0812310933334,632.1300076266666,682.7598388266666,756.6038338933334,767.0370778933334,692.641242,697.8170945866666,725.44706504,728.4686725066666,732.2817772533333,701.3018647466666,648.99924952,700.7947260266667,696.7565524266666,730.7563962933334,652.59920056,702.3143201333334,707.9436896,661.03191512,677.16153072,676.2821774933334,701.0663331466667,630.9431789066666,669.6808465333335,773.9893987733334,695.1499642666666,679.1391998933334,691.5130827733334,728.9612358666667,628.7461231466666,641.5521724266666,653.0808123466666,682.1767569866666,758.6344042666667,669.2711382666666,718.97903448,848.5183791733334,686.28639752,673.0668632533333,721.7856269066666,629.4038319466666,730.5594465333335,684.18070648,781.7098009066666,846.5068675733334,783.9217242666666,676.2792021866666,732.4606709333334,749.2197420266666,729.4915425866666,715.4201038666666,631.0731436266667,625.6341049866667,635.2370680533334,604.9356547466666,675.9670035466667,666.7751257333333,676.1046686666666,700.3756030133334,701.19554408,659.4668033866667,651.39337904,618.2052546133333,679.7259484533333,753.65011936,932.8372454400001,730.3575341866666,724.9761657066666,629.64891904,634.3213603733334,650.9311103466666,602.2398526666666,610.2228799733333,670.3679550133334,719.31639104,599.1763240266666,602.4290809066666,611.7719103466666,598.57481552,602.2433606666666,601.9537120800001,646.9705492266665,651.25879,782.8992192266666,610.6080941066666,623.24537416,587.9059479466666,624.3480497333334,633.8339672000001,622.03123536,701.8423060266666,624.3142305066666,743.6145288266666,651.8841334666665,621.73461088,628.76082248],"out_bps":[307.9048728266667,303.5226264,353.5941010933333,317.64162648,313.0541056266667,321.0843234666667,319.2801891466667,262.76688456,246.00291013333336,236.96663021333333,261.18758472,246.55126728,223.31381853333332,207.23836359999999,231.60415384,210.16877818666666,201.86997453333333,227.37689133333333,251.49550354666664,216.42006250666665,222.87217922666665,233.59213247999998,218.67385106666666,255.74378322666666,311.8216751733333,297.59327325333334,383.91695272000004,339.09423119999997,350.1585508533333,342.42385304000004,396.10308498666666,329.24095016,338.94320696,395.3026288266667,403.16345464,419.41332437333335,413.78570986666665,386.7003681333333,318.14967493333336,300.8444582933333,294.60688210666666,305.22449144,328.63434013333335,261.68658213333333,298.6120268533333,288.16526722666663,621.5519831466667,302.70184410666667,313.1132140533333,304.8631416533333,300.7610063733333,347.46285376,344.41472048,336.4135056,316.9156142933333,328.15631744,357.92143237333335,493.18434258666673,410.8579715466667,453.57496927999995,419.0682062666667,423.0253963466667,480.8550192,632.7969023733333,661.1645467999999,556.95498536,525.9502244266666,613.78316552,589.7075669333334,501.2932425866667,546.1273999466667,512.12970552,533.3894768,588.0895167733335,630.96952232,658.9733246666666,593.1303250666666,534.0270025333333,541.0749218133333,601.8062629333334,539.1048444533333,517.8762405066667,465.9725715733333,545.8074329866666,642.59266432,513.3472063199999,553.8882375733333,600.9153833333334,665.3287003733334,615.1072034933334,642.7168291466667,554.0443651466667,471.2303565333333,520.8230548266667,618.39075672,590.17076216,568.7745131733333,524.1372261333333,590.20063888,540.3194079733333,637.56319848,665.86757184,687.99938824,613.2422723733333,707.41835224,676.1189203733334,670.6351180800001,657.4469151733334,719.6243085599999,635.9173831733334,730.78178624,748.2974029066667,800.7280202933334,753.29006336,731.70954184,811.8464505066665,842.7029313866666,676.55553136,714.7393512799999,725.94831112,684.0751475466666,771.64965496,873.08050072,916.7111308,783.4193494133334,784.3856539733333,796.6749225066667,848.5337768266666,812.47143208,769.3590287200001,653.2664667733334,705.7304822133334,675.0173310933334,744.5840651466666,645.0771677866667,615.7970658400001,665.6170660800001,623.7451455199999,681.5268389600001,652.84613112,728.9252211466667,622.2435365599999,699.9848332266665,755.84429456,613.51141088,703.4309151733335,721.3930186933334,724.41475848,616.91555744,637.1399726666666,691.5335842133334,740.7471356266667,820.9376260533334,732.2310520266666,751.5772517333334,896.2631540266665,702.0907280533334,716.3270591733334,767.7459364800001,662.4806301599999,781.86067288,708.3796546133334,750.7030241599999,800.2314261866666,743.6563232266666,569.60248552,604.2813837066666,649.3665216799999,673.7249320266667,619.7116461333334,608.3714712799999,598.6676869333334,634.6474214933334,605.6062687733335,709.4501352799999,638.2220601866666,614.4241952533333,708.2818122133334,726.7506159733333,634.16856824,612.73776128,616.24975008,599.9709214400001,643.8577606666666,873.5961089066665,648.3774942933334,631.9489351466666,565.0012411733333,564.5719883200001,609.4300932533333,540.9725878133332,586.6121916799999,642.0113425333334,707.4749196533335,558.9195859733334,569.30297816,626.6400147466667,611.08873512,597.2647482933334,605.97475504,655.1108209600001,684.1839440266666,797.23311512,654.4320835733333,639.5012151733334,575.4942061866667,643.1560758666667,628.81341536,586.55758104,698.8923276533334,616.8264842666666,734.0993045066666,595.3076383466665,564.4967273066667,586.1062474400001],"in_packets":[],"out_packets":[],"in_errors":[],"out_errors":[]}}