{"message":"Aggregated IX data for Hong Kong IX","data":{"nServiceId":null,"width":287,"jServiceId":null,"start":1504785900000,"end":1504871700000,"name":"Hong Kong IX","in_octets":[],"out_octets":[],"in_bps":[27.430249066666665,23.940988026666666,30.70784789333333,31.183783973333334,18.518548346666662,16.886851866666667,29.01555714666667,25.551197920000003,16.351414,24.104527706666666,21.304998453333333,20.074581226666666,21.954583813333333,20.340698399999997,33.929592373333335,36.626015413333334,33.79704368,37.62859965333333,23.788771973333333,23.110737013333335,22.820586773333332,127.29602917333335,211.04571202666665,213.85470837333332,183.43864138666666,197.40098762666668,220.43332757333334,120.81665701333336,175.32207061333335,163.44991063999998,153.86586010666664,141.77087973333335,153.55777661333335,163.28634522666667,174.02248936,218.37744354666665,148.94266882666665,174.44656565333332,146.848284,142.18196936,148.66173325333332,137.24557944,88.06990304,117.50996728,98.38265728,21.0700668,45.78934714666667,78.58933704,80.35986866666666,111.25230533333334,168.54492021333334,141.65176773333334,224.78912994666666,227.91951338666667,308.3237357333333,270.8210750933334,262.89503034666666,86.24836602666666,77.38700936,111.61387773333335,126.84870274666666,109.53969410666666,104.24675223999999,89.17406218666665,52.93518664,56.85043765333333,60.776056026666666,48.45660789333333,43.404133226666666,42.13496215999999,45.45001898666667,68.66600208,62.008239413333335,67.43229751999999,64.02979122666666,47.832848453333334,56.19255450666667,51.577706613333326,55.504034159999996,46.20333949333333,51.02381317333333,51.990011413333335,50.52863482666667,36.45731792,37.62508498666667,44.542929093333335,44.46597221333333,43.80071018666667,37.635432906666665,38.47958581333333,34.31156424,32.316869813333334,27.15092397333333,41.26812874666667,70.21352808,36.91975666666667,47.539882053333336,37.705374453333334,41.88070178666667,39.19726954666667,47.398562026666674,47.98576893333333,55.548815893333334,58.801265306666664,52.04785528,49.72472269333333,60.04882968,53.11146125333333,65.81763357333334,58.35221344,60.023458053333336,60.05060658666667,73.31441402666665,76.97672,100.95754357333334,55.09910714666667,63.64762253333334,71.73860114666667,136.35107157333334,138.39148896,86.04460269333335,79.37886648,89.44869584,53.45185029333333,8.17056592,77.88815373333334,76.00111765333334,82.77269837333336,89.1306328,130.39731664,114.78964752,110.67898333333335,90.12720906666667,114.76695861333334,91.39519007999999,106.20068365333336,99.505432,162.28462712,122.17658797333334,118.37951952,125.90132013333334,144.68118072,129.59985928,140.59709701333335,127.2943364,164.40718557333335,189.57718536000002,131.16154317333334,167.23320586666665,159.94766485333335,157.63940856,167.99031525333334,204.3897684,204.76849053333333,154.00650194666665,144.83590722666665,264.82823776,146.25044701333334,18.088131253333334,41.736138293333326,268.32292930666665,280.79616464,227.80422117333336,234.48116872,238.28007389333334,622.7077586933334,87.01212477333334,13.946493013333333,129.73549669333335,327.0215677333333,563.5911814133333,514.2556154133333,549.3569210933333,545.47858808,729.28933416,703.9470205599999,587.8278146666667,560.5081077333333,379.81962562666666,207.79511042666664,245.31526610666666,254.58823696000002,539.0753343466668,547.4827564,623.1292683466665,720.9525092,930.1970328,144.59854698666666,79.95209597333334,50.822523306666675,43.44819453333333,48.217844506666665,39.4157784,28.188435493333337,34.27727810666667,28.986813706666666,32.90619432,21.965651386666668,19.162953146666666,16.272501973333334,17.027107813333334,18.519573626666666,18.58329536,24.787669333333337,17.62291616,14.953754,12.411463813333334,14.920215653333335,20.699943466666664,19.325071226666665,19.86627368,16.37116968,17.291394586666666,22.932427146666665,17.103529973333334,15.397793893333334,17.924072,20.572752746666666,12.79295704,19.37209256,18.316077093333334,17.740943546666667,19.77861648,18.06594248,18.433177760000003,18.457188,196.77123346666667,803.56166688,677.66676,759.6981456533334,732.77037128,496.7830196533333,601.6158529066666,736.6956375466666,322.68740696,507.9575284,719.84034088,731.9191312533334,649.5844239733334,771.1569822933334,472.15526728,235.00525463999998,331.5911169866667,19.112436906666666,220.61327533333335,283.2633500266666,219.21543466666665,325.4951508533333,285.32045034666663,338.1277342933333,211.53113117333334,374.41760562666667,411.0820484533333,321.4963826933333,381.5772942133333,358.52605712,374.70815485333327,398.3011745333333,375.55141168,441.09690392,1985.2350514933332,2488.2250914666665,587.9432010933334,868.62928464,876.6422738133334,832.3141935733333,897.6583165066666,845.6620437333335,514.3796857866666,423.8397855466667,901.4117682666665,905.8268730933335,502.37645773333327,283.25567351999996,467.5963989333333,1339.27985752,1632.5580729333335,1204.4447218933335,1507.0198607466666,1297.6921533333334,1213.832374,1319.3111442933334,1102.7039257333333,831.4930632533335,828.4195538933334,841.5645050933335,766.78402624],