{"message":"Aggregated IX data for Hong Kong IX","data":{"nServiceId":null,"width":214,"jServiceId":null,"start":1478462700000,"end":1478526900000,"name":"Hong Kong IX","in_octets":[],"out_octets":[],"in_bps":[1073.40260248,1023.4306307466666,1026.1019349866665,1017.74813384,994.7471001333334,981.42584896,997.9935270133334,1032.0484402133334,1036.84659096,1049.9340678133333,1041.7137600533333,1012.8445788266666,1037.3090233866665,1060.2610234133333,1041.4556070666665,1040.17032608,1013.0704192266666,1025.6044099199999,1046.9071045066664,1014.61123912,1044.5054919733334,1024.7140680533334,1009.3015756,1021.8461110133335,987.88564688,1028.87850368,1062.3961632533335,1033.72110784,1048.1184022133334,1056.9795298133333,1059.0467613600001,1105.6411139200002,1146.5135466666666,1126.2291872,1089.6130941866666,1096.57678024,1129.5963107999999,1097.4695169866663,1160.0493109066665,1195.65197152,1184.9855226133334,1217.4176928533334,1250.37628544,1324.86165976,1295.01537664,1463.9368158933335,1468.5499616533334,1442.4537568533335,1457.9543214133334,1567.1004758133336,1521.2083597066664,1557.0285367466668,1589.0391733866666,1511.2828583199998,1584.99170688,1638.3134398933335,1679.4273603733334,1647.79940208,1714.7667873066666,1774.8690910666667,1773.1590949866663,1803.0598500533335,1740.98151024,1818.31185688,1756.4177927733335,1804.0635969066666,1853.4367851733334,1971.2380964000001,1911.9934617333333,1882.1417533333336,1880.9042167999999,1929.3205362133333,1976.5764684800001,2069.2998474933333,2009.9178690933336,1928.17379376,1975.3925425866667,1962.6489053333335,2033.6297813866665,1974.1621626666665,1977.9180616800002,1962.0642889333335,1925.3881737066665,1958.51234376,2049.5094673599997,1979.3173734933334,1999.6963059733334,1952.5954894666665,1901.2510117333334,1962.9646404,1863.0853764,1955.7874072,1941.6155966400001,1834.0517130933335,1897.69423336,1962.5819602666666,1994.9616042133334,2037.1278745333336,1987.00202816,2109.85944472,2221.5079494133333,2173.9256188533336,2138.2547524533334,2124.321400266667,2079.6751050666667,2129.9800575733334,2173.0047084000003,2123.87820384,2197.9347307733337,2134.53937352,2354.4230217066665,2319.8130684533335,2155.576168533333,2176.0486839200003,2087.7439753599997,2166.2029237333336,2168.0615963200003,2253.8190717866664,2391.726891946667,2527.82244784,2537.9464256,2848.88132208,2547.0515147733336,2483.3167902666664,2675.6881029866668,2276.874369786666,2544.3814547466663,2361.5726742666666,2408.9651782399997,2275.29889464,2237.7499979466666,2476.5254618933336,2504.5697792266665,2520.2794610933333,2389.188320133333,2398.408777973333,2494.2987257066666,2541.0605122399998,2420.0462629866665,2370.14788176,2574.6719858933334,2572.45046744,2728.5801807199996,2070.05492968,2110.1277681866663,2035.95455224,1906.9243238133336,1911.5137079466665,2021.9958601600001,2009.6413433333335,1961.64960496,1988.95624712,1962.90923736,2016.7337816533334,2090.772892026667,2015.1304513599998,1970.7434165066666,1985.2307799466664,1930.1252006133334,1900.0242129866665,2011.47448408,1977.4893332266665,1990.9985783733334,1950.7707026933333,1944.0510957333333,1963.0213380533335,1937.7990328266667,1835.0338955466666,1854.5388125333336,1782.84193856,1791.7693928533336,1819.0546338933334,1793.5169814666665,1846.7715082666666,1834.8370658933334,1883.3733482666667,1906.7734582933335,1967.59699568,1885.182724,1874.2320714666664,2012.9906553333335,2173.778137893333,2070.1665818933334,1960.85149648,2234.388780133333,2253.4993584,2413.47136536,2306.6238131466666,2282.539380933333,2821.2708258400003,3095.068128026667,2987.0770744266665,2983.40020192,3100.265097866667,3166.3720314400002,3106.321118373333,3177.587663626667,3640.731355866667,3250.244716106667,2935.464062853333,2839.4413319733335,2504.2805283466664,2259.58228336,2151.4789096533336,2295.53550344,2234.2965410666666,2271.9489704266666,2218.5985355466664,2306.79068744,2171.3221108800003,2246.9189801066664,2228.07208712,2200.5411606133334,2179.1712641599997],"out_bps":[1079.1735802933335,1043.33537088,1033.4049683466665,1023.7705085333334,996.9962461066666,992.7978305333335,995.1080501333334,1039.27143208,1039.5771907466665,1049.0830696,1052.5871083466666,1010.0603811733334,1041.07712464,1073.8436705333336,1044.20737544,1038.6294846399999,1015.9191648533334,1034.7393645866666,1052.67748448,1026.4878149866665,1055.1621398133334,1034.7432110666666,1010.7883870933334,1037.5560357333334,996.59631984,1051.5109851733334,1079.9343409066664,1036.12852168,1061.5331327733334,1064.1804295733334,1074.1223884266665,1119.7288256266665,1155.63920352,1145.3881532533333,1104.7542270933334,1109.70090904,1136.3836694666666,1101.43124248,1167.0498214933334,1197.7911814133333,1194.5093226933334,1223.4751203199999,1254.2934560533336,1336.08707824,1315.7586050666666,1467.9276887466667,1480.3230835466666,1458.1381591466666,1453.5844315733334,1567.6636939733335,1492.0959966666665,1587.4431429066665,1569.2751956533334,1513.3608641333335,1582.2875043733334,1639.0188492,1674.3684215466667,1643.9126914933333,1721.0779217866666,1785.9577891466665,1784.2185758399999,1784.1455837066665,1753.7791487733336,1830.2638871466665,1776.7820974933334,1852.3729627733335,1854.0756085333335,2003.6793182133333,1928.9374376533335,1910.7378118933334,1919.87560728,1936.90584384,2013.7107227466668,2052.5929630933333,1993.1387497599999,1924.7849648,1975.5033345866666,1972.41754304,2053.8534203733334,2006.4772273866665,1980.9332707733336,1984.4768690933336,1944.3660028533334,1951.5103148533335,2036.8349881333334,1991.39444632,2008.6887479733334,1946.23977952,1899.30846832,1967.83195872,1878.0410808,1960.1679534133334,1940.2385799733333,1836.5380428266667,1911.48716832,1965.7187350666666,1990.3131210133336,2040.9693431466665,1999.9280867733335,2100.5239992,2229.1861530133333,2173.612959306666,2166.75934104,2122.57645744,2078.1268005333336,2133.201152506667,2154.6678268533333,2100.4241726133337,2156.3073307466666,2183.0526958133337,2402.5457023466665,2351.1741336,2186.3258484533335,2191.5576557866666,2101.10902072,2184.5561728000002,2162.12143056,2264.7953617866665,2394.3314996533336,2509.2348937333336,2458.21735888,2662.0836829866666,2530.88314616,2500.2501486399997,2540.2949985066666,2283.68500032,2528.1258861066667,2352.8059368000004,2399.0630539466665,2307.8342293866667,2260.1374804,2499.0133884,2502.97726984,2493.9652387466663,2391.8575032800004,2405.7930777866663,2534.8237655733333,2544.6203040266664,2429.4768128533333,2387.4782176266667,2580.67771008,2580.1542634933335,2746.542840453333,2093.8856106666667,2105.854814266667,2053.4037396266667,1938.40956088,1904.7422677866666,1973.2611206933334,1963.6401599733333,1909.2098088266666,1969.91475432,1940.1742312533333,2029.4720524000002,2095.7899708533337,2010.9163287466667,1958.4898278133335,1972.3081076266665,1931.6255490133335,1900.5537688533334,2002.23727048,1981.9260605066668,1965.90856024,1943.9445034666664,1921.88225648,1988.0464034133333,1924.90962024,1845.4969447466667,1862.43278168,1792.3938322666665,1782.3246769066666,1814.5025522133333,1786.6146838933334,1836.1759684,1845.3205614933333,1902.7122105866665,1900.0623315999999,1976.3675882666666,1896.2339518666665,1864.2128370666667,2013.85364368,2149.20340816,2073.3052516533335,1962.0709904,2247.419799893333,2255.8891474133334,2415.3058853066664,2310.612611493333,2291.2751427466665,2853.7883501866663,3095.4550309066667,3006.3214020266673,2941.251825786667,3074.380866533333,3167.6031093066667,3080.828005786667,3204.005702746667,3663.751400426667,3230.7022454666667,2943.5829538400003,2830.7504693866667,2513.2322977066665,2248.690326613333,2165.724438906667,2292.0275980799997,2235.87468104,2280.109680506667,2225.85983056,2294.8084669866666,2188.5242076,2258.1606217333338,2217.02072504,2195.842115066667,2171.8018894133334],"in_packets":[],"out_packets":[],"in_errors":[],"out_errors":[]}}