{"message":"Aggregated IX data for Hong Kong IX","data":{"nServiceId":null,"width":263,"jServiceId":null,"start":1489680300000,"end":1489758900000,"name":"Hong Kong IX","in_octets":[],"out_octets":[],"in_bps":[3337.700124666667,3360.377699146667,3371.463086453333,3527.99537368,3541.2459432533333,3526.438397546667,3512.868738933333,3361.80974544,3272.982163546667,3314.85328728,3303.7303470399997,3332.60753504,3321.4104350133334,3338.808154213333,3077.29277808,3060.75707344,2902.74369096,2791.5674554133334,2600.4836935466665,2562.612353573333,2428.3419886933334,2330.2251598133334,2244.5118262933333,2054.3410531733334,1923.2581986133334,1875.8600035733334,1731.9136294666664,1657.1424163466666,1605.52757408,1547.4441814133334,1480.1807376533334,1479.7579311733334,1456.6962903466665,1359.02310728,1364.39917224,1329.6859074133333,1280.39464232,1331.1230728266667,1231.7190959466666,1240.2578346933333,1217.2818113066667,1204.8221908266667,1297.62501608,1238.91126488,1319.5648820533336,1190.8572315466665,1122.6766616,1109.450946,1182.2561503733334,1138.3804002133334,1077.81828472,1062.9639947466665,997.2378761333334,883.3891869333333,971.2701448533335,957.9065625866666,942.9965178666665,961.5160307466665,958.2359314933335,994.4357398133334,1004.3501477866665,1035.63971088,1077.3558563466665,1080.3099902666665,1067.0999282933335,1088.7981861866665,1033.36384312,1046.2345525066664,1032.02097504,1171.9423760266666,1085.4483387999999,1081.6596169333334,1118.9307621866665,1168.8568232,1296.8873200799999,1242.6157161066665,1279.72778432,1274.7418130133335,1256.3972474133334,1304.1716120533335,1395.5561758933334,1355.6482786666666,1351.0812309866665,1346.4792345333335,1324.4238072,1340.8976839733334,1369.9703668266666,1433.81403432,1420.1199445866666,1484.45874648,1543.5393177866667,1460.71020352,1424.91613664,1395.3384572533332,1440.2282904533333,1433.0497012533333,1478.2124746133334,1523.1621312533334,1615.59866184,1552.25507648,1528.7653120799998,1591.9378649866665,1410.1888335466667,1464.1139861066665,1516.9358019466665,1638.5229279733333,1728.0375647733335,1773.44685936,1774.2704742933336,1909.0090580266667,1950.6261880533334,1892.9630621066665,1914.65586552,1989.3158185066666,2034.6850454133335,2014.8430473066667,2075.8305511733333,1967.8602149866665,2011.8216574933333,2101.6143259200003,2050.1765386933334,2179.8280504,2193.3258259733334,2167.27298024,2121.5219401866666,2038.7537806133334,2022.2725088533334,2033.4876012533334,1981.7517970933334,1909.6749799200002,1867.8445729333334,1789.8847004266665,1984.13253848,2013.2638076533335,1965.0074115733335,1957.47834352,2039.1855123466667,2096.7584236533335,2021.5285787466667,2067.7037295466666,2032.12689552,1987.9817653066666,1925.4569938133336,2077.7502049066666,2023.91468568,2089.042060266667,2156.0268845866667,2233.1615962399997,2339.41749072,2418.1343849066666,2795.7626476,3192.570861173333,3239.680126853333,3312.4431828,3076.474596266667,2858.5870476,2508.2243138666668,2595.0996433333335,2549.6834428533334,2700.8947501066664,2681.6166306933337,2660.648966933333,2697.50966016,2526.7836389333333,2652.6362997333335,2641.5304131733337,2455.4633638133337,2465.9517392533335,2559.0959918933336,2634.541042613333,2632.89556544,2718.099923386667,2771.9996398400003,2641.6906592266664,2766.89246208,2710.4903163733334,2820.1156823733336,2717.0409351999997,3073.8382654933334,3898.2580200533334,3662.9125594666666,3824.1232492266668,4575.91589632,3401.795816453333,3134.060298826667,2850.309326,2763.7511978400003,2644.2207221866665,2604.3270722666666,2768.452459653334,2896.17973312,2643.6307001866667,2665.3417523733333,2544.1390465866666,2546.71545312,2600.6754679466667,2354.096454053333,2492.8891242399995,2618.4895163733336,2518.7421876,2404.0670861599997,2488.95775464,2443.3748722399996,2524.5466732,2468.0784148000002,2834.519286933333,2760.6171702399997,2481.92753184,2454.4303729866665,2560.37721456,2467.917474053333,2412.32674984,2384.439661573333,2397.4094176533335,2346.536267866667,2501.339776613333,2491.3913859733334,2390.7452014933333,2321.2440246666665,2281.2974363466665,2152.2623028000003,2214.0398769333333,2431.7532040266665,2453.2319827466663,2430.45507192,2755.7284464,2915.0643885066665,3071.336876906667,3569.053526346667,3067.4456554666667,2911.781252346667,2681.45737736,2504.94749352,2445.4466830666665,2398.870474906667,2442.0588491999997,2349.1103982933337,2433.9567266933336,2444.316935093333,2357.90664552,2475.9891323733336,2549.3399552266665,2377.5582901866665,2323.3564528,2512.38277632,2523.25952368,2370.4679206399996,2503.51459088,2709.699723466667,3054.2274936,2993.585298826667,3058.0264550399997,3239.459762533333,3831.6374234133327,3646.728384826667,3694.5533391199997,5158.25270576,6106.0948144799995,6114.914362026667,5743.406661386667,4472.157691253333,4225.207363946667,4998.167586053333],