{"message":"Aggregated IX data for Hong Kong IX","data":{"nServiceId":null,"width":215,"jServiceId":null,"start":1496952300000,"end":1497016500000,"name":"Hong Kong IX","in_octets":[],"out_octets":[],"in_bps":[89.93732088,88.22815984,87.56555746666665,86.22664653333335,91.82670456,82.84733322666666,83.75888930666666,95.16748717333334,95.43696314666666,96.41796498666665,111.66885509333335,115.03670656,126.47855629333334,130.63869202666666,102.10330890666665,92.03926128,115.03102058666666,138.82449752000002,158.33683637333334,113.20471648,136.34405565333333,123.03245701333336,103.56553984,98.97718586666666,138.80645850666667,164.43516576,117.52460213333335,138.95750408,166.64764703999998,150.56529224000002,155.55016306666667,151.71531013333336,135.61482581333334,162.40102834666666,188.98739416,166.13542490666666,214.48860608,158.33081914666664,168.50961744,175.39820258666666,193.10721330666664,259.65182101333335,218.79119477333333,232.19428231999999,183.42979410666666,179.52888912,208.25393709333332,221.66061885333335,297.99512962666665,231.96522290666667,206.86118666666667,232.04401578666665,172.79353869333335,172.95857090666667,174.35895461333334,212.65601165333334,212.8953284,199.14022157333335,189.81072850666666,198.87022058666665,248.34666826666665,252.77280456,247.90458341333337,224.243262,233.14005096,250.09305762666668,329.4861768,312.4609440266667,270.97436688,258.05086512,279.53767008,333.4358288266667,264.86200085333337,274.3838966933333,303.10063037333333,268.6299108,332.14401994666673,371.41335594666674,279.74625144,316.66759904,347.7171621066667,270.65662517333334,320.1695590933333,335.6712922133333,345.188544,426.3341872533333,398.38507176,398.02357544,405.8851862133333,361.76322727999997,377.66646936,455.0936285333333,341.3780559733333,452.18494544,445.99200584,360.75000304,285.4128468266667,346.5644918666667,339.54886562666667,347.51973005333326,382.98574506666665,300.8156660266667,285.7904022133334,354.1760864,392.8006249333333,369.2420920533333,361.37060037333333,408.91497698666666,371.9608702666667,339.60027207999997,308.3166635466667,334.79483016,329.6208748533333,282.91540327999996,292.74713442666666,330.5773591466667,304.2777025333333,256.03992925333336,318.06456072000003,306.08771287999997,322.1374709866667,343.4318477066667,327.1122564533333,322.5040497866667,286.38249736,302.33470208,368.4935174133333,333.38228424,300.8293460266667,296.5716136533333,298.76904098666665,362.5714027733333,361.8409605866667,335.9456670133333,398.18042656,400.6459936533333,422.5250583466667,380.5928942933333,359.22340552,391.02504205333327,395.88672895999997,323.2454469066667,351.79055456,345.9927260533333,329.02906568000003,348.50743541333327,359.4829269066667,357.04762152,321.9620616,356.00397984,339.0168153066667,381.4199676266667,356.56863370666673,406.3883073866667,361.3454513866667,294.54518296,360.0836059733333,346.6285419733333,361.6640510666667,406.3505613333333,476.80571005333326,485.11062898666665,516.53484912,584.2735041066666,418.22259098666666,579.5272624533334,547.9985240266666,537.8940853333332,568.42632544,639.8260537066666,563.61573992,623.2288155733333,616.0681811466667,617.7919291466667,577.6938196,627.6676539199999,651.5881963200001,661.36170584,612.4394636000001,601.2994335733334,629.3006909333334,763.5450716266666,563.3095915733333,599.8225940533334,557.12625632,649.0377010666666,805.3556572266666,671.4842870399999,742.8559167466667,846.0449558133334,563.7562992266667,641.25302936,704.2772381333333,719.6908986133334,665.5060359199999,737.33607496,739.5162632266665,618.2797931733334,747.5516565333335,615.1608630666666,607.6461262666667,633.35376424,551.3155317866666,562.0515950399999,618.7556194666665,494.34178136,681.0140530399999,557.9826124,557.02366136,572.6987558933333,595.132008,596.8577585333334,521.6769884266666,593.1147097333334,556.4821110133333],"out_bps":[87.10193973333335,89.53149922666665,88.01896416,86.61105330666666,94.99995866666666,81.58020173333335,84.61879773333335,95.8348564,94.27173042666666,97.09523477333335,111.94507874666665,117.30905021333334,126.90113765333335,130.89806568,100.84825610666665,89.82521536,117.06168864,137.37583869333335,158.13755725333334,114.44340485333333,136.69614488,120.672962,105.18924490666664,100.68390423999999,140.72990861333335,167.28965944,118.05743826666665,142.56218424000002,158.30126554666666,148.21404733333335,151.46676194666665,145.46818248,135.43889178666666,167.04501229333334,191.55465549333334,166.00327277333335,188.22723445333335,158.91547789333333,168.25916464,175.491512,194.92583178666666,260.68714301333335,220.92728744,232.76099586666663,186.35521618666667,179.51224810666665,207.5505072,222.07270530666665,299.9243151733333,228.07462192,220.3042464,230.315652,171.31697602666665,172.18222506666666,172.17738677333335,223.49347728,205.6776984,194.76103594666665,189.07074861333334,199.45982197333336,247.25035141333336,254.85782626666665,248.65796682666667,222.13976317333334,234.42149672,249.88422482666667,329.71397730666666,314.55565250666666,272.1783069333333,260.6329485333333,281.86400168,335.8087077066667,266.96203629333337,271.90715922666664,303.60930831999997,267.13698037333336,332.71059938666673,366.06877917333327,286.31678104,317.29959144,350.08675013333334,270.9096045333334,323.5849681066667,344.35335607999997,357.20079463999997,424.45345581333333,400.30223661333326,394.54010408,409.7468385333333,359.7774991466667,376.06344125333334,456.7450238933333,341.1960742933333,452.5504478666667,446.9559429066667,363.46026024,284.61506426666665,343.8931867733333,343.79025464,349.28079986666665,386.3486393333333,306.0514684533333,281.17602530666665,357.2318893866667,393.7657653866667,367.86410952,362.3447691466667,408.75605613333335,370.80745024000004,341.0277312,308.4069930933333,335.0139157333333,330.78476605333327,281.39165549333336,294.0333265333333,329.8509082133333,304.8131457066667,255.14133464,317.48134616000004,303.87590330666666,323.43707256,342.27857426666674,326.9021680266667,322.03437656,286.89368895999996,299.1766223733333,376.0812059733333,326.6763726666667,297.8850306666667,293.09140272,299.24901,361.9151645333333,360.78405445333334,333.88660794666674,397.04952896,399.92140613333333,444.27653727999996,385.6181052,373.673846,386.04574242666666,392.40567960000004,331.5832832,359.1873660266667,354.6116291733333,331.0021193333333,351.07588237333334,362.7955600533333,356.6434121066667,323.6165731733333,357.4534608266667,341.7221219733333,385.2309911733333,362.94771664,409.02236208,360.93618872,292.4968151733333,359.5097221333333,349.4592474666667,364.2358646933333,404.8111454666667,480.08384184,482.8404319733333,518.46449208,580.8576831733334,413.1153897066667,592.35910264,555.17256656,537.32846992,568.3576030133333,633.5206627466666,563.8805764800001,630.4683677066666,622.0872778400001,613.33806992,588.6006488533334,631.0243736799999,661.2323816266667,671.6989903733333,607.8085446933334,607.43901336,630.360478,764.0279533066666,565.5553805066667,606.50223544,558.2303531733332,655.7023289333334,812.6398726933334,671.6685850399999,748.1513695466666,844.3675301066665,564.4924077066667,641.5160951466667,712.01144288,716.7152725333334,673.6398499466666,742.97772088,739.17704976,623.10913,749.9748692533333,617.8679738666667,606.9722252,630.7877843733334,556.7595416,560.8520639733333,625.5792469066666,492.83370096,686.5888291466666,560.65534576,561.8364734666667,568.9285990933333,595.9525869600001,597.0551707466667,517.4663423466667,593.0221291733334,562.6491089333333],"in_packets":[],"out_packets":[],"in_errors":[],"out_errors":[]}}