{"message":"Aggregated IX data for Hong Kong IX","data":{"nServiceId":null,"width":285,"jServiceId":null,"start":1488283500000,"end":1488369300000,"name":"Hong Kong IX","in_octets":[],"out_octets":[],"in_bps":[2511.6698604000003,2510.5229927733335,2683.173503573333,3382.170682346667,4481.898579226667,4395.766680053333,4759.644954826666,4288.652610453333,3121.104036373333,2945.4999371733334,2939.857487973333,2997.884722426667,3277.47054952,4228.6320030666675,3823.505464613333,3320.1868770933334,3104.4675048266668,4563.338704826667,3954.5341597066667,3291.5433072533333,3177.642733813333,3160.11754392,3167.3659047466667,2979.743796906667,3116.834225706667,3033.238409466667,3145.934491306667,3049.99835392,3188.2073635466672,3109.048574746667,3253.06943272,3221.547343466667,3347.872860693333,3174.0418188000003,3208.3215132533333,3388.7506509600003,3446.5638416799998,3376.4794689866667,3311.897466266667,3319.316183786667,3453.117239626667,3424.12679328,3485.8865582666667,3555.8653381333334,3351.7859459733327,3481.155220693333,3703.0309047466667,3629.384456373333,3401.247217786667,3455.0668048266666,3413.922928533333,3416.870832666667,3441.170765093333,3550.56194024,3537.17661888,3395.018244773333,3551.731786613333,3316.6300265066666,3215.9441049333327,3258.4838425333332,3155.351937626667,3048.835752613333,3066.34526264,3134.9728874400002,3124.39565696,2942.18668864,2850.0746429333335,2781.6948581066667,2594.2645466666663,2528.0481161866664,2456.9541114666667,2327.6565404533335,2308.1354976266666,2153.5142729866666,2116.8268606666666,1995.2637062666668,1894.41488688,1973.5944902666668,2064.644836026667,2147.7908613333334,2180.9685538666668,2063.2435020266666,1958.4904610666665,1913.7665848533334,1911.4140574933333,1836.4926370133335,1694.0372969066666,1705.38841448,1657.8055790933336,1674.8122737066665,1628.1465033333334,1696.2490311466665,1583.72197592,1600.26105272,1488.2689289333334,1428.3625539733334,1368.7729125333335,1418.1187088266665,1392.6356297866666,1273.2877089066665,1354.2621801866665,1263.59320704,1116.6750699733334,1152.2355278933335,1320.1255292533333,1281.0647881066666,1376.60170696,2235.2797319466667,2217.0083108533336,2141.68759728,2197.6959348,2125.6095631733333,2340.764551946667,2227.6264078933336,2192.0392056266664,2127.7433964533334,2133.2149076533333,2140.4237601333334,2144.1263731733334,2155.2609898133337,2194.22992488,2286.3231117333335,2224.0328792,2196.709479653334,2298.09844824,2461.3027758666667,2474.9124642666666,2494.6442940266666,2507.282604213334,1781.8962553866666,1493.50713472,1448.3473232266665,1424.8482160533335,1512.9469484,1189.06154592,1532.9054609866664,1665.2295404266665,1668.6373793866665,1548.278334,1480.7309424533335,1546.37140904,1535.1295819466666,1493.4544846400001,1577.2795025333335,1599.8491515466667,1532.9097973599999,1551.9699138133335,1814.56174496,1741.2551913866666,1837.2153810133336,1995.8167522666668,1854.32267752,1960.2541348266666,1995.3694467733335,2047.4128982666666,2097.1364569066664,2167.0531472,2196.45053632,2126.6941402933335,2266.7487532266664,2225.37584848,2135.1010002666667,2192.1573379466668,2177.8682454933332,2211.230035733334,2215.639239653334,2290.0356052266666,2051.1839657866667,1928.6285141600001,1895.86817632,1810.9211613866664,1933.1669617333334,1990.2731986133335,2066.41574752,1968.15963728,1958.8737829866664,2033.30281496,2033.6491240266666,1901.7391457066665,2065.02684488,2051.10685216,1982.3239133866666,2012.5971385333335,2113.64422528,2009.64061632,1988.9928350666667,1874.6567765866666,1906.0347207466666,1894.5294896266666,2051.18572008,1859.1152773333336,1864.89449816,1936.3597189866664,1968.6138659466665,1995.5540317333334,1967.8693044000001,2087.0115161066665,2192.561719093333,2237.35890832,2212.0881908533333,2255.9926271466666,2185.8475536533338,2155.9757494133332,2231.53832848,2299.55013408,2352.9420639733335,2247.9857761066664,2237.8995222666663,2226.77253416,2635.6741390933335,2480.1932988533335,2504.2140555466667,2323.4209228533336,2420.846707413333,2438.4004611733335,2254.1584012800004,2240.4822146133333,2159.30950088,2405.5524317066665,2172.5170394933334,2318.8872150666666,2192.8881884533334,2198.7713517333336,2109.1086191199997,2077.6287273866665,2125.8128428,0.0,2199.592516906667,2272.3715451466664,2301.0488487466664,2219.2692832,2238.75776152,2210.347029733334,2160.0245570399998,2068.7759519733336,2155.5228241333334,2215.2902602666663,2204.11165168,2256.04520048,2301.9801274933334,2225.51278208,2259.528878,2265.99216504,2256.7861852266665,2168.9757183200004,2310.26418736,2305.918342,2152.57605352,2333.3074481066665,2269.3786585866665,2236.85613648,2368.30544912,2359.6054646133334,2336.2735666666663,2239.99734528,2336.3684653600003,2169.767355093333,2181.9674640266667,2099.8023981333336,2149.2308659200003,2213.4822215466666,2172.25350248,2113.26156176,2097.9348841333335,2242.4265828000002,2047.7773442666667,1983.9767618666665,2065.0380207466665,2138.5358202133334,2106.2349086133336,2031.04111008,2223.13260776,2180.07945424,2060.7997167466665,2087.1567535466666,2379.9293689333335,2468.2317546933336,2116.6252805066665,2170.6513964533333,2253.0273980266666,2241.9277021066664,2253.8983378133335,2441.2361584533332,2282.2601674133334,2215.42093312],