{"message":"Aggregated IX data for Hong Kong IX","data":{"nServiceId":null,"width":284,"jServiceId":null,"start":1511914200000,"end":1511999100000,"name":"Hong Kong IX","in_octets":[],"out_octets":[],"in_bps":[76.59461773333334,78.76730376,82.63563373333335,77.83753093333334,71.31045058666666,75.23427418666667,79.27129146666667,79.61162008,81.97162672,86.18848048000001,82.74199341333335,83.43774605333334,81.42972013333333,83.21769130666665,66.47136594666667,48.20404696,54.054534053333334,61.450955386666664,52.326572133333336,47.92806098666667,50.45647626666666,50.209819759999995,48.25379946666667,48.78231357333333,49.880986719999996,51.71906792,53.520703813333334,62.07143242666666,96.24545173333335,92.59112093333334,91.74495474666665,94.03872042666666,92.55207530666665,92.46229765333335,95.43223242666666,97.15779888,92.28644906666666,94.71401754666665,98.91564861333335,93.76824701333335,97.64763615999999,107.23373530666666,101.81203938666665,103.98444493333334,99.52515904,100.65286834666665,96.09837069333334,96.95971813333334,97.02149197333334,100.44904784,98.77799696,100.78690250666666,106.19454941333335,103.21532640000001,104.22903026666665,102.08786061333335,100.56244768,103.34290864,97.52265429333333,96.31536623999999,95.84592605333334,97.91359661333334,100.99337725333335,108.04243253333334,102.70339032,107.23378373333335,106.66341914666666,103.89316221333334,99.87601298666665,106.30519592,115.09703895999999,105.95750450666667,108.75520658666666,105.96701784,104.26459445333334,106.28088442666666,104.17887285333335,101.42118746666665,97.51086224,102.10352098666665,102.90128341333335,99.96889034666665,102.77850488,99.22147437333335,100.34054359999999,95.68715138666666,90.49504290666665,96.35975002666666,95.65454429333333,98.38702122666666,100.87130514666666,94.87660237333336,102.40126378666666,69.28108146666666,58.41319093333334,55.38913378666667,57.23390541333333,58.05492554666666,57.86168461333334,64.23078570666667,63.271446,65.38939218666665,60.01754250666666,60.965224426666666,64.13195874666667,60.87316301333333,59.81590749333334,104.68031170666666,106.37195818666665,100.11174231999999,98.33342495999999,96.99453322666666,98.41913624,99.26984456,95.54508466666665,102.36832618666665,99.91483397333334,98.33947533333334,97.67654048,98.4913096,96.42626536,99.77281890666666,99.68491501333335,96.54383818666665,94.72207013333335,94.98439837333335,96.07448269333334,101.17925242666666,96.6349984,96.87341192,102.65002829333334,97.46171248,95.5445392,93.10013178666667,92.56906050666666,96.95165690666666,101.09068661333335,91.58633645333335,99.23456952,108.00765613333334,103.4593956,99.79811586666666,99.96734373333335,99.51634504,99.89749493333333,99.98378549333334,102.54869005333335,97.20199423999999,98.63709792,98.20673253333335,96.49757984,98.01295389333335,92.91418623999999,96.51441295999999,100.71055805333334,94.75199709333334,97.75062032,94.65375106666666,88.70303738666665,92.11076733333334,95.21723831999999,90.08274026666665,98.30435237333334,97.46732581333335,92.98787248000001,97.43636133333334,60.832020240000006,62.51646,66.14804328,52.37595285333333,57.38753874666667,60.32460642666666,59.74503888,63.294346293333334,62.541029200000004,70.69147485333333,61.53999293333334,64.86738184000001,64.65854853333335,56.16131738666667,51.75622389333333,49.10386890666667,52.275251013333325,54.38808653333333,54.571777306666675,50.87897864,51.543124133333336,52.2435404,47.04989589333333,50.04520368,47.529771626666665,50.83592349333333,49.43363037333334,49.98179642666667,51.999104906666666,52.56512293333333,47.34435184,53.20397517333333,48.44097376,47.16206296,50.40700154666667,43.12135930666667,47.059639973333326,44.24779008,45.45150189333333,42.85448229333333,45.62800464,42.56181693333333,46.05228837333333,44.92020901333333,43.99584608,39.72896930666667,42.97143685333333,40.1098136,36.65547450666667,41.50729458666667,40.704767759999996,43.91030674666667,39.47114210666667,37.87251341333334,36.41013861333333,41.87108042666667,40.304021706666674,37.4094128,41.707051840000005,37.56309498666667,35.91827002666667,40.108127546666665,36.31674301333333,34.78339010666667,38.03438832,36.97707112,42.64473141333333,39.02774421333333,40.35228533333333,48.41761762666666,51.66460250666667,48.21058210666667,46.47424338666667,49.91955717333333,53.054100133333336,57.88952296,52.88109370666667,47.91589114666667,45.59467165333333,45.949499493333334,44.87350808,41.05384664,44.44776624,46.276802053333334,46.6491196,46.130178586666666,44.54266568,45.65028181333333,45.43973864,45.405360826666666,48.162960586666664,48.089858240000005,49.104140560000005,52.58976138666667,52.46450453333333,45.79103413333333,61.58266557333334,64.26481888,59.89418624,53.86423821333333,45.482246986666674,46.15608824,49.830097093333336,39.80808357333333,42.281187466666665,42.26929965333333,42.147573173333335,42.767581920000005,42.60466933333333,41.74571237333333,43.01354554666667,44.662145280000004,46.99198336,46.45051138666667,48.44464365333333,47.39560386666667,47.94160525333333,48.09587136],