{"message":"Aggregated IX data for Hong Kong IX","data":{"nServiceId":null,"width":263,"jServiceId":null,"start":1476288300000,"end":1476366900000,"name":"Hong Kong IX","in_octets":[],"out_octets":[],"in_bps":[3600.531207813333,2909.006008106667,3163.1020385066668,3431.926516666667,3569.808466266667,3372.49254432,3483.594403706667,3565.3257412800003,3298.0416037866667,3268.932831413333,3154.804905306667,3185.06871232,3124.488242026667,3035.005886266667,3017.4322715999997,2748.24438568,3051.1270738666667,2770.5119062133335,2765.6618479733334,2629.5331777066663,2624.4070417333337,2365.3251547466666,2408.4732563466664,2417.5772434933333,2583.152792906667,2341.48950792,2455.7004958400003,2112.6700908,2124.3385961333333,1932.7032560799998,1774.5223615733335,1729.5065015733335,1660.3985215999999,1674.0047798399999,1589.44645632,1596.2968935733336,1404.5098135466667,1386.0411692266664,1475.56046728,1411.5643362133333,1388.9325030133336,1369.1800202666666,1317.1833450933334,1286.2431929066665,1234.06286664,1216.1838755466665,1230.9822950933335,1217.5830476266665,1231.89611576,1059.4494647733334,1039.28000032,1029.8695834133334,1001.8609567466666,1015.1497186666666,1109.0046306400002,1112.5450607999999,1063.2307778933334,1057.8805168266665,964.6491448266665,932.6922045333334,826.0304046933334,832.5722220533333,878.88559728,1253.0346603199998,927.9858843466666,1000.7510840533334,918.6867860533334,915.4039229866665,854.6084568266666,940.6085213066666,976.55360024,1030.8376324533335,940.4286049333334,1025.5046403466665,1060.153214,1062.2840510666665,1074.49976648,1094.7761596266666,1150.7862604000002,1229.49058192,1270.8703629333334,1279.3495105066665,1199.9295626133335,1233.7715577333333,1242.6253850666667,1255.6891673333334,1305.70175032,1270.0448607466667,1264.1308558133335,1527.960794,1505.9773745866667,1399.4427811733335,1396.4712451733335,1332.3391367733336,1383.5675508266665,1447.3146314666665,1633.9260920266665,1655.0898345599999,1545.9510498133336,1770.7823106666665,1813.60936896,1687.5641904266665,1855.8160832533333,1740.01274576,1808.6196041333335,1746.91743464,1696.4584757333334,2046.4473649866663,2160.4170490933334,2230.6200269866667,2106.3170934933332,2113.019711733333,2141.3609173066666,1745.3129553066667,1807.4894215733334,1912.15824344,1850.5656473066665,1673.12847728,1753.1400804266666,1711.2301518933334,1711.4092359733334,1762.09694208,1675.5434311466665,1692.7127345866666,1821.9016223466665,1718.15847992,1727.6579130933335,1790.4211259733333,1921.9446360266666,2397.2264567466664,2518.918009013333,2641.7606439733336,2785.32174456,3204.1026049333327,3167.102323413333,3225.62838216,3095.381001733333,2980.340177626667,2963.50389792,2979.5550584000002,2965.6234732800003,2970.9483885333334,3064.4607796799996,3105.96151904,3100.094687653333,3150.605961306667,3092.475475306667,3218.29085152,3221.018667733333,3275.939452666667,3226.4703710133335,3326.4139751999996,3373.4152616,3439.633111546667,3557.881374746667,3308.9344110933334,3283.98939808,3417.4059115733335,3393.839885653333,3396.9237678933328,3338.4388769333327,3556.7019425333333,3702.1211440533334,3525.6399157600003,3434.9580584,3401.54224208,3358.916107786667,3281.905382853333,3479.832295893333,3427.942150773333,3322.08179352,3352.80139208,3528.6334740533334,3339.288281786667,3311.5239184,3378.704749626667,3369.520885013333,3370.040582586667,3480.392688186667,3255.6682842933333,3415.5128707199997,3530.273628026667,3734.1091756,3728.002404933333,3195.8801942399996,3190.61897392,3304.907916213333,3214.7379857866667,3413.719035146667,3452.450594693333,3211.397708613333,3243.8360364,2836.7945805599998,2774.7989137600002,3198.67595136,3107.39874744,2766.6464598400003,2309.4066446133334,3178.4171944533327,3078.472133146667,2971.69264352,3011.12416008,3044.111605333333,3003.10527504,2979.72598576,2892.225068213333,3029.090628293333,5874.2554728000005,4487.769319493333,3514.592966213333,3618.21046328,3754.3967395733334,3597.784289146667,3384.968278346667,3475.901561733333,3251.138453226667,3044.476840933333,3064.161122053333,3269.9614705333333,3290.990268373333,3125.5854659733327,3186.235870293333,3263.32159608,3366.453655733333,3143.499839466667,3111.08325392,3119.3770559466666,3186.820492133333,3467.1369351733333,3297.576549546667,3322.058472026667,3437.7620879466667,3290.491165786667,3309.8384499466665,3288.709976426667,3453.110834293333,3359.480223973333,3548.3911745333335,3614.9607344,3521.1943024266666,3553.3927889066667,3823.2246551999997,3914.0207380533334,3934.368566106667,3838.22990368,3884.4319158666667,4049.515819893333,4136.729429173333,4057.8037874666666,3187.016177973333,2969.88777056,2847.9853562133335,2508.8287439733335,2535.2989906133334,2345.1345332533338,2412.1520051999996,2497.95689848,2559.6692207466663,2641.7596833333337,3045.061653306667,2725.3758502666665,3671.783585813333,4251.18225528],