{"message":"Aggregated IX data for Hong Kong IX","data":{"nServiceId":null,"width":286,"jServiceId":null,"start":1506571500000,"end":1506657000000,"name":"Hong Kong IX","in_octets":[],"out_octets":[],"in_bps":[662.81775824,738.0270813866666,754.07442864,745.4600598133334,704.8056995466666,647.6548735733334,637.36845536,662.2839819733333,679.5628249866667,703.9967005599999,672.04894136,672.5667535466666,696.4616246133334,674.0770757866667,650.3643026933333,669.3409092266666,662.30177088,694.08242416,699.5227301333333,682.9874658666666,647.7108319466666,611.6116171733335,616.3601827466666,669.0250975466666,622.4279364,629.7629316266666,662.2366516266667,676.5665330933334,642.3391585333334,645.1143892533333,632.3615212000001,591.7167804533334,564.5312055466668,586.2433936,599.7543049866666,653.3868497066666,607.6223885866666,572.5508667733333,592.3533682933335,608.8344514133335,640.81224576,617.0118576,584.47648312,560.5029841333334,596.3950453066666,623.5534796799999,547.3757363200001,552.50466864,577.4975443200001,602.87000328,606.2160117066666,608.2830763466666,643.9664745333334,600.0840751466667,639.6381172,608.42187936,638.19358904,576.10002016,588.3711221599999,590.846202,610.80219352,631.5556307200001,625.8574710133333,607.3269980266666,564.38758096,682.82544592,642.25468088,646.01169192,678.0151513866666,670.0067149333333,669.9571376533335,534.6869154133333,508.60297842666665,547.8470477333334,570.2677741599999,542.0600261333333,552.2625317333334,575.9643794933334,568.57737064,530.9547949866667,516.2849511466667,502.13275101333335,513.0482329333333,578.1341514133334,549.0215610666668,557.10648104,543.5993413066667,517.29003928,494.5055824533333,502.98899936000004,510.0923619733333,497.8406726133333,464.32140181333335,452.5918815733333,416.92880152,451.5290357333333,466.11595690666667,501.10562074666666,503.08911066666667,496.18299242666666,460.7685009333333,465.11489384,474.5734926933333,471.66679349333333,488.1854255466667,477.0880048,485.53733757333333,488.75099269333333,479.0115116,469.3919731466667,474.54753528,450.40142480000003,443.88010424000004,442.59778464,480.7168967733333,505.62033895999997,492.26699176,478.846536,442.2233002666667,473.1054515733333,519.4449748000001,486.77003045333333,506.53509232,540.7127442666666,529.8161922666667,534.4671548266667,516.6797828533333,523.63978624,525.7547042133333,513.9367644266666,550.5121407466667,564.7772537066667,575.2082101866667,672.91148072,532.12207688,577.35563776,795.3508360266667,769.2104620266666,799.4996930933333,803.2288704533335,891.0448449333334,596.4730963200001,553.0773516,591.6353573333333,518.0129732266666,481.38874906666666,506.2849394133333,497.68988189333334,476.67096383999996,483.0609314933333,497.94351008,465.7951039733333,468.12413936,449.86798856,453.2904253333333,420.16283778666667,403.9525467733333,434.5877218933333,426.93730432,409.07583456,369.08656248,367.00937557333333,356.2134726666667,350.72313930666667,346.8057574933333,337.60991176,340.1544001866667,333.6945442666667,322.56670888,316.1974469866667,290.2719235733333,292.5686837066667,280.29126202666663,293.3795608266667,298.1952751733333,296.25764232,282.7739558933333,282.12043338666666,265.61530050666664,272.5510184266667,279.30413744,300.9238716533333,294.32986352,289.56405256,267.2406128266667,254.4524816,272.85783946666663,273.86812263999997,258.3146645333333,256.71607264,251.89387546666666,234.10554256,228.88935080000002,242.64991066666667,238.51681408000002,249.55600357333336,247.56241824,217.58873410666666,224.89302845333336,223.79817416,222.23879968,228.32699698666664,224.01756965333334,220.74446674666666,221.50080653333333,228.62078933333333,233.34050170666666,225.45605045333335,221.01660762666666,231.035142,217.71862045333336,211.47725578666666,206.50818784,197.82358093333335,204.47808424000002,214.85519546666666,211.59975634666665,210.38878674666668,209.1713816,214.54123581333334,223.67686810666666,221.35425021333333,230.38417890666668,220.82889056,230.25294674666668,234.62574234666667,241.13812717333334,243.9988832,249.57740168,246.21540514666665,247.44544245333336,246.93293661333334,240.02929362666666,233.94520258666665,252.61726970666666,245.24996661333336,248.93439912,255.95664298666665,264.35882413333337,258.27406834666664,283.07935373333333,280.28561133333335,290.3138434666667,282.5893615466667,274.2111309333333,300.72562349333333,294.73591074666666,282.01147463999996,290.96253456,300.8513062133333,302.6640629866667,312.48910368,350.07326495999996,337.3964417866667,332.8630648266667,332.6525950133333,355.76956975999997,409.5553070933333,411.06524344,377.9174384533333,377.46343784,385.73366552,699.05428472,463.8933662133333,484.4524902666667,528.7672026933333,432.81502728,464.6888269866667,474.1081191466667,490.0826023466667,514.7444663733334,590.9030532533334,575.9008949066666,581.3624843466665,594.4602699733333,638.4000587999999,635.6134572533333,614.9596505866666,637.415218,588.4980492799999,629.9118055733334,611.72699032,584.2071534400001,619.2427175466667,745.93514544,646.25184352],