{"message":"Aggregated IX data for Hong Kong IX","data":{"nServiceId":null,"width":286,"jServiceId":null,"start":1513051800000,"end":1513137300000,"name":"Hong Kong IX","in_octets":[],"out_octets":[],"in_bps":[73.80111146666667,76.94560149333334,75.39025634666666,75.623062,75.69540133333334,79.29470088,84.53343122666666,82.89700978666666,72.23891573333333,71.18469730666666,75.03222733333334,82.98128506666666,87.83498824,79.0482316,77.09023450666666,80.10596298666665,95.02904578666666,88.95347978666666,81.28331314666666,85.27412229333333,84.99908258666666,79.17417792,79.32363482666666,85.48162984,89.53994274666665,77.66151605333334,81.33276776000001,77.2560192,73.08788077333334,80.25426232,76.64738925333333,74.81457304000001,72.10866090666667,76.79547221333334,84.63469114666665,72.77982472,82.11022002666665,80.52305517333335,76.37859759999999,81.73427831999999,78.57338394666665,79.81520752,78.16848085333334,61.58723717333334,83.31321306666666,76.86897594666665,77.88706781333333,75.68667234666667,80.81559077333334,76.84627066666665,79.36866274666667,79.5890316,78.52928056,80.13195757333334,79.31217978666666,77.21984256,87.54680592,76.73393570666666,77.76229394666666,83.13058002666665,75.99544623999999,79.70224029333333,84.24021013333333,90.14895013333334,85.95005722666666,79.88502530666666,75.16690493333334,80.35112495999999,75.71445365333334,76.75218754666666,83.09566901333335,83.52087677333334,81.03646936,77.22799533333334,78.74378986666666,80.51490309333334,69.15485362666666,88.35600504000001,71.03792741333334,75.05446602666666,78.50008045333334,71.70644384,72.37592896,95.33998736,64.14525826666666,59.425365146666664,57.85006933333334,56.841024159999996,54.1082296,53.47449232,53.818034479999994,55.67729344,56.2608424,54.083207226666666,60.63466621333334,70.25382493333333,76.30702024,78.15314269333334,72.45253549333334,68.79038645333333,67.76437021333334,62.47892962666666,62.22433917333334,65.18896178666667,68.31717050666666,64.46823845333334,73.44118661333334,60.800605573333335,64.82566525333334,63.444689200000006,65.86523594666667,66.60653029333334,62.71319778666666,61.849545119999995,66.04264101333334,62.78823341333334,64.11527941333334,61.067100933333336,64.83827808,65.21357402666666,65.25431520000001,64.75872282666666,61.43464829333334,59.72064530666667,64.85449464,61.29575405333333,60.399657573333336,57.54577677333334,60.40627197333334,58.73719770666666,61.46685834666666,59.88962970666666,60.23705562666667,59.76908922666666,55.59999568,49.74670304,53.864403626666665,54.78298312,48.98573232,52.114795840000006,49.58800464,48.727046826666665,52.98403914666667,54.75760752,59.927981306666666,65.09606202666666,61.637505600000004,57.038158666666675,55.360179493333334,54.78107525333333,57.66375024,64.80641429333333,60.16825901333333,55.336589520000004,55.20181757333333,54.43074450666667,52.83220922666667,53.52444696,51.787027173333335,50.22947714666667,46.96186258666667,45.98032269333333,44.41759874666667,48.71744333333333,48.94618645333333,47.90809533333333,52.89452368,55.56735776,51.34926698666667,55.07386186666667,52.63023562666667,47.36815466666667,51.52136168,49.88272789333333,51.967768586666665,51.83332250666667,47.23143104,48.498733546666664,47.86770314666667,46.92097032,52.49964122666667,50.989382373333335,41.58020226666667,52.96183210666667,46.070667226666664,45.78176346666667,44.79528557333333,44.1024936,45.040639946666666,49.53127504,48.62200504,51.439503626666664,56.4842636,53.64811474666667,54.52567056,52.116542159999995,47.146954640000004,48.96861152,49.727880586666664,50.46200568,51.37537938666667,51.84516573333333,54.2664464,50.77760733333333,53.31439416,61.89938570666666,65.55407256000001,65.20582336,64.08758842666666,71.2260776,66.12240133333333,71.71911037333334,69.48034736,68.75760378666666,68.12111898666666,65.16645624,67.1236832,75.07607445333333,70.06386325333332,72.58906168,70.609936,71.95398568,75.01726517333333,61.846603306666665,66.71491018666666,70.22265485333334,72.49090669333334,62.71242506666666,65.72284768,66.54567789333333,69.27968893333333,64.91366015999999,63.86816424,63.52555216,63.68657978666666,65.18131256000001,69.03791333333335,71.0136564,69.28167594666665,72.38974776,72.32050008,75.90032770666666,70.37099637333334,76.99291058666665,81.55242669333335,71.59909245333333,80.34906157333334,79.58996264,70.85670096,76.02427469333334,77.56332744,76.41522554666666,73.17776816,79.59392176,77.31206792,76.91601328,76.93172968,78.18177826666667,81.90686909333336,85.53892066666666,83.83958773333335,81.52996845333335,91.93271277333334,95.04557074666666,87.78833549333334,84.17546082666665,86.85698074666665,82.64059325333335,83.78395386666666,77.39656141333334,82.96094874666666,84.52256272,83.20390917333334,82.69627634666665,80.60441178666666,83.38877005333335,76.55830389333333,82.99060362666665,79.06425514666667,77.44402066666666,98.71094104000001,74.77460770666666,76.94399664,72.94194096,81.93693568,80.86019725333334],