{"message":"Aggregated IX data for Hong Kong IX","data":{"nServiceId":null,"width":286,"jServiceId":null,"start":1505117100000,"end":1505202600000,"name":"Hong Kong IX","in_octets":[],"out_octets":[],"in_bps":[745.2093827733335,697.5534641866666,664.2904862133333,685.10783144,896.33979464,738.98820176,955.15221616,742.49993608,732.6408377333333,876.2703607466666,817.14748864,883.8642485866666,910.9802519466666,821.82249136,872.1447315199999,990.3190611466665,967.3491860266665,901.2149230933335,889.27200152,855.4966935466665,976.2265424266666,987.3612325066665,939.9668065333334,938.1499552,963.6031794666666,930.6926513333335,937.7279167466666,849.9494023200001,887.9678814666665,877.410986,920.6586427466666,864.4850460800001,896.4477563733335,833.03955392,805.3693653866666,842.98069408,864.1188156533334,875.4404896533334,879.15046736,898.9163297066666,895.4191745066665,904.5351230399999,912.0695283733335,841.1404316,907.1417926666666,941.4326651733334,857.4085988533335,850.7688246666665,830.8260821866666,847.1989890133334,725.6862717333333,650.5707709066667,631.8035122133334,837.0365724533335,877.8784939733334,882.8195905866665,845.6773061333334,800.18585816,826.1377182933334,839.9071964266666,864.4579395733334,820.8982811733334,876.633098,884.9625459199999,864.8330996266666,865.5329732533335,794.1169610133334,864.2316234133334,822.5696465333334,843.85318912,842.1057745866666,841.3441653866665,843.9562020533334,782.2847769333334,870.6456136533334,892.6941184533335,837.2258715466666,886.9935281066665,850.210522,1252.6007194133333,1143.9509673599998,1140.33692464,1297.6138908533335,1086.8007101866665,805.9274517066666,832.8712554666665,993.57536096,1047.2879658666666,1056.8202267466665,1054.4551661066666,1007.3927342133335,1056.5812011466664,1061.4450611466666,1085.4666365599999,1034.9259165066665,1076.0696989333335,993.31365824,806.0856254133334,821.65401464,893.8332120800001,899.1117287999999,971.0971686133335,799.1865099733334,783.4518782133333,840.43724136,814.946648,802.7143010666666,606.1307248533334,558.8072624533332,560.9071383733333,587.0156584800001,623.3018779733334,726.7929064,695.8826356266667,621.6204618933334,510.5885211466667,592.07331536,623.7503687999999,628.8099094400001,590.6288512000001,558.3063232266667,551.2760429066666,469.5051122666667,429.89538248,435.5229161066667,415.9501409066667,401.7602204,483.73586448000003,482.85290544,448.6433164266667,417.6980138933333,394.5935653333333,397.5621834666667,418.53360306666667,432.5150331733333,402.27569610666666,355.05631064,437.95684757333333,415.2606090933333,556.32866344,558.4844425866667,491.06610117333327,492.4640031466667,403.95195954666667,321.8800526133333,315.3274853333333,307.24716592000004,285.8356062133334,276.2670988533334,285.46140749333335,297.73340952,323.6365546933333,317.15138864,320.6914973066667,287.5378444533333,287.02002946666664,278.56522749333334,287.3947512533333,293.58078741333327,278.69144378666664,289.6732793066667,286.67900717333333,276.73613757333334,276.37192704,238.11246978666665,259.48766578666664,342.52252863999996,310.9944870133333,318.6753771733333,316.36308327999996,301.00078472,413.50104960000004,455.7237833333333,358.0502338933333,388.77990919999996,383.2946279466667,415.96525312,418.17742960000004,373.76756744,423.94597592,424.11200037333333,422.51214863999996,470.19847592,498.87427704000004,520.2517513333333,514.3944006933333,476.51966095999995,499.6628882666667,520.69163568,465.4071776266667,472.08447472,446.6502899733333,510.06801173333326,512.3057634933333,481.1420209866667,512.4371561333334,502.66277336,519.07562656,536.7345807733333,539.1108213066667,579.40726048,557.84578264,600.6040263466666,557.8200074933334,582.69071192,624.6293669333334,631.9939733066666,663.910244,747.0127647200001,678.48984016,692.8846331466666,684.5174102666666,688.7258902933335,696.4871278400001,729.1434472533333,714.2170166666666,789.1278489066666,755.42137624,841.83238696,894.9891720266666,1002.7446777066666,856.2714947999999,880.6656634933335,869.19586296,919.3944769866665,921.3088543733335,1193.4634628800002,1133.7324620533336,1067.1658830133335,1100.6173693066667,1019.05767688,1049.2238884,933.2486218666666,924.84015528,1075.8710604,938.07554928,854.9531379733335,864.7937630933335,908.5825176799999,929.06286344,1000.8187261333335,917.3544605333334,920.1618878400001,869.18672712,1056.3678386666666,846.72938248,787.32548376,913.9235355466665,929.9117314133334,963.11154448,1012.3715616533334,1096.7495981333334,969.5127832533334,973.0054468533335,814.0981078666665,797.7118363999999,803.3906525866665,888.91303688,916.5975214133334,809.9535501066665,833.4173530666666,819.4159430133334,868.9265996533334,791.6873755733334,868.6714241066666,876.3768405599999,882.2593142666665,846.4199107733334,848.7827716,860.1462606666665,922.3053590133335,839.11244664,820.5648410666666,859.795282,855.0072976266665,836.1825552533335,877.7262041333335,876.7817596,892.0732821866666,872.2984946933334,894.28438304,950.71202752,900.25852064,908.6132419466666,886.0017088266666,938.53234312],