{"message":"Aggregated IX data for Los Angeles IX","data":{"nServiceId":null,"width":262,"jServiceId":null,"start":1513095000000,"end":1513173300000,"name":"Los Angeles IX","in_octets":[],"out_octets":[],"in_bps":[6571.27369128,6127.944093733334,7120.80275192,7425.53503232,7316.75034848,7053.216479146667,6830.00208904,6444.633059573333,6291.392856586666,6151.935346213334,6204.539805066666,6084.839392,6164.799795546666,6367.16584496,5867.122393573334,5924.793738746666,6192.932381626666,5975.5511508,6062.486197573334,5892.1665732266665,6254.123160693333,8478.665333866666,8973.603256213335,8682.471453040002,10413.09480712,7498.6396516,7323.3573788,12365.51680728,7054.89195872,5700.417694106666,5271.4592955200005,5324.95765288,5035.151923173333,5530.544183386667,5943.02048192,5866.99771896,5163.3451275200005,4936.55399016,4977.1797445600005,4899.693906106667,5572.645853813334,6770.53821032,5812.745506106667,5473.653226266666,5084.31749688,5189.656233253333,5119.262064053333,5654.974445786667,4578.243960773333,4509.045394026667,4718.75903048,4813.110065173333,5362.015328773334,4796.8674482666665,4307.414387653333,4731.0606584533325,4681.324407093333,5362.725372399999,7452.605922266666,8597.817138666665,6898.935731306667,6220.145998853333,5076.901180479999,4871.962997386668,4672.259368266667,4604.092901013333,4861.023390853334,5018.02964296,6217.563735493334,7365.297462266666,5968.380440986667,5113.303780826667,4415.98055568,4205.499088906667,4045.930475893333,4281.79795168,4608.551232373333,4842.5173348,4922.622982266666,4928.704182186667,5179.565152453333,5931.896073813334,5149.640989946667,8048.6642056,10288.4777908,10489.758019146666,9198.038026,12871.364307573334,8413.182009946666,5966.26776192,6380.986266533334,5540.538095973333,5271.67242304,5782.740688986667,6632.508865573333,6584.1003192,7323.815624026666,6862.21895512,5483.087197386667,5631.133997520001,5258.333345706667,5213.734383866667,5153.008390613333,5382.49883632,5411.298128346667,5489.936254933334,5173.22442168,5532.545079786667,5877.067235786666,6080.234227520001,6290.0091755466665,6737.605213466666,7022.304867600001,6319.31448952,5592.3634128,5435.56424592,5896.27072296,7123.79216368,6185.312721546667,5944.711907626666,6346.7853011199995,6018.600249706666,7054.917009520001,6711.8414006133335,6046.986497946666,6447.2829469066655,6278.003210213334,6156.759676853333,5649.47770064,5934.476282613334,6094.23122968,5954.91425728,6541.918491386667,7895.161641626666,7374.589881626666,6466.327858933333,5820.42649704,5696.2328085866675,5820.460884666666,6224.849123013333,6472.735839066667,6029.761652293334,6209.131760133334,6480.256666666666,6589.947130826666,6152.724330906666,6006.291410186666,6213.113526613333,6468.026360746666,6237.939263306666,6183.16463544,6103.513376773333,6275.6203152,6132.709746826666,6175.60275952,6070.202036479999,5755.390173626667,5756.915618986666,5773.65080392,5895.828435226666,5787.9978808000005,5971.48892448,5992.7120130933345,5872.17203328,6050.9016336800005,5847.924521573334,5811.97298048,5917.0989227733335,5800.01886288,5857.05115568,5813.813008213334,5744.89271792,5506.835681546667,5559.131947413333,5414.656917706667,5783.125587546666,5650.669309093333,5638.781757626667,5926.623885306666,5787.9927300533345,6181.9750849600005,6098.805736346666,6469.18279576,6738.202429466666,7418.667481386667,7060.5590445866665,6859.6400089866665,9640.368729573334,7582.90424184,5858.651904346666,5729.673305733334,5526.1652332799995,5588.922524986667,5614.746303066667,5220.627657546667,5465.712626346667,5454.412703866667,5679.825473626667,6105.717109413334,5867.5813792533345,5630.1754952266665,5653.611849706667,5779.5287736,6182.234043813333,6348.688516613333,6316.077039093334,5982.077288373334,5402.641962426667,5346.682341226667,5385.717959786667,5675.886916986667,5516.137053359999,5590.684235333333,5509.68485264,5500.686341146667,5433.048626586667,4959.38815096,5324.17375912,5328.417437893333,5932.8173244,5603.424868319999,6685.373372319999,5655.026181813333,6966.592439226666,7911.675342106667,7716.060531973333,7533.87409176,6901.657390133334,6032.519254773333,5781.378542133334,5576.459443013333,5214.23764,5455.555629333333,5185.340528186666,5277.3404531999995,5321.995066373333,5979.71808752,5176.954487813334,5017.188103760001,5298.81494392,5270.972148399999,5480.1632344,5490.248412506668,5434.415325573333,6606.388820186667,6754.778055173334,5432.458835413333,5276.522408586667,5428.932594053334,5270.951772746667,5451.89684456,5406.85067792,5124.667862026667,5362.1529644266675,5274.5278092533335,5358.210573706667,5648.9656404,5631.974953093333,6133.822061306666,6032.021346666666,7250.3340539733335,7693.842168933334],