{"message":"Aggregated IX data for Los Angeles IX","data":{"nServiceId":null,"width":287,"jServiceId":null,"start":1482020700000,"end":1482106500000,"name":"Los Angeles IX","in_octets":[],"out_octets":[],"in_bps":[1920.9832433333336,1931.0526138933335,2007.5919242933335,2100.584623306667,2011.80137816,2032.5734908266666,1979.0678778666665,2032.368496,2057.3886994666664,2028.5988917333334,2256.2812863733334,2321.842347866667,2323.8524806933337,1616.5909491466666,1388.0967022666666,2264.52616016,1826.9547004533333,2094.4760929866666,2158.56919312,1666.0990148800001,1758.1751333599998,1773.8136360266667,1840.5696165866666,1271.6065502933336,1404.2511377066664,1267.46819392,1639.8741938933335,1834.9181570666667,1220.8209836266665,1281.87669624,1535.67898352,1364.3981350666666,1204.48517904,1218.55747032,1593.46690784,1400.9277084,1509.72613672,2193.650872986667,1933.0312873333335,2020.8801591466665,1728.07289984,1594.0021659466665,1617.2723694933334,1390.09894944,1301.08620448,1159.0050053599998,1236.6769100266667,1421.7091247733335,1147.7325647466666,1428.3693870933334,1427.03908544,1143.09208232,1294.0569081066665,1112.4091766666666,1238.0858283466666,1287.5376779466665,1191.2759950666666,1167.2881628266666,1181.6528654400001,1308.7892315733336,1298.4743452,1233.5224718666666,1209.4811370133336,1228.8439505066667,1206.98354696,1225.2522142133334,1181.4223113599999,1286.9339602666666,1324.8648104000001,1285.9272079733335,1346.8099018666665,1326.69687616,1479.3384744533334,1252.3435660799998,1206.80629272,1133.5453832533333,1168.9369339466664,1188.4650098133336,1261.7533270666665,1174.2060804533335,1263.11595072,1191.2802717066666,1141.3101665333336,1190.09139528,1159.85542096,1305.8511970666666,1225.4360242933335,1201.77135024,1206.9189429333335,1078.8153985333336,1107.8579581066665,1140.7055874133334,1249.5043794933333,1241.5188116266665,1052.0354606133335,1081.7318097333334,1149.4274116,1073.4525925599999,1167.0094889333334,1039.28520688,1009.9941417599999,1110.0843276800001,1004.51502064,1024.5904706133335,1051.7772250133335,1041.3248525333333,919.2251212266666,888.4673262666665,890.6365014400001,902.26721656,1033.2657064266666,873.5708598133334,853.9552074400001,839.0421194666666,827.03361112,836.51259592,1014.0810019733335,878.7370664,846.5243742666665,933.4617653333335,849.33807432,901.5391138133334,916.2742003200001,878.4765696000001,833.6672243733335,854.92546992,790.1355143733333,718.6599414666666,775.9842854666666,810.7882886133334,838.081388,753.95799608,816.8831765333334,803.2619220266665,846.2228473600001,840.5364400533334,856.77665072,822.2623058666666,934.9904634933334,942.0891011466665,779.8618264533334,816.46542432,807.7127382666665,833.9646050933335,854.7796690666667,922.3721482666665,840.1153563733335,879.1850285066665,877.6415711466665,856.77712688,877.5653595733334,892.8906616533334,848.1710715199999,835.9217310933335,754.97677272,861.23075296,900.89262,971.0684086133334,838.0855552,821.68850712,885.4037219466666,902.1895488266666,945.3964702666665,989.53517024,906.9773724533335,993.12501664,950.1091484266666,990.2639054133334,983.54061856,975.462838,1183.8887343466665,1084.9014536533334,1029.8500221866666,1200.7581585599999,1077.2307677866665,1255.68446296,1525.11492272,1158.3607292000002,1211.17064288,990.7277924266666,1074.4739516533334,998.76663664,990.2308354933334,988.41349576,1057.7325086666665,1031.0294833866665,1047.8275809333334,899.9795002933334,1096.4373101333335,1080.64727048,991.1605782666666,1018.8733531733334,1091.62999416,986.7776709333334,1086.8994388533335,1197.3558988533334,1112.2555686133335,1034.8077577066665,1065.47906512,1102.4416266933333,1124.5666612533332,1129.6676672266665,1118.00008296,1150.0165604266665,1213.6688484533333,1092.1753965066666,981.2925916533334,1099.40154392,1416.4196517333332,1519.7736108800002,1408.1484461066666,1575.7663468266667,1651.06359152,1486.9995611466666,1489.6500336533334,960.8419893066666,1139.2199467733335,989.67543352,1148.8967831733335,954.3165916533334,1015.0827103733335,1076.5520888800002,1063.5940076533334,1299.9538425066667,1292.38124024,1011.5660030399999,1314.69020352,886.9993516000001,908.4113698133334,920.7944352266666,1070.28542072,971.5098316266666,1033.2155113333336,1308.1174851733333,1094.4857414133335,1065.37686216,1094.14126408,789.80187888,842.0901837866666,787.0300852,971.2837898133334,1182.8656633333335,874.7567328,1122.4507271466666,1038.7787894933335,1117.3747757066665,1048.0028857066666,967.1045727200001,953.4172587999999,1007.0949384266667,999.7634275199999,1100.6272250133336,994.6612442933334,1442.7235889600001,1158.5023433866666,1067.16876304,899.8475382933334,885.8534694933335,991.7012647733334,1227.1870977066665,890.0785926133335,930.0270068,926.1373106133335,978.2028530399999,931.0133655466665,924.8124670933335,1002.3514667200001,939.80091888,954.7867228,966.0603881866666,1040.1511446666666,1095.9376403733334,894.3849450133334,1013.3166834666666,906.2801232266665,963.5188252,885.4208083200001,1319.0987227733335,974.2293087999999,1041.0500461066665,1047.6650088,995.9558165866666,1151.5725131733334,995.9890327733334,1247.3802069066664,1014.06469192,1064.3806753333336],