{"message":"Aggregated IX data for Los Angeles IX","data":{"nServiceId":null,"width":286,"jServiceId":null,"start":1512303000000,"end":1512388500000,"name":"Los Angeles IX","in_octets":[],"out_octets":[],"in_bps":[5827.599453386666,5844.11762824,5708.332047973333,5679.779647946667,7892.834072053334,8767.372311946665,8700.597903573334,8323.893999226666,7738.88098488,9105.643273866664,13039.163029573334,8825.692629306666,5818.639544,6032.794222053334,6613.138048053334,6222.951932106666,6169.404602373334,6142.535967253334,6154.984495093334,6178.713858266667,6225.519769626666,6164.58307888,6827.306688479999,6418.81001904,7047.089749413334,8713.149086746665,9475.11560232,9250.710214879999,7758.9054595200005,6546.7908451466665,8817.44375616,8991.386549386665,7630.785062826666,6713.35103112,6866.381219520001,6683.266325866666,6559.772980533334,6658.963302239999,6768.490321253334,7193.422267573334,6889.131985333334,6910.974574186666,6818.93450984,7061.787404773334,7021.578972213334,7101.987660399999,7144.885849013333,9940.632967573334,11075.14897608,13788.562836853334,8788.26630784,6830.304115893334,6983.679788026667,8026.73624504,6633.624777066667,6515.285949706666,6328.952051306666,6272.676916373334,6180.42264656,6209.480408266666,6403.863024853334,6408.38128936,6360.39607072,6473.934628506666,6281.55806088,6113.98687168,6260.195506346667,6339.676012666666,6529.17280976,9353.765792053335,7720.54244768,9994.360209466666,9450.34452248,6253.022779813334,5572.57100224,5744.566141253333,5716.356931413333,5474.167896319999,5236.276623946666,5068.291393573333,4938.204047973333,5212.4536562133335,5225.616138746667,4713.6140041866665,4495.8620634399995,4529.33654912,4567.706348826667,4659.326242239999,4666.7673884,4517.808974826667,4395.04037584,4706.30208816,4695.132098533333,4626.949387253333,5275.13999664,7793.537755546666,5182.439030213333,4105.976333706667,4067.5515272800003,3855.8567066133332,4102.47549232,4277.851105093333,4181.843364586667,4044.606588693333,4214.209161146667,5368.290564293333,4961.392030426668,4166.160926346667,4676.245240266667,5760.5313800799995,4192.3626836,4110.475472346667,4011.215334,3935.488499066667,3874.0934305333335,4136.542417866667,4701.758669333333,6638.840145066667,5707.6100518133335,8855.140549946665,6998.449667653334,4551.282628586667,4197.472608666667,4405.239924560001,4635.4936802933335,4678.703378213333,4628.94391608,4600.0833331466665,4550.03537824,4327.696539786667,4468.143492186667,4620.064377013333,4759.615474666667,4505.647600826667,4368.38205352,4350.511089226667,4407.956334106667,4461.6907318133335,4692.994539066666,4718.667037066667,5046.639469253333,5022.5612451199995,4808.748063306667,5275.022534293333,5074.625894826667,4664.314115066667,4940.149982666667,5211.719497546667,4827.101954746667,5129.481631279999,5393.503443786667,5357.37542984,6221.58731984,6362.462495306667,6345.341769600001,7378.3580544,8258.309801066665,5364.727821093334,5614.443278106666,5739.716710586667,5668.956835973333,5377.84039776,5378.005136186666,5433.839435093333,5622.067832373333,5713.611696319999,5583.17070776,5576.584953493333,5564.431183626667,5620.366386906667,5455.428785786667,5531.81150576,5648.393409466667,5713.959121813334,5975.4045005866665,5784.13936488,5449.060776826667,5496.70268904,5532.706595013334,5657.962026906666,5367.6613556,5480.240741493333,5763.44078376,5834.872416506666,5766.219345413334,5669.346692986666,5855.0261654666665,6000.604185333334,5750.88618752,5854.9322612,5804.0846432,5689.347123946667,5417.578350506667,5693.051819466667,5965.279019546666,5761.425252613332,5863.924671573333,5716.16710056,5852.022361706666,5769.23083416,6026.539208933334,5907.291062773334,5940.7900288,6022.713098906665,5778.08746616,5758.684215386667,5827.101066533334,5865.369872346666,5903.777120853333,6159.295869653333,6250.37751432,7291.70864328,6660.117271733334,5772.26017376,5842.963739306666,5729.571824053333,5649.6177045333325,5609.611938720001,5719.69632592,5526.246403173333,5591.470239626667,5436.250431146666,5574.04396168,5459.1757744,5419.2931552,5311.769120826667,5538.269186346667,5470.569704533333,6039.861221173334,6747.298711973333,6639.036448746666,6182.820510133334,6026.11233112,6180.903619706666,5502.214462906667,6902.67727328,5473.478637813333,5232.484395253333,5126.493291706667,5095.604090613333,5013.38658608,5010.50119928,5002.928803706667,4942.52035144,4747.132811413333,4836.495843466667,4794.127488720001,4781.937382586667,4723.223040986667,4806.432084826667,4684.779160666667,4662.98700432,5324.782294746667,7001.938172266667,6838.301467493334,8518.443417493334,7657.274148213334,7056.33800304,5418.911412266666,5021.37327904,5033.73843472,4817.713213333333,4892.99363288,5234.230781386667,5273.828796773333,4745.808609333333,5663.896649306667,7121.165472826666,4778.6641710133335,4725.6710842933335,4735.3644532533335,4779.899524026667,5568.264001013334,7044.500589813333,10796.594912479999,8913.104071200001,5710.1981221333335,5658.4849888,4908.26002,4837.00013392,4874.5495105066675,4957.24290672,4919.475803706667,4731.363315546667,4979.081544773334,4820.7460592],