{"message":"Aggregated IX data for Los Angeles IX","data":{"nServiceId":null,"width":259,"jServiceId":null,"start":1497801900000,"end":1497879300000,"name":"Los Angeles IX","in_octets":[],"out_octets":[],"in_bps":[5596.320544053333,5649.350452533333,5658.90644224,5201.961818213334,5007.457156933333,5079.8144942399995,5066.623235520001,5258.440117653333,5362.756413653333,5342.86266168,4859.847962213333,5231.081677786667,5013.77935968,4720.590459706667,5139.817198186666,5020.164534053333,5157.797168293333,4898.4058484533325,4807.111569546667,4458.069490026666,4273.465158186667,4374.40633992,4650.262078853333,4465.765517546667,4191.46907144,4492.180390666667,4289.7675244,4275.955888426667,3829.901983893333,4061.33731088,4201.237895226667,4288.05972504,4160.499687786667,4650.015032266667,4202.555080586667,3888.261494,4114.889658053334,3906.32684792,4011.620755866667,4372.7630200799995,4386.55267448,3713.010921706667,3879.5957681333334,4043.436421706667,3365.1050086933333,3751.506023973333,3780.365125253333,3437.687958853333,3457.87397808,3506.5008307199996,3308.4420276533333,3523.858898933333,3723.0148924,3430.221716586667,3363.148604533333,3578.390237226667,3249.967855626667,3369.015146986667,3376.996489626667,3388.34988464,3437.8257424266667,3538.93432376,3609.5919632,3534.386956693333,3645.499557813333,3739.19704112,3418.253023253333,4125.352234186667,4736.3669440799995,4659.7489404,4824.48520008,4708.186805973333,4571.35490792,4527.00858224,4265.468679226667,4120.13079056,3606.9333996533333,3811.7179438400003,3919.65557096,3617.259293066667,3672.699053386667,4042.241993813333,3637.72869128,3831.1299017600004,3972.2905206933333,3937.695020693333,3952.25987488,3701.94563576,3731.9131307199996,3868.776185893333,4275.32114304,3812.3629003466667,3865.5609127199996,4132.729422133333,4371.5672112,4410.0726130133335,4000.6916398400003,4077.64770584,4180.147971146667,4320.163324746667,4616.087023893333,4218.323692293333,4334.067491520001,4609.154634293333,4831.1061972,4758.667858746667,4841.274486666667,4686.808519493333,4705.35311528,4528.96921992,4610.699748800001,4659.891570293333,4792.6854403199995,4640.802384453333,4303.561403253333,4774.99898944,4919.458218453333,4608.950338186666,4987.784912666667,4902.1170778666665,5022.289349279999,4728.312260266666,5359.49728056,4911.964219466668,4875.672832186667,5089.355927786667,4861.0170531466665,4643.315889466668,4881.162268906667,4607.155159066667,5132.210606186666,5050.40599912,4728.74801528,5092.863343973333,4760.52998768,4404.14139976,4386.022664506667,4393.396923386667,4611.5644344266675,4385.132932106667,4658.899085493333,4653.739125946667,4911.77507168,4677.5507868800005,4607.5235652266665,4743.409627413333,4975.236260693333,4725.46777488,5333.410419733334,4977.14921312,5067.049994,5188.70861936,5434.10006,4737.866634693332,4822.153731226666,4601.09291088,5181.784895946666,5268.282858666667,4910.0695913066675,5257.78130616,4835.195692373333,5183.143746346667,5462.620126213333,5381.68296664,4881.6041118933335,4515.8186188,5485.411952106667,4586.68511136,4615.0076795466675,4657.89448168,4535.311016453333,4569.6152350933335,4606.484832426667,4796.402620933333,4683.018351493333,4641.329522319999,4575.327506613333,4615.96360448,4362.952659626667,4494.808059306667,4653.995183866667,5351.51042552,5199.12559496,5024.534414986667,5063.5039536,5437.840204373333,5493.704327146666,5136.189917306668,5233.592357333333,4980.167058373333,4949.651416533333,4814.926102,4829.296350426667,5119.23589152,4734.005799359999,4614.846155253333,4732.337012666667,4923.95581352,5280.68439616,5135.755712293333,5096.10148944,4278.95474208,4434.793794346668,4162.86263544,4173.831646373333,4609.9958029066665,4802.10321848,5144.942474933333,5526.298074,6076.51509296,5100.130690373333,4652.82131544,5170.362941573333,4294.211811306667,4487.677766213333,4884.248065706667,4633.9312662933335,4859.219027306667,5077.356361546667,4767.911794586667,4859.652853653332,4959.746329573332,4690.132991813333,5160.172989626667,5241.182045493333,5315.40049424,4876.536859333333,4573.323654266666,4322.562236906667,4400.675918986667,4481.408860266666,4583.1447577066665,4466.73662912,4589.610688506667,4168.696922026667,4538.065542373333,4929.92664088,4593.403003439999,4807.75069784,4646.324154613333,4327.374082640001,4532.586705573332,4737.309145013333,4811.379586373333,4490.676209333333,4751.95856968,4736.054602560001,4838.7930936,5696.6665162399995,7046.338372346666,6493.67972,5728.76406496,5402.167583626667,5543.8489783466675,5433.574460853333,5610.07228624,6815.1989154933335,8524.490113226666,6600.9306038666655],