{"message":"Aggregated IX data for Los Angeles IX","data":{"nServiceId":null,"width":215,"jServiceId":null,"start":1478981100000,"end":1479045300000,"name":"Los Angeles IX","in_octets":[],"out_octets":[],"in_bps":[2194.2643842666666,2263.0343008,2029.2143683733334,1885.3192544533333,1967.9952559733333,1964.3381253333334,1969.5030733066667,1961.9643327733336,1779.3371653866666,1906.8758446666666,1949.5764636266665,1826.1943387466667,1866.3857830933334,1776.8726823466666,1735.5633331733334,1759.32031592,1804.63765704,1599.76811376,1712.2436072,1795.5569117333334,1725.5465597333334,1760.5242208533334,1676.0618802666665,1725.2511306133335,1882.3546421600001,1917.7074992799999,1817.21718728,1773.6853281866665,1764.4054287466668,1794.2174931466666,1805.4767896266665,1878.2709302666667,1879.2051544533333,1922.52269704,1936.8481013866665,1906.4799326933335,1896.5267564533333,1983.3620680266667,2137.12022024,2117.7603196266664,1905.5742716266666,2008.1503606933334,2076.1385034133336,2020.4579155733336,1989.75417456,2094.6401744,2267.527290213334,2151.7566384266665,1980.7951035199999,2066.12490704,2023.3609038133336,2004.4748155466666,1976.8721545866665,2085.76718392,2079.75499856,2088.1825926933334,2089.73293752,2097.8484450666665,2158.7955609333335,2220.02032096,2217.20096264,2285.19927664,2372.2166571733337,2358.86548344,2498.0607365333335,2594.7377914133335,2468.4927102933334,2442.1973734933335,2383.3688448533335,2348.9542745066665,2412.52192488,2185.61781288,2403.0278944,2241.8383554933334,2180.4867136,2198.1191119733335,2241.7768441866665,2351.3257338666667,2221.990483733334,2350.8029120799997,2335.9029452533337,2220.0187080533333,2171.9062525333334,2141.6372636,2216.2463659733335,2284.004417653334,2124.7182331199997,2235.22049208,2206.4112575466665,2355.0718928,2304.866664426667,2554.07242344,2350.8759152800003,2337.3782768,2338.36083576,2248.7766299733335,2392.1355412533335,2405.48486464,2358.4098634666666,2342.75898736,2340.33755736,2364.6837006666665,2435.150636133333,2306.87439744,2497.108111573333,2388.68235736,2309.5991514400002,2312.8636183466665,2253.89590504,2432.71602816,2398.604850986667,2439.0432737600004,2307.1985068000004,2381.0815452266665,2356.51738392,2393.3053521866664,2395.5002782933334,2322.8254258133334,2269.2735308266665,2490.77273176,2342.3815152533334,2540.173615653334,2581.7278068,2570.7497814666667,2242.7970024533333,2496.6132421866664,2371.267143546667,2195.0270529066665,2019.9392162133333,2202.7866728266663,2205.4051262933335,2095.1368918933335,2078.8440183733333,2054.681577253333,1961.7480005333337,1898.90990152,1987.46603648,2005.7212329066665,1851.8430269066664,1911.2395727733335,1876.5513654133333,1892.0755563466666,2007.682124,1867.6182516,1797.71817472,1923.7903035466666,1937.6066441333335,1865.0103239733335,1902.2279901866666,1863.2837428,1881.5913557066665,1739.8740916266665,1726.9943179733334,1777.9632275466665,1733.6090732266664,1683.6564730933335,1588.3044678133335,1698.3143134133334,1681.3515231733334,1577.6895736,1721.2529884,1533.89621168,1519.9175445066667,1539.47273592,1512.9482230933336,1448.8565769066665,1514.74361416,1579.4397007999999,1536.2250099733333,1436.10529376,1375.6655500266666,1484.0978587733337,1445.06007152,1526.1023100533334,1501.0030647733336,1402.3045753866666,1330.2372569333334,1342.1847885333336,1334.7888785066666,1420.79219904,1520.6174705066667,1542.4867525333336,1429.2971570666666,1435.9528255466666,1381.5466698399998,1525.9781399466665,1436.3294354133334,1427.67825312,1535.22240424,1615.2225313066667,1749.3278026133335,1665.1614457333333,1572.8462528,1494.2768078933334,1461.10486176,1410.9088832533334,1535.2648618399999,1473.05970568,1555.0447561333335,1576.2362512,1492.8239535999999,1472.0563271733333,1486.13524792,1452.1811514133335,1474.78184144,1515.5933232,1423.1830959200001,1318.7964983733334,1329.06710808,1365.3695117866666,1398.0070550933335,1440.6857073866665,1425.7271173066665,1426.5273313599998,1513.3022398933335],"out_bps":[2186.2305149333333,2268.9149302399996,2025.08120328,1878.4665683199999,1957.0232459733334,1955.1942687733335,1975.6400841066666,1956.94780592,1782.89980312,1898.64817816,1951.5172856,1810.4189331199998,1864.7888313333335,1760.7906564533334,1752.7899897866666,1750.7767734133333,1799.5112887999999,1583.8591280266667,1714.4839585066666,1780.7898334933334,1740.3590537333334,1749.87446864,1674.8779724266665,1720.50691688,1882.07932736,1900.8112984266666,1832.4662795733334,1746.2868353866666,1773.37136952,1781.3458811199998,1810.4405598133335,1865.1326213599998,1872.5767611733334,1934.6785531199998,1913.7116168533335,1910.65059296,1892.9597773866665,1961.6112305866666,2164.1697808266663,2097.1237343733333,1896.1592013066665,2020.0482337066665,2068.19534584,2012.53507832,1978.3340748533335,2072.0733906933333,2265.339489013333,2149.3001487733336,1985.5839854666665,2063.5029531466666,2031.0215128,1996.3625487466666,1965.5214915466665,2085.2571802133334,2057.9509090666666,2099.5518246933334,2059.987416,2110.7055202666666,2160.01866288,2201.097994906667,2215.67337792,2273.102135973333,2364.2391218666667,2351.3870659466666,2494.3227188,2574.225342986667,2457.3326984,2458.9510005866664,2380.0365747466662,2344.41372752,2395.3293180533333,2178.18741248,2420.57724256,2219.051569866667,2163.4976154133333,2223.6254327466663,2214.9074359466667,2344.1771461333333,2216.2797920533335,2340.1304121066664,2329.95789104,2220.4002552800002,2172.9874300799997,2118.7380092533335,2219.93842992,2285.2804088533335,2109.721944746667,2237.665514426667,2198.03741912,2357.88164664,2301.9185152266664,2505.7628577066666,2371.0080857333337,2349.91539352,2325.545462826666,2237.52341144,2379.372623386667,2426.36829312,2354.8843656,2325.65086656,2328.0389910666668,2360.61139232,2433.0674538400003,2301.6917893600003,2478.9325276533336,2391.7234211466666,2303.6534229333333,2301.5292333066664,2242.1569581599997,2429.98263512,2386.45618672,2468.9147731466664,2289.6676165866666,2343.4552134933333,2382.4355907733334,2380.01526152,2372.8909525866666,2346.099305946667,2245.9028785333335,2471.73379688,2350.68938448,2536.8131247733336,2568.04145784,2576.0177082933337,2231.5563249333336,2498.5867312,2362.6250744266667,2190.3625512533335,2017.2676288,2189.149684586667,2209.67274648,2090.1526598666665,2069.96555904,2057.6517657866666,1937.36387192,1917.8368288266665,1962.6360445599998,2009.4702354400001,1864.8021209600001,1895.8750858933333,1859.6356217333334,1910.29941688,1998.3359036,1859.7341662133333,1787.8625417066664,1931.5404210666666,1890.65708816,1890.3002562933336,1885.4567394133335,1866.2182318666667,1879.6183804000002,1738.1710581066666,1728.9295153599999,1762.5719830933335,1741.7027344,1668.1909913866666,1596.17572536,1687.3540202133333,1678.8166645333336,1563.8854256,1722.456998,1538.4836552266665,1523.2035258399999,1525.717392,1510.8066557333334,1459.2516756533335,1493.2751196266665,1587.96237256,1521.8675918666665,1428.3614921866665,1383.3221941333334,1468.1227981866664,1449.29409792,1534.4076936533334,1486.41012312,1391.9538763466667,1330.2618754666664,1341.1739267466667,1335.6966912533333,1416.8858018399999,1489.6595623466665,1561.9558730933336,1426.7283066666664,1430.1458720533335,1388.4052954400001,1510.1119825866665,1430.1112943466667,1426.9534890666666,1529.7285517866667,1594.1930516266666,1748.52727856,1680.8502949066665,1558.9328161333335,1500.6965208266665,1467.1836455733335,1387.4492404,1549.2288320266666,1455.9829855733335,1550.0368272533333,1572.89314424,1488.49572968,1468.31366752,1469.67706712,1462.34930728,1465.1767472533334,1508.65127584,1431.1859157333333,1311.1810825066666,1322.2366546666665,1361.6218294666664,1391.3493705066667,1439.9022878399999,1416.43472864,1434.6206652533333,1495.8007306400002],"in_packets":[],"out_packets":[],"in_errors":[],"out_errors":[]}}