{"message":"Aggregated IX data for Los Angeles IX","data":{"nServiceId":null,"width":263,"jServiceId":null,"start":1495987500000,"end":1496066100000,"name":"Los Angeles IX","in_octets":[],"out_octets":[],"in_bps":[6579.749259013333,6572.1453630666665,6199.201539706666,6516.723979226666,6658.238062666666,6947.161289786666,6769.6521385333335,7036.00486536,7043.1981132,6791.290116453334,6376.817007706666,6347.824454026667,5931.879518,6396.01089624,6073.422092666666,5887.3251699466655,5814.271121146667,6169.113028266666,6000.322502986667,5604.501189973334,5801.783036853333,6002.176128266667,6073.746073573334,6033.691773466666,6031.155511306666,5423.978684586667,5261.934273546667,5736.571917893333,5344.5395485866675,5542.9359750133335,5589.544080106666,5576.76926888,5619.50755616,5688.456843066667,5978.210907173334,5579.8519498666665,7086.874801413333,6855.80987384,7150.621258266667,5466.10366376,4945.335195253333,4953.062223600001,5419.982821626667,5369.46265416,5595.407394266666,5042.8095212,5102.48035136,4757.711223466667,4903.54431552,4710.0153176,4254.460168346667,4174.932439066667,4177.495086026667,4191.400237013333,4205.645846026667,4419.34621984,4562.746905573333,4759.202195653333,5129.814659493333,4469.830481466667,4997.114210479999,4511.7455964,4408.669953093333,4431.530841626667,5264.696040853333,4830.488138373333,5114.560642213333,4536.546598,4775.10609632,4432.530848613333,4602.170178133333,4600.634016586667,4396.590283866667,5378.1958108,5812.709828373334,5188.185562906667,4539.317915493333,4897.0740864,5205.370687786667,5376.7706096,5676.247330613332,7658.728064373334,9302.717547013333,6041.17052288,5694.472954586667,5061.1561093066675,5080.603953146667,5344.202276746667,4936.445908933333,4690.898000373333,5052.289263786667,4788.096512906667,4944.040421573332,5554.09250104,4981.480180693333,5715.348195306668,5650.912730666667,8003.841361386665,6111.92571848,5639.83770264,5531.72414784,5450.9989690933335,5574.394642213333,6136.80274608,6003.489824426666,5748.808880053333,10462.420791706665,11459.557271360001,6383.88350816,5738.514075813334,5863.1484272,5798.507089546666,6144.801949253334,6312.029363680001,5733.313780453333,6098.66858632,5350.6555110399995,5655.15825464,5738.6570569333335,5259.27864768,5259.791201546667,5026.774523386667,5034.819295706667,6008.7880726133335,5840.318460986667,5758.264835520001,5437.240752266666,4439.9007007733335,5114.4977751999995,4921.09100024,4374.518593653333,4525.544179439999,4188.8644716,4240.854246906667,4469.967197093333,4773.19111624,4751.199346586667,4992.633029786667,5253.95238608,5380.620098746667,4963.3089330933335,4809.8793018666665,5434.066494026667,4726.299973973333,5041.919047893333,4717.31565288,4877.160679413333,4868.891343626667,4384.56526696,4507.652914426667,4975.416267173333,4721.25591072,4994.705104346667,4871.672915066667,5040.670984133333,4856.3688665066675,4369.195961653333,4432.291672666667,4489.844900266667,4958.93546248,4970.175837893334,4736.598134399999,4892.95366368,4988.714838693332,4798.1692496000005,4547.278353493333,4873.4738412,4670.4727296,5301.377586773334,5122.36274288,4832.930410773333,4714.060555146667,4616.515708213333,4578.726211013333,5017.046541786667,5749.773538666667,5908.192202640001,5422.250787413333,5749.736992373333,4916.668583466667,5035.491490053333,4729.42099944,4743.6413036,4673.030632586667,4886.915574746667,8438.882013466666,8070.369944373334,4536.79277264,4900.089761066667,4808.69321672,5292.609746933334,5347.594872586667,6096.758942613334,6097.4527141866665,9836.6121724,7050.943152533334,5403.125627653333,4644.449133146666,4255.574588346667,4560.78524728,5001.55013976,9252.545139306665,10696.929820746665,4425.867953813334,4069.3722068800002,4660.564611146667,4237.193309653333,3890.62871352,4725.239728453333,5291.2636136,4293.781248933333,4170.123335866667,4134.307260373333,3838.21414688,4114.907809893333,4545.556160426667,4453.911511173334,4976.141405626667,4235.64137952,4283.993521493333,6822.814034293334,5343.937654213333,4955.515238479999,5334.46549408,4810.272370373333,11545.898086826666,8743.367596266666,4178.566151813333,4215.8596652,4057.974234026667,4598.11927496,4472.90581472,4246.943690826667,4156.682475706667,4789.53944064,4953.322989333333,4708.257791413333,4789.693440613332,4687.6807236800005,4705.80610216,4331.85085248,3578.8657117333332,4021.74470704,4269.900794186667,4763.7678984799995,4544.415385573333,4654.642878479999,5019.06003408,5102.380023520001,5114.844420213333,4729.333098453333,4416.05269616,4832.705274586667,4623.284390346667,4804.203053653333,4349.637491546667,5333.2128697866665,6180.718098053334,4960.1764048000005,4726.153136133334,4624.416735706667,4435.515793786667,5077.652619866667],