{"message":"Aggregated IX data for Los Angeles IX","data":{"nServiceId":null,"width":286,"jServiceId":null,"start":1506571500000,"end":1506657000000,"name":"Los Angeles IX","in_octets":[],"out_octets":[],"in_bps":[6699.16590408,6634.426753333334,6547.8333656,6342.767315093334,6215.78785128,6025.641254720001,6185.529921946666,6127.7037588,6265.234739733333,8718.42705816,14080.948140746666,7667.930534826666,7482.35525064,7711.30452176,7957.39024856,11753.893980906665,9903.762185493333,6416.624944373334,6256.2959056,6291.413887546666,6057.733000426666,5804.932333253334,5707.875294053333,5724.54543704,5640.879143466667,5553.411458293333,5548.38369784,5307.682450506667,5364.863446853334,5249.219828933334,5513.964058266666,5383.138174826667,5275.264163173333,5316.408346293333,5186.021663786667,5337.303534666667,5301.191554666667,5304.938138586667,5401.772508773333,5415.1769409066665,5295.746532239999,5120.791594693333,5326.560138613333,5354.404758506667,5317.381741466667,5323.367902933333,5197.699619706667,5208.8952858933335,5162.074717946667,5116.3606188,6368.573047946666,6106.43562688,5336.99697672,5345.05902336,5411.209573066667,5135.3054176000005,5008.37917888,5017.374490906666,5022.185050213333,4701.423631866667,4882.089942133333,4785.606758746667,4776.653158746667,4741.959355653333,4704.98638416,4824.960814426668,4745.67165664,4694.704674746667,5286.528611626667,5351.115238933334,4947.339271973334,4953.148909813333,4980.824388106666,5097.82860376,5192.114797306667,5197.271056506667,5161.5463568800005,5196.46037216,5303.4433794666675,5130.86784472,5253.49606688,5360.985275386667,5249.257133466667,5317.61251616,5427.770804906667,5453.36328496,5626.8589565600005,5325.02421848,5355.84321104,5596.28295816,5393.084184346667,5417.967055146666,5335.9303778133335,5527.329922026666,5536.85265896,5553.24946776,5540.631248373333,5596.25694424,5583.062123253333,5447.55341808,5512.28766128,5525.517455573333,5634.739939893333,5600.253470479999,5796.03634696,5841.702852746666,5913.237874,6005.8135388266655,6201.656847493334,6360.037120293334,6476.841381093334,6354.175657813334,6388.846370773334,6359.395222666666,6658.5217674666665,6407.176797546666,6632.338520933334,6462.359682053334,6427.379303653333,6477.1685757333335,6673.56739184,6851.39005344,6965.563229333334,7143.079540479999,7140.903841653334,6937.02294192,7085.801876533334,7144.83042768,7129.644074906666,7094.9487369066655,7373.72549808,7261.515177066666,7404.3275282133345,7503.49128464,7431.028277439999,7599.136102186667,7698.087512773333,7661.666906986667,7541.602476720001,7602.12932408,7563.09321384,7681.106343946666,7358.8834778400005,7454.080881413334,7647.459762186667,8266.397666986666,7434.337896853333,7424.39445296,7223.000932586666,9028.95689432,8623.100629626666,7047.41833032,6731.684519786666,6581.949128133334,6593.787013493334,6700.185839706666,6746.205853546666,6649.4801812,6604.218395066667,9403.881283626664,8030.897827093334,6497.231200133334,6100.191748506666,6279.35872288,7660.038455093334,8223.85926984,5650.98517448,5847.766572773334,5470.175242613333,5363.091004479999,5326.565069226666,5157.570837733334,5108.116608106667,5064.40642784,5044.493765813333,4822.772335866667,7229.3250048266655,5574.065591653332,5589.734155333333,5117.247410666667,4802.68193368,4670.114880319999,4588.33182064,4621.264800319999,4487.338993253333,4474.25660856,4373.127423146667,4274.58652552,4374.08471664,4364.2495008000005,4197.0330364,4063.182069093333,3952.3104490933333,4079.792072693333,4239.046446053333,3928.8948053866666,4014.73145376,4043.341725386667,4243.956108,4222.103175893333,4051.278340853333,4178.68436192,4170.9676594133325,4265.5723244266665,4361.15069736,4310.689507973333,4218.104510986666,4217.777175066667,4492.646408373333,4330.25192272,4639.502827306667,4558.496515600001,4885.655597626667,4650.671899733334,4662.685307093333,4786.2695405333325,4694.05687016,5088.361915866667,5142.776755733334,5257.529310853333,5220.583680186666,5459.252670986667,5392.895278986667,5315.968562026666,5256.9626884,5469.483374,5364.237801333333,5260.793889946667,5185.718197706667,5074.134298693332,5161.796180906666,5364.337508106667,5301.967004933334,5465.009595573333,6318.278742613334,5025.453628186667,5297.612155226667,5310.420028853334,5921.128383653334,6901.187296986666,5708.219673973334,6881.9099651999995,9466.49647488,6336.7019137866655,5776.260849066666,5588.384240666667,5658.113258053333,5808.994216373334,5703.276678346668,5806.604334186666,5631.64038064,5742.403694133333,5959.23440216,5727.348159386667,6005.7404283999995,6213.72601736,6067.923645253334,5915.374456426666,6000.4902891733345,6056.363339706666,6144.64100144,6162.363081626666,5984.549097573334,5876.5508432,6121.27063976,6513.752656186666,6390.71011016,6344.6271216000005,6506.462321066667,6473.985249439999,6615.921499946666,6438.499866293334,6384.462366933333,6474.660321973333,6656.288045733334,6667.2437946400005,6800.669293173334,6679.989912746666,6194.289912560001,6070.393513973333,6075.91403368,6201.665231520001,6257.180295973333,6208.648640426666,6106.638437493334,6232.598536613334],