{"message":"Aggregated IX data for Los Angeles IX","data":{"nServiceId":null,"width":287,"jServiceId":null,"start":1495497900000,"end":1495583700000,"name":"Los Angeles IX","in_octets":[],"out_octets":[],"in_bps":[5958.581854720001,5038.524321413333,4872.7275543999995,5274.765679013333,5599.54108112,5311.156337439999,4942.2751836533325,5718.8757392,5721.0173497333335,5284.9384904,5582.8891292,4790.18171328,5207.97873624,5153.0277728266665,5124.717013146666,5468.160962586667,5769.359541573333,6237.15908824,5333.20509832,5559.327643306668,5642.1519848,5242.725831413333,5508.275911253333,6194.480857253334,5812.77519304,5836.020314213334,5970.807621546666,5538.359804,5658.92245992,5769.5543846400005,6065.261533733334,5774.675759520001,6130.159116506667,6284.159929466667,6534.609753493334,5949.064216533334,4488.91440248,4560.058497466667,4351.520126933334,4451.361226453333,4749.9941518666665,5106.1485013599995,4665.938398506667,4979.477782133333,4763.853609093333,5128.885670586667,4663.042883493333,5176.915774346668,5025.804899226667,4584.8332345866675,4646.366829546667,5168.00755624,4934.10337496,5030.539169199999,5020.461084773334,5024.26839424,4901.564484666667,4597.713730693333,5006.086705333333,4067.9045164,4397.360888986666,4138.621579786667,4295.52648488,4472.10921712,4454.311887546667,4409.852926,4234.678309706667,4072.175544453333,4064.2647117066667,4254.3552843200005,3843.51055048,4232.010531013333,4287.7366816799995,4133.13585624,4358.431262426667,4053.0645004266667,4542.015305253333,3930.192543733333,4432.194661359999,4909.608949359999,5899.23500104,4676.83932256,4316.93168136,4243.260839146667,4110.965923626667,4654.549714346667,4434.0135576,4619.747882426667,9824.251331973335,14294.616339306665,13594.2856592,3958.811540666667,4233.052268586667,4683.00627704,4410.372744373333,5128.4922862133335,6020.20679592,5088.409417013333,4638.279494373333,5261.855787413333,3846.8911634666665,4257.246355066667,4293.2416658933325,4287.292201226667,4238.845080933333,10864.737868853334,13835.895818879999,11572.01917904,3576.8596568000003,2844.9736285599997,3398.734342853333,3422.525418773333,3999.4482880266673,7524.965319866666,9109.0319464,3630.2739876799997,3601.68863104,5045.98794328,4473.685448826667,3399.868501226667,6624.15342856,5734.293275413333,5135.147859066667,4545.163173893334,3537.431241626667,3481.015129066667,3169.562064986667,3076.804061173333,3458.218303546667,3529.969104613333,3415.854634,3328.234136853333,3845.964140533333,3460.887464373333,3269.60020648,3185.498041813333,3545.978839893333,4237.455674906667,3525.1297768000004,3175.2668784,3141.9127629066666,3284.508535973333,3608.4534503200002,4600.9733341599995,6471.140636613333,5466.661843413333,3786.912485653333,3578.15090024,3730.932739173333,3805.7414124800002,3575.509696186667,3597.678934293333,4052.7548904,3887.5612363200003,4366.223562640001,4296.977869653333,4528.654300666667,4919.5323470133335,4943.748536986666,4357.377652293333,4808.960891333333,4283.462700426667,4352.225590506667,4543.4189952,4177.705045706667,4220.605902186667,4463.84306744,4586.444375520001,4463.52550608,4484.538277013334,4862.636056506667,5005.78731288,5035.762592399999,4800.699421573333,4398.799434346667,4803.652455413333,4924.813558533333,4786.508227466667,4785.221721146667,4741.138414346668,4423.58464568,5137.130745093334,4681.596770053333,4723.396684506667,4977.99524296,5323.053931493333,5757.131230986667,5240.2381916,4775.8288121333335,4967.664407013333,4605.245681946667,5061.969409866667,5574.136634906667,5092.959164,5323.048818666667,5038.858279946667,5158.158840239999,4790.263743093334,4979.179137866667,5277.5102208533335,5208.756903946667,4882.635776373333,4546.796252933334,4783.96256712,4691.423935866666,4909.12416848,4637.915789279999,5023.265388213333,4605.336111706667,4643.664597733334,5129.871306800001,5234.2355492,5244.82695592,4803.090151946667,4602.439210906667,4669.906511733334,4595.0487040533335,4270.879914373333,4489.607759493333,4370.987576293333,4450.61772608,4501.1584136,4692.274101946667,4913.156092533332,4338.08458344,4042.1084396,3824.621617226667,3345.1762388800003,3934.24972256,4109.647354906667,4165.748448106667,3733.0152728800003,3447.54858952,3828.9178744,3663.707059173333,3480.8160924,3423.902542186667,3708.8057979466666,3930.292616586667,3499.477606693333,3674.3045459466666,3902.8027689866667,4108.469910613333,4230.835951866667,4503.954102346667,3730.99933792,3283.616701093333,3222.3261066933333,3460.6302754666667,3227.477976373333,2839.6809627199996,3022.430174746667,3538.682118346667,3295.6683493600003,3209.903314346667,3765.253426133333,3302.05344672,3575.6152948000004,3524.005575626667,3572.602885173333,3636.796378,3988.2479368000004,3923.044181146667,3768.693126666667,4094.612230586667,3550.9252993866667,3483.600557546667,3554.523674826667,4379.569899093333,4721.842518133333,4774.6324792,4959.322546586667,5029.423787893334,5507.560173226667,4998.012969333333,4768.7974130933335,7458.239221786666,11992.2632396,8446.606741733334,5229.509124560001,4711.19314904,4099.86320176,4206.85788264,6324.501645626666,14228.572608586666,12426.17729048,4392.542592213333],