{"message":"Aggregated IX data for Los Angeles IX","data":{"nServiceId":null,"width":287,"jServiceId":null,"start":1504080300000,"end":1504166100000,"name":"Los Angeles IX","in_octets":[],"out_octets":[],"in_bps":[4663.170820373333,4559.423929546667,4209.502913733333,4325.090171786667,4347.56155584,5047.081606746667,6600.52947528,4814.245430106666,5638.481342053334,8457.04888856,8256.050306693334,7685.11178472,6409.528004773333,4677.01514088,4419.315532,4555.318640453333,4782.363579013333,4758.071785546667,4636.463943013333,4729.09755624,4859.639921546667,5096.51636008,4823.334707466667,4549.588874213333,4510.74229216,4376.34879424,4506.1213282399995,4478.976443253333,4499.144652133333,4287.433199226667,4516.490545199999,4677.170356533333,6349.998690053334,12194.072790533335,13458.455121866666,6763.408553493334,5682.520289306667,6856.08178696,5749.54301144,4691.828135013333,4487.859627253333,4448.177600533333,4506.590364906667,4667.55333728,4634.137192373333,5786.395567173334,4803.290905253333,7945.532822506666,10958.428902,7102.513705893333,5197.4954058133335,4926.84278344,4722.411232533333,4591.717212106667,4597.622338106667,4675.080303813334,4758.651688213333,4990.148205146666,4868.71123096,4882.600970533333,4906.639005493333,5142.220345253333,5070.01181288,4948.786536906667,4935.66945912,5128.389180746667,5300.57398984,5432.755504426667,5459.955819013333,5553.7592400799995,6047.059415680001,5496.206014266666,5595.2347175466675,5655.805098933333,5876.4392838133335,5787.68070344,5638.892751786667,5552.943418186666,5703.5338752533335,6249.264848453334,7482.81583864,12889.624910826666,13341.746846106666,7709.980641493334,6035.86014656,5920.979883146667,7093.987008773333,6600.8203963999995,6127.43163192,6169.910643866666,6124.207229546666,7374.37073512,14627.396683680001,16058.477063546665,15912.251889413334,15678.833594959999,8008.5034761333345,5875.66509792,6034.140994586666,5898.603782106667,5651.06968632,5677.71551992,5735.47102224,5984.234390346666,5579.35636608,5530.858687653333,5365.274843413333,5422.632327013333,8954.107661600001,12449.65419208,6863.098441493334,6381.341071893334,7260.6181784,5454.777562426667,5132.1173541866665,4823.144943893333,4844.969365306667,4796.895981279999,4675.9233936,4765.438941840001,4643.904286026666,4592.435606319999,4360.15278136,4230.317672266667,6028.924169626666,6892.871557439999,8473.4310712,6418.831089573334,5208.495327093333,4433.095435146666,3957.26063784,3858.292233893333,3793.88812576,3744.364038026667,3667.34197816,3784.462936266667,3628.0355414933333,3749.270851546667,3816.2075880533334,4068.4389281599997,6349.066881333334,9326.453617733334,9682.540205573334,9139.169248,6156.261015653334,3853.2551509066666,3671.187117866667,3505.3065876799997,3297.1156123466667,3235.886934666667,3406.733087893333,3459.2374151999998,3750.398685706667,4028.32203264,3798.9399264266667,3496.695644266667,3287.656743413333,3185.370811626667,3300.345566453333,3349.8941584533327,3423.368093786667,3564.460521786667,3423.7151652,3624.133867706667,3603.7444187466667,3516.7667178666666,3659.18021992,4139.0187651999995,4339.1292973066675,4311.8032670933335,4487.963022293333,4866.35024696,4057.15253416,4215.5928857066665,4364.553801146667,8201.903620293335,8168.032783573335,7879.514922560001,12697.77051304,5227.240329013333,4279.546054693333,4187.54131352,4111.523180133333,4333.62685248,4401.192049333333,6024.7333408,4567.56435664,4129.34925448,4349.460340933333,4179.45661272,4124.263322026667,4188.41161536,4660.720615093333,5676.184914506667,4906.614790346667,4668.43965808,4653.29493576,4863.478335866666,5757.589083413333,4886.696216213333,4655.418371600001,4583.693039013333,4733.3397072533335,4654.408052853333,4819.524445626667,4949.162368133333,4539.672368053333,4615.29267336,4868.50961128,4828.93406344,4827.935251600001,4588.045648613333,4867.60802608,4953.2449100799995,4845.816879626667,5062.93626568,5007.314062906667,4790.332114746667,5028.255035413333,5057.25947392,5620.0950848,4907.365536293333,4981.624067520001,5082.10750624,4858.177973013333,4971.325197146666,4891.11319912,4909.019377973334,4999.029308293333,5350.10325792,5578.677320933333,5459.163645279999,5518.6112555733325,5288.788235520001,5176.47062128,5294.722178906667,4944.85463904,5050.108304586667,5171.528826,4967.071566266666,4891.448987013333,4910.42291184,4903.64512984,4978.429096026666,4712.09889648,5022.125350906666,4792.6058184799995,4749.13957432,4753.765493786667,4888.191569146667,4712.059895359999,4589.821721573333,4727.4477456,4684.05206952,4438.878716533332,4643.000944373333,4725.89317904,4507.470116586667,4485.894771066666,4737.198441066666,4739.9036591466665,4650.768664053333,4449.933042693333,4556.99120688,4730.676418533333,4557.59131688,4314.94251376,4316.712726906667,4430.792504720001,4320.6464612,4381.849974373333,4435.877845893334,4300.578745146667,4300.635341893333,4411.9564164799995,4272.009898133333,4513.079106906666,4332.136579146667,5381.679205733333,6849.550161786666,8610.48297392,6771.54340608,7010.765570693334,6685.217021573334,4802.010625013333,4216.35834336,4141.263333493333],