{"message":"Aggregated IX data for Los Angeles IX","data":{"nServiceId":null,"width":285,"jServiceId":null,"start":1481774700000,"end":1481860200000,"name":"Los Angeles IX","in_octets":[],"out_octets":[],"in_bps":[1522.8221365866666,1331.3689794133334,1415.78412824,1448.97039344,1467.06087288,1481.2386385333336,1443.8321829066665,1548.0861580533335,1535.0622836,1595.6422578933334,1560.2246481866664,1548.4588105066666,1544.6936349866664,1575.9085467466666,1467.5342018933334,1363.0883973866664,1454.7415533866665,1361.0729362933334,1295.7691696266666,1276.1302284,1344.6589413866666,1348.7908370933335,1389.7877620533336,1452.8167236533334,1317.83925072,1326.5154453599998,1373.2589273066667,1461.4019852533334,1454.6276133866666,1456.5680020799998,1399.6571621866665,1399.1024621066665,1398.4072430133335,1420.9287732266664,1356.9255641066666,1465.16877264,1397.3994025066665,1314.30855224,1330.3529564266664,1437.7199430399999,1481.2357425333335,1399.5082336266667,1458.8727501066667,1403.1009742933336,1390.9306422133334,1575.2938185066666,1401.7019045866666,1525.4447133866665,1431.75986896,1374.0905082133334,1350.4755729333333,1411.0879490133336,1314.2891109866664,1456.7988551733333,1385.8681368266666,1392.0290613866666,1284.1766766933333,1361.7989828,1379.9952520533336,1409.3787502666667,1413.3003625333336,1402.9504400533335,1309.8927292266665,1404.36192992,1157.5625092,1260.8086048533335,1108.6591253333336,1171.69515304,1239.60479168,1187.2160557066666,1162.6483598933335,1106.3555391466666,1118.1446845866665,1060.9792974933334,1085.29066152,1093.3580006933335,1158.0068604533333,1141.3388062133333,1205.3010660799998,1250.2205721333335,1214.8502597066665,1267.9801899466665,1119.37782768,1113.46498832,1153.32604904,1113.067572,1246.188144,1192.6859037866666,1117.6567910133335,1120.3505015466667,1059.53988032,1163.1138261333335,1197.3812312,1218.4396634666664,1120.4958066133336,1128.0566146400001,1156.5977377066665,1081.5802807466666,1196.6165672266663,1136.5022098933334,1089.4239918399999,1067.4972729333333,1012.8189632799999,1102.0670057066666,1041.8846160800001,1045.01413952,1053.9111142933334,960.5842685866666,980.6652301333335,1027.93448424,1021.75078936,1145.13204232,1114.3894260533334,1116.9001792266665,1096.7524991199998,1224.3628073333334,1218.5280197866666,1421.6535379200002,1229.47326728,1643.7495430933334,1687.3745921066666,1625.7196560266666,1542.05628096,1644.2117750933335,1573.0639228,1680.6130038133335,1749.9783931733334,2000.9433340533335,1618.2244601066666,1625.0860417866666,1578.6801622133335,1834.30230088,1680.21821656,1719.6069647733336,1719.87548968,1258.7423956,1533.1092571466666,1931.5732883466667,1936.3880272533333,1526.5916444533334,2045.0128597333332,2059.2167792,2542.6123777066664,2299.963617866667,2231.450817013333,1844.38264976,2273.17071656,2623.8403448266663,2274.444023573333,2360.3753584,1911.0422006666665,1521.3251814933333,1163.3630002666666,1396.11719376,1607.4566128533336,1708.4543374133334,1889.4440499733334,1165.80134752,1168.1678114400002,1259.4735466133334,1197.6982993866666,1177.79463592,1181.9222105866666,1276.97299016,1452.7643602133335,1349.2603883466666,1128.38718144,1226.4589043733336,1275.89235656,1263.3858029066664,1261.2441814133333,1274.7698657333333,1417.8311117866667,1404.0373558666665,1324.4062159466664,1228.4677873599999,1179.62185,1147.3999572533332,1017.7229179466666,1041.0301140533334,1047.9866705333334,1141.0970964266664,1181.2337507733334,1132.43873736,1003.3161614133334,970.4417256266665,959.0493194933334,1182.9327633066666,1169.8779942666667,1159.2414937333333,1033.2027258133335,1039.45274544,1028.3138860266665,1018.18440648,1061.1817767999999,1049.5895367733335,1185.2954044,1252.4386935466666,1184.2770294133334,1076.7790042666666,1101.5907894666664,1073.6754500533334,1039.0168127733334,1212.67871448,1110.9104988800002,1059.7062970933334,1077.4618764533334,1066.1523840533334,981.3991579466666,1190.2084456,1301.6387219466665,1310.0764585066668,1470.6703128,1173.9815623733334,1261.9886265333334,1120.3404378933335,1587.7959476533333,1013.4881139199999,950.2695671466665,989.7467340266666,999.2426597066666,1294.5504032000001,1237.5528879733333,995.7259618133334,1041.1897217066667,1075.0548547466667,1149.2144634666665,1108.4944032533333,1222.0191839733334,1102.7764480266667,1168.0498889866665,1506.4873935466667,1373.95521192,1287.2223119733333,1118.8945601066666,1319.44049912,1213.27003208,1230.09464888,1187.8478566666665,1179.2464465599999,1225.0457245066666,1216.4131761866665,1404.9447798666665,1157.9159995466666,1138.9013906666664,1703.86964576,1791.5304791199999,1173.7468118133336,1246.8818033599998,1151.5789108,1241.6166889066665,1439.0215847733336,1229.3115771733335,1308.0183848,1400.3139977866667,1468.0230836266664,1462.3757668533335,1188.7239358933334,1324.35307944,1269.4222308800001,1281.76165616,1202.5857420533334,1324.8400138133336,1589.4093920533335,1300.73016408,1393.0245529066665,1304.4851755999998,1319.77942128,1302.23729344,1472.9267817333334,1409.13508112,1631.0147712533333,1352.1172798666666,1713.4409076266666,1435.0370705333335,1382.385352,1244.0868590133337,1150.5219989866664,1224.9721374133335,1282.5126524266666,1350.5877614933333,1235.5274167999999,1249.3613641066665,1296.5457608266665,1306.8874727999998],