{"message":"Aggregated IX data for Los Angeles IX","data":{"nServiceId":null,"width":214,"jServiceId":null,"start":1512850200000,"end":1512914100000,"name":"Los Angeles IX","in_octets":[],"out_octets":[],"in_bps":[6543.027744986667,6537.80279952,6255.46198016,5654.88375544,5302.804291653332,5311.92712328,5116.718946399999,5017.015542773333,5088.965676826667,5112.977182986667,4921.62299792,4845.72678784,4622.869759653333,4610.185691626667,4987.098617386668,4961.493165813334,4817.583220426667,4440.99622632,4598.022344933333,4783.663908586667,4583.36362416,5542.460679119999,5204.799622213333,4386.110234053333,4170.958360533334,4141.173342053334,4557.7180600266665,4869.075915066666,4647.505753813333,4856.422783226666,4609.33475472,4753.480433706667,4689.910267786667,4648.681567226667,4575.43286576,4719.358334133333,5012.55233184,4921.609636906666,4657.017168773334,4753.372697093333,4798.744484933333,4835.0732616000005,4884.58906512,4883.858156,4951.359044,4899.787333333333,5119.781742906667,5133.651640293333,5229.121689359999,5443.5773732,5437.455978800001,5337.430926986666,5325.940731946666,5498.29513936,5487.065186426667,5461.606987573333,5644.523305226667,5797.257677573334,5480.869353813334,5816.76238688,7123.10659664,6332.842138693333,6109.990440266666,7356.0829854133335,8048.2190903733335,6598.09394104,6174.848437093334,6522.616109253334,6255.626569226666,6176.93892696,6470.3819270933345,6367.304274773333,6583.895650373334,6660.89092696,6668.45015832,6686.26443376,7488.349572613333,6607.2805175466665,6551.64590456,7023.259701786666,7266.99005976,8100.190311626666,9306.644472506667,9834.077354,7326.493540986667,6321.132610746666,6484.255968933333,6359.03777392,6588.608323866666,6569.9381186400005,6289.053336453334,6353.671440426666,6542.211577653334,7334.2511436,7119.0002192,7160.35785192,6890.104927573334,6757.73486072,6399.082012266666,6663.945619733334,6900.098641680001,8481.114943813334,8289.271924986666,7088.082317386667,6553.148065493334,6713.315108506667,7059.133874560001,7265.706501546666,6829.631021573334,6583.57435688,6424.3805649333335,6506.946878026667,6898.571209600001,6662.393713840001,6813.3822664,6557.9642214666665,6679.07333376,6207.657339439999,6528.257948373334,6398.307910266666,6437.82490504,6537.888197733334,6832.977183653334,6489.458830293334,6320.61254704,6519.131614613334,6884.074175653333,6914.22245728,6688.051471973334,6562.124958933334,6831.362592933333,6292.740506746666,6196.457633573334,6002.474835226666,5842.9526948,5886.20230792,5779.670213626666,5781.993631946666,5761.767320053334,6003.262228826666,6975.859122746666,8056.733169226665,6194.5888092,5820.509875706666,5794.986595706666,5944.050277573334,5853.898149680001,5910.036926586666,5876.310463093334,5531.97847568,6024.0998344,5921.96500432,5841.317814319999,6377.4757276,6605.161606693334,5755.808109173333,5752.578874586667,6194.169946479999,5760.350080506667,5447.837218293333,5910.644265386666,5908.45361112,5674.379593653332,5710.489362906666,5712.268856453333,6267.392523733333,6271.635123466666,5738.20962896,5393.390650853334,5304.719509013334,5698.059922346667,5548.941323466667,5626.742856773333,5592.85607992,5653.213230293333,5647.334933173333,5490.12829016,5662.5658988800005,5820.279953626666,6052.909759146666,6148.8264736,5888.726801706666,7492.369856026667,9360.933658959999,6698.3247469866665,5288.369913386668,5363.2461062933335,5330.046682186667,5610.358094560001,5729.270344613333,5644.3715248533335,5655.052062826667,5751.708566826667,5822.5868632,5735.902319333333,5825.812190986667,5702.556289146666,5985.40737952,5929.6522202666665,5705.869061226666,5846.550730826666,5809.263400106666,5912.163319813333,5889.870162133334,6046.433410293334,5606.7064383199995,5800.170461786666,5902.264141226667,6019.3655076000005,6000.700020293334,6184.931782266666,5739.129368773333,5976.7155006133335,6009.799361813333],"out_bps":[6556.363593813334,6572.22666432,6239.7884168266655,5651.891246426667,5294.153553146666,5340.07715456,5143.509060533333,5018.600564186667,5074.31473096,5119.8762834399995,4929.100260266667,4849.206165493333,4647.305000586667,4597.352546373333,4984.629226906667,4972.97564808,4838.752793893334,4438.798048853333,4625.150050053333,4771.8268776800005,4586.9297276533325,5543.664241333333,5210.355219653333,4404.736111706667,4174.936028426667,4152.410063413333,4567.610465306668,4868.97294144,4670.418216773333,4868.85464504,4601.125350853334,4765.842293413333,4706.521632026666,4660.484611146667,4594.2640912,4715.334473573333,5013.1686336,4928.43181584,4685.552320373333,4762.1891346133325,4835.089391573333,4808.19972872,4898.419014746667,4892.387500933333,4948.000934613333,4927.39252248,5150.311260613333,5151.8628474666675,5215.161805786667,5459.14777048,5436.242797013333,5350.518564319999,5346.715079333333,5514.072061173333,5485.910357386667,5491.01693336,5655.1890244,5805.525776586666,5500.576550346667,5824.644742106667,7107.3945388,6360.1864251199995,6139.909055546666,7363.799384800001,8063.038053866666,6622.3206552,6169.1758684,6533.364600533334,6293.693095226667,6174.551724399999,6463.534640026666,6405.59732384,6581.416321226667,6701.22892616,6665.194467733334,6728.058050933333,7481.903094640001,6599.187292346666,6592.33704504,7037.816828453334,7305.627723466666,8063.67708552,9350.390175280001,9836.893447280001,7319.812037013333,6344.398836213334,6506.785863653334,6332.21166536,6632.271763333334,6593.988624586666,6279.252144133334,6356.802584346667,6592.974135439999,7326.70924584,7174.55527168,7144.485148,6889.322289866665,6770.09001584,6420.503809600001,6674.449555893333,6951.609233573334,8440.137406186666,8330.87821064,7092.187156853333,6569.383750426667,6722.31373024,7114.766412746666,7239.299923386667,6841.4479798933335,6622.0617247733335,6399.236467546666,6522.425137093334,6937.287975653334,6690.894133146667,6814.449039386666,6559.693674933334,6707.047701893333,6216.114943680001,6550.496199066667,6371.404181466666,6486.727701333334,6529.91473736,6883.8163504799995,6472.1832408266655,6346.577665146667,6539.593219173335,6868.7783424,6956.976939946666,6685.53053112,6580.23015848,6820.02482608,6316.029623786666,6233.15977208,5994.430688053334,5855.374237546666,5886.410984319999,5765.800710586666,5806.354162373334,5811.566315733334,5986.922873866666,7007.92152616,8030.993050106666,6236.627428826666,5828.73680768,5791.657801866666,5937.921306293334,5899.145386133334,5910.499217279999,5884.240623866666,5567.178740666667,6027.447782186667,5921.268649413334,5858.4654528,6379.546266586666,6593.945608853333,5798.25843952,5743.322441493333,6214.395500693334,5782.234676213334,5480.213059093333,5884.942356986667,5949.8743202666665,5660.80357112,5722.85527544,5736.240624266667,6258.410823493334,6271.321980826666,5752.8589588800005,5404.159491359999,5323.44225128,5723.31693328,5548.321024586667,5659.25724648,5582.516607333333,5672.579087306667,5649.838830773334,5530.150866026666,5630.2523077333335,5835.613294826666,6055.644406053334,6223.54518904,5860.660605226666,7507.38492392,9344.351193706665,6736.682684053334,5270.1962487733335,5435.27985488,5332.401932746667,5602.7388000266665,5759.002637866667,5630.352136053333,5698.494693653332,5732.812422906667,5841.830733813334,5751.87423944,5808.625126399999,5747.208432106667,5967.450150479999,5968.070072106667,5715.7336994666675,5861.441718266667,5813.431802,5914.75945136,5917.700918426666,6037.6470956,5605.719258186667,5834.517747653334,5890.860617626666,6061.214086319999,6032.492855253334,6151.931815973333,5752.836539653333,5989.03402544,6040.610334319999],"in_packets":[],"out_packets":[],"in_errors":[],"out_errors":[]}}