{"message":"Aggregated IX data for Los Angeles IX","data":{"nServiceId":null,"width":288,"jServiceId":null,"start":1476518100000,"end":1476604200000,"name":"Los Angeles IX","in_octets":[],"out_octets":[],"in_bps":[1930.7492127466667,1906.67810008,1888.3599086400002,2035.8864094666665,1900.3152925066668,1965.9233902400001,1831.87377824,1883.3446268266666,1861.6458014133334,1870.0986237066666,1869.0515604533334,1850.0930541333335,1883.5911500266666,1851.6912215466666,1764.7533092533333,1736.1303605333335,1731.6066117866667,1621.2286707733335,1626.4820397333333,1668.9791602666667,1734.5736850933336,1731.1112202933334,1593.2127486666666,1675.0555871733334,1681.533418,1757.7274680266667,1722.8696465866665,1624.81860672,1524.0657905066666,1552.37320824,1448.6281821066666,1612.37111544,1582.4292129066664,1714.0096897866667,1559.0737906666666,1519.90244344,1559.5916601866666,1568.7086072533334,1576.7916124,1536.0258456266665,1479.6643154666665,1653.3135148800002,1543.9344173066665,1708.4815908,1592.0220493866666,1661.5492026400002,1661.2076092,1663.0213378133335,1661.7345626400001,1697.25466584,1657.3972822933335,1731.8591264000002,1711.2180387466667,1787.4802293599998,1757.45083944,1710.9029983466667,1661.4752263199998,1628.6607755999999,1575.8195932266665,1731.5796705066666,1709.2319702666666,1618.9891445866665,1677.94220896,1703.30006328,1686.7146828533334,1830.4147751199998,1662.2585509333335,1558.2938826133334,1511.76240288,1548.9935888266666,1571.84633592,1582.9710977333334,1609.0538354133334,1527.9749150933335,1633.1051670133336,1778.1064746666666,1629.5807168,1702.3610189866665,1698.1506371466664,1682.2182314666666,1972.5177886400002,1922.2662954666664,1792.2857993066666,1918.8178174933335,1938.5990365333334,1918.4096851466666,2205.5753061866667,2355.2131732800003,2199.4587476799998,2147.2130473333336,2183.8251064,2722.736023066667,2677.9986980266667,2106.99383056,2198.5851982666663,2468.4693654933335,2117.10612584,2049.4010993066668,2193.6815510666665,2196.6399476799998,2244.7158008533333,2285.2380283733332,2456.908931866667,2231.1813015733333,2249.4040676533336,2266.9512016533336,2065.4600667733334,2369.8221137600003,2029.7912813333335,2436.9613180799997,2409.4366103733337,2363.5674861866664,2253.58248592,2178.797704506667,2260.7536952266664,2263.4639190133335,2248.2518530666666,2242.9651325333334,2336.3660598933334,2167.18035808,2125.6732751466666,2054.1498083733336,2084.30191504,2006.3607922933336,1993.8245285333335,2011.5416479466664,2011.0623510933335,2023.9375140533334,2037.79570008,2068.6393748266664,2163.36216216,1961.9825979466664,2075.9835112533333,2354.7267078933332,2086.6719731733333,1970.7723816533335,1964.76439128,2282.770947546667,2206.0209792266664,2162.6228437066666,1966.4486738666665,2139.79577592,2373.5344425333333,1999.2326545066667,2064.39637648,2058.0012316266666,2241.8229251999996,2129.3012776533333,2139.0334262666665,2081.474039253333,2209.4708922133336,2266.36873704,1969.2000066133335,2076.50193552,2126.0732376266665,2318.89545248,2131.8837716533335,2011.6865590666666,2156.5700762666665,2392.649441173334,2262.76885064,2105.3477828533337,2204.03367248,2131.8384598933335,2263.4597222133334,2271.0212785066665,2075.6910954666664,2019.6013995466667,2325.133835973333,2495.1451159733333,2222.5091876266665,2411.79529408,2166.528591093333,2413.230566933333,2704.9315534666666,2203.0702136,2293.56976968,2165.7929652800003,2537.3264599733334,2576.77406344,2196.5709147733337,2100.7327288533334,2404.0409474666667,2706.5883805066665,2471.6093001066665,2345.8900674133333,2253.34753216,2625.0725597600003,2828.2714424533333,2433.3055402133336,2260.3464282133336,2415.7434790666666,2623.4626273333333,2437.1476668,2433.617790426667,2377.2971361066666,2477.234371573333,2713.2513178133336,2645.6613018133335,2403.3467333066665,2441.9443815733334,2789.7501637600003,2613.3564297066664,3806.854156906667,2695.7789137600003,2577.6590885866667,2715.3204951466664,2477.6946992533335,2484.361443946667,2303.4195418933336,2189.2819549866667,2349.23756936,2294.258683306666,2249.2933653066666,2363.08911488,2341.01841912,2225.1452973866667,2924.19076304,2468.6194059466666,2386.7944439733333,2385.2267972,2036.1312004000001,1984.4508217333334,1987.0804093333336,2096.1654654666663,2057.4475548533333,2159.2532241599997,2111.42435376,1935.7298440533334,2096.8849958666665,2077.8186717066665,1988.5877264533333,2152.97798368,2110.1212413333333,2077.6212237333334,1975.1716001066666,2116.9286838933335,2052.3633587466666,2150.6337268533334,2081.0819986933334,2043.62323984,2057.4662868266664,1835.9438870666665,2043.13593272,2061.9610561066665,1975.74070648,1898.4176901600001,1977.5033384533333,2135.5297106133335,1817.9531519733334,1835.6572698666666,1861.0873410133336,1918.1769451733335,2036.6324311466665,2150.89325984,2211.1927068266664,2144.0569817333335,2105.7620887466664,2058.1260357866668,1903.7408715733336,1729.4577841333335,1995.85796624,1789.3905076266665,1833.7177004,1798.64732256,1704.661704,1730.23931208,1792.0783496266665,1918.5952432533334,2042.1126540799999,1811.6304035466667,1670.2676374933333,1813.78805048,1681.5061709866663,1782.1771762666667,1753.6633372000001,1834.3871734933334,1836.7017041333334,1884.01122904,1771.0482189866664,1726.2255434400001,1731.9706997333333,1863.4149000533334,2097.85454016,1853.7663809866665,1703.4756828,1663.2168676,1676.2768828266667],