{"message":"Aggregated IX data for Los Angeles IX","data":{"nServiceId":null,"width":287,"jServiceId":null,"start":1497067500000,"end":1497153300000,"name":"Los Angeles IX","in_octets":[],"out_octets":[],"in_bps":[5326.9496626400005,5412.8989566400005,5087.732619306667,5139.0790188266665,4937.38103552,4641.568297226667,4821.747717813333,4195.9920324,4259.899908133333,4151.690291306667,4228.931771706667,4193.371650533333,4030.5253400533334,4232.101597786667,4535.306066773333,4138.187865146667,4335.13275688,4302.226014773333,4246.065750773333,4473.862315946667,4260.508370453333,4750.629653146667,4925.65378936,4318.348039413333,4155.387737733333,4521.323334133333,4185.448312906667,4342.127202853333,4184.60283672,4612.987000293333,4626.280333306668,4585.28105,4112.099060853333,4040.6814624266667,4088.8826444,3971.609627066667,4090.101663306667,4227.3105552,3878.7968110933334,3876.77370024,4178.822797573333,4218.09637408,4369.743533333333,4338.751268319999,4086.742615813333,3712.6466249866667,3919.639080933333,4125.29703224,4490.081466746667,4179.529967333333,4069.836264453333,4210.15876912,3913.1459689866665,3898.9475909866665,3701.103052613333,4227.840260426667,4355.043939306667,4921.3403795466675,4732.437167066667,4055.4396911199997,4052.829762773333,4302.590269493333,4122.377784133333,4275.97885896,4184.73793848,3943.85259672,4053.5968091199998,4094.473572693333,3914.688552853333,4239.485703173334,4155.5747658400005,3919.643842746667,4022.875538453333,3781.43027448,4160.958037786667,4260.178997653333,3888.38479008,3743.91938784,3276.600447813333,3507.0700529066667,3591.1917662133333,3519.787079146667,3798.422198986667,3531.311572853333,3829.7915304000003,3375.577689973333,3638.012350266667,3425.7210663466667,3640.7546882133333,3880.37855344,3697.920870026667,3525.545288373333,3541.269038586667,3605.689995733333,3424.601434186667,3864.622928826667,3887.509261626667,3941.5541100533333,4102.284361866667,3706.19766992,3751.8725073066666,3435.802408293333,3665.692147386667,3702.96828696,3678.43388656,3568.734774853333,3946.953508373333,4659.143337386668,4215.010782106667,4302.10327808,4156.91492544,3949.8464210133334,3863.78518624,3663.605706826667,3997.341724666667,4177.93049152,4214.688223146667,3691.7544384000003,4227.492111226667,4060.463452746667,4201.09022232,3668.17303048,4110.018764026667,4360.3571027200005,4164.921143173333,4165.409235813333,4323.626721573332,3964.7488858666666,4201.839531653333,3986.007414026667,4635.889673333333,4644.55728232,4562.57775872,4742.978241813334,4572.242734906667,4179.914168906666,4397.391408613333,4139.62153952,4061.52220752,4426.4216572,4228.773652,4397.872349386667,4458.07090904,4293.542979093333,4369.486151333333,4397.554202106667,4306.586790346667,4595.268033386667,4125.935732533333,4140.006558239999,4107.906567813333,4290.67094344,4388.86778928,4346.53716064,4239.17153016,4111.05586632,4085.87128952,4096.678024666667,4736.900516053333,4723.144297866666,4798.033991306667,4742.349447973334,4338.7454138133335,4198.8059864,3884.372784026667,3870.31949544,3960.369050293333,3783.9968277333332,3690.749826213333,4119.3018484,3801.0989466399997,3764.1797104,3521.369298773333,3334.3915637866667,3323.2597588000003,3487.8185624266666,3417.5497010666672,3730.0451469066666,3598.4310310133333,3357.76534752,3200.109295733333,3268.74136112,3038.990085786667,3360.109120533333,3605.648363786667,3162.47500856,3232.5005062399996,3461.5711040799997,3144.743812186667,3198.247197733333,3567.381966133333,3169.7963279200003,3250.1116424266665,2911.094194826667,2934.65110208,2594.9434596,3083.750195253333,2590.648703866667,2762.6266539733333,2748.5274560266666,2863.08439496,2614.6990827733334,2777.2888412533334,2708.5381977066663,3109.38359272,2771.3089121866665,2727.3277875466665,2754.7228852,3127.75595864,2942.323740133333,2746.8075742133337,2764.5739732266666,2902.2207052266667,2738.8490491733337,2946.796456106667,2849.020333253334,2648.3713494666667,2742.9866619733334,2815.6783584,2869.8569286666666,2821.1344876533335,2738.2560508533334,3039.19579352,2934.76754936,2967.625058213333,2815.3881462666664,3186.498306453333,3059.50433592,2936.45493888,3181.0676260266673,2912.671194773333,2837.706807013333,2721.198904906667,2997.64598384,3018.199476933333,2788.1739939466665,3080.2339020266672,3008.4393146133334,2941.6649709866665,3309.3247977866667,3252.0666605866672,3405.659864346667,3683.90327752,3749.91677088,3663.891691946667,3963.1149746933334,3862.511991733333,3879.9114426933334,3942.29982576,4051.9613517333332,3783.0612619466665,3640.433566666667,3578.58066744,3561.071051973333,3545.04179728,3729.5593400533335,3909.029873093333,3832.5100731999996,3419.2418130133333,3537.3458132533333,3865.01313224,3951.915799306667,3677.218598453333,3735.07795304,3525.52055632,3711.0997804266667,3662.8175380533335,3740.6863269866667,3590.295440853333,3614.218912106667,3682.1875732266667,3729.25055792,3517.3360520533333,3781.8919835466672,4053.762399866667,4126.570854986667,3847.544567333333,4131.84829128,4241.738367306667,4032.9568786933332,4217.294939466667,4562.44924336,4381.745844506667,3833.403640453333,3990.9612833066667,4066.98299672,4039.6972588000003],