{"message":"Aggregated IX data for Los Angeles IX","data":{"nServiceId":null,"width":287,"jServiceId":null,"start":1485993900000,"end":1486079700000,"name":"Los Angeles IX","in_octets":[],"out_octets":[],"in_bps":[3908.96422368,4533.880677626667,4169.524160506667,3562.331739173333,4784.424356826667,4406.391626693333,5745.299932693332,4920.885339546667,4432.424188933333,4201.347080693333,4055.551986373333,4362.41809096,4622.883275573333,4504.70737424,4908.667817653332,4452.6652324533325,4500.133377013333,4148.42909896,4388.658278293333,4100.59884288,4181.310302880001,5166.46558496,4621.011334906667,5148.233359813334,4353.733316906667,4183.028136746667,5534.847210506668,4364.874868106666,3986.700633813333,4165.2516004,4051.99260256,4086.6043944000003,4226.991979546667,3991.265896773333,4185.3422887199995,3732.99278184,3838.3666258666667,3769.599284666667,3874.7857348000002,3801.03737944,4108.3325015733335,4814.542996266667,3924.83943216,3738.9009482399997,3741.7770082399998,3757.99220704,3854.3381844,3897.320182106667,3789.7368222399996,3875.5492736799997,3585.7666956,3792.3424121599996,3809.8157439733327,3935.7348320533333,3805.5754045066665,3744.151542186667,4027.513720453333,3979.8970785066667,3701.2507665333333,3778.780870933333,3887.442672026667,3888.91699328,3978.711629653333,3931.913423546667,3912.077583226667,3810.858960666667,3853.7414869866666,3700.4981220266673,3783.434655066667,3534.9729597866667,3591.53714168,3721.12775216,3854.303369546667,3709.024054186667,3580.684897893333,3740.9414056533333,3579.88449,3535.3289778666667,3548.5572716799998,3879.048200186667,3581.498451546667,3377.049195253333,3616.3313036,3581.671537706667,3434.5842149066666,3340.17694608,3373.6590562399997,3022.0552305066667,3278.548474,3277.301290933333,3315.8676123200003,3032.957793226667,3272.5431665066667,3952.95237688,3437.492280186667,3449.2188601599996,3234.5210745066665,3547.788457066667,3477.035975173333,3251.742294773333,3398.47284488,3414.03347256,2960.5568333066667,2865.62074944,2872.0914133866668,2792.5691041066666,2833.6351032800003,2848.16083592,2818.5071929866667,2552.202079653334,2627.3653735466664,2669.513292266666,2593.8041605066664,2452.6612907733333,2389.9096152800003,2366.8971433333336,2397.6443486933335,2539.7365310933333,2365.5579554933333,2370.3614239733333,2314.1661282666664,2488.0031231733337,2300.0750417066665,2294.783987946667,2260.7252811999997,2273.1435922666665,2168.9217761066666,2167.5963864533333,2284.7988932,2053.20400952,2231.1147190933334,2050.54702856,2326.18964648,2246.2060112,2154.888722426667,2198.3711552266664,2196.9363203733333,2239.2484556533336,2209.39725936,2093.9655652266665,2254.9292329066666,2148.47914016,2075.77054848,2118.3106870133333,2176.6023552266665,2341.13524808,2194.9111158933333,2142.2673041066664,2365.4036536533335,2243.2198033066666,4411.284977013333,4174.606170693333,3849.9899470933333,4288.867386533333,3724.89084176,4243.292984586667,4220.202644613333,5218.359518106667,2709.3275513333333,2363.1483381866665,2523.8206586666665,2453.8739435733332,3104.563273306667,2632.6741617066664,2669.21425944,2615.2488091733335,2599.19765664,2793.0101209333334,2895.61380992,2914.54842176,2675.6078269600002,2788.3308343733333,2668.701307386667,2664.83798592,3049.1588124,2722.8936945066666,2913.6121520533334,2913.887135653333,3060.996869493333,3094.9778090933332,3460.453874,3089.9279088266667,3136.70804504,3218.061055173333,3186.8049860799997,3320.62054352,3866.329285306667,3708.6633774933334,3796.321885866667,3854.3167465066667,3280.1549204266666,3347.7853888,3338.193606613333,3344.2752815999997,3268.5945464266665,3431.703052106667,3405.0115078666668,3422.40956696,3276.264477333333,3237.94422992,3516.8763663466666,3409.50918552,3539.85876512,4147.330674293333,3921.191893466667,4096.925686133333,3897.67255944,3693.7122452,3742.092781813333,3720.9957066133334,4005.191038293333,3310.000403706667,3435.9563545066667,3358.10511192,3461.3946737866668,3359.573444106667,3357.863180186667,3289.99016816,3120.746029813333,3124.007848906667,3424.8915590933334,3524.3312013866666,3261.992791253333,3140.99355424,3052.5177985066666,3350.556187466667,3271.1496384,3238.697291813333,3324.477187653333,3600.369657813333,3360.867474773333,3366.6135893866667,3291.272527493333,3588.608963066667,3623.92610288,3371.2495854666668,3156.52896912,3119.8711774666667,3027.304932773333,3541.90301064,3463.561794693333,3437.106026373333,3441.190508,3229.2615622666667,3126.741745066667,2929.707199973333,3032.397484506667,2905.0406225066668,2715.62410128,3090.976280453333,3073.336454773333,2989.175826693333,3053.093748586667,2810.3724667733336,2921.1954825333332,2998.9047077866667,2708.4491888533335,2762.19895968,2881.1988145866667,2705.115079946667,2684.7222358133336,2620.199923786666,2825.3816734133334,2961.6040182399997,2808.4532344,2862.7452026666665,2823.8384849333333,3143.193804933333,2995.917444746667,3496.77750344,3337.784140133333,2914.99158408,3456.0528450399997,3560.456670453333,3532.63487256,4538.105153573333,3828.47961512,3947.291934,5329.263425813334,3628.9002944266667,3721.584662986667,3399.096135306667,3577.698450213333,3645.469308453333,3956.480555893333,3784.29183896,3238.5217887199997],