{"message":"Aggregated IX data for Los Angeles IX","data":{"nServiceId":null,"width":263,"jServiceId":null,"start":1491581100000,"end":1491659700000,"name":"Los Angeles IX","in_octets":[],"out_octets":[],"in_bps":[4646.21258488,4877.712876186666,4192.065416986667,4456.770825093333,4255.28429872,4092.0466631199997,3913.908982053333,3886.1564130933334,4209.19185784,3869.250398426667,4393.505884666667,4582.722339253333,4049.1560471733333,4119.957169733333,4004.111794853333,4700.503671173333,4484.967996346667,3769.4369488800003,4149.454156186667,4231.4724274400005,4189.248001973333,4220.584886026667,4258.61394056,4096.707226613334,4120.871630826667,3676.707392293333,3672.0245973866668,3778.636978,3451.05255048,3854.264889813333,3871.520845706667,3779.667209813333,3606.7111025333334,3578.949530693333,4136.2129488,3319.133471253333,3748.2582032533332,4151.013631893333,2992.8496464533328,2793.7817797066664,3134.8149398133332,2857.76777256,3715.056983306667,3744.170493226667,3462.4235836,3399.5061003200003,3348.687632106667,3153.017929146667,2826.8792834933333,2598.5785608266665,2839.8372921866667,2675.544444826666,2827.3117500266667,3324.970788,3713.6245558133332,3603.252554986667,3324.72872296,3844.5398391999997,3488.12336752,3766.05896736,3424.0410670933334,3897.62861256,3470.396360773333,3922.718384773333,4179.541770906667,4219.313891146667,3552.180361546667,4445.498053653333,4497.642886533333,3904.12580872,4949.083781946667,3777.389194586667,3656.960924106667,2951.3985258666667,3112.2014765066665,3638.077794586667,3897.659897146667,4101.74274416,3922.691296,4002.6723802133333,4279.76621096,4107.23671536,4312.806138106666,3686.464954293333,3829.9260954933334,4157.776270373333,4119.728060106667,4159.9888708,3907.056408453333,3824.85248,4238.113852266667,3579.2154981599997,3584.4029877333332,3990.016786346667,3817.81888296,3810.9885140799997,3856.6319724,3896.987093306667,3726.377179626667,3826.2618099466667,3698.6812971199997,3883.55430648,3756.5085746933332,3715.0998980266672,3693.157694533333,3833.55767688,3395.1124948,4013.693694666667,4476.42296928,3833.44242416,4182.717207946666,4083.1888790133335,4002.332575626667,4432.645199306668,4515.558066986667,4091.4558969066666,4575.968751066666,4511.494896826667,3708.347291813333,3762.392614346667,4011.5333967466668,4059.156334666667,4688.6612187733335,4260.62671632,4839.550669626667,4930.008639173333,3970.666680453333,4561.576513093333,4546.334625946667,4242.145102106667,4595.12169704,4499.60293456,4634.52281408,4729.688881786667,4560.400782133333,4793.496447493333,4253.82221272,4377.3789300533335,4064.85872856,4917.479209626667,4686.062123973334,4974.824024533333,4793.633812266667,4434.545993813334,4348.78686584,3921.16374224,3770.538332426667,4116.81957136,4091.8002753866667,4721.375212399999,4684.196768373333,4566.010983466667,4355.575019813334,4576.11862208,4408.487188053333,3952.683974586667,4170.971241493334,5076.739654426668,4468.323613493333,4227.582276986666,3779.596172773333,4114.852363706667,4319.33521072,4015.3476906133333,4864.077415706667,4751.647240906666,4910.53746728,4818.275780613333,5340.8204254133325,4789.8001432,4307.6823317866665,3967.190631546667,4111.728584773333,4247.6724999200005,4922.226842266667,4916.419530186667,4636.862006186667,4899.442966213333,5092.622951146666,5029.029596613333,4710.19295608,4141.104049786667,4324.108969653333,4420.934665946666,4244.872353413333,4643.70178064,4463.733847386668,4673.28101992,4491.370573973333,4577.664239786667,4287.045677653333,4394.069035786667,4642.015675493333,4480.628467546667,3582.824809546667,3759.9748350933332,3900.235784053333,3873.4958448,3607.2741746399997,3851.566664186667,4043.87525296,4186.613088453333,4077.894867013333,4312.96838048,4255.700029626667,3953.518436613333,3174.03116744,3308.713294853333,3150.584413226667,3325.5956796,3099.172527653333,3123.04711512,2970.5149084,2780.6489849066666,3037.0220850133333,2940.594083893333,3146.3344002666668,3581.605983786667,2534.526659973333,2703.40836728,3098.0493633066667,3072.468321306667,3611.981161626667,2782.47910448,2693.1719426933337,2745.0359332800003,2684.59932648,2791.90420616,3221.8249364000003,2509.82596672,3045.103593333333,2856.392005386667,2529.4585902133335,2798.5179681866666,2743.8968783733335,3099.476876293333,2640.28207088,2725.7400481066666,2778.568783653334,3050.617263813333,2729.1824482666666,2992.1147845066666,3653.7118054666666,3855.7274491733333,3620.2099073866666,3705.9426021333334,3658.963198826667,3303.10282344,3202.3222824,3167.37683792,3348.5326976799997,3737.9435148266666,4060.92700344,3357.21713912,3819.4498228266666,3583.8747302399997,3716.1803593866666,3971.452829813333,3288.17140256,3477.82456248,4603.18881032,4716.161171520001,4494.1255552],