{"message":"Aggregated IX data for Los Angeles IX","data":{"nServiceId":null,"width":215,"jServiceId":null,"start":1505505900000,"end":1505570100000,"name":"Los Angeles IX","in_octets":[],"out_octets":[],"in_bps":[5258.136959546667,5320.734136293333,5236.493949600001,5086.1515847733335,5072.905516,4958.423790026666,4967.562491386667,4842.089538133333,4660.344361013334,4929.366082986667,4872.656812293333,4916.00467496,4959.2180524,4945.147548053334,4870.512688186666,5046.53301624,5076.306923786667,5011.582944399999,5324.08536904,6325.12920104,5453.695956613333,5274.07962496,5487.7633817333335,5633.412076613333,5465.082425413333,5497.630157706667,5684.458102266666,5706.495657146666,5970.90676392,6007.947791493334,6172.35387288,6388.871895733334,8346.868486693334,9839.527732293334,9770.032182666666,9121.479303093334,7345.473126746666,6648.688745013334,7351.784037173334,6563.117232506666,6457.602175253334,6680.094071866666,6865.427156373334,6894.478476373334,6757.707976133334,6991.786951893333,7188.322031199999,7246.188889866666,7235.902763786666,7257.082022186666,7361.890958506666,7680.424603893333,7395.611050906666,7462.090786986667,7319.9899856,7092.35940984,7142.735075306667,7136.831980506666,7642.15104408,7546.9622216533335,8295.755816026665,10238.708881573333,10802.918214106665,12037.245619253334,9502.069298053335,7966.434689893334,7744.140383386666,7036.63610824,7181.488884213334,7223.7835127200005,7554.343969333334,7331.7973916266665,7533.599218560001,7355.911658426667,7547.932723226667,9060.778807333334,12660.970319386666,8562.64778376,6942.75220296,6896.6144648,6911.340352426666,7079.457280666666,7078.06734208,7135.831117093334,6901.804006453334,7241.716073573334,7447.044798773333,7468.984707600001,7361.786189813333,7202.888970800001,6886.69131088,7085.62000128,6897.36443608,7339.748419279999,8416.542829306665,7307.51644552,7003.426298560001,7128.408614533334,7159.121380053334,6882.424109626666,6968.08296384,6690.392210319999,7103.143009840001,6757.112729973333,6944.169977653333,6758.964970693333,6855.938565573334,6697.617915520001,6862.56274464,6783.14605976,6882.579670986666,6930.176957386666,6650.361156746666,6639.577047066667,6266.173786053334,6576.44892816,6736.0385197333335,6700.490340186667,6561.64420184,6454.053357093334,7651.421041253334,7914.903474613334,7172.948848666666,7584.569999413334,9118.56340416,6540.058692266666,6366.578784666666,7460.57965976,6596.26500184,6134.110439733334,6126.76982744,5852.781649946665,6032.604926720001,5938.524942399999,5634.744329706667,5810.365054373334,5686.752286453333,5771.467686133335,5796.821164,5626.581172266667,5593.955415546667,6942.94770736,7766.323906213334,6631.1047156,5623.681661786667,5506.801160906667,5413.61064896,5329.88827704,5273.927021413333,5134.0447452,6176.359477226666,9009.112575653333,10249.00860584,8122.813587013335,6264.170141093334,5047.90427488,5105.916910319999,5108.970858053333,5058.9653716,4990.895936346667,4977.305485333333,5020.133455066667,5749.583817706667,5410.472345973333,5207.0162812,6589.039567119999,6897.845926026666,6892.618307173334,5248.482931439999,5053.498845173333,5013.929683386667,4993.8449910399995,5368.504244453333,5370.3213342399995,5148.7699493066675,5073.811776,5174.966862640001,5151.617393786667,5122.929414426667,5111.861249253333,5085.1256427200005,5019.757716293333,5532.015246453333,5499.17620272,5281.1806029066665,5319.299935173333,5631.706104053334,7516.216673413334,7173.7318922133345,5438.060537173334,5685.441789093334,7361.8480392266665,6652.260182453334,6312.0027066933335,5946.485887466666,5319.531140266667,5227.4065451199995,5379.35498888,5481.485853306667,5550.563305573332,5679.710866053333,5915.31258656,5791.082758506666,5623.656177866666,5760.33415216,5934.065691253334,5905.90815288,6079.092690026667,6239.946832186666,7490.06465776,8792.76067984,11103.825924106664,11645.65132568,12083.785632133335,11664.65466512],"out_bps":[5244.856417866667,5355.324781946667,5239.108702773334,5101.300960213333,5072.960155946666,4963.625807306667,4967.93552368,4858.78027744,4682.464321653332,4923.955496133333,4890.847862853333,4886.620153520001,4988.08645832,4939.747576613333,4891.343774933333,5051.95636296,5070.60517128,5045.388130026667,5335.1112816,6320.413045653334,5475.33032432,5266.595521866667,5493.268016720001,5633.553212373333,5475.857501760001,5520.386023306667,5712.065944,5694.1180062133335,5986.758665253334,5988.94837392,6213.233083413334,6390.79349776,8344.64603976,9817.24628992,9868.885477360001,9041.190016426666,7418.232897333334,6658.878904933334,7369.911336213334,6605.07949808,6431.6094868266655,6696.271711493334,6826.253017093334,6960.145046026667,6778.738435333334,6982.695539493334,7216.05372896,7241.82284592,7282.0251956,7292.6856776,7347.23302704,7664.743506479999,7461.81125968,7446.4341670933345,7363.697546586666,7064.666991386666,7176.378125573334,7147.89671464,7656.35652024,7570.368201413334,8274.20783104,10272.038088959998,10809.392352266666,12007.60483552,9564.20628592,8009.0898782133345,7713.264041146666,7064.809005306666,7170.42014096,7273.696504906666,7546.676793279999,7361.77158296,7547.198454346666,7329.245578666666,7582.034914693334,9043.08019184,12720.77449792,8572.112940426665,6913.65253064,6935.899773733334,6906.599360560001,7123.038070666666,7073.136089093334,7153.585608746666,6888.864038986667,7271.189223973333,7492.386158826665,7476.5907588,7358.0797492266665,7213.755582773333,6936.092703973333,7067.41507816,6904.270561653334,7337.043135866666,8435.684347493334,7335.620242746666,6987.463085573334,7151.741781786666,7170.369564453334,6895.860262560001,6985.627283600001,6765.559685226666,7062.100717066666,6767.736619946666,6965.4247370133335,6791.935393386666,6863.691031653334,6665.48326056,6881.014621973333,6818.1994544,6916.125660613334,6922.804221813333,6656.246365813334,6634.5630386933335,6313.338263413334,6545.960591333334,6760.719394373334,6729.801862560001,6535.968192426666,6491.04009008,7666.3999842933345,7905.292655893333,7222.93014976,7558.22601096,9161.625304213336,6563.952551546666,6346.507257413334,7456.2526318400005,6593.707186986667,6164.275177333334,6139.476609946666,5886.6956962133345,6040.28908088,5938.44817392,5633.070107706667,5804.397782453334,5707.32388168,5803.928413466666,5769.408553413334,5651.057113813334,5622.5447954933325,6970.203836986667,7739.7639208266655,6664.6763148266655,5643.8804765333325,5488.367714586667,5428.098971359999,5353.08896696,5290.7259042666665,5126.03852544,6151.66012056,9049.50875848,10243.76236192,8156.994209466665,6265.875695573333,5055.512148479999,5096.301020346667,5159.992899813334,5036.95099,5024.857358373333,4949.589373786667,5058.710191706667,5728.3933763466675,5421.361304026666,5252.747624426667,6569.5035724,6934.402883173334,6858.78831512,5273.027802826667,5062.266291520001,5039.263956826667,4981.3048444,5407.1065316,5367.03329104,5160.006958319999,5095.562065093333,5182.7013380533335,5146.26546928,5145.55567088,5111.613104693332,5079.658903893333,5070.50173208,5489.099112106666,5520.014774266667,5302.565876773334,5333.96225296,5631.356963813333,7521.8438163733335,7208.871246373334,5440.560053413333,5714.982253893333,7365.10661752,6634.332981279999,6299.265835413334,5963.10442712,5355.93522744,5215.473766239999,5376.840015946666,5503.933631386667,5601.278023520001,5658.75630216,5989.27001184,5777.553961546666,5596.96036688,5791.41995088,5925.285773626666,5963.806187173334,6057.577253706666,6254.28331392,7509.808719893334,8769.423311146666,11158.339394773335,11626.91097096,12088.770785493334,11676.559905573335],"in_packets":[],"out_packets":[],"in_errors":[],"out_errors":[]}}