{"message":"Aggregated IX data for Los Angeles IX","data":{"nServiceId":null,"width":215,"jServiceId":null,"start":1482264300000,"end":1482328500000,"name":"Los Angeles IX","in_octets":[],"out_octets":[],"in_bps":[1310.3494516533335,1314.4128286133334,1335.5838257066664,1349.0288746933334,1271.0991884,1404.6410640533336,1447.8574372799999,1379.2063484533335,1535.5404292266664,1505.4863304533333,1419.1036296533334,1671.2421491199998,1413.2034516533333,1426.8311464266665,1428.5284252000001,1407.1152560533335,1525.55986288,1537.3220210133336,1401.86732128,1535.2092921866665,1861.9055917599999,1541.74210032,1632.0507078666665,1586.6256834133335,1284.7116322933334,1620.1984813333336,1732.09133112,1744.1628507733335,1690.4854561066666,1604.5895939466666,1474.8415528,1386.3493681333334,1622.2119063466666,1399.9352541333335,1486.6631897066666,1609.9693177333334,1577.5012128800001,1731.0044577066665,1615.7517963466667,1356.7306431733334,1331.0444307999999,1439.0390562666666,1459.7434811466665,1572.9116524533333,1423.2942741333334,1354.5480162933336,1579.0266952266666,1312.8584186666665,1421.14026,1433.7116128266666,1954.3315258399998,1984.7568453866666,1600.1240350133335,1566.51917448,1717.4046336533333,1667.6391492533332,2053.5656126666663,2014.5935833066667,1406.71772304,1563.4099978666666,1794.2977594933334,1295.8044628533335,1397.9856100266666,1348.4564101600001,1409.3398153866665,1415.9199061333334,1429.0390438133336,1374.3509332266665,1376.2361375466667,1256.5509014666666,1402.7890257866666,1349.2436441333334,1358.4419505333335,1388.0850723466665,1544.86190488,1493.7656691733334,1378.02355176,1379.6652514133334,1420.81927496,1374.75987968,1555.3536067733335,1458.7000615999998,1497.7732397333334,1505.8801937599999,1552.5647392533333,1479.7058276266666,1416.0497949066664,1548.90317696,1513.9089760533336,1630.7222597866667,1433.0859919466666,1442.8033101866665,1554.7499978133335,1477.0003632799999,1467.0058886133334,1599.7987888,1455.5174703733335,1447.5891016266664,1449.9415335466667,1358.8477318933335,1405.9049979466665,1369.24464952,1382.10749432,1562.9565210933335,1641.3497339733333,1500.8637586933335,1432.8844635466667,1390.9874624533334,1294.4213929866664,1428.6489994933333,1447.60577648,1377.68638592,1482.30436088,1389.67027768,1394.8367626933334,1435.2378207466666,1361.5610825066667,1794.5777686133335,1413.5528016800001,1338.1877730933336,1317.2892065333335,1319.1014296800001,1383.823766,1414.0184899466665,1509.3732336266664,1500.4763774933333,1452.6357012533333,1317.1944058133336,1564.5271825333336,1618.72089072,1716.73869272,1468.5757473066667,1447.6739301866664,1959.93235672,1629.5839847733334,1462.4738784266665,1281.6710274933334,1365.7379724,1387.5027433333335,1347.9786196266666,1481.1063582666666,1327.48428968,1398.2566572533333,1382.9957053066667,1429.8312068,1286.8011697333334,1260.53773664,1268.6874930933334,1229.3608052,1223.2443957333332,1192.4383619733333,1319.788492,1307.29540928,1229.91158272,1284.46777216,1233.384274,1327.5738934666665,1276.5017654666665,1291.0035020533335,1216.6030622133333,1348.1595168800002,1194.1033520266667,1096.47157856,1092.8559090133335,1184.0289403733334,1022.8149438400001,941.1176555466665,959.88723672,986.3190648,964.1922615733333,894.0654092533334,1158.3256607466667,1234.6413883733335,1162.850118,1333.5546427733336,1299.1929113333335,1334.71683224,1344.1071476266666,1326.2850515466666,1228.3173137333333,1201.7524668800002,1140.0962501066665,1169.8334393066666,1129.5486279733334,1145.6508254666664,1152.48393744,1229.1688284266666,1232.51722432,1218.4357208,1101.3255441066665,1169.0089349333334,1264.5724820533335,1174.79387896,1310.3895571733335,1236.21795544,1200.35490688,1157.7620190933335,1127.0545391199998,1104.59231872,1226.1398562933334,1337.29474984,1267.7892710133335,1317.8081027466667,1240.3054604533334,1299.4790812,1214.0259614666666,1253.9101549333334,1590.1889436533334,1598.9214564533333,1300.6880237066664,1326.8011746666666,1097.4626778933334,1201.3905873066667,1059.3718751733334,1064.8158312533335],"out_bps":[1312.3499757066666,1304.8180385066667,1337.7510737333334,1351.4864579733335,1263.7414604266664,1404.2798551466665,1431.0507190933336,1406.82362104,1524.56251376,1483.5247788,1444.8673458666665,1653.1937769066665,1408.09424792,1421.0449690933335,1409.5026919200002,1418.59353224,1522.5664542666666,1542.3225681866666,1394.7401435466666,1528.7713340266666,1858.5825757866667,1542.2617373333335,1626.6126692533333,1577.5589821066665,1286.289912,1610.4056746666665,1731.4227093866666,1746.1166937333332,1692.1315219466665,1597.4552537333334,1458.2410561600002,1392.7491291733334,1613.89989352,1392.4113311199999,1496.3091918933335,1602.6862481333335,1559.3860256533335,1743.41007496,1604.2438890133335,1366.62348144,1312.4474507999998,1434.7000797599999,1458.64009608,1566.7264236533333,1435.8138601866665,1345.46955944,1572.4011568533335,1314.70089728,1407.0698844533333,1452.4230563466665,1932.74068408,1995.1201715466666,1586.6511882133334,1573.9946100266666,1705.9393390133337,1643.02723,2064.4886075466666,2015.3414294933334,1400.9237742133334,1584.4265946666665,1767.52179496,1296.0675154666665,1392.1151079466665,1341.1195193333335,1422.5324204,1414.1051470133336,1416.3032261866665,1359.97163032,1383.05439448,1256.0362156800002,1395.6786136266664,1343.8247748266665,1357.5591836266665,1384.1534841866664,1556.7440324533334,1481.1177026933333,1375.6660173066666,1373.0926492266665,1412.3687957866666,1378.8834639466666,1549.8993646933334,1449.5974376,1485.6017260533336,1514.33699376,1541.3908947733335,1490.0852222400001,1403.5117465866665,1536.1363379200002,1512.6145385333336,1617.3549875733336,1435.6972296,1460.90568328,1552.8324314666665,1460.8630242933336,1468.1031186933335,1587.3605245066667,1463.2674944533335,1434.1241000266666,1451.7422655466667,1368.3935474933332,1377.4905834133335,1377.61275504,1373.9987924000002,1574.3952832,1553.3602682133333,1559.0023808533335,1437.51213872,1396.8077817333333,1286.6083826400002,1415.2292185066667,1450.7826910666665,1382.9750445333336,1464.5413767733335,1408.52328128,1383.4084963466667,1416.2436994933335,1382.2698134666664,1787.7312161866664,1406.3563675466667,1326.5579758933334,1309.1270196266667,1324.58744688,1377.7832963466665,1404.4879015466665,1495.3312898933334,1519.56011768,1444.37815568,1318.80300448,1554.8321164266665,1617.8591008800001,1721.7095420533335,1466.1420444,1439.2558257599999,1951.8047286133335,1630.42054248,1460.7264766666665,1268.9930038666666,1373.2427815466667,1376.69134744,1354.1517716533335,1480.3878048533334,1309.2242735466666,1403.6269850933336,1384.39206184,1420.5207364533335,1284.5264265066667,1259.3881439733334,1276.5959692266665,1218.0294311199998,1220.3232989066664,1192.5232383733335,1309.54156376,1315.9368715466667,1223.5848805866665,1272.1932569333335,1237.4019538666666,1304.00986696,1280.9893759466665,1308.64741424,1194.6173232266665,1337.79200848,1215.7519176533335,1078.8492981066665,1107.5770370666667,1160.9825982666666,1030.1784117866664,945.6953486133334,953.12473568,980.9748873333335,954.4553613866665,906.3463146666666,1161.0717234133335,1226.9377680533335,1156.4777394666664,1333.1017930133335,1300.4475375466666,1334.57807424,1326.4878661333335,1342.3366301066665,1203.7646312,1209.8967559466664,1135.6334144,1158.6002258133335,1131.0672305866665,1144.3251994133334,1160.0750096,1226.2703578666665,1230.5747821066666,1219.3933466666665,1102.1316303733336,1161.8979276,1264.6478426666665,1175.7017715733334,1284.1928703733336,1256.1454276533334,1189.7938164266666,1153.4752589066666,1118.4921406666665,1100.7879166666664,1232.8396330133335,1336.2094788533334,1262.59988608,1320.6705854133334,1227.8343634133334,1311.5163596,1204.66037976,1257.31231968,1576.57954112,1609.17067824,1288.6286708,1316.86024616,1098.2188621066666,1204.1172190666666,1053.9103516533335,1052.70559752],"in_packets":[],"out_packets":[],"in_errors":[],"out_errors":[]}}