{"message":"Aggregated IX data for Los Angeles IX","data":{"nServiceId":null,"width":262,"jServiceId":null,"start":1510503000000,"end":1510581300000,"name":"Los Angeles IX","in_octets":[],"out_octets":[],"in_bps":[7201.514735146667,6844.596498213334,6620.833853306666,6550.609353946666,6559.554530186667,6743.843760373334,6595.254428346666,6405.302485946666,6548.5382885066665,6701.967088586666,6801.188166453334,6823.870512906666,6518.315550293334,6220.383467413334,6145.857844693333,6213.45633376,6167.08081,6006.770783013333,6165.3095376,6073.415312373334,5824.63181512,6076.15654384,6370.74822744,7793.448287439999,10539.113980693335,6710.522788826666,5146.133803600001,5107.649466533333,5092.05854784,5123.446911493333,4921.479052853333,5081.200177306668,5117.172842853333,5502.13324104,5969.928543173334,5066.64926312,4729.403308133333,4577.080897973334,4364.535198186666,4176.803171306667,4184.819814213333,4250.373922693333,4071.918662453333,3993.5624712,4104.10834888,4096.575392026667,4196.733809466667,4200.371580586667,4106.95198136,3999.7061339733327,3845.486771786667,4050.155432373333,4085.5403064,3950.0336945599997,3805.8788730933334,3709.516036933333,3727.918379466667,3718.313152426667,3651.6600717600004,3567.49132824,3714.56605744,3799.482934293333,3773.420604026667,3669.912287386667,3419.133861813333,3607.9622055199998,3790.50071608,3858.9222466399997,3924.193674,3865.918597733333,3897.754580826667,4036.89093752,3981.1493753866666,3996.8146472,4261.991720586667,4286.949414773333,4287.63445256,4231.3546509866665,4403.648213493333,4340.435257893333,4417.9462678400005,4473.80631576,4498.62446544,4560.056253226667,4764.140286106666,4834.490343706667,4673.680326613333,4528.817612399999,4476.701484746667,4505.92000376,4638.466176853333,4740.180762453333,4600.237757546667,4882.859632693333,5061.483594506667,4605.84984536,4743.368501226666,4859.33067472,4922.000474106667,4986.5318084,5053.764165626667,4947.554544106667,5092.421595600001,5227.611341386667,5299.788331413333,5183.5512361599995,5125.79178608,5435.289457600001,5229.862467226666,5380.028316853333,5213.5992808266665,5231.981484133334,5487.30042944,5459.6281488,5620.39745104,5536.429989973333,5704.230604773334,5723.829844,5625.655680106666,5622.175975946667,5752.425855333333,5754.0490761599995,5770.40952432,5981.925229146666,6361.4317516266665,6290.393899146667,5876.4333666933335,5930.42400112,5804.496363973333,6007.753198906666,5980.598300426666,5965.26797448,5993.1680690133335,6075.69522504,5917.29798744,5878.633437760001,5803.69597112,6207.481063706666,6159.170047279999,6112.77895616,6359.791307386667,6150.58858872,5958.286135093334,6230.362681680001,6103.39830128,6270.785172479999,6333.404487173334,6094.1043256,6206.101302213334,6208.288962506666,6270.55840128,6390.282492746666,6303.567225253334,6531.70569056,6223.711149653333,6107.60888096,5938.285320346667,6036.444344533334,5960.413411786666,6142.554356933333,6070.497105359999,5999.083416106667,6050.79365736,6039.993052746666,6011.894848293334,5871.125539946665,5802.456638213334,5804.707269546666,5956.694091359999,5799.1538547733335,5434.864370133333,5482.387542560001,5578.0770264266675,5621.95078184,5491.859335653333,5493.771318186667,5515.4990119466665,5402.45609072,5227.3004164799995,5266.786729813333,5202.7062407466665,5129.53140576,5136.893088426667,5283.54886648,5378.732374213333,5391.258949520001,5187.2318108,5154.641525386667,5117.588325466667,5038.33094192,5329.440996906666,5619.774906133333,5157.04829056,5291.023577653333,5054.542494373333,4993.871026826667,4984.62547808,5052.262316853334,5271.70350024,6059.911661946666,5906.24403256,5993.488081573334,5402.889511946667,5109.688108053333,5158.266583466667,5176.522844693332,5837.5042232,8775.023448853335,6635.61147408,5127.091472319999,5138.007389573333,5131.4033372799995,5203.138336426668,4914.657909493333,4999.006893413333,4841.08593048,5039.092684346668,5472.897450293333,4934.938670133333,4672.377172933333,4620.83659576,4738.4852512,4956.018829946666,4911.35708128,4858.7352936533325,4795.932450933334,4964.181336293333,5413.207837946667,6395.348964346666,4813.1117317866665,4980.58046464,4933.16758568,5051.612875413333,4881.078097493333,4715.6912276,4796.389848399999,4836.515348293333,4800.0531584,4903.429198933333,4838.187020186667,4972.249205226666,5038.53632312,5118.1886728,5073.24711288,5117.835902693333,5077.183276053333,4835.922423066667,4917.1876442933335,5169.163259093333,4925.016368266666,5017.509576560001,5161.25879312,5046.536983493333,5407.714115066667,5456.2429748,5287.975438106667,5304.68417608,5317.7186265066675,5627.494828026666,5630.296741546667,5973.2018390933345,6154.889838506666],