{"message":"Aggregated IX data for Los Angeles IX","data":{"nServiceId":null,"width":288,"jServiceId":null,"start":1474612500000,"end":1474698600000,"name":"Los Angeles IX","in_octets":[],"out_octets":[],"in_bps":[3431.336829066667,3440.918558186667,3365.67692488,3510.11709088,3345.59618864,3297.39201464,3450.023891946667,3309.655163413333,3217.521446453333,3128.0870257066667,3345.43931288,3132.535666106667,3139.24350408,3017.61825448,3026.4391908800003,3089.1880977866667,2888.85762728,2846.7083793333336,2894.277202693333,2794.95166288,2896.178264213333,2798.5923084533333,2397.80872952,2464.64746856,2804.049822,2674.1744446933335,2562.8670770133335,2462.4991370133334,2426.6130358933333,2579.9796414666666,2496.7750749066668,2479.5916618133333,2338.451444613333,2253.95170736,2325.83557472,2344.6645641866667,2389.28037232,2312.2283697333337,2297.687923093333,2219.1548468,2081.01872824,2137.054004,2153.5001922666665,2149.4043506666667,2004.5907765333336,2080.5155043199998,2002.9770264266665,2006.5452454666665,2117.30858888,2026.3242998666665,2183.559211386667,2233.525784,2302.35230904,2258.8097816,2198.3816294666667,2331.9013577600003,2214.390297066667,2441.8348666933334,2344.1344135466666,2146.0956621600003,2288.8062741333333,2188.2558879733333,2341.389886,2279.5031268800003,2265.7533502933334,2323.3781877333336,2487.9115056,2538.51239152,2492.34688768,2436.9000972800004,1941.4499256,2626.26947728,2715.4028170133333,2843.0166650933334,2810.8044016533336,2743.9206722133335,2654.8730164266667,2748.5957169866665,2906.953149893333,2946.431270453333,3085.625017146667,3150.19502088,3042.394815253333,2929.204344773333,3008.996227493333,3242.595007973333,3138.618606533333,3318.871714186667,3380.3358980533335,3437.075556133333,3752.336773226667,3921.864385306667,4168.952326346667,4270.73977232,4303.022886666667,4234.43122072,3819.5138881333332,4278.653727386667,3965.045439226667,3985.3354268000003,3716.514825706667,3683.570228586667,3606.3214425066667,3457.9998810399998,3477.524961786667,3583.551415706667,3611.896879306667,3518.829131893333,3697.754130426667,3556.8897799466667,3432.543481706667,3476.54456792,3441.117609546667,3494.878789653333,3566.428507546667,3564.9077288266667,3711.435318693333,3714.010082373333,3625.400699813333,3556.424966106667,3748.94135008,3609.192242506667,3445.907998933333,3542.522627546667,3475.459343893333,3488.2117849066667,3648.238338186667,3746.509874266667,3552.950619306667,3552.797719706667,3505.252280213333,3402.7314681599996,3469.28597904,3305.48204808,3306.829333626667,3312.04970688,3285.2821391733332,3283.706353333333,3480.512001626667,3258.316354293333,3464.43861344,3570.219475386667,3392.3699049066668,3320.9290844266666,3382.6500392,3309.482910666667,3404.540444586667,3571.2265361333334,3644.078618746667,3511.105484586667,3491.193508186667,3415.7708422399996,3354.45976616,3218.8471522399996,3213.914891653333,3178.080890773333,2895.9512975466673,2573.8240604533335,2958.776756346667,2816.3961566666667,2882.8226100533334,2935.06862936,2756.23312016,2478.0018032,2683.1753887466666,2681.4949182666664,2661.1878641333333,2558.459194026667,2477.44104592,2515.6516442399998,2508.03012992,2631.8639149333335,2298.52876032,2442.8388874400002,2279.5753925066665,2209.5284075466666,2498.11363416,2588.210482053333,2445.7053782666662,2340.955445173334,2393.7457876,2443.22873696,2510.94114152,2602.162980826666,2635.50601232,2713.6457447199996,2726.231587386667,2879.764223466667,2838.2701177866666,2954.140908746667,2951.5209687466668,2957.374912213333,3132.890374,3101.400883706667,3129.4518136533334,3184.53087936,3174.265370853333,3115.9721615733333,3085.85649248,3134.276482026667,3294.0563793066667,3289.868703493333,3309.978766746667,3156.550700213333,3184.76316048,3169.1177276,3231.74600568,3108.03363456,3211.002736586667,3355.409597626667,3380.688385306667,3165.8347146133333,3193.7913351999996,3112.168568106667,3183.298136133333,3246.3348490133335,3328.011027226667,3237.037439813333,3339.735963333333,3407.414681706667,3411.343242693333,3437.164646,3319.3765718933328,3281.081665466667,3296.428512666667,3311.323953813333,3315.784955493333,3350.7665674933332,3383.9482246133334,3217.682859813333,3291.2308809066667,3189.5713864,3460.90067008,3354.647167066667,3464.000382853333,3301.665396133333,3272.387345413333,3487.985893706667,3142.896798586667,3475.68166,3570.235582586667,3364.0608216799997,3383.0330016,3375.9598565066667,3353.8920691733333,3153.715593653333,2750.526569973333,2765.3342306933337,2838.9627543200004,2769.8458978933336,2982.041552,3022.075064853333,3044.5402572,2876.8301165866665,3093.572673466667,3039.8462939466667,3065.866002773333,3059.381270773333,3173.57932568,3300.572004586667,3262.0964620266673,2803.1382899733335,2723.28825272,2649.5878296799997,2681.4188846133334,2600.4180342133336,2865.1057442666665,3264.8564751733334,3246.1388283466667,3414.14292768,3492.899016053333,3443.9014366399997,3389.435331733333,3336.89999944,3535.151130666667,3365.664607626667,3336.6658005333334,3274.2104007199996,3398.7346964266667,3379.3054867466667,3383.074828266667,3254.28263056,3139.5448435733333,3331.231924,3320.491337546667,3171.975242613333,3177.121546133333,3294.208603066667],