{"message":"Aggregated IX data for Los Angeles IX","data":{"nServiceId":null,"width":213,"jServiceId":null,"start":1510603800000,"end":1510667700000,"name":"Los Angeles IX","in_octets":[],"out_octets":[],"in_bps":[3573.92108008,3888.8027779466665,3570.4186474933335,3467.4223053600003,3299.676334293333,3400.731244773333,3385.709320053333,3501.483033893333,3405.05748288,3290.503302106667,3377.968509413333,3328.80577056,3305.36874656,3249.9214334666667,3379.67139944,3446.9701082399997,3537.29267,3497.3674056,3667.89591456,3665.68504464,3691.483638693333,3527.474668106667,3721.627919253333,3786.41886096,4042.940527066667,4105.085399333333,4236.568699733333,4109.470038933333,4214.4555769066665,4380.734718426667,4321.577370773333,4949.97483792,4918.17833104,4898.107676453333,5637.761316666667,14199.545193813334,9607.06582896,5245.515495733333,5221.289346186666,5019.922646133333,6069.576177733334,8434.301489013335,7474.5572874399995,8743.184283146666,8730.685779520001,8068.323683786666,6788.854663386666,5656.51983216,5973.69118792,8166.106038853334,6597.819165653334,5532.81252704,6080.561534666666,5932.535860800001,5878.710603626666,5914.839809573334,11459.790015226665,15739.147289866665,9621.478709866666,5737.128950426667,5735.80294208,6096.499515493334,6068.68528288,6178.321467493334,5873.435214,6532.982200613334,7042.173733493334,6995.123045333334,7368.620576293334,7154.213768933333,6324.547330186667,6309.797414666666,6191.124109333334,7872.906768399999,7171.054465946666,6553.01859008,6596.409014933333,6667.07729744,6702.449423626666,6356.293340293334,6004.93070176,6327.629383146666,6408.50077616,6509.760690506666,6614.745145973333,7525.152661173334,7246.407673093334,6831.851798666666,6418.066456186666,6595.206398453334,6688.716211253334,6610.059732293334,6598.265492906666,6451.8794041599995,6261.338819279999,6266.833586346666,6301.9476882399995,6250.777209733334,6222.154847600001,6161.34956344,6417.711338693333,6565.243005066666,6548.8994624,6369.026381653333,7042.059010399999,7120.034045786666,6819.508708586666,6957.371741893334,7020.357004133334,6988.7901916,6630.27832128,6435.126830239999,6566.721111813334,6539.770631493334,6355.101938613334,6633.362828,7053.205620426666,7090.462996533333,7068.463181573334,7093.653860613334,7129.946314373334,7082.71745984,6867.5249475733335,6785.902745333334,7054.645175866666,9344.547309360001,15940.201477306666,10664.431832,5715.984089093333,6244.32528104,6346.55615696,6212.19211888,6158.174283066666,6049.503007546667,6014.7148062666665,5746.617534106666,5910.056649013333,5664.9768654399995,5910.682515439999,9214.393080906666,13450.56822112,13637.34390616,12880.83363008,8098.8517891733345,5599.829876453333,5710.511735813334,5445.63031872,5605.80663264,5762.585195279999,5807.220508293334,6054.829089546666,5981.483327306666,6048.751876586666,6139.662596,5984.803540399999,6037.291605386667,5709.153323493333,5740.7627202133335,5826.8316343999995,5708.353799253333,6085.875735226667,6137.096212026667,6201.7756837866655,6005.246345386667,6010.229299706666,6034.046256746666,6194.731982373334,8584.134544479999,6980.902633653333,6583.647955413334,6388.64138168,6231.123213973334,6325.533450533334,5979.0479588533335,6099.96464688,5851.359216479999,5957.744503946666,5869.524355253334,5895.09624208,6035.39286392,6084.33304136,6065.5913432,6179.46558584,6517.30758112,6316.676256746666,6290.922992586666,6401.22733024,6572.217041626666,6733.3051527200005,6865.88696816,6718.68311288,6794.57527888,6176.598156666666,5568.053497600001,5984.275974986666,5836.069794293334,5747.82502432,5792.213037386667,5826.411279973333,5701.53864888,5663.617066533333,5740.115903013333,5801.898996,6083.0514659733335,5874.633254773334,5947.3295829866665,5939.1802795466665,5929.900921493334,6919.431140213334,9598.086118986666,9849.45944016,9780.372942053335,9006.261384133335],"out_bps":[3572.938249333333,3891.811559066667,3580.840132346667,3475.3016812533333,3300.431069146667,3404.71759816,3394.109850373333,3509.6289800266673,3403.082184026667,3305.574065813333,3371.5979275199998,3342.93509688,3309.035346426667,3254.1018002133333,3392.469314373333,3445.916104,3557.384295306667,3494.4355449866666,3671.69424312,3674.8043560533333,3693.045336293333,3538.2575502399995,3719.69701656,3803.1961296,4040.598799786667,4121.59186208,4238.3963273066665,4128.196660586667,4228.81634144,4378.664719359999,4345.380230666667,4958.422857359999,4923.705291733334,4897.236967653333,5665.445888453333,14146.71551032,9647.34230328,5276.783738746667,5218.8316308,5029.829389386668,6080.529178586666,8446.579479946666,7467.808243973333,8746.534622186666,8760.22612784,8090.853432373334,6792.066469653334,5660.998179546667,5975.871344640001,8200.260590560001,6614.507817786666,5522.505646906667,6088.211735093334,5954.26746992,5894.76475992,5913.39390584,11438.543255066666,15807.816220506666,9602.498581573334,5754.627758666667,5748.23717424,6100.446923253334,6092.303589813334,6199.253116399999,5882.638131973334,6539.260947093334,7063.52020024,7005.7831004,7372.337403733333,7170.11128528,6333.402424186666,6326.826035253334,6215.9365325866665,7878.77812256,7184.671644266667,6549.257415306666,6632.420677733334,6650.843878479999,6726.192720613334,6347.849645626666,6023.59541688,6346.471899066667,6423.9925162399995,6503.668915866666,6653.8758734933335,7513.198683680001,7275.099694266666,6820.315523866666,6450.136612373334,6593.507368053334,6707.38384832,6636.9999872,6594.909719066666,6496.08124792,6259.723691813333,6273.82006464,6311.197773520001,6256.414861973333,6256.865278746666,6155.30311976,6436.0085415466665,6605.5383532,6536.467861066667,6383.8951897866655,7047.687632133334,7136.874940426666,6836.201989653334,6965.208360933333,7052.2469608,6975.734982853333,6667.6373616266665,6430.469910026667,6588.90258352,6551.870289439999,6363.42505072,6654.976776053334,7062.49400752,7097.7411559466655,7093.251075306666,7092.9546491733345,7141.868613173334,7078.044180106666,6904.616179226667,6811.327518346667,7054.390612293334,9332.26814536,15924.715594853335,10694.019561413334,5733.931405946667,6248.344039333334,6362.198270186666,6218.761238640001,6176.819236586666,6061.0801054133335,6014.388244453334,5770.3156943466665,5915.804045253334,5659.481531173333,5921.88435296,9200.27273056,13499.386311306665,13612.72146,12869.972830879999,8144.5892728,5628.96465704,5711.734160319999,5449.863146186666,5605.6496497866665,5787.97267336,5825.551205813334,6054.450411093334,5990.719817226666,6080.010229439999,6119.54968912,5999.285906826666,6023.957865813333,5746.526720586667,5758.66151256,5827.74964856,5712.329130053333,6107.821542986667,6153.00934888,5903.926977066667,6229.9141299466655,6009.939522346666,6021.622969066667,6036.80371576,6221.696279893334,8598.942894506667,6962.554163733334,6377.212206666666,6250.454448906666,6343.776977493334,5980.487044933333,6105.195047573334,5867.3679145333335,5983.98980696,5865.537280906666,5899.787229333334,6068.669250133335,6067.35621232,6086.645847093334,6194.202571119999,6516.9052709066655,6352.90133104,6287.381639413334,6401.840540693333,6586.903305546666,6734.513013520001,6879.27973888,6729.855866293334,6806.691026426666,6178.685364853333,5596.100945013333,6009.745900293334,5811.746248133334,5755.760965946667,5820.783291306667,5822.31434424,5721.7782158400005,5664.88787856,5767.100105760001,5808.359661786666,6090.28551328,5879.19465208,5967.842500479999,5961.57273032,5952.443840693333,6912.077290506666,9580.669498559999,9884.570371093334,9822.280928773334,8989.299248853335],"in_packets":[],"out_packets":[],"in_errors":[],"out_errors":[]}}