{"message":"Aggregated IX data for Los Angeles IX","data":{"nServiceId":null,"width":288,"jServiceId":null,"start":1478750700000,"end":1478836800000,"name":"Los Angeles IX","in_octets":[],"out_octets":[],"in_bps":[1821.2847441333333,1893.8842976266665,1906.21324144,1871.8339711733333,2033.5481154933334,2105.654364026667,2048.37634168,2162.9181492533335,2260.7557534400003,2085.6475341333335,2077.4590071733332,2034.32670024,2101.1818306933333,1997.73985032,2068.0147609066667,2023.2878247466667,1929.9043935999998,1904.86572136,2012.90918472,1972.6161493866666,1938.8389632,1955.2726150933336,1880.3153553333334,2024.70486144,1924.4628290666667,1918.0213996266666,1923.4265311466665,1865.4734506933335,1897.5164674133334,1907.7628020266666,2005.1527183199998,2013.95259224,2109.3012175733334,1912.5003162666667,1918.21724792,1917.6638551199999,1823.3265989066665,1850.0694425066667,1812.6363190933334,1873.8820127466668,1981.9949759200001,1901.7310771733335,1866.0577750933335,1720.9270502133334,1774.2697555999998,1728.8061146933335,1783.2626181866665,1647.3124382133333,1797.1839284266664,1713.4580115733336,1962.0167618666665,1790.5028042133333,1771.5018576266666,1764.9817152,1705.1334192,1642.8784181333335,1582.4752589866664,1626.9011669333333,1692.6048422933336,1725.5358734133333,1561.79288832,1543.4636228,1535.7902619466665,1693.9145261866665,1545.8673031466665,1300.1836601066666,1321.99530888,1620.39329024,1592.4246705599999,1513.0791118666666,1552.57121504,1552.1349522666667,1468.7848585066668,1413.1924516533334,1299.59853952,1309.07899952,1299.2522823733334,1491.6446630933335,1379.0688596,1452.56714984,1401.897206,1275.0269404,1261.9892875733335,1356.39221144,1351.3659120799998,1349.1579268266667,1574.12229888,1454.7740061066665,1544.4545362666668,1641.2241756266665,1672.0338960533336,1654.0518853866665,1463.3404109866665,1508.8284692266664,1421.5691136533335,1403.6341986133334,1554.5694973866666,1646.50001272,1437.45670576,1444.0740885333335,1423.5103525333336,1465.25333144,1599.33659176,1528.0016491733334,1542.7551998666665,1557.0304151733335,1537.9435490133335,1467.2768632533334,1709.1595362933335,1652.2833521066666,1733.9302310133335,1656.0726317066665,1622.9468785866666,1711.4851738933335,1608.3551116800002,1646.57659096,1630.0800825066667,1595.9660231733335,1710.1276111733334,1651.9656985866666,1853.8981070933335,1730.61212432,1712.35777976,1740.3962224266666,1753.51423464,1712.53589544,1984.8206488800001,2014.8239768800001,1985.6520866133335,2070.7118993066665,1993.2949006400002,1882.8507984533335,1899.2052498666665,1849.49165328,2098.9997298933336,1946.3705345866665,2019.2578465866666,1932.49655664,1974.7375618133335,1869.73096608,1921.84767408,2034.6567869333335,2060.80881448,1984.4657346933334,2097.86152272,2226.7249280266665,2328.8187856,2190.6420634666665,2154.8941222666663,2201.5021636,2468.9931752800003,2138.4713410133336,2099.1540037333334,2293.3306681866666,2111.6543704533333,2016.7387072000001,2106.2694458933333,2008.5024017066664,2140.2656799466663,1980.2957753866665,1883.4990889866665,1911.9924784266666,1682.6774331733334,1630.3651727466668,1836.8140582400001,1821.1233169066666,1833.5795705333335,1831.05084768,1966.5244666666665,1826.5374781066666,1726.12801984,1760.7980055466667,1631.9017894400001,1679.1830022666666,1551.4127161066665,1691.9211318666667,1687.8399176266666,1963.7900863466666,1676.68231872,1680.9525635733335,1663.0576650933335,1609.0620973333334,1670.7568983733333,1736.8421530933335,1653.8212846933334,1658.8136495466665,1718.6882139466666,1610.4324742133333,1601.9338446133336,1851.16798208,1656.3060216533333,1693.6743228266666,1651.8039572,1508.5408478666666,1668.9958715733335,1516.9634771466665,1522.1731604533334,1649.13252808,1714.4197240533335,1837.7885480266666,1661.5605251466666,1703.8213123466667,1755.461804,1755.7573502933335,1738.80758656,1684.3988193866664,1550.3239139733334,1526.7733374133334,1555.4990616266666,1627.5678606133336,1608.02436496,1719.1492988266666,1649.3234262666667,1706.4152888266665,1649.5074998399998,1724.4200865866667,1739.7343528,1805.7047505066666,1752.2377778933335,1732.9306621333335,1686.63962384,1657.24689216,1649.22418432,1850.5618212,1736.8774693599998,1685.13977144,1709.7500600533335,1864.2394158133336,1765.73792264,1750.5735293866665,1902.4045322666666,1904.3133505066667,1936.1469690133335,1751.43087424,2065.9960033333336,1967.1064558933335,1717.62404872,1768.9052637333334,1835.9488896533335,1901.817672,1858.2050585066668,1951.8928613333335,1679.2406802133335,1688.4370075733334,1892.3093641066666,1875.8186401066666,1787.67650696,1896.1609533866665,1757.8828369333335,1817.08813904,1778.8466995733336,1891.41380664,1922.4495957866666,2057.36145704,1874.5975161600002,1823.2537322133335,1883.2714753066666,2047.3158496533333,2229.4961784,2034.7062614400002,1965.5181818933333,1998.03863256,1844.32767968,1894.2861087466667,1863.1482654666665,1788.6930868,1724.54853024,1809.4533034400001,1861.4123713333336,1953.5901733066667,1929.597066,1890.0695624533334,1802.09399472,1820.12679448,1861.72499808,1933.4834094133334,1867.2815779733335,1922.4336002666666,1854.0942311466665,1971.0370082933334,1963.4583973066667,1911.5718171199999,1887.63861696,1732.8980570133335,1916.0834240266665,1833.7555638933334,1802.2721599200001,1804.0626968533334],