{"message":"Aggregated IX data for Los Angeles IX","data":{"nServiceId":null,"width":288,"jServiceId":null,"start":1480167900000,"end":1480254000000,"name":"Los Angeles IX","in_octets":[],"out_octets":[],"in_bps":[1293.97762048,1463.8204990933334,1424.57133168,1399.5888507466666,1500.52734584,1413.42381232,1468.0199915466667,1368.5905394400002,1453.4983669866665,1534.3857919733334,1505.8441885866666,1424.9747492533334,1586.5130488266666,1493.1497088800002,1477.1881379733334,1416.5551820266667,1412.0006296,1535.0534520533336,1488.3176018133336,1581.75293824,1593.1943502933336,1518.37066944,1580.9915813599998,1664.27570704,1659.7522048533335,1586.7169244266665,1483.1174981600002,1612.4770635733335,1665.74533872,1685.7139736,1817.5134920266667,1802.5392060266665,1726.7098597066665,1690.0418573333334,1758.6790499466665,1604.9995180266667,1586.5568972533333,1737.8292477866667,1812.11375432,1539.0614307466667,1412.2711556,1379.7441072000001,1415.7053004266666,1404.9259486133335,1414.6418000533336,1506.8258432533332,1342.8596128533334,1394.7599050933334,1346.4190086400001,1451.1922181866664,1371.6269690933334,1420.1830284,1430.8840767466668,1554.5602642933336,1788.77653008,1800.4288856533335,1862.5145540533335,1759.0941117066666,1850.90137256,1854.1998965866667,1830.3810711733333,2230.3001217066667,1962.2644917066664,1943.3753661066667,1897.0298776266666,1813.9606458666665,1670.1761861866664,1686.459052,1815.2533885866667,1638.1717532266664,1825.4291481333335,1675.6080276,1732.0773768,1652.2399304,1576.6936951466664,1611.0851463733334,1548.3833690666665,1671.6008641600001,1649.2354406933334,1478.50450944,1484.1570048266667,1611.2732063733336,1610.8734396266666,1795.5237019466665,1628.4490090666666,1630.2379317333334,1611.4111225866666,1509.4051514666664,1484.2307371733334,1665.4119487733335,1458.6948165866665,1556.1618984266665,1579.4791862933334,1513.33528752,1474.8722751466664,1546.4845744266665,1569.1346342666666,1495.3751495466665,1464.7411265066667,1520.6157085066666,1530.9130142133333,1438.1398190933335,1521.1713858399999,1540.9936654933333,1556.0713359466665,1711.6313836533334,1640.6356934666665,1600.2691301333334,1615.69373072,1640.5469151466666,1701.99095976,1637.8540889066664,1746.83831472,1839.3617113599998,1718.0999705333336,1691.3099281066666,1654.6170916533333,1727.98678752,1779.9546145866666,1721.7749488533334,1753.41572248,1686.88627752,1893.4091074666665,1693.1823171466665,1684.7161402933336,1720.31412696,1864.8103319200002,1779.5207161866665,1677.2946446666665,1794.70808008,1756.1578035999999,1778.9445726133335,1729.0010858666665,1728.09293232,1776.0121558933333,1727.1635900266667,1677.0968299466665,1744.9372872000001,1710.7260280266667,1717.0293054666665,1676.1084539733333,1723.44286392,1756.5381068,1751.8415513599998,1846.5386928,1766.1988768800002,1796.29351832,1708.8393479733334,1734.2201301866664,1645.2992599466666,1556.01712128,1469.7489222666666,1514.7430933866665,1550.87936872,1414.2164672533333,1491.3519937066665,1608.1577637866667,1667.8077344,1770.8169513333335,1529.4515193066666,1499.5882728533334,1463.81694176,1522.2088518666665,1555.9730952533334,1490.1612359733333,1549.0490074933334,1465.2552722666667,1431.68387888,1493.55155728,1530.065106,1535.3683856,1538.1661396266666,1496.6893415733334,1716.4835305866666,2065.36253368,2035.6999422666665,2002.0706726666665,2185.1924917866663,2254.7693388800003,2118.261236266667,1610.3046632799999,1535.6663485333336,1730.82195904,1580.0197489866664,1886.16129664,1951.4402910666665,1469.0390914666664,1642.9818018666665,1698.6405564533334,1645.93120456,1477.1334290133336,1559.2475542933335,1755.92324904,1553.6499374933333,1550.762928,1598.7320473599998,1623.4745801333333,1546.82710856,1544.1104295466666,1748.48147344,1721.8290401333334,1630.1736003199999,1558.6009758399998,1628.8639191466666,1702.4394329866664,1666.7019741866666,1699.6005170933336,1476.10356752,1617.97947424,1576.6980348266666,1520.9351301066665,1607.5615538133336,1720.8250843199999,1749.6314428800001,1533.3142231733334,1661.39170944,1665.1180804533333,1842.5885823733336,1842.1427658933335,1511.69097528,1598.72526432,1642.62579184,1746.0075346400001,1581.1669007733335,1646.6263635466667,1487.93986224,1448.2915597066665,1420.28328392,1410.9431644000001,1277.16214376,1416.62604816,1284.1132447733335,1477.9039098666665,1380.29507872,1271.2309724000002,1443.92713824,1399.5987078133335,1327.0112679733334,1409.6715692,1434.84449912,1293.81739456,1144.4806016,1112.8535456,1394.0998789866665,1406.2401714666664,1208.1093634666665,1124.91669344,1206.4513276266666,1089.5697630133336,1092.5517718933334,1108.1875293066666,1065.69101392,1009.5957836266665,1163.1720831199998,1045.5726396533335,1056.8620661866667,1173.6267055466667,997.94015144,1136.8095235466667,1087.8726579200002,1142.0049525333336,1053.96513376,1066.7038386666666,1091.9929399733333,1108.2464388266667,1138.8143606666665,1276.6533718133335,1194.4435957599999,1178.3102997866665,1202.8935980533336,1231.6577039466665,1143.37618024,1111.3123345866666,1103.45174128,1054.7507372266666,1148.2523040533335,1149.279626,1188.1991680533336,1127.1143982666667,1202.6086265066667,1197.8595156533333,1256.4215792533332,1144.8559402133333,1173.7486536533333,1220.9651605333336,1132.2344240266666,1122.17067064,1292.57448856],