{"message":"Aggregated IX data for Los Angeles IX","data":{"nServiceId":null,"width":287,"jServiceId":null,"start":1474956300000,"end":1475042100000,"name":"Los Angeles IX","in_octets":[],"out_octets":[],"in_bps":[3563.40398168,3503.911233253333,3459.28978928,3508.168637653333,3468.3695286399998,2775.069478906667,2443.0967544533332,2410.975943866667,2332.8112651733336,2434.3161763733333,3134.985400666667,3123.83497344,3270.98802488,3073.47386408,3225.952543706667,3201.71171272,3180.129576773333,3182.466131173333,3261.933355333333,3129.66036544,3213.0065464533327,3227.189308853333,3125.893885866667,2891.297810266667,2765.45033272,2707.35436384,2750.3075780266668,2739.35614296,2776.71418928,2909.26139912,2902.11987848,2868.2298073333336,2885.573032373333,2822.2544659733335,2761.3191753066662,2549.6874738933334,2517.4706898133336,2545.1798581866665,2458.1659439466666,2447.4875388266664,2516.7610066666666,2387.2289138933334,2450.0103081066663,2396.3240956266663,2386.5138302399996,2389.760476053333,2247.9539110666665,2127.3398378133334,2130.52463352,2009.2151561066667,2073.80162664,2086.4379939200003,2067.9230638933336,2109.5569425866665,2167.1827366666666,2142.70363752,2158.6313855466665,2001.6442934133333,2052.48570944,2089.95445408,2046.92796312,2244.8791449333335,2191.8123443733334,2274.352766586667,2309.2404725066667,2313.536428613333,2344.6772071733335,2101.4607085866664,2270.9626390666667,2378.9004949866667,2357.3341424533332,2362.869057093333,2420.27869232,2188.336055386667,2316.9692863733335,2345.0697912533337,2325.293373013333,2366.7903333866666,2343.175367093333,2406.9697782133335,2558.4858239733335,2640.1258425066667,2844.5271307199996,2737.9643403200002,2923.118163066667,2884.3633919466665,3003.33309184,3120.21871304,3116.1032690399998,3058.227938266667,2164.1307644533335,2453.1938250133335,2489.8535209066667,3036.429042453333,3095.649944773333,2740.8056425066666,3064.3439533600003,2800.806319093333,2710.44690344,2942.221497973333,2855.5842397066663,2702.0914932266664,2490.7299402666663,2785.102748613333,2522.521929546667,2659.71895392,2610.72637376,2669.767962133333,2817.74265616,2919.82740176,2714.7704859200003,2896.214216666667,2547.7342552,2599.8894064,2839.3109385866665,2850.5405949066667,2892.9435832266668,2957.8031897600004,2959.95490152,3238.532439813333,3155.010868613333,3299.160419146667,3161.885980213333,3179.696174373333,3135.084764,3114.8342949866665,3119.885715733333,3237.3809105333335,2970.68382432,3196.94664648,3203.784462746667,3231.478611253333,3200.32448872,3195.2620285333333,3177.9727392,3354.591358746667,3313.7068645066665,3311.7466773866668,3202.975873546667,3232.574634773333,3165.5089145866673,3364.55831648,3668.400807306667,3776.06920832,4027.629146426667,4031.7489664,3867.7503793866667,4127.78931184,3789.888641066667,3687.7679373066667,3352.0446908266667,3709.231193546667,3640.9231708800003,3760.873749973333,3962.775987306667,4122.060291173333,3975.668917786667,3671.031103813333,3511.31394104,3477.9118576,3380.2578576533333,3311.0767742666667,3340.7226188,3310.4199548,3317.790034373333,3162.02001368,3214.664117626667,2973.92420376,2685.0710370399997,2920.352220026667,2908.472077706667,3090.2881324533328,2849.5916635999997,2409.985201573333,2277.3240325866664,2363.6056372800003,2462.5212195999998,2606.1827368000004,2462.0399591466667,2493.0362999466665,2475.7276844266667,2506.3332753066666,2534.0704597866666,2364.6414617066666,2333.5196676533337,2293.6552703466664,2531.5922094400003,2477.5252743466663,2456.6689136,2433.3919728533333,2531.7247915466664,2447.850772426667,2544.2767296266666,2738.4678140533333,2738.0401304800002,2883.813476933333,2814.042218533333,2949.234391813333,2784.296148133333,2811.7497356266667,2639.3164279733332,2610.4585822133336,2623.3978641066665,2674.839660426667,2727.1541264266666,2940.474733066667,2713.8098337600004,2806.98809536,2979.2154797333333,2973.0118422399996,2993.38893336,3013.485015653333,3153.0844349866666,3083.5036605333335,3283.57321344,3129.882236346667,3220.208801173333,3368.1947555466672,3076.399225146667,3120.419607413333,2941.540034293333,2993.176118826667,3143.867778106667,2909.235691653333,2692.1088760266666,2697.5629411466666,2742.67007152,2737.2285309333333,2707.23877968,2857.103791493333,2776.2782120266666,2799.92818432,2803.7339646133332,2937.08349112,2833.7807928533334,2977.1904145066665,3112.20265264,3200.90354784,2987.4454710933333,2989.2698306133334,3191.3014415733332,3286.934878373333,3235.038740666667,3248.239570133333,3304.9963648800003,3323.91981568,3401.1470693866668,3229.257259706667,3380.793488586667,3301.43077488,3460.916141946667,3010.4110770933335,2956.748563413333,3035.93389896,3070.233962,2733.9736523200004,2973.203372693333,2883.270669013333,2863.37836712,2799.0419059733335,2736.2173528266662,2644.4805424,2813.2158572266662,2852.5337902666665,2793.4733845066667,2919.10038096,2807.0458226133333,3163.9989740799997,3319.446209653333,3326.007913546667,3328.7430743200002,3344.2964029866666,3356.7381160266673,3290.1497402399996,2688.0847023733336,2053.5034410666667,2022.5091841600001,1901.73219032,2124.6255882666665,1971.7554894666664,1698.8980933599998,1671.98321144,1839.2974024266664,1914.2002960799998,1741.5925664266665,1715.3019673333336,1677.4483853866666],