{"message":"Aggregated IX data for Los Angeles IX","data":{"nServiceId":null,"width":287,"jServiceId":null,"start":1476345900000,"end":1476431700000,"name":"Los Angeles IX","in_octets":[],"out_octets":[],"in_bps":[2415.4219672,2765.7934843733333,2505.06941296,2442.930627866667,2327.4630423466665,2446.912853093333,2349.24836232,2741.03614472,2361.2945056266667,2280.4774622399996,2639.89149104,2837.5697241599996,2581.1359934933334,2453.3355997333338,2003.2095859733333,2512.1588868000003,2593.0788307733337,2615.3935242933335,2334.6175739466667,2393.0572329066667,2350.73101184,2292.881101866667,2162.333956,1948.04972296,2213.5015522933336,2471.4214218666666,2046.2419246666666,1932.1524135733334,2023.1684926933333,1879.89881768,1831.3430399733334,2040.29343696,1848.7622481066667,2128.8606899466663,2129.1607369066664,1659.36514976,1522.5871752799999,1631.61114,1508.7557911733334,1805.3043986133334,1586.5946086933334,1476.0443582133335,1674.3593141600002,1697.4246729333333,1527.7175060266666,1501.4517723733334,1581.9897555466666,1927.8594103199998,1880.22947336,1805.3777453866664,1892.4000221600002,1868.8322744533334,2009.6991748533335,1568.0449626133334,1772.0602536,1938.05152016,1788.5232006933334,1699.3910979733334,1771.7333849333334,2058.6292380533337,2018.8900510133335,1813.4976704266664,1944.6975551466664,2033.8499799733333,1967.1803948800002,2051.9368858666667,2222.325623386667,1866.52668776,1762.3501996,1922.1486187466667,1884.1479373599998,1855.94759976,1833.7679561066666,1947.83195936,1978.3191204000002,1856.0767483466666,1859.5936778399998,1866.3502788533335,2034.41021664,1970.63953704,2199.5691011466665,2176.5710482666664,1938.6504410133336,2138.5265648533336,2322.97579392,2376.407379093333,2410.59314584,2306.7771945599998,2269.14667496,2322.11363192,2580.9349756266665,2578.5537332266663,2399.7841845866665,2196.0073425866667,2174.1531248533333,2381.0372898133337,2677.6600051733335,2922.43490952,2862.453699786666,2519.2651575466666,2579.873321013333,2648.4520502133337,2739.5697690133334,2536.3230050133334,2645.6429480266665,2680.9503621333333,2550.7023926666666,2130.8644992,2157.1422114666666,2517.9365846133333,2220.08334048,2131.89774584,2297.2365695466665,2084.7247071733336,1916.2637376,2027.3926690666667,2252.8407788000004,1992.4203103733335,2167.71390952,2887.07743664,3128.7403180799997,3119.362695173333,3200.0399491999997,2782.2916961066667,2149.12683328,2079.7985574133336,2023.01774976,2100.3437595733335,2220.8832757066666,2156.4654919733334,2168.2343527466664,1914.58026576,2131.7589061866665,2443.0412927733337,2665.2229007466663,2466.29268976,2403.4962170133335,2311.3573005066664,2122.38280696,2100.2751875999998,2174.12380384,2226.7025486133334,2268.24243816,2712.5736247733334,2547.78443792,2326.914112053333,2520.7789222666665,2620.9260668800002,2213.6452996266667,2255.8005323733337,2476.4874873066665,2452.408576906667,2168.10287688,2230.609246053333,2230.7343890133334,2157.82658848,2210.0313413333333,2180.238834426667,2080.2934613866664,2350.7417011466664,2642.5805577333335,2490.8331023466662,2456.206837973333,2505.31899376,2370.499066613333,2258.400896266666,2319.5452805333334,2728.7309974933332,2720.8120602133336,2634.206337653334,2754.4045251466664,2606.9252634133336,2688.99697704,2616.5920013866667,2388.2604608533334,2277.7547632533337,2165.5135374666665,2240.456443546667,2057.5484117333335,2001.1567537066664,2306.758850426667,2283.3543986666664,2130.5572032533332,2160.731451786666,2276.8051241866665,2194.9285171733336,2195.1064355733333,2250.7655028266663,2278.4990985333334,2260.2653397866666,2367.671980506667,3168.262471493333,2539.8027990133332,2260.51201696,2916.8320730133332,2639.2786541066666,2569.7179701066666,2404.443001653334,2295.0816317866665,2134.94391528,2309.7787636266667,2093.3499332533333,2018.8080208266665,1946.8967367466666,2000.7223085066666,1958.0264255999998,2103.3137419466666,2120.8397323199997,2108.2832316533336,2105.3478622933335,1960.7968773866664,2459.12681944,2163.3009028266665,1944.9904035733334,2563.89501248,2653.89686456,2688.1965556266664,2709.45501472,2670.2413384266665,2481.9911435999998,2562.5649326133334,2656.5819585333334,2486.3226257866663,2448.5326391466665,2665.2008029866665,2441.98839152,2366.6774474133335,2434.202696613333,2195.5680724266667,2151.9512153600003,2452.085904026667,2414.7599927733336,2310.9890888,2448.1681737066665,2473.731224693334,2507.0378676,2342.9204981066664,2234.1483021599997,2210.8123393866667,2389.00301128,2494.2693633333333,2429.2952422933336,2322.3541428533335,2305.0642712800004,2330.1906667466665,2248.9077929066666,2209.08617232,2360.4308237066666,2169.1088817066666,2177.1167413066664,2238.47413928,2192.0241844,2443.8982836533337,2127.71189736,2159.983325413333,2068.5812922933337,2207.37752576,2116.2373781866663,2044.4941359466666,2169.22076728,2160.8327001066664,2210.1460250666664,2082.489138746667,1962.1761698666667,2245.5789338133336,1904.0440110666666,1916.69154288,1780.6869299466664,1943.4956599466666,2142.4806382666666,1996.7737706133335,2018.6728537333333,1920.8810169333333,1765.7937957333334,1696.9890756,1797.064504,2027.0908369333333,1860.2576017866666,1845.8191828266665,1754.55269072,1680.5213229066665,1709.6573853333334,1688.5052841866666,1906.3862883733334,1737.9946662666666,2020.5947105599998,1890.9784437333333],