{"message":"Aggregated IX data for Los Angeles IX","data":{"nServiceId":null,"width":287,"jServiceId":null,"start":1500509100000,"end":1500594900000,"name":"Los Angeles IX","in_octets":[],"out_octets":[],"in_bps":[3175.214711733333,3674.747900693333,3445.626485546667,3415.620151546667,3445.03220808,3640.968673306667,3843.123023813333,3866.796938613333,3860.536628373333,3558.6455281333333,3608.449344773333,3578.0616484,3692.7437519200002,4130.761246773333,3984.920783146667,3835.59273224,4060.154654106667,3632.626064773333,3935.9977346933333,3680.49017352,3798.251286346667,4117.421948933333,4012.7163181866667,3864.32317416,3800.380527653333,3635.94694464,4241.448033946666,3899.3692505066665,3825.884037146667,4000.26997208,4057.5717507199997,4099.310811893333,4073.49017224,3585.66506992,3623.5823162133333,3651.8597788800002,4084.391222693333,4197.526790826667,4483.901821546667,4293.764844026668,4257.475442453333,4362.01024552,3775.807900346667,3869.785411066667,3885.97587848,3909.421293573333,3870.238670213333,4252.2964867733335,4493.944791146667,4406.58100416,4502.228161066667,3897.707153226667,3789.836189466667,3439.50658352,3675.031139173333,3696.440293146667,4157.998701013334,4008.99244736,4082.9892976799997,4580.918477413333,4825.611759439999,4541.599753760001,4620.4100476,4642.926535333333,4392.72251144,3915.99021528,4100.51854544,4331.600893893334,4300.057491946667,4673.186617493333,4583.79539544,4652.165025893333,4754.708005413333,4759.354070773334,4114.29038888,4375.118717866667,4676.083581413333,4934.260179973333,4256.009017653333,4981.1240603999995,4871.6569701866665,4623.995739253333,4241.26394624,4080.35760088,4382.309792826667,4365.82074376,4400.612797253333,3837.879759013333,3917.332969493333,4103.3608756799995,3868.857070213333,4278.273886853333,4293.779263893333,4477.77227464,4179.828641813333,4231.279660053333,4202.572366053333,4150.044515733333,3963.28694752,3912.60209488,3518.14547088,3900.2369608000004,4137.34241624,3649.26801536,3997.059165386667,4678.715447786667,4524.315007786667,3818.3412653866667,3917.059066666667,3779.856680693333,3776.614888,3909.643666346667,3768.460297146667,3830.586374773333,3979.2321922133333,5252.20262416,4845.496697493333,4746.186016586667,30.797899306666668,33.68774136,4769.734877893334,3334.9277614400003,3347.04546608,3654.842827413333,3903.580581813333,4004.7242604000003,4311.22312896,4668.470412373333,3953.22609952,3506.120292586667,3791.0116790399998,3788.28182416,4230.79803712,4760.7413755200005,5031.196151626667,5109.47756848,5008.67831608,4767.577517253333,4979.277537973333,4756.493786026666,5275.1304516,5207.879092133333,5283.786677786667,5049.397905093333,5768.364198560001,5096.315212213333,5681.47552704,5147.47285152,5519.442674586667,5527.968393573333,5253.12022544,4578.369732746667,4239.315066,4233.502824186667,4327.824029066666,4187.365400506666,4042.806474266667,4040.145513333333,3491.6853192800004,3863.7147946933333,4216.520878213333,3852.305651893333,3792.951969146667,3946.2426876266672,4300.867976826667,5042.09598536,4568.849763653333,4615.315357146666,4637.28872408,4605.987847359999,4157.137728133333,3962.731132666667,4053.789630186667,3878.43504992,3967.3579583200003,4183.863699706667,4791.968172,4644.036017253333,4849.907756906667,4792.701664746667,4478.439429226666,4303.5055865333325,4148.000218586667,4399.547881413333,4682.811902133333,4786.805081386668,4326.75992656,4123.433003226667,4217.307797626667,4493.526456773334,4229.399311653333,3937.75890264,3956.090497226667,3976.506264586667,3951.309139093333,3926.762656293333,3987.0242477600004,3675.02880272,3485.1764814933335,3490.63955552,3521.5930392533332,3570.13580528,3806.607977173333,3783.64707912,3922.919132746667,3806.2521935199998,3562.5671842133333,3474.0381795999997,3440.6679418666668,3261.50878176,3458.388880106667,3185.314061893333,3380.770128853333,3387.663519893333,3416.8575428000004,3406.103657546667,2939.875458613333,2754.8517321599998,2859.1394864266667,3030.1897930933333,2719.08751656,2694.71325704,2621.2703734666666,2196.13623976,2679.541257573333,2642.58381144,2226.001533466667,2666.0149053600003,2591.6261112533334,2878.5524476,2895.388599733333,2839.50750824,2395.5157616799997,3034.632777653333,3626.3416314933334,3071.65632352,2859.672011653334,2188.3751145066667,2190.571348613333,2128.5649322133336,2351.0888052266664,2349.922753866667,2209.9944441866664,2221.3523005866664,2686.9834852266663,2584.8044713866666,2880.6283522666663,2549.68766336,2401.65997976,2733.2274956799997,2765.7806894933333,2761.7185447733336,3061.46414744,2997.692370853333,2645.1281107199998,2966.5781214666667,2922.0518424800002,3140.37609888,2437.634679893333,2765.8056358933336,2451.4872682133337,2534.553537946667,3393.595979466667,2872.8021308533334,3296.782379253333,3002.69914504,2870.5454740533332,2817.839940906667,3373.389785066667,3055.982426746667,3295.602075226667,3449.459969706667,3165.565493333333,2973.40564352,3522.408046533333,3310.526623973333,3336.2220624,3419.8391791199997,3227.563609546667,3363.33487336,3477.93850504,3271.82825744,3182.726402346667,2961.415680586667,3623.913801066667,3762.870760906667,3731.592727866667],