{"message":"Aggregated IX data for Los Angeles IX","data":{"nServiceId":null,"width":287,"jServiceId":null,"start":1477785900000,"end":1477871700000,"name":"Los Angeles IX","in_octets":[],"out_octets":[],"in_bps":[2585.3811958133333,2350.367904,2092.26982568,1978.3166921066666,2296.3363874933334,2165.0517261866667,1895.9282998666665,1997.7066344,1890.8927168,1945.3775440533336,1960.6084390666665,2019.8735263466665,2243.61005592,1932.3789571466666,1979.2219441066666,1987.0371443733334,1997.4619236533333,2029.45171176,1972.0607441866664,2180.42238248,2001.81051576,2007.6207243466665,2114.1794501333334,2038.5190233866665,2069.2390593333334,2015.07965048,2030.4102875733336,1974.20764328,1865.3624455733334,1903.8195220266666,1922.95900888,2015.75952176,1977.65711208,1914.76741672,1985.3513617333333,1953.4384265066667,2059.9056037066666,2102.63377736,2027.0992709066666,2015.2093338133336,1997.8603100533335,1899.76476288,2011.4045126666665,1839.79657624,2117.4656355733337,2093.583804746667,1884.85182544,1986.7761901866666,1927.6811385066667,2001.90936488,2055.6975606666665,1956.2246153066667,1981.8425662933334,1908.1021297866666,2162.1331841866663,1869.12684832,2022.3744537066664,2009.4610722666666,1937.9664908266666,2070.8632591466667,2054.2870872,2182.962362986667,2226.8057632533337,2359.0446517066666,2315.528656586667,2356.3937458933333,2155.1700301866663,2253.8652510399997,1897.49179056,1944.7866271466664,2091.6296309866666,2094.60146352,2012.5648328,2077.6182641333335,2070.12285624,1899.5936466933333,2083.799239066667,2074.6586073866665,2101.3532873066665,2079.8752708800002,1966.65643848,1930.1441023466666,1880.29892816,2053.3629953066666,2083.94446168,2030.81636344,2003.3117196266664,1936.0947346933333,1967.7796908533335,1847.2437102933336,1908.31188272,1954.6904595199999,1828.37462936,1764.0649886666665,1675.1954732000002,1711.8156747733335,1706.9669030133336,1642.8101887733335,1591.2559953866664,1806.6463075733336,1771.6477398666666,1715.6768430666666,1560.3122633599999,1671.6080805066667,1627.5417723199998,1620.7502752533333,1669.6007114133333,1673.2872894666664,1702.7753078666665,1821.2821971733333,1672.1134331466665,1614.5540378933335,1569.2287932533334,1540.5380044533333,1515.1478581066665,1388.0233923466665,1416.3883662133333,1617.3062219466665,1497.8186134933333,1412.8953825866665,1572.85091352,1670.6244478666665,1414.12600512,1405.8542611466664,1394.43552224,1349.1242967466667,1300.7965194133335,1380.07378896,1409.10167432,1332.2983060266668,1300.5400196533335,1312.4098566133334,1390.4164656533335,1446.12131048,1432.9111911466666,1473.5344753066665,1395.1777378933334,1417.3957508800002,1552.47554904,1486.9012751466664,1468.49203616,1481.7442001066665,1497.5339466933333,1422.1431775199999,1492.8943656533334,1482.4715532,1412.64753344,1597.5077885333335,1654.5220255466666,1605.1346702666667,1586.2490072,1532.3748338666664,1471.2275520266667,1458.5759912,1640.9239041600001,1715.3285426933335,1678.0056238933334,1638.08412776,1674.6531708,1720.6986164,1697.4849882933336,1744.2739875466666,1841.3493313066665,1828.4703173066666,1870.6838750133336,1860.8297515733334,1867.40404104,2019.63325344,1904.6700971199998,1830.5947745333335,1841.2491968533334,1963.4474794933333,2019.8178885066666,1975.8338901333334,1980.2535415999998,2069.9668677866666,2122.3609853066664,1926.8248945333335,2035.0849262133333,2047.3311744,2091.0384174133333,1973.8680804266664,1998.9906325333336,2261.6774057066664,2095.22689088,1983.6226351466664,2229.1329064533334,2133.947386,2219.92768144,2162.8210822933333,2213.5558427733336,2132.4961920533337,2397.3861509866665,2426.05217928,2208.0373145866665,2327.0179387199996,2248.9303301066666,2233.65747208,2166.598448933333,2186.5990552,2126.6338488533333,1877.1124944266664,1731.5605912533333,1866.7709016533333,1985.6404002933336,1924.3835347733336,1960.6376170666665,1958.8727703733334,1991.2259486133335,1874.4862998133335,1850.6974766933333,1804.86888104,1849.56527176,1795.4852062933335,1860.2788377333334,1797.6390093599998,1835.2105165599999,1756.8799990133336,1743.94047752,1695.88145424,1626.1998229066664,1710.4913782133333,1601.8810476800002,1653.2061587733335,1632.3163128800002,1617.563952,1638.8308370133336,1690.8391695999999,1618.7898305866665,1709.1244101066666,1728.0837247733336,1600.4300845599998,1555.7014814933334,1559.41477504,1628.99588352,1659.7951929333335,1622.1423893333335,1695.3310018666666,1601.97595504,1696.3458432,1580.7202703466667,1603.30263096,1706.0931487999999,1790.27867416,1626.7034318933333,1650.4641950133337,1626.6415306133335,2148.410632426667,2009.3519947733334,1891.1916864000002,1876.7359174133335,1797.8116013066667,1674.9868165333335,1631.73893096,1616.0661384266666,1407.1048751199999,1456.7296938133336,1494.9744845599998,1458.4967132266665,1462.37883168,1574.86467248,1694.5212109066665,1568.03120944,1563.1894674666664,1581.2609229866664,1475.8043190933336,1466.9892366933334,1601.8404056533334,1502.5975228533334,1578.4855199466665,1488.8601744266664,1507.4041115466666,1506.9090265866666,1566.7830557866666,1567.63136216,1507.5577220533335,1694.82822768,1646.7940849866663,1643.0094680266666,1594.17879304,1594.9484089333334,1579.20865696,1678.6149774666665,1528.8925077333333,1585.4983815733335,1589.4344687999999,1559.5298865333336],