{"message":"Aggregated IX data for Melbourne IX","data":{"nServiceId":null,"width":262,"jServiceId":null,"start":1484323500000,"end":1484402100000,"name":"Melbourne IX","in_octets":[],"out_octets":[],"in_bps":[4585.92339064,4363.006939520001,4308.408919439999,4110.800997226667,4105.1905896,4018.983306186667,3763.88600832,3805.5803649066665,3678.5675353066667,3454.472663493333,3543.464108746667,3286.2196610133333,3368.76230384,3268.4495188,3127.149691413333,3020.272738293333,3176.727576266667,3248.1252038666667,3074.92041208,3131.654814186667,3069.8781978666666,3166.637027653333,3172.6940105066665,2990.1762802666667,3028.36323808,3001.64534984,2828.94699888,2821.2627501066668,2795.18102344,2611.62675872,2669.2222337333337,2654.7756570666666,2686.37015392,2743.157196986667,2668.9009227733336,2687.612566426667,2749.9579588,2715.8204028,2634.506173386667,2766.22075624,2731.783535306666,2766.6245278933334,2881.1585457866663,2901.087499653333,2907.202957573333,3126.3879897600004,3264.1861648266668,3262.9329960266673,3313.6391825333335,3393.402893653333,3359.26207936,3606.949112933333,3660.8480282133332,3846.068574133333,3886.58300672,3865.706890293333,3908.702543626667,4017.2541881066672,4000.28562144,4113.871650613333,4312.7365701866665,4463.228506693333,4421.81578648,4407.433820640001,4567.727986479999,4696.323513866667,4839.307372853334,4910.569236560001,5236.856746213333,5448.042857893333,0.0,5834.869501226666,5961.197311226667,6105.45507216,6205.5759759466655,6348.010152533334,6129.653244773333,6349.246583226666,6503.306768853334,6680.162554186666,6745.29354784,7257.467003546666,7315.668860826666,7315.080567146667,5934.722427680001,5812.02080992,5779.17990272,5782.0097206400005,5664.978488426667,5663.287700933333,5830.555987706666,6153.55635256,7714.286400693333,7794.27589824,8064.230572586665,8345.178207573335,8276.79743648,8571.696643253334,8747.008984373335,8592.098529013334,8343.006026213334,8453.60975328,8267.999962586666,8514.306534826666,8665.56605392,8765.231078053335,8603.35080024,8820.917636799999,8949.881097093334,9064.3896264,8907.4819576,9382.769170933334,9095.562559200001,9099.657091573334,9257.18620168,9414.076097253334,9400.432805466666,9272.879269013334,9386.863843333334,9621.635511333334,9681.72853328,9614.108366479999,9822.270027573333,9762.70863744,10046.25112856,9997.38499608,10028.286714906666,9597.62397016,9566.813884719999,9714.491598773335,9788.19329968,9657.214289520001,9844.532233653334,9609.622448026665,9691.026249226665,9776.049444613334,10130.442316746667,9930.458450639999,9821.249628613336,9847.282927466666,9820.09252624,9694.865306959999,10068.779641386665,9993.16332784,10046.856564906666,10132.709891280001,10106.03922176,10537.574402426666,10416.69341208,10476.870638293334,10564.155066986666,10402.314408906666,10264.819493893336,10580.429638533335,10498.106774693335,10700.248606,10516.660556906665,10613.10746632,10470.66716856,10585.926534613334,10555.420048746666,10574.126253120001,10377.398366773334,10448.187665706666,9970.099576266666,10056.218114506666,9954.463142106664,9855.260166853335,9795.39395648,9907.372512213335,10245.400355253334,10436.300871946665,10425.86042272,9763.67363224,9688.170426426666,9894.916214853334,9787.942766133336,9942.076292826667,10467.517624426666,10468.447946773334,11066.422807120001,11011.306139893335,10777.899184213335,10455.884314906665,10037.223281893335,10077.992017786664,9855.73372264,9571.03959472,9790.466477146665,9765.96210848,9592.831919946664,9373.663451173334,9302.503020933334,9473.967912213335,9942.540703146666,9752.782526746665,10021.067719066667,10105.081178986666,9963.43885696,10329.801890906665,10459.41689704,10445.09669192,10287.533651546666,10530.3806932,10656.98904136,10655.081742293334,11047.283309866665,11279.330229013334,11126.130819813334,11264.175590906665,11126.765883040001,11089.339297866665,10962.954431626666,11197.679982026664,11176.20297536,11357.463229706666,11568.67619456,11402.538198213335,11338.661013653335,11445.576074666666,11255.537099306666,11595.5501872,11550.559744639999,11964.947653253334,12217.91650024,12236.854539626665,12476.433796613335,12344.922420266666,12709.937805386666,12582.43520576,12450.973481866666,12253.349857013334,12195.218919893336,12049.468830986665,12117.651488399999,12078.946281013334,12114.959519226666,11930.429587573333,11634.522533706666,11333.333100693335,11328.49358408,10725.496520133334,10804.369288826665,10814.425497066666,10500.104046853334,10331.93767088,10083.594839626665,9662.77577184,9396.608492826666,9373.767757893336,9521.713801386666,9519.945766106664,9594.50467104,9482.825760826667,9247.975645786664,9110.803355786666,8825.693747413334,8502.822250506666,8508.818787146665,8385.62172064,8178.450979866666,8196.173820133334],