{"message":"Aggregated IX data for Melbourne IX","data":{"nServiceId":null,"width":262,"jServiceId":null,"start":1510761900000,"end":1510840500000,"name":"Melbourne IX","in_octets":[],"out_octets":[],"in_bps":[5916.408878373334,6240.28448616,5641.68040848,5600.573778293333,5237.294283893333,5056.957572506667,5136.6103503466675,5090.321275466667,4834.327631706667,4908.842873279999,4683.4965572,4968.1484326400005,4936.107484053333,4902.454419680001,4417.573814613333,4248.8271099466665,4170.506556853333,4121.81504016,4124.541154986667,4055.455854826667,4161.6625631199995,3960.6385241333332,4110.277389013333,3955.15456648,4157.152070986666,4232.2011428000005,4036.634151893333,3993.4534745333335,3988.025006906667,4003.769591146667,4326.00837976,4222.259884346667,4288.347150186667,4167.54883176,4380.14861224,4655.495731146667,5353.052827066666,5175.1916848,5398.369398613333,5558.77399504,5706.0519329866665,5772.67846744,6180.19003752,6281.571390826666,6482.556677760001,6397.230657653334,6755.979290159999,6660.093023386667,7558.015817466666,7608.450969013334,7592.050848266666,8343.342941493334,8335.012092666666,8758.76432136,9168.24112696,9221.003410853335,8884.678180906665,9016.935328106665,9428.404039573334,9531.1163476,10400.765687786665,10416.351888,10688.466957546665,10891.083895466665,10970.364618239999,10987.57553584,11445.557407706665,11432.721410826665,11296.412246293336,11699.753726026665,12032.28075616,12820.280169893334,13306.331953813333,13559.368730133336,14139.987302533335,14320.150242266667,14459.83800656,14383.927267946665,14667.576262106664,14323.160173573333,13940.125772053336,13860.085270373334,14461.12659256,14373.521609146666,14567.141551066665,14387.624010053336,14139.741519546666,13972.888835093334,14105.993824213336,13611.429658906665,14310.814543946664,14626.74466824,14036.109531226666,13732.471237733334,14071.201941786665,14360.357584426667,14876.946779573334,14500.01890168,14706.138903120001,15246.401388,14757.94935184,15079.252040453335,14945.855666213334,14889.023376426667,15240.569154453335,14932.40328872,16023.213926106664,15675.864136213335,15639.61437824,15961.721734266666,16212.587112826666,16087.81313152,16682.79962728,16389.271301200002,16343.57109304,16966.4484432,16488.49368232,16193.417828186666,15766.941796373334,15478.497212293334,15811.005255226666,15933.415441413334,15788.896433466665,15927.001959253334,15874.242285093334,15561.057546373335,15536.775412186667,16048.72846976,16068.063690293335,16371.603141200001,16531.32030336,16219.92281016,16427.405961813332,16554.102185493335,16344.068905173333,15839.809951466665,15841.7614264,15664.441825386666,15598.820396586667,16185.73803512,16481.420816666665,16278.302239893335,15929.986979626665,15779.275267573334,15574.042053546666,15334.145500933335,15322.011132773334,15186.21098008,14617.892523013334,14996.712900319999,15518.81413776,15670.667939120001,15812.25992416,16551.855807546664,15919.12197232,16237.965955173335,16349.96343856,15858.721165866666,16212.172755066666,16609.933349760002,16952.430773626664,17017.944272933335,17198.098544906665,17413.83709632,17415.86663896,16935.972680373336,17657.346255919998,18341.862826,18111.374470213334,18038.388488106666,17397.855161093335,18253.522918453335,18041.858652720002,17387.87440392,17474.868823066667,17455.540513840002,17254.126214586668,17486.205431386665,17279.449568906664,17200.450906506663,16814.299400533335,17128.058681306666,11519.426121253335,17826.84777616,17388.232808293335,17430.938102213335,17225.154182240003,16612.27357296,16603.04905984,16362.82925984,16132.919289813333,16742.05444512,17955.3902844,17887.215627173337,18112.96500272,18029.99843096,17998.355178293335,17440.817780746667,17272.886991599997,16907.922718186666,17017.82663232,16450.507762853333,17096.12826392,17842.886405973335,18064.43411576,17781.30158504,18005.84313104,17304.497808106666,16841.805266106665,17293.206327786665,16557.666999093333,16566.660495946664,16250.796036293335,16845.162861493332,17045.95787336,17049.979521946665,17321.727416666665,17194.815843919998,17063.138506613333,17204.696498666664,16725.335107013336,17445.47808768,17148.760575226665,16813.713230773334,16576.438878959998,16852.87624064,16773.6186276,17612.836072240003,18865.387129866664,18518.997265066664,16963.785163946664,15642.68117624,15033.48898416,15184.69975616,14581.813645786666,14583.074732293335,14340.096807626665,13721.078838026664,13442.045074239999,13255.239313626666,12692.277663546665,12097.69863176,12247.499969813334,12436.219140693334,12490.599055626664,12904.60534696,12370.070223413333,12100.733130373335,12088.804005786666,11284.716420346665,11199.809369466666,11772.633225626665,11477.01639888,10783.661482746666,10479.34485872,10052.938782693334,9668.659024293334,8887.81892768,8787.546815946665,9118.40082264,8529.989416373333,8537.951698853334],