{"message":"Aggregated IX data for Melbourne IX","data":{"nServiceId":null,"width":287,"jServiceId":null,"start":1502510700000,"end":1502596500000,"name":"Melbourne IX","in_octets":[],"out_octets":[],"in_bps":[9598.442289493334,9603.69657232,9729.678177013335,10072.58324328,9850.999945520001,9959.930415626664,9313.127005466666,9522.320489813334,9971.256909733334,9525.54145424,9260.705895120002,9296.835767120001,9419.116954373334,9085.67862832,9198.951984026664,9225.053538,9051.736950773335,9000.998246533334,9476.83752272,9387.916964186667,9753.164416933334,9526.649565866664,9698.261350853334,9431.41821168,9640.004786773334,9693.952398186666,9585.16459592,9728.068125973336,9280.04270688,9114.222747093334,9268.864277733333,9900.628187866665,9602.800797893335,9658.20643704,9099.140823573334,9491.13443384,10149.33904288,10047.043311146666,9684.364124506666,9484.295939946665,9712.988979546666,9880.808957546666,9942.63752696,9871.61444968,10141.239741333335,9677.59825576,9601.283267946665,9713.62763816,9559.028413653334,9411.222308426666,9532.337029280001,9965.50501792,9558.501729626665,9121.780452453335,9683.741399733333,9434.853328106665,9173.821305866664,9747.816516746667,9692.601862426667,8588.63575336,8590.633086213335,9150.048168506666,9279.365307893335,9193.478632666665,9422.731118533335,9451.896344266666,9204.530157466665,8863.581543493334,9201.67559952,9367.547330933334,9416.80371848,9451.658063573333,9614.517761893336,8960.756349386666,9233.62804128,9417.97881392,9623.78566944,9546.819058986666,9724.050726666666,9845.499928453335,9261.23722064,9824.966421573334,9791.17075064,10078.799765306665,10358.133336133335,10201.63221792,10153.97295464,9812.79654984,9873.00491672,9532.735109573334,9611.031898026664,9730.077543813333,9292.761866159999,9348.77432632,9668.893851973335,9647.646592773335,9722.795985866665,9739.08945656,9505.188227306666,9415.820253200001,9560.774067066666,9629.853512799998,9485.123388906666,8975.6675132,9024.329000666667,9499.75265144,9485.316386186667,8918.360692506667,9091.168373413333,8571.22757392,8670.025862373335,8747.116789973335,8687.02660496,8250.840780053335,8419.30779736,8184.893936,7640.834541306666,7994.666741973333,8139.59081552,7608.809602453334,7957.89737616,7704.319628266667,7449.66142024,7829.59954624,7929.490574853334,7273.046504373334,7374.624164,7215.98064184,6746.043434133334,6643.299047946666,6566.901895253334,6559.721500479999,6189.999224506666,6730.55753504,6316.0897738133335,6414.13746024,6281.24731368,5682.360901653333,5806.902762933333,5527.279907866667,5577.3262116000005,5236.878525733334,4973.250035226666,4930.167460826667,5142.612500106667,5019.736996666667,5068.730814266666,4829.50871488,4697.540969626667,4443.66179624,4359.680893413333,4340.579513413333,4391.6647948,4404.48705128,4345.11560432,4485.691189066667,4193.988167466667,4394.806366026667,4266.46041272,4250.507684533333,4057.23552752,4051.7874796799997,3972.7735331733334,3834.36048656,3655.992250213333,4114.12401448,3949.615560853333,3733.3817189066667,4316.347297066666,4280.04782128,3809.8036688,3793.2622065333335,3743.634095546667,3955.3592469066666,3598.800525706667,3451.649124533333,3430.659316026667,3199.35121656,3151.1190565066668,3016.4385052800003,3137.380395813333,3027.181228693333,2770.1383883733333,2870.3375482399997,2769.0129262399996,2806.5169802933337,2762.8097565333333,2641.73909304,2576.56122584,2679.3758785866667,2607.8849167733338,2757.0754236266666,2938.100448,3060.506594746667,3154.68041488,3057.190446533333,3001.600764933333,2970.0212286399997,3153.44671336,3258.582875973333,3233.8531736,3068.20465248,3119.3733215466673,3304.3932901599997,3530.187686986667,3315.445254133333,3387.175183386667,3293.203737226667,3410.433056853333,3456.4671379466668,3515.678357866667,3554.2927554666667,3579.977925813333,3809.526561706667,3911.7679077333332,4121.962646986667,4141.787207493333,4158.2893560266675,4170.670698933333,4470.089024906667,4758.379927466667,4733.11315304,5017.5994644266675,5060.4809442666665,5071.780939626667,4967.743460506667,5262.770770773333,5436.195211413333,5615.7420464,5831.242008853334,5770.98700112,5518.829691306667,5627.1093108800005,5846.0153456533335,5950.714755146667,6035.36148184,6205.290875520001,6103.395707466666,6192.000881573334,6241.987220106666,6102.024608479999,6372.1119143999995,6436.919691786666,6515.46888904,6560.028177146666,6681.144729946665,6692.385735253334,6403.497362773333,6508.445550613334,6584.55036256,6774.5573455466665,6802.630795146667,6849.604097386667,6960.985545359999,7090.252162479999,6996.605866399999,6893.993292106667,6939.98763288,7203.78329688,7244.39154336,7089.915624346666,7368.239101653334,7291.0634543999995,7345.895784,7358.911409413334,7283.50183504,6996.068457733333,7231.065870426666,6935.064825386667,6963.42421592,7108.2857180266665,7110.744216293334,7080.745872853334,7242.832465013334,7221.925823066666,7114.20351776,7618.6911459466655,8206.430379946665,8124.7354052,7785.419453706666,7628.73676624,7481.918076319999,7242.820166106667,7480.980078906666,7478.405577253334,7867.519570106667,8152.1703012],