{"message":"Aggregated IX data for Melbourne IX","data":{"nServiceId":null,"width":269,"jServiceId":null,"start":1495281900000,"end":1495367700000,"name":"Melbourne IX","in_octets":[],"out_octets":[],"in_bps":[9479.1976948,9649.237108026664,9764.689583733334,9209.680201733334,9515.812187573334,9383.766860613334,9110.845014773335,0.0,8172.208039573335,8951.785225573334,8934.732056533334,8624.92676376,8769.129569466666,8559.09804864,8488.360198106666,0.0,7006.987453199999,7990.806608666666,8057.514730026665,7961.554051173334,7962.630906293334,7808.47211864,7666.889589946666,7309.529302026666,0.0,6033.318375600001,6263.76357912,6248.131735386666,6130.58446584,6031.550710186666,6153.307622,5943.31081056,5692.14583176,0.0,5167.240138213333,5333.811370426667,5064.955890186667,5022.503181946667,4786.79980032,4762.607016773333,4705.839973466667,4691.358011626667,0.0,3611.76603296,3991.9336505066667,3894.3748506133334,4028.6276126133334,3675.3854988800003,3593.619115333333,3623.0091388,3965.85039,4038.9161628,0.0,3480.4594434933333,3390.042376826667,3356.905455333333,3388.244676133333,3413.447281653333,3341.5068671999998,3155.031675706667,3247.59414896,2837.6079172266664,0.0,2990.214521626667,2485.3019260266665,2864.1281684533333,2884.1213058400003,2684.53501352,2829.62481336,2799.26776032,2824.7836082666663,2756.5326349066668,2813.2904757600004,0.0,2428.101028826666,2739.0959309333334,2720.3088480799997,2714.0404969866668,2562.542519173334,2440.9808283466664,2571.481259413333,2677.4788496,2586.4242225333332,0.0,2547.7469514133336,2678.7702807733335,2772.6544577600002,2807.4254671999997,2826.1858946133334,2725.55720144,2900.89433264,0.0,2969.4068721333333,3135.9857337333333,3304.5173809866665,3358.30640512,3650.0970021333333,3604.9641666133334,3826.5002033866667,3857.68493952,3833.2850606133334,3889.16066344,4228.775448826666,4218.391701973333,4389.06386504,4496.162692266666,4603.001670213333,4626.44807624,4789.226129466667,4798.37212648,4855.61521824,5085.6278788,5071.66518544,5298.1465527733335,5192.322690053334,5266.530675066667,5436.13747592,5489.440303893333,5483.100504399999,5690.180040586667,5676.285709013333,5999.046024186667,6407.7480168,6596.269691813333,6707.940553653334,6883.559252586666,6832.960990986667,6810.45792592,6792.671418133335,6720.89344376,6714.7462125600005,6747.24589616,7088.111579226666,7208.92064296,7235.611031813333,7129.576903653334,7212.517534133334,7513.2098008,7952.105467333334,7611.500193306666,7335.296190533334,7361.874097386666,7662.659823146667,7502.883771813334,7882.03465904,8056.5964041866655,8031.72542216,8164.61452912,8317.1309696,7995.1826703199995,8130.270095013334,7838.2762026400005,8032.891254506665,7878.106363520001,8209.33657032,8075.797865733334,8695.38841784,8790.577681146666,8443.73100008,8359.890937546665,8736.60575056,8167.223244053334,8525.506944133334,8617.482660293335,8661.3427972,8567.222479413334,8500.299813866666,8151.9720664,8130.212932533334,8351.893081733335,8636.822022506667,8660.128433493333,8371.167394453334,8454.069935866666,8504.099332773334,8368.050199866666,8642.162006693334,8688.747123333334,8881.916304506667,8886.947174266666,8528.533099279999,8854.23872232,8899.549545733333,8615.977870719998,8655.122281226666,8959.299030373335,8615.8652576,8564.819839706666,8833.92223752,8976.334094746666,8688.754381466666,8885.650328693335,8481.194073226665,8249.002359600001,8231.596244479999,8371.12621656,8477.5340844,8519.074365573335,8516.622964426666,7953.758214613334,8299.144248693334,8302.857276106666,8428.617533546665,8555.107275066666,8908.578360266667,8992.807795013334,8905.61058952,9099.827761546665,9056.583284826665,9552.096194293335,9593.706832799999,9638.00749224,9599.125065093334,9577.394254506666,9677.512660586666,9954.249087493334,9583.63779416,9598.605842266667,9497.264536826666,9751.485052933334,9377.25144376,9229.919888266666,9725.046005333334,9472.77622624,9490.110357226666,9625.9199604,9313.8622916,9561.304767813333,9266.592473493334,9340.0639236,9452.824428986665,9284.769140053335,9420.525981626664,9574.131766213335,9507.949855066665,9407.547483333334,9402.683212986665,9629.264582293335,9563.646068,9659.798203013333,9534.621242533334,9439.104193066665,9765.89250208,9548.956353813333,9697.894265653335,9663.095263866664,9997.942301706666,9587.121362746666,9662.17416456,9691.431064773335,9887.630166933335,10149.18713744,10197.168607306665,10222.125403946664,10433.027326053336,10316.638383173335,10575.928911653333,10225.218281733334,10623.501290826665,10760.513276346666,10965.342296933335,10824.937934186666,10867.844840239999,10586.664021653334,10592.170001893335,10567.77901464,10418.6680672,10397.19678536,10188.453837333334],