{"message":"Aggregated IX data for Melbourne IX","data":{"nServiceId":null,"width":285,"jServiceId":null,"start":1503705900000,"end":1503791100000,"name":"Melbourne IX","in_octets":[],"out_octets":[],"in_bps":[11260.282750773335,11952.174964586666,12437.93344832,12684.326799040002,12228.247622506666,12218.556025413334,12807.403709973336,12689.278466133335,12314.900682746666,12123.331528,12219.889570373334,12291.840360106664,12633.327582986665,12335.416929706666,12239.609591040002,12465.58185912,12722.924711973335,12835.105301546666,12480.90907656,12728.368627360001,12846.77110088,12897.446428773335,12766.5676484,12522.374028693335,12769.338434426667,13011.47663008,12554.280028693334,12727.900098133336,13059.786357973335,12855.064175386666,12930.629490426667,12841.236530266666,13093.047023413334,13698.700874266666,14050.715384026666,14569.556258426666,14059.91557752,14414.929583680001,14287.745622133336,14223.004120186666,13803.490216666665,14154.42750392,13502.7862188,13774.461448826665,13691.65285872,13323.348336533334,13429.275741093334,13595.813475626665,14182.794212506666,13946.993524373334,14311.731368533336,14124.207668906665,13821.482348933334,13947.947969306666,15161.6791832,15500.656140613335,15193.925491226666,15379.928519066665,15117.135842239999,15332.326835093334,15116.330476666666,15219.742358399999,15967.370338826666,15757.851451386665,15835.910463173333,16244.240642426666,16183.040455973336,15514.468904,15642.259238293334,15965.49588448,15312.676759013335,15178.716772613334,15402.084709120001,16014.925769413334,15963.866343786665,15461.41717648,15481.871449493334,15631.04947328,16108.038811440001,15963.493579173333,16137.511320693335,16206.158341280001,15910.21788432,15377.632249413335,15995.739643573334,16260.32864184,15969.939187013335,15418.296391760001,16373.613388186666,16419.745772026665,16439.85388712,16703.744918213335,16520.3878256,16628.008541333333,16315.9345256,15344.146698026665,15914.94771968,15847.300829093334,15675.582642586665,15683.833642826667,15097.591100613334,15183.96817016,15295.505401413335,15908.702098,15445.895326959999,15118.032174053335,15302.504814186666,15644.7943496,15759.41303928,16310.922121386666,16289.49849072,17201.592900453335,16726.83189352,17017.98185048,16484.979947066666,16403.66183088,17010.965696133335,16533.464832693335,17122.64420144,17126.811772026664,16823.750076106666,16301.011054533335,16478.623782613333,16664.157991786666,16840.890981333334,16790.094710613335,16415.99660184,17361.355642666666,16922.314661813332,16972.188044666666,17146.308584906667,16914.728142133335,16599.513121706666,16644.144692826667,16317.795555733333,16319.349513493335,16604.34921784,16452.028436933335,16468.61146648,17395.476918266668,16701.233293253335,16437.093410773334,16608.01682752,16134.936910506665,16849.296846293335,17700.427695306666,17215.579130666665,17095.794768453336,16577.197222826664,16380.638067360002,16536.2432056,16347.258357866665,16315.382469093334,16407.079294,16658.394049333336,16127.420351706665,15693.054170826666,15070.902857946665,15336.799399733334,15138.74501856,14393.54805976,14180.392073013334,14204.771619786665,14230.433814906666,13718.605290399999,13080.345369120001,12946.81829792,12269.693876453335,13038.588228106664,12674.150392266667,12173.479912213335,12255.74980752,11714.439526026665,11825.737841466665,11050.18392584,11019.30417392,10878.789714693334,10227.897086506666,10184.344013146665,9713.8869196,10262.70781304,9581.260095733334,9180.775857173334,8770.349620666666,8208.786429253334,8263.947667733335,7998.793613893334,7997.617980586666,7442.134113413334,7168.744760293334,6715.961222213334,6405.736549439999,6803.711999386666,6844.677221520001,6918.6580099466655,6904.411295866666,6795.480660106667,6734.94327992,6616.615790533334,6303.869586746666,6509.631979893334,6704.671336346666,5993.9420621066665,6230.261489306667,6819.92580544,6325.245455786666,6399.869051199999,5912.496023386666,5771.796379893333,5750.25609992,6012.440290053334,5958.61714528,5961.696833786666,5620.3924304266675,5644.870776746667,5577.28068904,6112.666413093334,5954.085857973333,5845.700441013333,5441.570329066667,5200.141885653333,5277.0920523466675,5343.596239359999,4961.199446586667,5025.9150076000005,4857.118293706667,4428.6483589066665,4392.44421128,4417.472583706667,4578.045494,4283.7582851199995,4291.638747973333,4208.903080133333,4042.290834586667,3750.771781706667,3795.828368106667,3767.794800933333,3845.892867973333,3923.14284296,3892.843747546667,3750.840225813333,3794.089144773333,3822.58833296,3906.5004408,3893.94232672,3847.26703632,4415.394723146666,4488.9056938133335,4488.66165528,4582.019115893333,4868.634616213333,5072.72236248,5081.38194776,4904.310163493333,5365.615069013334,5394.465734026667,5725.456864293333,5733.3227675200005,5977.4447320533345,5889.947061226667,6263.333154853333,6272.201614746666,6866.47830832,7088.733368986666,7288.783087493333,8049.296749386665,7896.56904632,8003.4290436,7864.905041573334,7685.16145696,8215.374517866665,8725.616384879999,8596.750639173335,8641.382614026665,8972.767887706665,9140.371424053335,8886.024972,9161.516563813333,9112.60823152,9280.181773440001,9258.28325824,10150.607414266666,10552.446152,10586.793570746666,10628.005060986665],