{"message":"Aggregated IX data for Melbourne IX","data":{"nServiceId":null,"width":287,"jServiceId":null,"start":1501473900000,"end":1501559700000,"name":"Melbourne IX","in_octets":[],"out_octets":[],"in_bps":[15275.904740853335,15390.897000426667,15943.512904426667,16108.518999040001,15458.720263706666,15752.620774613335,15246.203740133335,15364.244011093335,15862.828041866665,15409.182900053334,14724.743880373335,14835.938901973335,15432.362666133335,15147.052767706666,14752.882827973335,14404.686619973336,14204.876919733333,14086.32810064,13835.779450666667,13438.696933306666,13709.921855653334,14083.297049253333,14497.315645973335,13978.930445146665,14171.584393413334,14678.098045706665,14621.13003808,14081.18676344,14105.90311152,13728.971226906666,14098.627590853335,13841.835273146666,14055.212277280001,14645.856991893335,14975.427176719999,14489.351784133336,14644.214759786664,13908.546881386665,13954.082564693335,13405.118610906666,13747.252057946665,14076.387654026665,13637.20721024,13270.020940426666,13599.824424106664,13527.52182984,13561.68854968,13516.725016533335,13669.034057893336,13413.692375306666,13751.761688373335,13745.98654928,13762.148387813333,13423.13021792,13338.829517386665,13628.159177413334,12944.88729616,13386.37478072,13581.78583712,13486.601887173334,13747.728939653334,13868.226551813334,13771.894419733333,13350.709524213335,13722.434308986665,13362.445641546665,13656.441083493333,13291.52230008,13665.617210373335,13636.124476,13483.13025624,13368.124030266667,13990.741412213336,13616.587571306665,14285.047708506667,14276.15474656,14119.120238399999,14348.498314106664,14284.22578056,13275.032460346667,15181.41907328,14113.9939908,13913.171759146666,14040.540536,14026.888631546664,13735.98722776,14156.729125306665,14302.185021786665,14302.343588346666,13708.296885333333,14009.002264186667,13565.90625776,13604.970160693334,13873.509951386666,13528.855122,13293.055286746667,13444.144339066666,13381.05651624,13340.843613013334,12950.461533893334,12266.851965066666,12381.057002906666,11750.372683626665,11756.15956904,11678.477343173334,11500.11239696,11387.836149466666,11756.679690613335,11536.257737733333,11189.652417226665,10793.719581653333,10659.081900586667,10179.666997866665,10130.608439893334,10199.137111653334,9604.950405786665,8863.257372453334,8999.798977466666,8421.032999946665,8339.137302853334,8370.071518986666,7910.402494346667,7655.713131359999,7591.195034346666,7303.32907168,7168.350142853334,7021.521200106667,6851.914908053334,6821.356958,6307.71872864,6182.29552552,6429.154692053335,6588.99072008,6296.99394032,6086.229575786666,5485.077831466667,5492.117978,5401.337256906667,5376.246363333333,4893.729562053333,4819.083571626667,4831.671487013334,4776.63343792,4778.3722824,4774.4517908533335,4545.450597786667,4652.776008933333,4546.676313173333,4568.00473712,4482.181723893334,4519.920901893333,4314.851555706667,4465.062132399999,4285.02552112,4113.105826506667,3965.843352586667,4205.023093466667,4022.2502224533328,4017.590744426667,4064.663008,3980.8540974400003,3840.035513226667,4106.066436906667,3696.3608500533333,3717.8221682666667,4039.203669066667,3709.02122008,3436.8577748000002,4050.0590424,4130.43608016,4195.324484719999,4408.493858933333,4107.84617664,4083.019396746667,4168.341482933333,3875.8999559466665,3882.50519752,3777.55178008,3544.894248,3332.0649491199997,3682.531610106667,3737.226364186667,3963.62543912,3748.868133253333,3833.635316053333,3845.724127573333,3866.6967654133327,3797.0599929066666,3809.475118746667,4041.875623813333,3989.908852186667,4048.896025786667,4168.84298168,4326.540221653333,4459.17584864,4295.197683706667,4090.9739207199996,4180.79129816,4169.0432143200005,4543.883489333333,4585.6115219466665,4465.594906613333,4686.792187786667,4815.831156159999,5073.692915573332,5252.936029466668,5383.04262544,5364.96106552,5664.365413893333,5827.535375866666,6007.415616346666,5969.99500016,6831.5326382933345,6881.157688533333,7175.307548453334,7473.421917199999,8203.594948506665,8034.386309946666,8213.964924933334,8536.778784479999,8474.77211984,9502.7655196,9976.2094316,10223.608085386666,10718.157992106664,10740.0463664,11481.405681413335,12014.686214693334,12336.962105253335,12645.8828336,13104.523392453335,13617.11540104,13727.136084,14048.02240672,14688.78792392,14118.03030624,14231.554340533336,14035.990440853335,14386.476348773334,14141.815493546665,14553.979756586667,14926.958756933334,14717.195100826666,14373.155544879999,14740.137728053334,14209.819217813334,14432.45180344,14296.259172533335,14452.02356584,14734.093865120001,13538.17000736,14242.525872533335,14301.685999520001,14029.988952053334,14529.435066799999,14421.177664053335,14433.83994488,14783.889411173333,14832.169090906666,14814.198102773335,15242.662446133336,15064.312704933334,14872.87157312,14997.741622106665,15146.13789408,15762.024061066666,15405.753332613334,15330.231924799999,15513.126869626665,15188.987771333334,15580.835733146665,15474.498063626665,14867.07758496,14595.445906533334,14271.888097680001,13765.431117226666,15017.782136506667,14700.22177584,14394.32976072,14623.174765386666,14634.49513088,14097.50529016,14056.824705013334,13891.605054266667,14166.376567813333,14390.374282586667,14758.409606613335],