{"message":"Aggregated IX data for Melbourne IX","data":{"nServiceId":null,"width":288,"jServiceId":null,"start":1484401800000,"end":1484487900000,"name":"Melbourne IX","in_octets":[],"out_octets":[],"in_bps":[8178.450979866666,8196.173820133334,7945.563775279999,7721.43238568,7348.639796586666,6893.797124213334,6708.387055013333,6616.184096533334,6292.432700053334,6195.3311720266665,5829.834003626666,5858.667702346666,5683.907527973333,5513.614184693332,5389.306410720001,5376.1489702399995,5078.911790640001,5193.942117786667,5024.460794133333,4900.812540586667,4780.798279733333,4632.66135,4594.552748133333,4475.805372853333,4335.235109146666,4349.417456266667,4310.10654992,4508.406774613332,4374.89114112,4293.64336192,4464.142454026666,4436.155784986667,4246.986340773333,4230.312880853333,4042.3343458933327,3857.8213256,3899.876214853333,4133.510121173334,4069.08392128,3773.80843648,3674.616706373333,3562.00295864,3393.3902448266667,3339.517370746667,3355.0055854933335,3434.7342519466665,3405.529005626667,3218.907664666667,3070.527464346667,3065.832746213333,3036.4561183200003,3039.4398300533335,2929.53616544,2868.846594986667,2806.6065023466663,2759.9750252533336,2789.4214082666663,2809.1040896,2814.48372192,2735.37870608,2550.525204826666,2528.8461953866667,2642.084494133333,2708.3867690399998,2750.5441442133338,2713.95440496,2786.45199256,2785.3847845066666,2795.92928768,2733.1650712266664,2850.6065902666664,2893.9495384800002,2926.419169306667,2902.696886213333,2801.337816426667,2875.67459408,2864.8679508533337,2907.567172213333,2911.10235632,3049.6095225066665,3146.726792293333,3240.4609165066668,3258.96769272,3432.7726046133334,3515.268167733333,3531.704967253333,3589.24002176,3835.156745146667,3941.220499253333,4000.423914266667,4044.816139413333,4201.664654586667,4502.02154992,4795.0281196000005,4769.18166576,4808.351608533333,4835.5226977600005,5201.76236832,5279.302452213333,5411.57483176,5546.974697653332,5694.521384933333,5853.56481296,5981.500328666666,6086.01252408,6087.11739672,6258.72713224,6369.0791383999995,6405.084527733334,6433.87457952,6569.720909893334,6875.263531866666,7072.23934296,7170.87662816,6917.47643816,7181.976400426666,7391.383359573334,7504.814735573334,7530.769030826666,7382.49894304,7613.43602296,7537.240627786666,7652.508580933333,7772.411331706666,8014.61303424,8138.7628086133345,8210.284467946665,8342.022530186665,8410.100441706665,8428.000554986666,8581.481630106666,8318.4971776,8498.331342986665,8557.904699093335,8597.785106933334,8767.620718506667,8933.022371946665,8778.13124232,8879.698183066666,8703.428772719999,8660.927911493334,8742.201032879999,8700.911505813334,8924.513602746665,8844.026168266666,8850.676716186666,8828.140412986666,9235.53270272,8969.057634586667,8873.250171226666,9155.047263013334,9042.061545866665,8891.356437066666,8749.427424373334,8863.70067848,8903.492179813333,9113.120516053335,9391.126593626665,9260.080118213335,9183.516872799999,9168.403776933334,9587.58747424,9478.96910304,9553.586937973336,9631.362189653333,9862.19538008,9807.930002373334,10002.64352992,10234.87562368,9987.249235733334,9762.654914293335,9780.0972148,10238.688212719999,9880.013986373335,9514.295287840001,9743.910698746666,9913.31476544,9866.89839792,9873.899326826666,10059.527877120001,10089.931562426666,10440.258604746667,10689.733068266667,10347.60636264,10592.911053146665,10662.965240106665,10554.371579306666,10712.029708666667,10701.529760133335,10518.564791280001,10943.61488032,10887.255981493334,10844.644192266667,11068.414503626665,10969.422993626666,10917.560723146666,10744.373361146665,10565.218240186667,10728.55625904,10759.90528976,10575.664962879999,10601.45667752,10602.5691784,10569.275481813334,10185.934534053335,10609.22474856,10488.359128506667,10721.713120666665,10463.381153973336,10890.375634106666,10861.805341573334,10848.62675224,10926.2096664,10867.449395626665,11131.90031392,11184.734628693335,11263.434754853335,11125.841729546664,12935.086414453335,13958.282375706665,13924.265786426666,12393.547297173334,11524.080850879998,11411.83524752,11409.35953616,11385.908568346666,11323.254478853334,11830.47285248,11734.750859573334,11421.997928026665,11473.023073146665,11489.426241893336,11540.512082986666,11570.904292453335,12118.85454296,12234.09250096,11868.734252186667,11566.148780533335,11853.066633786664,11973.940432613335,12191.400745840001,12430.09404736,12275.167640613334,12381.3590324,12851.124059786665,12935.022137466665,12782.196565386665,12695.691716773334,12619.172585706665,14569.178246986665,14204.36785384,14528.615307226666,12462.158920773334,10671.360969226665,7161.211497573334,7134.512412720001,7070.690586213334,6970.830098266666,7146.649952186666,7246.237958746666,7079.726747333334,6992.747742773334,6887.502014266666,6870.15943344,6827.37247792,7980.756544666666,9673.94265424,9135.417147173333,10748.015923173334,11076.136016479999,10520.077771173334,10226.588496186667,10172.816565546666,10008.58226184,9800.20702904,9417.946822986665,9127.58426768,8760.624671333335,8761.518095066665,8709.377930106664,8418.338346853334,8198.797921573334,8024.05700112,7753.81693816,7578.770050373334,7447.690486266666,7229.41581896,7142.2624748],