{"message":"Aggregated IX data for Melbourne IX","data":{"nServiceId":null,"width":215,"jServiceId":null,"start":1489089900000,"end":1489154100000,"name":"Melbourne IX","in_octets":[],"out_octets":[],"in_bps":[5078.1586724,5033.668352906667,5323.679625413333,5274.922372693332,5654.214793066667,5767.933502266666,6258.753098373334,6264.667241226666,6609.9808712799995,6963.601712426666,7147.325296586666,7613.202201226666,7973.5984132799995,7978.94398096,8337.68176368,8636.680459386665,8844.76458744,9255.96363248,9338.041902026665,9755.949541546664,10105.55812048,10684.920481546666,11199.90339256,11321.056958106665,12102.237070106665,12418.706522026665,12263.86591664,12597.340745173335,12101.82808504,12387.312477306665,12393.02183584,12997.172478666665,12632.432652906666,12877.528077786665,12761.183393520001,12943.313772906666,13906.251634053335,13357.57363704,12915.984163013334,13228.975904266666,13415.308601066665,13309.506884293334,12698.247013973336,12715.519408506667,12370.813020213334,12309.795705066666,12950.203852453335,16659.860254933334,14602.445900373335,13284.441184666666,13632.563117200001,12912.388068853334,14249.540441013334,13605.423489226665,13146.615838239999,13595.727053786664,13710.576101440001,19591.78888688,13927.370013066666,13703.66210648,14076.151574559999,13831.44811536,13530.011337653334,13533.664193786664,12948.829876506667,13280.836539760001,13282.32689752,12911.608159386666,13093.584556186666,16075.04696168,12724.287621226666,12752.592842613334,12976.560991386665,12436.436939386665,12612.34921584,12526.321439706666,12996.724419226666,13360.420069360001,13394.872866346666,16462.724803146666,13334.553094773335,13361.55751056,13168.934383626665,13387.79084016,15548.62156032,16716.007109493334,14521.229323466665,14425.525075520001,14282.768572426667,13814.177647466666,14007.13296784,13919.60630816,13529.2371704,14082.287930426666,13634.03674232,13448.196624986665,14459.309496426666,13467.24979792,13114.542885333334,12750.708043413333,12465.16448952,12653.94595272,12087.474958719999,12422.06368192,12335.415370186667,12159.129979946665,12107.662946373335,12315.711444773335,12376.238354453335,12905.709166879999,13785.308040079999,12073.926277626666,12564.7654672,12667.86593976,12687.97705296,12819.723024053335,13111.4206688,12017.667871066666,12750.8149424,12351.780506533334,12597.327501546666,12161.733759973335,12309.26647784,12129.553132586667,12214.657903013334,15577.980205893335,12352.899303813334,12024.931049013334,11827.007534533335,11683.58907488,12191.806561173335,15423.831420293334,11657.519604453335,11543.049871093333,11332.559320266666,11509.925782026665,11466.563206426667,11616.750498826666,11677.020616026664,12074.258823173333,15164.398589146665,11630.04353288,11634.21004208,11341.48026016,12556.979740346665,14752.194117546665,12024.274221413334,11460.683542826666,11521.013228213335,11468.547595946664,11747.961848719999,16137.82942336,11522.225758933335,11728.054591173333,11881.449201200001,12298.09645664,11804.17922432,11985.299587413334,11857.246760826665,11973.996174906666,14684.802032613336,14346.319780586666,11760.225613866665,12072.763345973335,11988.91625608,14645.658739626666,13591.019031733334,12073.91179344,11962.677504826666,12452.546195733334,12425.880680613334,12496.089543066666,12449.273965226666,12320.710686746666,12409.357185173334,12196.646505866665,14207.701448133335,15907.562694213335,12248.125508906665,12298.49019992,12542.082548933335,12467.80967552,12299.862092559999,12175.804153413334,12270.914048826666,12072.061675573334,11834.3296548,11455.2361068,11753.012738586665,11226.16903776,11216.352851200001,10749.187467893335,13520.658333333335,12551.760605493333,10499.383834693335,10589.661763013335,10744.215055813334,10477.023770293335,10295.908693866664,9875.148606746667,10111.303603253335,13415.835040826665,11469.383010213334,9098.770781093333,9328.48964936,8883.00125032,8519.034675066665,8076.742432426665,8650.780935653334,12808.744614053336,8004.096801626666,7996.104448826666,7469.672148613334,7430.853842826666,7333.215427946666],"out_bps":[5117.812076239999,5039.32650432,5302.23397112,5312.253604053333,5650.046041760001,5801.6832996,6276.27331512,6273.524594346666,6602.5226157866655,7071.93998648,7079.31147072,7604.275308533333,7962.96593288,8013.452158053335,8354.096162560001,8637.06752096,8834.494065386665,9284.96377376,9369.04596008,9698.698821200001,10132.742741546665,10708.858226346667,11190.425461893336,11280.963833040001,12223.423997626665,12403.521925120001,12259.301916506665,12669.016716853335,12071.340471066665,12381.7458584,12452.629416933334,13002.46746008,12595.120046666667,12968.651172346666,12754.774287173334,12946.85596408,13855.1515756,13441.658990639999,12898.920393013334,13323.77012552,13385.065045733334,13299.356601413334,12715.104544213335,12769.66336776,12322.8886336,12306.89665504,13061.82503704,16614.321395626666,14598.442560773334,13241.833831226666,13654.6002228,12946.401067333334,14146.815278826665,13700.260515946666,13192.835630106665,13583.501599466665,13745.243863706664,19668.314935386665,13916.88059536,13817.030791013334,14053.308184959998,13727.565689333334,13638.351369146665,13578.247478959998,12910.373375333334,13346.25969544,13288.2504324,12865.233641333334,13065.758969093335,16063.28505816,12892.797756026665,12784.135037733333,12996.316275573334,12417.193152533335,12683.033129146666,12552.188980026665,12930.431527546665,13353.4318888,13417.77819624,16547.638026186665,13334.518409546665,13378.176221573334,13240.10427576,13320.402843733333,15538.447320559999,16782.070098986667,14531.881052613335,14424.800387626665,14264.816960693335,13896.60864704,14001.15913816,13916.411157546665,13571.73031712,14145.222697573334,13686.801736426667,13387.291507706665,14523.410348266667,13500.508159733334,13049.138894746666,12788.800333706666,12542.022005066665,12626.79778792,12191.1730188,12411.680245066666,12426.620910933334,12085.532409626665,12173.597017333333,12406.89799184,12342.381038773334,12916.766820853334,13849.443331333334,11949.247390879998,12613.6926704,12746.082009306665,12708.637011306666,12909.689408106664,13092.648081226665,12058.960477440001,12775.139485013335,12291.437750559999,12629.798389546666,12201.586675066666,12292.403721306666,12181.279867626665,12163.66439512,15690.590045306666,12290.904135093335,12185.011851333335,11817.832700773335,11672.90365656,12251.497013333334,15466.568949013334,11760.35018672,11560.751018293335,11325.399270773334,11514.275425653334,11484.97604568,11664.636510613334,11719.348282746665,12085.938853093334,15213.445924053336,11643.470395173334,11780.027999200001,11377.542177120002,12516.660380959998,14892.858719333333,11971.93293664,11430.152783333335,11560.359482933334,11496.095624693335,11713.537786106664,16262.2435812,11539.410262026664,11873.189417173335,11775.986342639999,12294.978182693334,11931.13538016,11889.29944064,11964.997173040001,11962.002161226665,14657.282968666666,14397.277100773335,11878.370961280001,12064.154080666665,11988.275549253334,14666.618126906666,13627.971417146666,12154.852292826667,11943.114432906666,12584.791998719998,12506.251870613334,12478.649461280002,12469.37941744,12288.273686373335,12507.564033653334,12199.599813813333,14203.200422666667,15999.286698186666,12239.239653813334,12402.198498346666,12515.377545146666,12475.14598392,12367.290562346667,12232.33952048,12255.221624213335,12168.266691226665,11805.831553386666,11478.210286453335,11794.380046453334,11225.908311653333,11281.558126773334,10736.567592559999,13412.682792026664,12715.632027573334,10463.504973386665,10617.798727813333,10824.790323066665,10536.495399093334,10284.83400808,9871.024123066665,10128.003468026665,13392.533854933334,11533.068716693335,9118.07652096,9330.777369013334,8970.962699013335,8523.30105408,8128.113882586666,8649.650217973336,12841.636980959998,8028.2297092533345,7970.974326773334,7532.196721893333,7440.54011056,7319.573150266667],"in_packets":[],"out_packets":[],"in_errors":[],"out_errors":[]}}