{"message":"Aggregated IX data for Melbourne IX","data":{"nServiceId":null,"width":263,"jServiceId":null,"start":1485619500000,"end":1485698100000,"name":"Melbourne IX","in_octets":[],"out_octets":[],"in_bps":[4849.69361672,4989.614660933334,4589.950718133333,4404.90883304,4336.5990136,4349.39989128,4061.0357772800003,3894.72518528,3940.421122773333,3808.9400086933333,3679.133335573333,3596.900035386667,3518.1671427466667,3799.6554072266667,3432.466872933333,3422.2416411199997,3311.5792248800003,3304.2649046399997,3127.54697504,3083.882746186667,3027.460410746667,2990.093305386667,2952.81520344,2964.341799546667,2912.2125529866667,2865.97986624,2910.56555112,2882.540443546667,2907.96663408,2779.7334665866665,2869.741232613333,2882.25996056,2731.3006812533336,2890.08074152,2842.4276299733333,2713.130154346666,2858.7750011733337,2871.01247176,2846.6131833866666,2801.028258906667,2893.50053368,3007.0826576266672,3057.4469815733332,3087.482045626667,3100.089549413333,3198.0001376799996,3096.75609608,3140.494972533333,3239.957268853333,3341.1974495733334,3347.0560658933327,3354.391376266667,3453.2352785333333,3683.91904904,3731.2591408000003,3834.2211342133332,4056.05267696,4003.640113546667,4050.99361296,4379.093939493333,4590.922733866667,4468.2823936800005,4727.14614192,4816.737813333333,4978.656829253333,5170.626120479999,5328.62030872,5567.932242453333,5663.24286464,5833.801573466666,6178.265366186666,6136.561465973334,6288.933763226666,6463.448372026666,6451.288211866666,6654.79157824,6933.083403626666,6838.4029986666665,6938.118327066667,6980.689405226666,7272.14910024,7493.47919968,7593.5118955200005,7615.969031279999,7826.995760373334,8091.151572,8152.033362853334,8123.9637563999995,8221.09058032,8121.449892613335,8147.356294053334,8340.361111333334,8176.989675546665,8265.37116768,8599.73982176,8537.575117226665,8568.949067520001,8972.845237733334,9035.7243864,9069.835533706664,9056.890302799999,9181.416475653334,9312.8316468,9330.146228586666,9312.43189592,9623.877488053335,9590.601565653335,9198.776052106665,9531.141038133335,9618.95172352,9520.503176586666,9870.790531440001,9733.215889173334,10353.494959200001,10180.48342512,10582.24982992,10222.903840879999,10501.001789386666,10261.05701944,10588.692516133335,10516.204668293334,10559.505785786665,10461.414291680001,10731.269864453336,10871.166875226665,11059.400360586666,11125.97594752,11342.178353333335,11480.048091786664,12938.175952213334,13657.670130613335,13632.430716453335,12184.654896533335,11582.040871680001,11270.397498373335,11740.746120906666,11680.096315253333,11426.589783173335,11376.715440986665,11517.753898373336,11835.28439888,11406.515974106665,11553.558607280002,11525.716291733333,11522.088572106664,11863.682188053335,11545.953551653334,11704.656068213335,12035.717276613335,11903.678971253334,12041.73628608,11555.157668346666,11568.413399573334,12028.597793733334,11355.553275493334,11791.811165066665,11759.39610608,11748.96678504,12124.964544506665,11899.837174773334,11891.702360213336,11568.524445866666,11776.083949040001,11431.540314293336,11960.104207333334,11929.752129173334,11614.715663546665,11787.239089173334,12015.438628666667,12305.26330944,12607.363330293336,12364.274759813334,12262.118191333335,12661.855974133336,14393.015886693334,12493.498350639999,11913.816081653335,12069.445647253335,10033.48714536,8431.5904076,8929.840640213335,9680.460051253334,12216.926810026665,12592.688808906665,12733.155970186666,12571.713898106666,12594.011547306665,12494.47666296,12569.79185816,12861.297244213336,12926.94441384,12872.929945253334,13113.212448026665,12523.284416186667,12449.666895306666,12522.625767546666,12806.304073653333,12650.74675024,13139.926461120001,14918.506793546665,14226.755905466665,13395.108321626665,13296.983941786664,12906.527245093333,10048.579216826665,10354.426722746666,12977.533577253334,13175.282883253334,13286.050106506666,14010.5865956,13238.38818792,13497.275449813333,13875.005262373335,13762.964112026664,13889.342884373335,14159.238007760001,14250.499616,14681.850917786665,14176.882754186667,13939.919906293335,14170.195087573335,14390.300571653333,14655.88499416,14754.954952,12958.277214799999,10513.058756319999,13246.001220426666,14099.149566799999,12675.279093413334,10598.031927146665,10482.4450748,10452.229399653334,13912.197237333334,13928.59181816,13629.27410224,13530.125906213336,13549.566911333333,13263.950770266667,13944.792125200001,14288.8330296,12733.679082453335,12658.9859996,11855.55325784,11991.712584373336,11818.076443013335,11247.831290026665,11144.032326426666,11007.173491786665,10449.287622026664,9977.250964159999,9723.508042453335,9486.362154933335,10782.027182746666,11214.009104346665,10830.823310986665,10120.37257816,8839.09495384,8663.826640106665,8586.028816266666,8335.589529626666,7939.338141306666,7753.6189131733345,7593.907129973333],