{"message":"Aggregated IX data for Melbourne IX","data":{"nServiceId":null,"width":288,"jServiceId":null,"start":1480989900000,"end":1481076000000,"name":"Melbourne IX","in_octets":[],"out_octets":[],"in_bps":[7956.917462293334,7529.085394293334,7741.413516373334,7809.044104506666,7731.862162106667,7829.578054693334,7810.944937973333,7636.305286933333,7951.16272648,7963.67987952,7831.9966670933345,7942.8662463733335,8118.502810533335,7983.421676186666,8076.4018536,7826.187517973333,7785.797546586666,8007.259962906665,7927.90672096,7881.702727173334,8048.369026613334,7738.281917973333,7759.624821386667,7988.014673626666,7942.3832628,7702.475798186667,8087.25038176,7971.924337866666,7981.982465173334,8140.349111439999,8169.668899546665,7788.777095066666,7920.2026739466655,8117.786666293334,7832.493374053334,7967.957531546666,8278.404889813335,8543.837658693335,8323.159577813334,8342.69047256,8691.345225386665,8662.972836053335,8850.534151306665,9244.631942186666,9566.262268746666,8770.14975192,8989.95907768,9349.993809040001,9251.939378053336,8836.586713733333,9159.001298719999,8739.719810319999,8969.192737146666,8954.245856399999,8911.024345786665,8929.018995333334,8714.88771552,8457.682259066665,8459.078394426666,8122.4168508,7999.228754293334,8069.791578853335,7860.037086,7805.413497813333,7909.87967544,7598.56290816,7742.67483112,8006.929625546665,8262.570534826666,8146.498023253334,8355.961184026666,8106.2709338133345,8388.014602906665,8470.704130986665,8271.93966296,8321.70416872,8429.391373893335,8506.485136053334,9673.641742133335,9527.8938596,9931.135218559999,9566.273825546665,10085.238514133334,8575.403945146665,8901.698048453334,9027.097208213336,9192.55662048,9726.778879733334,9450.718310586666,9452.755653813334,9553.64791408,9432.815105146665,9583.86968904,9655.917574346666,9561.77635104,9446.65060976,9369.456543893335,9651.693998586667,9711.666069146666,9932.07061784,9386.867985840001,9294.048951066665,9417.17875752,9425.7443728,9821.64240648,9627.23490072,9924.85629,10135.551607893336,9892.53189848,10045.861388,9881.830540133335,9682.017810426667,9410.27265648,9673.088696693334,9527.461540373335,8984.584922506667,9012.66845288,8787.47223736,8651.501183866665,8726.358612693335,8283.16863672,8214.953187973335,8064.733599733335,7974.662784319999,7906.152275893333,7733.989257653334,7511.169099573333,7266.236652426666,7449.244156853333,7306.128047786666,6980.725592186666,6842.034045253334,6867.257600826666,6765.710034773334,6401.136060666666,6134.0294368,5914.374316906666,5965.3795048,5825.074018213334,5560.938862746667,5427.793178586667,5185.10155936,5127.446674346667,5074.224640506667,5068.337747253333,5038.3493366133325,4908.992127653332,4818.57420016,4487.769400186667,4659.666319466667,4317.07439472,4256.7285684,4191.391264906667,4103.320527226667,3982.6234071199997,4017.08163368,3936.7148521333334,3818.115656826667,3818.174864373333,3777.47908536,3639.974735546667,3640.970501066667,3813.871017786667,3754.019633093333,3783.238218266667,3590.331338666667,3621.68122776,3477.35237712,3411.41233944,3343.5069776799996,3339.6071962399997,3379.02628616,3408.6124429066667,3299.1165841066672,3235.159332293333,2908.204089066667,2789.7876111466667,2606.2907810666666,2607.6006491999997,2725.8796038933333,2744.9635367466663,2671.7759329333335,2883.94533288,2991.44701256,3115.226097253333,3123.065848586667,2997.467764053333,2832.8298393333334,2743.53275984,2587.6470055199998,2542.9316894666667,2570.9645565866667,2642.761729866667,2375.85404104,2581.6134257333338,2427.2605559733333,2418.78777056,2673.3034634933333,3170.70201144,3339.7987359466665,3488.13073944,3226.8365837600004,3238.4416454666666,3323.8622032800004,3260.4701937600003,3280.233852933333,3329.135957093333,3336.7485184266666,3251.6551997600004,3498.87747816,3497.278967626667,3416.621478373333,3536.0425821599997,3661.0195352533333,3648.289172666667,3599.27096776,3790.936568426667,3845.094899066667,3875.587692586667,3941.1144303200003,3786.1721168266668,3465.533729066667,3192.9744518666666,3394.8525309066667,3432.817612346667,3515.0881628800003,4108.013075093333,4413.169907146666,4736.441162213333,4803.87347784,4885.687825173333,5166.239110853334,5263.58731096,5461.642381253333,5614.934827786667,5645.11670184,5589.725053066667,5853.236945013334,6076.16336272,6318.6433907733335,6571.120763866666,6461.986977359999,6552.81262512,6623.68693952,6707.71213616,6994.547130373334,7209.1860864,6702.144611199999,6815.015751466666,7087.11959808,7096.730563893333,7312.83157392,7194.977287653333,7209.64276104,7392.94201712,7517.804064373334,7474.612217386666,7363.191153466666,7473.037023413334,7542.764525653333,7220.897894133334,7185.249934053334,7124.5783938666655,6987.0029448000005,7172.804451520001,7282.54646248,7441.254331733334,7464.76510208,7238.83007336,7376.141602693334,7372.163230106667,7240.616392186666,7682.205942773334,7504.000823893333,7749.756567733333,7748.686153253334,7865.602127893333,7997.905071306666,7744.8188287466655,7979.501893653333,7779.666545520001,7629.04764184,7774.646508986667,7729.768532640001,7586.146576293334,7599.258946746666,7680.111236026667,7561.5021062666665],