{"message":"Aggregated IX data for Melbourne IX","data":{"nServiceId":null,"width":287,"jServiceId":null,"start":1477353900000,"end":1477439700000,"name":"Melbourne IX","in_octets":[],"out_octets":[],"in_bps":[5601.63724928,5364.345897813333,5347.530126906667,5434.2202910666665,5461.25046648,5688.844992693333,5548.51121136,5590.229284800001,5622.244576373333,5585.54298616,5555.563153306667,5619.195916853333,5885.114623573334,6069.077007653334,6036.7652998133335,6137.412041333334,5814.695507386667,5636.326325893334,5698.8047046933325,5907.496585893334,5637.443913386667,5760.500257973334,5884.793426346666,5683.996942613333,5744.271604826667,5687.5361953599995,5509.661733493333,5419.796896746667,5331.267402986667,5493.4222255466675,5344.345007333333,5323.111206186666,5722.4600933599995,5745.9522497866665,5893.228594986666,5664.726938293333,5344.379528746667,5522.44161968,5478.710212,5734.6381324799995,5713.165098773334,5877.061823813334,5989.25454416,5823.01092288,5863.093590213334,5958.737022586666,5808.04161,5908.3525877600005,5814.88005992,5587.439900773334,5395.979006853334,5445.366288026667,5435.0719217333335,5529.641782453333,5485.277718693333,5619.61372632,5625.999026266666,5610.979469333333,5526.734832239999,5669.54928312,5937.587487173334,5898.635685146666,5835.811768133334,5830.998650106667,5855.173860986667,5921.077899226667,5996.235334453334,5909.04971984,6123.46136704,5983.78535488,6174.316885893333,5782.889962186667,5913.077652319999,5908.52279928,5906.607084746666,5988.519963199999,5874.18554944,5820.6004004,6010.86592488,5832.80669048,5746.5146903466675,5734.509700026667,5558.191127866667,5609.9984818933335,5658.340360266667,5441.386485546667,5528.066577279999,5617.530577733333,5499.11001472,5336.4849924,5400.3036832,5577.2689487200005,5459.986651866667,5579.442984773334,5449.546045573333,5429.937394506667,5430.048554399999,5471.568518666667,5461.25760584,5429.459643546667,5632.4797909066665,5527.068571546667,5546.732684586667,5527.227812613332,5629.2821570666665,5527.552396506667,5575.064062,5456.083793493332,5601.571566426667,5653.884949813333,5393.887728453333,5569.358517706667,5623.161569306667,5696.2253891733335,5648.25880048,5672.731361493333,5670.89095056,5598.189690933334,5694.232470053334,5724.229400346668,5837.556950533334,6067.420899546666,5868.76762992,5768.341358506666,5681.252962053333,5890.648901093335,5943.5448412,5797.888494,5951.67156592,5971.926176933333,6057.49940704,6185.406634186666,6262.902228773333,5913.585911786666,5886.5681569866665,5848.383520906666,5875.618458773333,5815.0290328,5677.562856666667,5557.8317935466675,5662.619678346668,5559.572345546667,5544.900143146667,5305.207393413333,5280.604950293333,5183.024550213333,5004.216661439999,4828.36139704,4793.621552586667,4706.092279946667,4726.696177893334,4625.222660266666,4527.64877448,4390.166262933333,4290.102634666667,4309.15423696,4260.280263653333,3995.830006853333,3896.637108853333,3854.7631868266667,3599.7500121333333,3614.2826313600003,3752.4284213066667,3647.305924373333,3526.224210826667,3453.4232465066666,3344.87160792,3240.69106248,3224.5787336,3036.54531336,2925.157046666667,2936.2610124266666,2928.8680070933333,3142.209313093333,2970.93130552,2715.183743733334,2521.5994513333335,2437.2123820533334,2430.53812152,2460.79081584,2609.2743430133332,2535.47060256,2357.6087347466664,2299.465749013333,2267.3913063200002,2398.7352084,2426.847826906667,2085.1619681866664,2000.00780672,2055.0003302666664,2087.2534690133334,1988.5792986933334,1950.89359752,1976.1880089866665,1985.5998368266667,1959.66101088,2073.3565713066664,2005.25076008,2166.67445936,2122.9765158933333,2081.10210992,1891.6239092533333,1885.2301124800001,1881.2882488,2137.24976144,1992.7458999733333,1985.0289495999998,1822.4947371466665,1889.1448983466667,1759.4017970933335,1713.8381593333336,1839.0564351199998,1757.4341331466665,1873.2253240799998,1943.2441851199999,1834.6207362133334,1778.3251127733336,1705.5976072533333,1802.5384725066667,1833.0937562666666,1889.1210308,1692.6826927733337,1819.5291554133335,1892.1573665333335,1790.8347460799998,1935.4635396800002,2022.1609613066666,1996.7934322933336,2082.31592632,2082.4775636,2091.57372104,2100.9629506133333,2080.86620936,2093.1252790666667,2214.5397033866666,2341.6485681066665,2412.3814112533337,2503.20702088,2587.9113673066663,2629.1206044533333,2738.349826693334,2860.9389678400003,2728.5287670666667,2827.2101014933332,3096.0247497866667,3118.24929152,3262.67388624,3338.56575944,3414.644372853333,3511.767246,3621.2481690666673,3888.00690368,3849.286476266667,3990.3807053600003,4046.1077009066667,4055.9426565066665,4234.305223733333,4451.77939088,4609.552764453333,4697.385013146666,4832.0295355200005,4856.818385013334,5198.4728108,5419.489003973334,5829.144325946666,5539.04133312,5807.832259306666,5879.695560666666,5952.151605173334,5941.572515173334,5822.385494720001,5942.055438426666,6238.643856826666,5866.794933333334,5984.914003013333,5902.480516106667,6005.3275112,5818.103766986666,5858.539800266666,6036.180733706666,6026.1206354666665,5792.3402094933335,5759.220841946667,5685.55014872,5793.289575786666,5713.8838836,5714.269297786667],