{"message":"Aggregated IX data for Melbourne IX","data":{"nServiceId":null,"width":262,"jServiceId":null,"start":1479830700000,"end":1479909300000,"name":"Melbourne IX","in_octets":[],"out_octets":[],"in_bps":[4671.32029896,4560.7378442399995,4421.20483624,4302.819249466667,4063.030026053333,3910.13810104,3785.32857456,3604.5514974400003,3587.372109013333,3549.4186424,3622.31450112,3754.8732078400003,3840.11725472,3759.09328672,3857.21176304,3821.2830957866668,3793.356765013333,3843.135204026667,4003.2113348266666,3902.9009022399996,3830.01857368,3633.171937146667,3850.0957858666666,3712.7018564,3724.637684453333,3576.1779009333327,3630.306480026667,3855.167575813333,3576.861100186667,3695.941651253333,3920.5751685066666,3767.055947813333,3950.085641893333,3942.119981866667,3934.5858502133333,3948.4959386933333,4019.917748026667,3979.413496586667,4019.2318591733333,4077.0053545333335,4388.989645466667,4413.845059973333,4334.038232746667,4524.876347093334,4483.2846151466665,4812.158063653333,4711.60908784,4809.499470533333,4882.45007688,4928.006964426667,5060.059077333333,5214.523436906667,4960.07775136,5097.713279786667,5407.081488906667,5445.856826373333,5606.1612864,5697.2118945600005,6014.34557568,5993.7735387466655,6317.5984362399995,6424.742328746666,6540.03448464,6638.562482933334,6708.7100172,7050.290987653334,7542.11701856,7888.800329546666,7798.294852720001,8026.11730952,7943.110201173334,8220.49333504,8544.607399066666,8561.542202213333,8583.566988426664,8784.634494453334,8901.995078933334,8599.420428986667,8402.372102266665,8184.865638826666,8406.70812256,8713.669884506666,8762.649846106664,8669.152110426667,8940.84820912,8650.36752112,8582.463400506665,8788.643171306665,8655.931163413334,8894.477390613334,8557.503667466664,8827.277289413334,8896.317496906666,8513.205348373334,8479.969014373333,8481.6370816,8825.162884266667,8575.399917866665,8592.834210773335,8648.783434186667,8526.042529226666,8332.642015520001,8501.416291893334,8621.934136,8675.653150133336,8902.377692346667,8705.410411013334,8816.679836,9122.465448693334,8923.676689333333,8967.326066426665,9144.488787146665,9167.760440906666,8851.599446613334,8753.320401253333,8792.353726826666,9050.74853288,8980.389854933333,9061.896519626665,9042.219157573334,9095.145383973335,8765.560470426666,8975.236703413333,8751.97746672,8835.619127786666,8897.227005573333,9143.947896773334,9346.975160933334,9159.001494266666,9540.731880399999,9371.44257384,9315.333970026664,9494.776882853334,9473.264410186666,9767.818317306665,9492.665136693335,9969.402923893334,9621.006025946665,9476.251761253334,9382.93909208,9672.02768504,9129.34350424,9416.282112213335,9741.572709173333,9734.687780533335,9905.939714266666,9796.483998053334,9715.328368746666,9838.512469360001,9527.866645573335,9594.58890248,9682.04394216,9562.315798026664,9563.108984586666,9689.13714744,9904.710274613335,9901.087024986666,9638.01316784,9449.829278506666,9541.816628186667,9853.302721493334,9841.600975466665,9890.39531584,9782.17452168,10087.02638792,9866.357263200001,10178.750491653334,10116.26954592,10456.315584186666,11103.596735946665,10451.332626826666,10565.066126053334,10276.59792704,8588.866945093334,7617.84208496,7455.101022906666,7385.866687866665,7745.8253665600005,8898.970852906667,9957.202090853334,7771.900085573334,7795.48293744,7567.5826042399995,8871.297390506666,9559.88887912,9714.678511626666,9748.280317946665,9691.252908613335,10744.16946776,9809.153951146665,10342.43674536,10319.16743736,10281.25510952,10038.092918106664,10178.361284746667,10347.389474373334,10383.837286853335,0.0,10516.204488399999,10800.360947893336,10932.85767792,11015.370499573333,11231.455019146666,11527.613579653334,12668.298156106664,13562.28859512,13713.129921253334,13180.111770373334,13066.548949413334,12625.183569146666,11608.16664904,11351.692274773335,11077.50369608,11061.967852906666,11436.45112008,11658.211973733334,11878.224984053335,11871.219661546666,11822.158051973336,11729.408640746666,11639.810167946665,11792.393516826665,11793.57782384,11650.890128853334,11351.619553280001,11358.075401306665,11323.075435466666,11779.955958213335,11592.085397120001,11480.445275333333,11224.795691466665,11172.05493992,11048.1504332,11275.184067733333,10902.620199546665,10717.19877464,10292.54690408,9928.926228453334,9675.071572,9616.122262879999,9562.95254208,8974.156969200001,9181.446544266666,8906.82572664,8577.11873624,8538.749648746665,8689.66291176,8409.255333520001,8378.625018640001,8023.47755272,8289.134788453335,8003.031569893335,7610.78442376,7377.6759012,7209.53075112,6714.702848293334,6700.342781493334,6682.43298408,6405.104668613334,6171.764750426666,6107.234278319999,5748.38962568],