{"message":"Aggregated IX data for Melbourne IX","data":{"nServiceId":null,"width":235,"jServiceId":null,"start":1484677500000,"end":1484747700000,"name":"Melbourne IX","in_octets":[],"out_octets":[],"in_bps":[3551.986747546667,3454.955935146667,3665.933507333333,3639.52562776,3289.536227466667,3015.854235146667,3049.234239733333,3207.4571194133327,3486.11445632,3657.243098053333,3604.896802693333,3389.257315173333,3130.16153008,3223.53941712,3345.860607226667,3409.8451947199997,3436.74570776,3523.7915375733332,3542.4337077866667,3498.115327973333,3612.693862506667,3650.913150666667,3828.382720666667,3958.416378,4103.222957466667,4213.97212368,4285.726460293333,4581.252961813333,4745.32639456,4964.059284053334,4852.150785786667,5062.07385056,5476.647217866667,5680.916037413333,5880.758271253334,6186.582457653333,6124.050190933333,6368.459713706666,6509.548218133335,6740.226326693333,7069.853743386666,7177.68360512,7107.165063626666,7295.558468453334,7569.970329066667,7572.722685546666,7800.270274933333,8192.853453546666,8489.623910746666,8369.548606266666,8404.181559813334,8320.495023413336,8280.673727466665,8136.179120586665,8231.360189173334,8091.663058213334,8375.04928304,8196.010325973335,8347.903643893334,8483.58922456,8591.380276826665,8769.851746746666,8547.226792506664,8669.116037653333,8960.701242533334,9270.143098453334,9079.484673413333,9090.81573344,9141.219811866666,9199.6698684,9012.19367344,8926.19107832,8977.74839248,8974.087173253334,9007.95288664,8978.291451306666,8931.92841096,9248.990345813334,9306.58791312,9391.72044032,9418.170188959999,9355.77501432,9434.70412608,9483.673879733333,9480.83127592,9721.507005146666,9919.255237253334,10073.69290656,9797.872559626665,9597.63544544,9716.796524959998,9699.79097896,9762.915922986665,9782.774518106664,9754.240039866665,9797.458001546665,9870.310339013335,9856.692433653334,10231.876956266666,10074.412772053336,9894.948416133335,10452.508041626665,10388.633495253334,10517.620531066666,10638.505418319999,10388.560408,10269.304822826665,10553.566476933334,10407.063528719998,10132.053195093335,10222.8102356,9966.720468346666,10031.558241120001,10191.79008456,10419.00579536,10337.777464346666,10210.536638266667,10217.980761493334,10214.439880613334,10495.398456613335,10633.0279108,10551.59732768,10780.80328832,10587.08169792,10601.93444416,10590.395416053336,10567.57733704,10682.573363226666,10748.711418586667,10756.21131784,10821.395832426666,10654.846787306666,10749.990692453335,10708.147974799998,10805.57173544,10716.36526056,10729.440342773334,10808.790376186667,10836.67489968,10981.38133088,10811.939462,10587.261420986666,10556.538489280001,10667.418279173335,10762.521342693335,10538.3885264,10300.182831333334,10319.082778666667,10477.950740266666,10430.738695733333,10278.469651573334,10274.235263973334,10416.567598186666,10329.573110346666,10397.16718392,10345.381952,9846.120834453335,10129.456670666666,10333.603969493333,10185.833735413335,10299.110225626666,10087.534270986665,10386.314479893335,10426.98961016,10596.407474373334,10376.517291413335,10411.15601384,10668.337478906666,10702.853150986666,10987.842326213335,10985.467660053335,10793.498003493334,11133.875301600001,10999.17091048,11268.827906,11432.852058453334,11574.00931208,11590.964176559999,11376.250800506667,11456.106548693335,11668.845765866665,11537.745652773334,11961.730380559999,12078.124993653333,11659.178052773335,11957.44585256,12088.264926666667,12191.905382773335,12345.298356586665,12340.674194266667,12613.177377066666,12531.812467386666,12321.340888719998,11950.40000232,12145.932715813333,12511.620765626665,12461.62325288,12692.44974472,12154.844446906665,12098.21343136,12497.067834533334,12714.851374853335,12563.477628426666,12692.251850693334,12060.209001706666,12267.05719336,12194.747423866665,11989.89272552,11488.869388906665,11358.184553893336,11037.493452186667,11361.889754586666,11595.994720693334,11045.855804986666,10846.078650613335,10298.863758399999,10225.273736666666,10246.75677944,10216.8504628,9738.79021856,9532.296080986665,9465.782078933335,9172.511028133335,9266.199588293335,9159.176089813334,9117.301253973335,8975.479250506667,9088.969503546665,8652.431561866664,8371.504516133335,8468.388664746666,8208.69676696,7946.58170336,7727.829969626666,7700.811274906666],