{"message":"Aggregated IX data for Melbourne IX","data":{"nServiceId":null,"width":288,"jServiceId":null,"start":1474504500000,"end":1474590600000,"name":"Melbourne IX","in_octets":[],"out_octets":[],"in_bps":[12607.52945632,12985.263517173335,13230.8761524,13630.12503368,13053.404666,12861.738654826666,12880.802855173333,13080.782838506666,13450.728389413334,13344.421515946664,13445.550652426666,13503.615160586665,13148.327523413334,13338.886924026665,13619.903060746667,13801.46234792,13516.49272912,13338.407567893335,13784.176381360001,12966.0789288,12802.752365440001,12806.348280853334,12923.163120746665,13058.548888346666,13294.318353013334,13245.637325253334,13305.102127413335,12619.926623493333,13210.181889546666,13251.391772,13747.693509786664,12777.354458293335,12797.375194773334,13173.721877626665,13349.73889144,14154.595677946665,12934.049001226665,13225.653708453336,13353.110508293335,12999.989072373335,12444.700074026665,12363.4789924,12312.102927760001,12857.267496453334,12719.99976176,12770.206792719999,12246.194566213335,12389.172433200001,12984.985536586666,13155.231349626665,13583.125161653334,13422.21888792,13071.690007546666,13411.531760746666,13628.897571226666,13499.464266213336,13767.932811706665,13293.835663413334,13604.013878186666,13191.815416826666,12762.794921173334,11308.2120284,10441.594444853334,10272.333981786665,10088.337273786665,9972.004986773334,10005.160296666667,8953.04295312,8768.263952933334,9989.251063413334,10326.258521626665,11459.289636559999,11986.44159392,12398.915227733334,12513.388397226665,13768.629180586666,13253.27635376,13553.60790544,13760.634279093334,13253.554528986666,13424.675803173333,13269.999074106665,12785.878791680001,12941.120295226665,13558.273913253333,13802.929358559999,13921.526614666665,13875.98746912,13577.431160373335,13714.477055706666,13911.690290906667,14480.924054026666,14290.425715573334,14040.97872992,13783.760668693334,13579.96351416,14122.556422586666,13804.003524773334,13773.084045066666,13578.910147013334,12795.20419192,12842.114963040001,13028.37232168,12874.19707912,12976.96656824,13204.790274373336,13148.495387466664,12891.135180213336,13036.218972506666,12864.629437706664,12693.504131386666,12935.307766986665,13802.360267386666,14412.035430293336,13828.823618746666,13934.768827040001,13631.252703013335,13230.946714853335,13103.923099466665,13099.6747904,13149.790266133336,12438.883803146666,12277.657367733334,12865.363422266666,13588.53216864,13836.821368506666,14484.49932384,14642.566799893335,14551.17376056,13775.657795680001,13845.632946773334,13564.005681573333,13735.339914373335,14072.742047173335,14197.831898346667,13970.591928613334,13224.930476693335,12716.474747386665,12759.622263573334,12772.400434586667,13131.187821786665,13166.852012719999,13277.259859386666,12991.385092773335,13193.929840906665,13107.949515706665,11486.878164586666,11021.810066453334,10962.403897386665,11261.362285813333,10818.000930986665,10395.4921024,10355.588332986667,10880.087616879999,11376.824021946664,11035.141198986666,10674.729151386666,10394.36290792,9894.48345808,9438.28245408,8997.547158213336,9291.78496936,9249.541454986665,9077.306209253335,8817.171934906666,8569.674546613334,8500.508540186665,8733.613784506666,8744.63481296,8764.705049200002,8466.23775152,8324.671103466666,7996.895062666666,8137.22665072,8002.392424773335,7790.483189306667,8004.943867013334,8023.055572613334,7850.94224848,7712.181732399999,7811.061372,7686.486138746666,7714.315477013333,7497.6493432,6910.075492346667,5836.0070488,5414.377349093334,4784.338935600001,4617.946369253333,4363.63992168,4182.688896933333,4043.80424216,4223.58770112,5737.117307253333,5920.645129893333,5825.23951408,5737.7690725600005,5633.59352112,6101.75826816,6052.329927226667,5951.280365173334,5998.365331466666,5704.342243973333,5623.840694693333,5565.71748888,5502.999843013334,5297.27106632,5242.11957608,5271.896366373333,4977.57923584,5133.41048248,5195.628708,6089.672098266667,5751.495350213333,5333.249851173333,5371.35947536,5471.659175706667,4873.201634373333,4604.9312353333335,4227.577779653333,4249.236701386667,4262.353892746667,4395.696732560001,4488.055078933334,4661.75397912,4981.9528876800005,5197.675055386667,5402.121832666667,5219.475626906667,5319.288022266666,5370.794177013333,5637.95724968,5451.540201093333,5488.262647359999,5667.36638048,5851.324270613333,6086.27694992,6110.453458426667,6208.7640776533335,6336.594783653333,6574.800460853334,6470.17749904,6521.244078453334,6784.779662133335,7010.672947226666,7054.146166666666,7459.272949466666,7440.23588072,7612.32519808,7523.075128186667,7457.361127866666,7703.614818586666,7734.32041912,7805.02587992,7964.582446373334,8297.756707653334,8474.25237248,8500.613126693335,8863.601736266666,9059.518719893334,9201.006026373336,9250.902164879999,9314.150555973336,9511.84831632,9547.570116666666,10077.53722896,10255.598509200001,10505.066215093335,10896.980409040001,11053.446719413334,11231.217695546666,11072.784993573334,11448.861262213335,11801.37431216,12033.458139893335,11906.08255408,11979.803812053335,11706.394466426666,11211.803751786665,11131.499370053336,10906.284957973336,10834.332135120001,10924.265071546664,11238.920439786665,11606.494043653334,11294.851115626665,11367.203005306665,11547.693126639999],