{"message":"Aggregated IX data for Melbourne IX","data":{"nServiceId":null,"width":287,"jServiceId":null,"start":1485302700000,"end":1485388500000,"name":"Melbourne IX","in_octets":[],"out_octets":[],"in_bps":[9279.128545386666,9381.282082906666,9269.290268186667,9535.875020559999,9526.486626613334,9550.172586,9493.953039600001,9407.117557573334,9844.133857280001,9861.919729333335,9405.717614,10585.600303653333,9058.77080808,9921.162454266667,9638.810191173334,9330.03458992,9700.223803626664,9779.844268373336,10023.380360826666,9687.160617706664,9695.95666272,9930.350097786664,9763.832472213335,9842.5003524,9927.963869626665,10091.64325424,9659.818425493333,9482.300135786665,9653.616962799999,9799.938953973335,9496.207998346666,9665.856736426666,9838.094489306666,9369.380541946664,9397.462086506666,9530.50638592,9782.289993546665,9730.35707912,9562.57970992,9878.000988533335,9668.194955626665,9584.372774986667,10003.68239464,9921.15008744,10535.852260266667,9043.51638024,10101.471044826665,10010.281767866665,9577.631032719999,10247.620019626665,10580.838140053334,9741.811543066666,10218.729726986665,10397.349809253334,10589.609703626666,10247.57965752,10200.715526426666,10039.392338506666,9713.72362496,10398.169602853335,10457.30994336,10739.825909333334,10737.54935792,10257.33991552,10331.814182293336,10924.189779786664,10834.120885493334,10244.99489264,10513.9995092,10060.109707893336,10118.914616746666,10296.633918426667,10541.318420799998,10357.80452208,10356.741102746666,10341.189243813333,10309.96856336,10309.023002453334,9949.898279333334,10440.566105893335,10105.102486613334,9898.421009386666,10611.794883306666,9658.011713146665,10120.047427973335,10014.527219173335,10151.771458613335,10174.997393946665,10464.16302112,10378.111653786666,10224.443010693334,10813.96345312,10693.00423328,10355.68580816,10639.58148184,10742.259333706665,11185.710965040002,10880.736106373335,11255.483291626666,11205.993239333335,10916.51602544,12416.965943066665,12334.588340453334,11832.896065573334,11740.71989784,10951.331513413334,11033.765464026665,11008.49491024,11443.317334293335,10800.264501013335,11561.44324928,11873.106979386665,11618.155999626666,11498.263333306666,11758.725990666666,12187.970711493334,12092.789625493333,11809.058668799998,11743.784933413333,12456.381592453336,12498.81726936,13037.133645386666,14497.036023306666,12445.0909488,13684.743507333334,13541.163338879998,13137.30008216,13111.450697413335,12801.626324933335,12754.771000586667,14203.459504293334,14605.469280026664,14799.27691696,10062.912598906665,8923.132526453335,13107.079146506667,13074.877385360001,13127.26523288,12869.15405368,13193.832398373335,12340.600295546665,12569.17214592,12905.3176676,11719.53704416,13685.698311786666,12759.07900848,11856.062714133335,11833.941637386666,11628.906878986665,10975.45101312,10728.295972533335,10449.728139413333,10632.168283680001,10614.77396008,10191.767089093335,10407.068779173334,10274.942897733334,9810.620530506667,9649.590220959999,9580.545617386666,8990.150759040002,8749.383298346665,8463.482851093335,8214.111544613335,8202.540886213334,8114.661923093334,8077.624615520001,7989.330220613334,7991.438754293334,7496.390374026667,7379.666921253334,6956.389801439999,6499.06193784,6575.5753452,6437.59976456,6093.6468550399995,6387.333915946666,6676.133566213334,6475.214513520001,6247.29090568,5682.2993168,5549.72793432,5265.50097336,5243.956399173333,5290.013761333333,5039.1883129866665,4949.38585872,4750.489821706667,4665.73488016,4530.066029973334,4369.16420008,4268.50161704,4587.753713413333,4437.834537546667,4262.10178096,4248.21606968,4264.80641016,3886.1655014933335,3828.053961813333,3801.44203792,3980.583497626667,3956.827986,3686.8259256533333,3563.685639733333,3598.861482666667,3337.0771713866666,3403.59829296,3373.706630026667,3294.054135093333,3308.141534186667,3122.6898361333333,3258.283836666667,3137.86559432,3077.0923372800003,3008.5692584000003,3147.063433093333,2984.8486453066666,3051.662208026667,3228.43170264,3218.61631256,3056.919321866667,2960.6538754666667,3096.198558933333,2846.60927432,2750.0758947733334,2754.8747172,2850.139223466667,2832.6857964,2885.94730472,3048.8779153066666,3179.5996136,3037.0589137066668,3051.9748882666668,2991.3701126933333,2989.114459226667,3094.8921713866666,3153.053068293333,3259.39451104,3298.36119808,3388.02033144,3433.478114666667,3430.07779728,3488.953641146667,3658.89489664,3759.847611706667,3857.32334592,4115.639306026667,4245.29052352,4470.906205626667,4585.633767413333,4836.445022986667,4956.779566906666,5196.675979093333,5255.415770533333,5304.1748509066665,5545.162058479999,5447.313920826667,5801.0040081333345,5967.87839376,6071.026692,6262.300230186666,6405.681447520001,6451.253126826666,6590.318137093334,6709.694800453334,6979.451964853333,7141.00436528,7306.312206933333,7326.824050933334,7638.736919946666,7354.81851904,7836.765261333334,7866.281883573333,8404.19897224,8313.217204853334,8475.740374026665,8206.246578506665,8338.489590933334,8384.927526746666,8468.442603466665,8774.473408746666,8621.159693040001,8734.025650906666,9102.124380959998,9140.537695493334,8898.357805386666,9237.362019893335],