{"message":"Aggregated IX data for Melbourne IX","data":{"nServiceId":null,"width":215,"jServiceId":null,"start":1507406700000,"end":1507470900000,"name":"Melbourne IX","in_octets":[],"out_octets":[],"in_bps":[4662.435697946667,4786.695404373333,4932.279165493333,5044.715864293333,5149.622981760001,5119.90105384,5283.711278853333,5361.159521946667,5466.68321528,5850.239192346667,5815.8212468,6162.351046133334,6744.558613786666,6688.250830533334,6791.19172,6775.709274053334,6815.896536453334,6903.567777733334,7161.845664293334,7106.848216213334,7505.50042728,7498.357384,8022.6242764533345,8241.907548693334,8388.355686746667,8439.169795733334,8244.9120948,8386.474060693334,8830.639484719999,9178.109706106665,9264.6661712,9470.71081792,9542.297314026664,9832.66004808,9589.897748053336,9759.430381173333,10255.857297253335,9931.54913376,10321.19537576,10440.453674293334,10695.30096576,10730.306376879998,11171.237535653334,11124.91584656,11713.141512213335,12178.140035226665,11621.8685716,11775.678231626665,12260.840314666666,12078.532821333334,12323.105261626664,12150.904336106665,12099.97596128,11939.354568186667,12516.907532693334,12232.320447013335,11827.78639048,12121.173038426667,11995.68569296,12155.049630906666,12554.617133973336,12049.897160373335,12651.168944853334,12753.56049832,12422.275243760001,12192.092421253334,12794.146881946665,12748.191856613335,12981.992423626665,13073.661968693335,13626.713961173335,13623.609266,13803.457454346666,13329.171035360001,12885.816782959999,13818.892665893336,13946.986267173334,13697.087237226666,13711.147521226665,14155.56362824,13783.485591093335,13741.630142213335,13704.190340186666,13632.940234533335,14125.773330906666,14068.398209173334,14256.802132186667,14738.529637706664,14433.672065280001,14787.0378536,14990.020306106664,15161.362090426666,15156.732895093333,14738.558530826665,15032.635795306665,15306.34310248,15125.884036693335,14941.31113184,14970.220483253333,14508.508239253333,14970.6532592,16031.213300053336,15275.992770719999,15432.719617013334,15117.03662616,15089.149737653333,14690.804581493334,14653.205073520001,14115.665621866665,14299.515890533336,14706.54722136,14903.942515120001,14964.326501306665,15141.917234933335,15525.354890106664,14971.23033056,14493.709266346666,14913.533056906666,15266.578457040001,14790.95897432,15432.435635626665,15101.750469013334,15432.977594213335,15237.593513706664,15734.78033408,15767.273856373335,15911.36479168,15318.076739866665,16151.421031173335,16255.901480453334,15871.301491173333,16520.547755120002,16106.469313093334,15708.091195813333,15795.881131706665,16073.084149173334,15671.210632826665,15786.483529413334,15896.348785866665,15847.507627866666,15913.52530712,15693.95205752,15810.634442346667,16356.10982224,16544.887823813333,16489.507195306665,16740.757558426667,16373.48315264,16257.414768666666,15861.097075786665,16028.462877386666,15892.676506773334,16274.639452453335,16118.199228346666,16212.150884026665,16449.671224533336,17011.587409146665,16952.856327653335,16649.724312373335,15785.302166746666,16492.726900373335,15975.672234906666,16398.587201226666,16697.674558453335,16664.64520632,17324.636379733332,17583.663084693333,17782.787213573334,18099.52318016,18468.977913306666,18216.357084053332,17956.323070533334,17761.31212744,17272.896753413333,17370.341812453335,17576.020035546666,17979.2117168,18211.505079413335,17692.838957253334,17021.843775146666,17235.50191672,17065.081363146666,16549.349235893336,16548.129966266668,16222.751334453334,16237.95592864,16142.01043208,15743.34177776,16048.647575466664,16138.404370453334,15023.821824266666,15298.258584426667,15542.68047184,14526.367155733333,14539.719992693335,13497.65930016,13173.775045573333,12776.863120639999,12861.302655146666,12423.194597626665,11923.652777946665,11738.690853760001,11529.958482453334,11022.759654773334,11301.436695600001,11054.215458,11000.107910666666,10825.442738239999,10965.213195466666,10646.65599632,10457.921169866664,9948.268182986665,9546.337131493334,9373.756642479999,9010.818687786665],"out_bps":[4639.357213813333,4732.9513891199995,4864.455513013333,4995.972172613333,5185.353296560001,5037.37859112,5305.096510613333,5384.111437546667,5564.166701306667,5688.7613630666665,5794.046511760001,6135.832710853333,6693.2995868533335,6623.427880986666,6750.722005226667,6942.0662866933335,6984.528658186667,7115.211970586666,7284.02822192,7339.579852506667,7721.41928424,7667.223846826666,8100.783192479999,8220.13899944,8381.42602112,8485.11102296,8352.833159093334,8583.646420986666,8901.057554,9269.408922186667,9223.151499413334,9487.429499333333,9556.41477288,9719.913054319999,9603.60587752,9643.785480586666,10311.356341866665,10131.617069786666,10519.132659280001,10462.534136346667,10686.096597413334,10779.39120672,11280.048564906665,11395.235336506666,11887.0965188,12118.279098933333,11725.005087200001,11741.354064613335,12253.682330106665,12025.03065936,12324.372183813333,12119.737035173333,12072.085972826666,11994.110004213335,12497.15687608,12034.924365733334,11905.62091424,12125.21954184,11906.171315893336,12062.262720613335,12306.939557146665,11930.25600992,12377.148409813333,12562.61212672,12316.131480426666,12116.29459304,12675.5227404,12867.977548453335,12820.443715386666,13136.886743466664,13516.037956586666,13420.979828133335,13670.218988879999,13191.990479733333,13087.104871786665,13784.304686106665,13843.621982746667,13726.397307520001,13811.864182346666,14230.044154693334,13785.189514799999,13815.707676933334,13872.641847893336,13666.00740808,14047.411004933334,14143.041002613334,14526.341373146666,14884.85461072,14477.10138816,14873.279713786666,15359.998927093335,15400.482401573334,15281.038537066666,14891.445785893335,14879.936060026665,15160.95362616,15071.807238053336,14822.555642506666,14924.27353008,14509.832900586665,14877.552581200001,15782.835267493334,15207.51411296,15179.182018666666,15079.350287520001,14882.462285173335,14513.1645928,14712.956370026664,14351.374275600001,14676.92780632,14871.622294693334,14995.73488584,14955.267053466665,15121.06378776,15335.977502,14964.030641093334,14373.56427048,14609.26827448,14867.566506506666,14665.691046746666,15240.841149493333,14997.06274816,15408.024587786666,15341.462104186667,15578.928895306666,15594.575319786665,15771.307092133335,15522.798189120002,16153.356576986665,16259.6817964,15799.223688373335,16524.039851093334,16369.300548213336,15772.88900184,15834.137483493334,16060.780301280001,15644.866919466665,15517.829395546665,15723.590793973335,15686.852141146666,15787.277917786665,15718.516329573335,16149.302870053336,16499.571826053336,16448.09809008,16417.89218648,16540.58140744,16121.541878906666,15883.83841888,15533.98943624,15826.821908639999,15969.028077226665,16362.426013653334,15950.69731824,15995.68977824,16420.302938959998,16914.62549944,16991.207041493333,16768.852652666665,15974.466047200001,16613.232512906667,16145.992076293334,16362.487310693334,16769.61282368,16692.30737752,17315.973452746664,17619.25392768,17778.580665333335,17975.135896,18127.22980984,18027.549824053334,18019.108497146666,17940.921556106667,17438.911694586666,17422.242295093336,17575.239127893332,17731.969171866665,18016.119136986665,17623.47396669333,16927.783621573333,17001.954103146665,16969.71100552,16478.147549013334,16242.309408026666,16085.22922,16306.849952293334,16147.951358293334,15480.177498533334,15934.445543040001,16087.331472613334,15164.85535936,15510.330145253334,15760.495745653334,14798.857513466664,14908.395360479999,13899.65524896,13301.897161333334,12802.208342826665,12774.867653333335,12357.754646773334,12021.30102472,11702.760353546666,11577.896502186666,11199.852838906665,11215.508926453334,11006.800876293335,10890.46345824,10699.636684746665,10904.674483466666,10468.34354848,10218.232117893336,10000.06032176,9553.563858933334,9324.82425616,8924.3964452],"in_packets":[],"out_packets":[],"in_errors":[],"out_errors":[]}}