{"message":"Aggregated IX data for Melbourne IX","data":{"nServiceId":null,"width":275,"jServiceId":null,"start":1482246300000,"end":1482328500000,"name":"Melbourne IX","in_octets":[],"out_octets":[],"in_bps":[5398.487742613333,5298.212232346667,5017.874899813333,4925.173546533333,4800.834002666667,4696.969306026666,4597.474059893333,4460.133449546667,3283.830413146667,3207.276857866667,3099.31896984,2893.142542853333,3093.4542366933333,3253.79562088,3273.7916359466667,3089.1266596,3090.9921902399997,3272.313975893333,3638.085656026667,3689.030159226667,2914.6147794666667,2775.3619572266666,3317.950058746667,3183.325165866667,3289.7486079200003,3383.7487676799997,3395.8906416,3481.6174849866666,3566.739750453333,3359.143793306667,3211.250745973333,3180.793469973333,3035.918761146667,2893.615772106667,2925.774979253333,2685.69096584,3009.853206453333,2923.9208279466666,2879.3383019733333,2790.9616092266665,2906.5836489866665,3071.2990830133335,3214.5985283200002,3212.9030683200003,3125.098721226667,3032.974137226667,3037.76868712,3087.8564279733328,3253.295424453333,3303.2863101599996,3185.795271226667,3179.602414186667,3373.7245060266673,3533.382830773333,3607.40513112,3731.325158506667,3966.853208933333,3855.22370664,3764.47232064,3933.073147733333,4178.570443013334,4085.215836186667,4223.78934952,4263.6629353866665,4428.740482906666,4401.624301093333,4513.451551413333,4679.77800416,4996.287695733334,5123.2392912,5268.894885253333,5608.14025104,5832.579473706666,6131.478359706666,6204.627250746666,6617.604747733333,6632.56173792,6950.207417013334,7017.548380853334,6932.3990188,7026.010560666666,7139.11824384,7404.94775696,7531.050717893333,7196.7768779200005,7378.101619306666,7628.903546346666,7784.12854328,7851.228499813334,7542.176804,7832.266843253334,7880.604247973333,8076.175521546666,8093.486995439999,8243.426770293334,8882.297952826666,8506.900045493334,8685.246536453335,8720.567384373335,8644.0038176,9039.941698373335,8748.610158613335,8978.80804208,8793.34589728,8747.916600826666,9064.954054746666,9024.843426213334,8991.953198719999,9045.27204048,8713.014006773334,8967.998030879999,8870.950201066666,8953.483004906666,8867.59212576,9083.273639333334,9091.497974106665,9202.43074864,9006.103020933335,9172.678235946665,9731.553060053335,9677.366837226666,9758.220027306665,9657.746157066666,9617.488011173335,9423.49736888,9461.08036752,9634.95079976,9938.112600479999,9618.32762432,9390.627862053336,9704.797585013333,9613.931562799999,9568.398154106664,9336.357630266666,9452.068646213334,9817.000735466665,9499.859936853334,9547.924092373334,9571.652659973335,9633.22433376,9569.013571226666,9596.968407893335,9890.058717413334,10008.943149066665,10043.84785456,9862.311944933334,10374.759463946664,9831.79546656,10318.281429440001,10380.530099146665,10109.98599144,10448.32064608,10393.05596688,10369.743307093335,10192.302856506667,10387.172643813334,10446.327900293334,10155.560050213335,10176.287939573334,10627.792279653333,10734.84876288,10386.99316584,10486.118695386665,10847.483669680001,10936.890995360001,10725.089450453335,10880.986267066666,10507.35330856,10579.321535386665,10588.600734613334,10643.044882186667,10830.007113813333,10473.445983653333,10674.430867493335,10531.422545466665,10687.24981888,10739.799993386665,10725.58085576,10524.893227893335,10681.702184106665,10803.757725893336,10531.449106826665,10473.31285968,10514.659796613334,10443.50306608,10083.406791733334,10164.782250026665,10036.074392826666,10322.923675760001,9669.397437946665,9485.143827093334,9861.040348106664,10100.496656373334,10259.159456533334,10425.41363712,10394.931104559999,10078.372581306665,10306.1599852,10151.15075,10115.300699226666,9970.85754144,10193.311619306665,10316.748234053335,10464.561717333334,10746.511039066665,10382.095919386666,10598.56650496,10714.047740666667,10881.606460186667,10990.27965432,10960.5011876,11018.528220799999,11115.046627813334,11230.276830853334,11333.69284648,11218.724696933334,11495.888029200001,11331.279005733333,10888.56889776,10671.587428186667,10860.9067096,11005.471320053335,11648.301506613334,11427.944733040002,11716.78006456,11571.788994586666,11502.336194986665,11536.564162213335,12061.739358133334,11944.986468986666,11560.891796959999,11834.279131466665,12045.633466106665,12153.479213733333,12486.079192053336,12172.80568592,11059.9938396,8098.312893466666,10252.810577173334,12046.822743733333,12185.802322853335,12159.185491706665,15048.613875813333,14603.30341136,15451.31609312,11132.387447546665,7659.545722586666,7651.1852691466665,7362.681875413334,7355.35477416,10199.590142266667,11185.4853036,11322.079049546664,10898.365446186666,10634.048674026664,10456.045927546666,10337.80562688,10252.98138336,10055.389536426666,9886.418591333333,9535.48284432,9450.133872853334,9314.662341013334,9031.357647013334,9218.417103040001,7869.584708453333,5929.948062773334,8208.6942872,8454.895660266666,8285.347193226666,8209.057456986666,8147.9203484,7636.4208707200005,7442.579014373334,7153.869277626666],