{"message":"Aggregated IX data for Melbourne IX","data":{"nServiceId":null,"width":288,"jServiceId":null,"start":1480377900000,"end":1480464000000,"name":"Melbourne IX","in_octets":[],"out_octets":[],"in_bps":[5777.571816613334,5900.462805093334,5724.85159664,5875.0623932,5719.758067706667,5837.749003866666,5995.040795546666,5721.725106746667,5938.4203368533335,6238.868938986667,6212.620409253334,6024.961084426666,6083.382943760001,6156.024904479999,6334.01750568,5977.044568186667,5864.247565306667,6013.749631680001,5987.993071173334,6126.607553066667,5616.688949626667,5739.026739973333,5937.8844653333335,5500.473979413333,5975.832014346666,5631.31380752,5867.552110373334,5831.3769056266665,5820.360053066666,5839.247717306666,5510.46281888,5698.2982588800005,5759.981928506667,5686.68873448,5756.396140026666,5613.262537680001,5751.500214293333,5882.5886572,5779.912990773333,5950.22159888,5903.075293893334,5929.323973786666,5618.6625273066675,5748.702667653332,6098.998168533334,5895.082542213334,6105.8985244,6011.825765760001,5877.25486584,5762.130353786667,5926.41866568,5672.1939228266665,5763.45185072,5784.194575439999,5663.5907822399995,5744.4705891466665,5849.817255226666,5793.178605093334,5847.4187432533345,5895.788993706666,5860.59405984,5858.26019096,5840.906292506666,5949.773358426666,6037.866292666666,6069.065646026666,5929.34026256,5970.866049226666,5948.41122808,5874.160869466667,5911.981261173334,5919.29456432,5836.0247798400005,5803.7766927466655,6107.790616213334,6241.417450746666,5746.827294613333,5642.713271359999,5888.847288533334,5775.989529066666,5559.9479093066675,5687.03308496,5911.772713706666,5786.137836693334,6058.2466320799995,5670.215408453333,5858.4580508,5573.756976133333,5591.082038613333,5675.33389936,5521.3186892799995,5660.468103573333,5725.687251439999,5651.3842392,5586.75068272,5611.5666324799995,5689.527400666667,5668.887087173333,5603.28984816,5728.288840560001,5665.80707712,5673.04344208,5580.50885696,5764.220050826667,5569.974333813334,5599.9850212266665,5713.898498346667,5671.269093306667,5788.843525893333,5864.044737573334,5902.542668666666,6011.1728968,5914.7004437333335,5979.846094586666,6141.705374239999,6092.348262586666,6102.995421093334,6069.798286560001,6016.538425813334,5764.406954266667,5990.112884506666,5960.037343146667,5894.841299573333,6071.34480792,5803.23566464,5900.193105573334,5883.504379226666,5629.54126536,5860.001823279999,5857.8660761599995,5810.1427689600005,6009.354984853334,6175.8028925866665,6015.01319504,5978.63328096,5821.578191359999,5710.34999368,5496.415241893334,5642.4116328,5394.271714,5439.64477536,5568.37800128,5278.08686768,4965.75234016,4772.162635226667,4994.398015973334,4891.687756266667,4600.610493626667,4556.198014266666,4545.569356666667,4361.6499521333335,4374.8104498933335,4247.582374613333,4091.860585866667,4015.261814266667,3800.512753653333,3884.6038370133333,3778.981778693333,3719.4612274666665,3793.877186,3582.8447368,3645.3976568800003,3526.089740373333,3467.98764088,3338.44266496,3111.1013130133333,3241.3196702933333,3184.2948096799996,3000.305378773333,2896.350148666667,2907.910568213333,2798.0218506133333,2728.5093486666665,2654.7933587733337,2518.6755910399997,2592.3718830666667,3798.8702291199997,4041.791045413333,3966.052543253333,3939.4844303466666,4009.4078544266667,4217.851228613334,4366.254455626667,4182.064414026667,4104.935941653333,4013.280615146667,4055.9977449866665,3953.1943869066668,3909.9588244,3888.797364506667,3746.481098853333,3819.404106266667,3908.514053786667,3761.289334853333,3848.27647936,3865.9978190933334,3895.9554496533333,3694.153297786667,3555.6411000533335,3569.911134933333,3491.593985146667,3329.8153696266672,3387.510126933333,3380.544209066667,3424.521641733333,3381.5386797600004,3366.4554512,3320.828267786667,3504.25512592,3572.99078392,3345.8128934666665,3429.287237226667,3347.807565626667,3345.18248808,3302.457117573333,3269.383861786667,3357.240293626667,3239.735638693333,3199.890570213333,3134.3461881333333,3126.603438933333,3181.0153090133335,3208.4996484000003,3160.037982746667,3101.7042390933334,3048.806735386667,3129.535503893333,3265.3398357600004,3463.0500392800004,3483.712402586667,3337.07141176,3541.73882672,3510.208088186667,3894.154441386667,3912.426257733333,3894.470334293333,4091.31664176,4205.879918693333,4250.873470053333,4332.780099706667,4410.756214533333,4567.956365173333,4584.443530186666,4704.8976511733335,4820.825584346668,4830.316389760001,5209.507557253333,5271.09136936,5338.809956640001,5386.9335528,5467.588474346668,5645.57576112,5905.98687712,6116.990844613334,6268.544376053334,6110.682073386666,6182.76896456,6257.836865013333,6487.626828026667,6562.477982933334,6818.691147760001,6862.393996266666,7097.25617232,7108.5625688266655,7649.94580576,7450.58447832,7553.6410819466655,7894.847712106666,7905.967837093334,7762.70966176,7950.477212506667,8085.4545185866655,8276.274849866666,8474.573400106665,8212.485200693334,8052.961071573334,8373.744374053334,8535.390946720001,8385.855849146665,8696.280242213335,8505.380234773334,8667.641360026664,8652.325127493334,8639.968507493333,8652.241829466666,9101.31028824,8600.746294933335,8694.782292453336],