{"message":"Aggregated IX data for Melbourne IX","data":{"nServiceId":null,"width":287,"jServiceId":null,"start":1498017900000,"end":1498103700000,"name":"Melbourne IX","in_octets":[],"out_octets":[],"in_bps":[12131.378283946664,12394.67123568,11946.546071013334,12189.12617824,12057.25714008,12289.990986693334,12223.622705066666,12474.81663256,12218.759498933334,11976.38803904,11931.607891706664,11788.914309813334,12292.520307146666,12156.19022648,12026.01149176,11885.66254496,11944.775258453335,11887.159160533334,11527.002677813334,12027.619413786664,12265.765932933335,12636.491050666666,12888.455536746666,12758.19125568,13194.608437786665,13237.372642826665,13421.385881333334,13805.1086304,13857.93041352,13614.253506026665,13654.66381432,13512.05662752,13838.53707976,13188.944991893335,13270.49391008,13252.458224799999,13487.186634773334,12973.61194864,12505.805921013334,12145.807046026664,12523.396481200001,12257.828473573334,11717.47642128,11713.86682528,12195.801590346666,12170.65659632,12702.577450773335,12620.150354133335,12526.60422504,12688.958714266666,12964.821728373336,12902.47023392,13255.46113224,13157.120627973336,13413.70488832,13038.021119653333,12803.273849253334,12984.442221546666,12986.950286853335,12616.722322586666,12817.162621306665,13171.912551386666,13592.765763493333,13490.697988266666,13290.266931093334,13736.38632272,14024.250207973335,13706.837064506666,13704.697237813334,14070.333436826666,14350.506597493333,14116.210209813333,14371.569680906667,14122.510266693334,14086.84756432,13671.384407653333,13846.298221386665,13784.13498592,13614.119613013334,13862.39713456,13967.971882053334,14097.960241093335,13672.308588133335,13901.335141893336,13907.232337360001,13965.823900026664,14248.263273386665,14278.366114053335,13719.335484879999,13711.658738373335,13775.177141013335,13649.517865306665,13120.19564944,12800.92561536,12571.514206959999,12903.493571946665,13341.737654479999,13380.047840933334,13431.338802666665,13358.964841013334,12889.941341226666,12805.64757368,12512.195306,12109.281391146666,11840.810689573334,11827.421666186667,11573.84570384,11363.846023546665,10983.253625546666,10770.85710144,10759.470915413334,10284.659035066667,10076.01264216,9752.284714906666,9492.155106693335,9552.736327146666,9046.607468426666,8967.67649864,8597.116377093334,8599.13185648,8795.450088506666,8929.379226613335,8786.9207976,8340.764650133335,8348.974767706666,8108.327266106666,7828.252871946665,7311.714620826666,7066.231271786666,6881.264358560001,6699.67469728,6569.103161093334,6421.961633066667,6622.528316373334,6411.715340986667,6192.25213432,5759.02831304,5753.717718186666,5558.58475504,5280.433437199999,5333.687378586667,4955.45243304,4987.63810584,4797.090779786667,4972.85603544,4560.159636053333,4521.101512266667,4350.9178544,4170.12954664,4125.23056656,4214.83318256,4193.428122346667,3879.6134462399996,3742.20863312,3850.11558504,3883.13185904,4064.601791466667,4392.979040640001,4321.773649466667,4124.67949824,4369.99065944,4190.738697226667,4201.42495088,4106.344416,3653.8468095999997,3618.6269996799997,3717.40030776,3573.1008650133335,3916.16305448,3931.595854,3732.7800654666667,3670.958468933333,3622.44745072,3388.561691573333,3610.7685380533335,3737.1609917866667,3757.9657878400003,3587.740601333333,3730.10508752,3449.920402853333,3511.40818728,3572.4975012,3485.57641232,3659.8741020533334,3705.007484906667,3614.900230773333,3781.053650453333,3672.805334666667,3926.263924586667,3709.789388666667,3782.426700533333,3840.91687168,4157.9034779466665,4227.933599706667,4380.173406453333,4341.899730453333,4352.89590248,4186.519370533333,4474.31587576,4596.425721146667,4593.03673248,4619.1670514666675,4502.5346504,4712.025658133333,5219.96615424,5372.1602812266665,5622.203713600001,5650.716273520001,5669.4140532,5959.89809448,6535.422489866666,6508.655822906666,6686.468272640001,6764.42202688,7199.758753386666,8048.383678239999,9015.461781493334,9405.256683253334,9607.494678346666,9759.512790159999,10255.038191093334,10621.477987733333,10711.1680204,11325.434182186667,11574.722048986665,11929.467481333333,12323.54053752,12905.308139706665,13106.063062293335,13659.6556888,13929.71925456,13661.94485768,13907.057804933334,14344.169390186666,13676.289112879998,13764.759430186667,13696.697892053335,13615.222901306666,14131.925330266666,14331.395428373335,14517.994742533334,14344.94667048,14058.000596293336,14028.912936746667,13743.801670133334,13868.603952906666,13731.846507546665,13642.726122266666,14196.44796712,13884.599056293335,13356.655908346665,13498.107169573334,13740.443299733333,13687.442496266667,13968.755971973334,14246.717417253334,13864.104459333334,14142.010218586665,13773.929518773335,14300.565118346667,14309.6694128,13898.939664346666,13710.099314506666,13502.31690976,13181.88190168,13396.521792373334,13529.492529573334,13095.051206,13253.95457576,13488.197133040001,13199.482013786665,12997.793182506666,12766.021271573334,13208.642321013334,12668.031757946665,12538.039299333333,12514.850419626666,12458.804309386665,12273.554084586665,12136.272132906666,11488.374006933334,11797.890828666666,11876.50319232,11758.611343013334,11820.188049093334,12038.284617946665,12314.294200693335],