{"message":"Aggregated IX data for Melbourne IX","data":{"nServiceId":null,"width":287,"jServiceId":null,"start":1500091500000,"end":1500177300000,"name":"Melbourne IX","in_octets":[],"out_octets":[],"in_bps":[9894.216984373335,10393.786867893336,11102.432190826667,10728.36810584,10781.264727386666,10774.822529653333,11111.69458744,10285.237014986666,10471.498204533335,10640.336264453335,11222.835208879998,11327.778475706666,11071.93057816,11286.492838,11437.975779866665,11118.980792879998,11023.197779813334,11752.344548053336,11631.240967813334,10944.50536968,10795.818920853335,10928.580742826665,10830.108550186667,10733.363736399999,10948.721484799999,10961.618226506665,11049.944212053335,11692.598834293334,11333.03592568,11196.2898936,11127.586632826666,11169.178221466665,11055.679426693334,10818.986670533335,11032.621380133334,10585.758204586666,10710.434953573334,10971.877508133335,11747.195899226666,12477.17217688,12498.911151333334,12599.446663893335,12315.807220053335,12186.17076576,12386.984057813333,12793.578262586667,12487.090050986666,12720.099364853335,12449.09787072,12121.59605624,12020.31860232,11531.041009333334,11858.07015568,12260.748842853334,11536.877409386665,11223.865479653334,11202.851997386666,11494.519071493334,11153.483025146666,11362.804678266666,11435.498374853334,11978.968675706665,11907.211426026664,11933.325824666666,11884.8065036,12511.391994933334,12873.125669866666,12720.515843946665,12315.588130533335,12201.463144693334,12465.332638293336,12670.94914944,13009.312624666665,13090.208559733333,12219.375486613335,12283.26217544,12552.158460666666,12499.528880266666,12506.843830373335,12233.780967466666,12469.593730693334,12252.380149093335,12358.665995786665,12058.68667464,12189.619973893336,12145.141797333334,12385.90190696,12618.749914826665,12562.04095856,12845.726600506667,12581.391065706664,12411.530968906665,12136.719925413334,12043.625508693334,12305.816627626666,13089.02459792,11921.000873786665,11815.476839733334,11588.375582853334,11740.33579176,11686.41337792,11276.506532533334,11226.018636613335,11081.279523786665,10965.81083176,10884.163238773335,10906.6068604,11284.664109946665,11031.845254533335,10672.283383413334,10861.178887946664,10929.714314266666,11487.901559093334,11112.102531573333,10362.92862864,10012.461310933335,10073.592541226666,10069.697721440001,9843.2428992,9716.857643893336,10217.23617224,9462.86333216,8668.39466152,8962.243557413334,8790.287090826665,9380.836602453335,9207.16075536,9051.20054432,9073.735962906665,8623.31922064,8314.542503733335,8069.675611546665,8141.008933813335,8045.132925813335,7697.07625568,7246.114402186667,7416.156650533334,6722.108653786666,6743.876592426666,6471.159594373334,6001.8535080266665,5840.88507416,5942.55840688,5837.5740056800005,6031.347917573334,5931.38841104,5717.937381893334,5541.386831306668,5518.5305497066665,5711.286887733334,5819.3538092,5448.601885493333,4864.34519672,4703.089457786667,4675.854101253333,4692.374714053333,4905.93118048,4784.435813466667,4644.968503893333,4610.408187173333,4328.704755253333,4265.021262133333,4535.382444133334,4380.125259066666,4243.757247813333,4570.46633768,4196.805428906667,4552.814214693332,4777.484029493333,4659.48665064,4437.53444784,4302.840891333333,4343.942470053334,4041.621651146667,3858.25516784,3874.258173893333,3726.0349102933333,3631.708219706667,3569.9318765333333,3373.461735626667,3547.326339173333,3200.0844091733334,3081.07336312,3032.925128373333,3223.066231733333,3152.039835466667,3016.2647202666667,3061.0955115466672,3023.8790915733334,3028.8999667199996,3213.73779184,3436.5960925333334,3688.6457309333327,3832.5471181599996,3483.891805813333,3443.2596328000004,3514.6980125066666,3465.181132373333,3529.6128388800003,3617.723433333333,3525.432003973333,3510.025880213333,3677.587127626667,3877.264159813333,3962.4673604533327,3555.591653013333,3435.40897968,3580.634756533333,3729.35754624,3942.667054586667,3959.360122,3802.2653308000004,3953.641326746667,4005.2529241066673,4124.8176112266665,4580.94952336,4694.267396506667,4951.3751756,5282.3122384,5419.557985813333,5312.06172248,5567.234136720001,5608.716826880001,5748.592640266666,5906.177502453334,6085.565899866666,6113.078767173334,6310.892928746666,6212.144228453334,6417.573969626666,6485.7939174133335,6693.719766026667,6686.79913112,6810.141103946666,6512.58044736,6736.014830373334,7150.136887600001,7526.928749973334,7823.62581984,7596.908730666666,7633.454417413334,7603.637871333334,7889.4257782133345,8240.295671893335,8468.412637706666,8236.731187093334,8047.463055653335,8478.390208826666,8426.629209386665,8206.785377333334,8242.404808906665,8253.141497813334,8191.171421253334,8095.140992906666,8334.691063413335,8750.800836266666,9296.34592512,9631.905352853335,9691.944563173334,9776.92959392,9954.13595392,9845.088947626666,9914.327135520001,10045.926285626665,9839.0369108,9270.258152613334,8992.152882373335,9208.179502453335,9445.6421784,9696.345102453335,9400.363700773334,9138.32167032,9140.959927306665,9338.921115893336,9153.684500106665,9202.909192986666,9530.501253626666,9935.380512666667,9392.123730666666,10114.80952504,9835.723978026665,9894.462073653334,10467.364790533335,10599.587248826665,10883.551614773334,10818.850066,9632.110272986665],