{"message":"Aggregated IX data for Melbourne IX","data":{"nServiceId":null,"width":288,"jServiceId":null,"start":1478686800000,"end":1478772900000,"name":"Melbourne IX","in_octets":[],"out_octets":[],"in_bps":[6532.61836576,6349.694999439999,5999.074222853334,6484.310984933333,6612.6122022399995,6457.751080213334,6111.10338192,6173.581068613334,6165.87591504,6230.6156032,6171.63376376,6003.385889066667,5943.875742746666,6069.342999413334,5868.2665162933345,6047.922752293334,5930.728477706666,5642.19498504,5650.89313896,5519.822016133333,5198.934940506667,5312.134444853334,4966.839334213333,4921.335630453333,4869.82256752,4659.736952506667,4824.389541760001,4575.619728346667,4522.253567626667,4456.864922773334,4316.758726293333,4174.5102544,4198.996064213333,4393.84328792,4199.149305013333,4062.320112266667,3791.7407308800002,3735.30849288,3572.540600613333,3561.7924576799996,3580.115919226667,3401.2832475733335,3281.623883706667,3264.4719621599997,3300.183142826667,3649.160306586667,3334.883828373333,3279.067909386667,3259.54013768,2973.5535009866667,2854.7885453066665,2745.614962986667,2675.4233597866664,2601.3346716,2572.688355093333,2661.0523514133333,2396.8918902133337,2554.00345032,2563.280475013333,2303.497103466667,2391.2800614933335,2369.6765029333333,2459.802091493333,2218.3735918133334,1955.0437096800001,1671.5654887466667,1694.8348152,1658.49342064,1507.1063838133334,1809.1394486933334,2059.8015396,1960.3916592266664,2168.1703512800004,2359.20750696,2186.56512944,2126.75289488,2093.6259069866665,2094.156609973333,2128.4319989333335,2086.3301280533337,2010.1523742933334,2064.8989646133336,2117.12872624,2074.689336693333,2103.7442295466667,2194.81156928,2263.3105450666667,2165.5367620266666,2117.5711454666666,2131.5208706133335,2183.8300908533333,2134.3713196533336,2041.4213707200001,1992.7001378933335,1896.1214758933334,1843.02365672,1775.4668459733334,1821.6096592266665,1772.4079554933332,1815.6168404533335,1903.2328643466665,1805.7417489866664,1930.73406224,2066.7790459466664,2109.15557968,2168.5636059733333,2270.0979726133332,2187.08473216,2217.1893271466665,2219.8273498933336,2367.0229789333334,2569.8375051999997,2551.1197298933334,2637.2850497333334,2677.3338581333333,2652.93404272,2798.5171562933338,2876.6332031733336,3124.935166453333,3014.760873946667,2967.332171226667,3094.88357816,3227.024415573333,3205.582622053333,3344.865041493333,3480.204830293333,3538.290796666667,3778.4878627199996,3963.511928293333,4132.774345733333,4235.36708368,4335.9089402399995,4467.385520693333,4610.76643664,4813.835412586667,5010.14635808,5158.09006984,5488.714949466667,5738.88236008,5672.150413173334,5685.703222239999,6243.218017146666,6256.6982981599995,6234.935711226666,6097.468295413334,6203.641991573334,6070.573752586666,6312.5680481066665,6567.493357813333,6327.2661888,6430.597608986666,6254.32911448,6374.348883386666,6510.916494346667,6087.580880533334,6344.270678293334,6176.5554592,6307.633140906666,6403.108069306666,6439.82170976,6432.92674088,6438.358996906666,6490.571491333334,6537.01034472,6363.302956986667,6716.5553652533345,6553.901936560001,6349.440682213334,6669.321937893334,6743.310069973333,6571.089665946666,6597.215471760001,7008.420093706666,6898.206189760001,6887.1585447200005,6587.046148373334,6506.869231333334,6789.65400376,6765.978856853333,6836.32655808,6720.897079973333,6765.56203008,6662.087502746666,6413.595016826666,6389.45626152,6184.80081192,6235.0191844266665,6168.607393706666,6201.27128824,6326.4845378400005,5958.75216504,5979.071442,6150.9327253599995,5747.460827520001,5914.351993866666,5900.920653706666,5922.389437013333,5976.78214896,6115.3298634933335,5950.8594036,6287.490421146666,6029.101774666666,5982.525346373334,6080.42874088,6136.499119413334,6369.993193893333,6522.358066693334,6413.90857608,6451.396267573334,6717.5499812,6519.53565992,6605.934433733333,6410.7395624,6434.703915066667,6491.7527236000005,6337.9729501599995,6159.517807466666,6216.497253173334,6166.861355706666,6143.243965466666,6297.838899733333,6293.519566773333,6150.571439626666,6231.39860304,5982.38357696,6117.74897888,6193.217213813334,6462.97577776,6459.690202106666,6341.042765866666,6744.445459866666,6777.066451386666,6777.625013813334,6468.690980560001,6775.429617973334,6610.05600744,6321.415682053334,6352.62075456,6447.481379706666,6196.655510426666,6372.7502304,6256.812316213334,6475.280063706666,6233.538216826666,6459.8114899466655,6568.033064373334,6538.11511992,6555.91353544,6243.69425064,6215.18031104,6297.05310184,6010.852169386666,5962.578444613334,6218.8394708000005,6038.96949464,5889.28522224,5847.543154586666,5906.432905199999,5860.804871946666,5843.970543973333,5876.43870248,5827.265141413334,5820.7380868266655,5879.424511093334,5936.1053792,5934.35202584,5945.62047792,6137.744522426667,6143.77970888,6008.48788768,6187.84086624,6244.4733655733335,6179.34691784,6101.944998293334,6302.004710453334,6077.363640986667,6388.564839146667,6195.359600293334,6267.3527557866655,6195.210915573333,5944.626843653334,5869.3559612,6149.237976693334,6248.07190064,6349.647492506666,6427.039001146666,6164.457088746666,6342.055781520001],