{"message":"Aggregated IX data for Melbourne IX","data":{"nServiceId":null,"width":215,"jServiceId":null,"start":1490040300000,"end":1490104500000,"name":"Melbourne IX","in_octets":[],"out_octets":[],"in_bps":[3317.768921413333,3387.963413866667,3481.766667653333,3474.07639824,3677.5706504,3828.820292186667,4105.51711816,4050.42992616,4256.7443943200005,4395.83472112,4733.90622336,5197.34853352,5342.09912208,5981.257425066667,6013.102005093334,6332.708992186666,6912.709199386666,6609.21792112,7236.99539416,7457.713828,7771.821924,9225.142997173334,9657.299607386665,9191.060751866666,10120.324602426666,10784.582744213336,10860.255174506667,11132.356795573334,10801.880906639999,10634.381648586666,10910.367193066666,10742.088747786665,11214.579076586666,11353.897369653334,11041.55609032,10640.498874773335,10692.837200906666,10983.749696106664,11348.906302346666,10909.579040906667,10910.267675946665,10462.519926266667,11186.784560373335,11666.121682186667,11493.714903146665,11515.530507866664,10826.898817546666,11018.964870426666,11708.614246053336,12514.296229360001,12127.786179866665,11965.964577120001,11578.050655120001,11547.104535973336,12499.01695504,11627.812367653334,11899.461454773334,12155.25167208,11889.030353200002,12289.946074506666,13621.69093128,12248.215506506665,12262.158739013334,12424.473216106664,12422.330597200002,12658.329082693335,12950.628779253335,12254.635077146666,11845.841258639999,11807.251253306666,11227.577615066666,11914.201821493334,11571.997616,11825.286070266666,11384.333576533334,11446.483896026664,10920.93951816,10815.931219866665,11300.07547656,11124.260079040001,11202.8084392,11208.869205066665,11262.891504773335,11487.318029146665,11502.368399626665,11752.970602586665,11906.408319706665,12059.980506293336,11773.830303093335,11367.766777306666,11658.142602746666,11620.187917866664,11552.814703893335,12008.146686213335,11761.928918746666,11504.92341712,11243.448693626666,11374.67972056,11305.251994026665,11044.634740106665,11237.153789893335,11228.10357208,10941.682460346667,11566.542599226665,11027.77205168,11125.349815360001,10749.993746213335,10626.461114239999,10825.50835864,10543.190824506666,11108.759590293335,10671.05432312,11043.264829946665,11231.565392533335,11074.44268752,10948.864827253334,11295.107441413335,11360.97766576,11794.446206026665,11182.4209876,11517.210258879999,11564.352927893335,11299.599496586667,11790.759007973335,11462.009402239999,11209.502786026665,11367.424178719999,10985.326629226665,10842.464630773335,10934.129794533335,10718.740792053335,10320.00621048,10809.73343944,10699.082374,10130.174734533335,10481.638634186667,10353.9833076,9978.020628,10469.567143786666,10226.243409946665,10608.491170613335,10108.17194528,10216.997466266666,9423.093140533334,9798.634342933334,9611.084148506667,9583.13200048,9521.994876906665,9673.595926986665,9591.621240586666,9543.611892719999,9567.02318984,9927.002806933335,9701.474660773334,9775.651760159999,9881.867510906666,10113.519723813333,10087.260930293334,10342.384641226665,10355.47772576,10451.813581413335,10139.618689093335,10131.93181008,10183.992412933334,9987.672130426667,9901.577357146665,10013.834673573334,9721.021553546665,9772.882231573334,9705.108346533334,10039.941866693334,10083.737554533334,9590.934944053335,9873.856369253333,9972.822017893335,10152.249770479999,9968.64911,10059.761279706665,9866.202035813334,9794.9034216,9961.563498293335,9762.65178744,10090.695709653333,9730.572567333335,10020.156530746666,9778.750719360001,9768.6989624,9653.621692586667,9167.80347336,8936.981766613335,8921.055435253335,8701.18233064,8761.234451013333,8185.203428293334,8086.286126373334,7728.58211568,7575.593256213334,7334.409370746666,7437.715072373334,7216.979415813334,7245.324566346666,7028.91762696,7174.703963866666,6858.8396902133345,7131.789138720001,6995.4206522133345,6614.223550479999,6607.8632909066655,6265.51618928,6146.0680588000005,6132.974297413334,5831.686065626666,5544.595430106667,5557.834035333333,5546.404623813333],"out_bps":[3315.781348746667,3407.61814456,3497.41268152,3474.956304213333,3686.345760906667,3819.6972409066666,4118.638496853333,4064.382495893333,4246.3696457333335,4388.576389173333,4751.710789066667,5171.781393066666,5368.593068053333,5994.78148168,5994.215810026667,6342.127703013333,6956.552411173334,6625.787995893334,7219.1281063999995,7458.497479706666,7785.534023413334,9285.467727866664,9598.430317253335,9199.806286506666,10164.22749544,10744.197880053334,10917.813721493334,11152.23924176,10762.540916959999,10666.23181288,10930.611608613335,10745.164328186667,11204.206844506667,11348.403182053335,11036.918755440001,10683.03883728,10714.640634399999,11014.24365648,11385.866412586665,10975.734051333335,10896.6938856,10436.162288453335,11210.859234906666,11625.6243536,11539.900127306666,11499.705352346666,10945.019871893335,10995.493699706665,11684.52552664,12523.030693120001,12099.787357226665,12045.30373408,11555.291201146665,11569.025983493333,12522.811582826665,11724.847579653333,11869.998749333334,12172.62901928,11939.827946613335,12356.638181226666,13597.28431176,12288.727700773334,12241.447802533336,12401.245969493333,12391.709003200001,12793.07499464,12929.59084888,12312.993128799999,11773.357080186666,11943.896038986666,11113.38012,11941.277755946665,11536.677593253335,11828.462272666666,11370.610009093334,11495.012481306665,10923.163789573333,10770.346422106664,11250.489432613334,11206.38005808,11255.68661648,11164.868551893336,11287.263810373335,11489.378562666667,11556.618537573333,11740.280883866664,11954.940985546666,12053.990394,11816.220169013335,11356.288285093335,11633.877602426666,11653.818612826666,11627.094408666666,12052.073957386665,11726.798351546666,11551.998783893336,11260.030647813333,11374.03392512,11321.766589813333,10995.905411173335,11267.546947626664,11316.459995466665,10912.55034152,11668.806761493333,10987.673634426666,11248.572341493335,10768.092040613335,10530.904748533334,10875.464592133336,10572.12731424,11140.55167704,10667.7778944,11125.398017253334,11155.820853360001,11159.36047512,10972.17961232,11384.49826824,11310.654740986665,11781.884677866665,11246.960389546664,11495.132866746666,11608.869955786666,11315.022768826666,11771.901515893336,11522.652787946665,11229.647894959999,11321.99022568,11034.47013032,10973.16988048,10807.639331866665,10774.961652799999,10299.1006724,10817.390634373334,10725.936796266666,10124.698584773334,10539.416556506667,10321.593443573334,10026.569951626665,10512.089451173335,10203.609658346666,10645.983340373336,10146.050022906666,10174.85612488,9515.8128056,9761.06501512,9631.965667893335,9601.970043946665,9623.262356133335,9595.637617386665,9599.695342426667,9556.993716373336,9581.635070346667,9921.580718133335,9721.970883760001,9827.331804666666,9796.383012293334,10155.498556479999,10122.88519368,10374.072987173335,10384.69161464,10472.495255786665,10079.819676853334,10212.91398384,10197.680686906666,9921.836047466666,10003.182717040001,9993.942212133335,9770.26020184,9740.842120053336,9703.714245493335,10171.99153736,10073.159685493334,9587.622872959999,9910.523387120002,10052.37700016,10160.439603493334,9930.64548952,10123.168736106665,9862.454632906665,9847.62993784,9982.483390666666,9840.878632826665,9998.500256666666,9763.162810693335,9970.972941040001,9840.945323200001,9673.462388293336,9708.312306426666,9193.9535304,8980.738547546665,8933.848448746667,8699.137971813334,8832.22574224,8124.50571696,8105.24686008,7738.713859760001,7573.048167893334,7338.58251,7464.665704613334,7233.151063013333,7204.217958640001,7065.499767546667,7187.77724632,6853.446979813333,7144.77553024,7016.736045333334,6646.972471413334,6614.955251733333,6250.8962225333335,6176.52284176,6175.273287813334,5797.8607010666665,5538.9827676,5554.024620053333,5542.508978373333],"in_packets":[],"out_packets":[],"in_errors":[],"out_errors":[]}}