{"message":"Aggregated IX data for Melbourne IX","data":{"nServiceId":null,"width":215,"jServiceId":null,"start":1502913900000,"end":1502978100000,"name":"Melbourne IX","in_octets":[],"out_octets":[],"in_bps":[3556.4320608000003,3319.138218266667,3280.079504453333,3329.431325573333,3216.357909653333,3188.108592186667,3494.285874026667,3601.970816586667,3447.379669226667,3755.603213226667,3849.687012693333,4086.309984053333,4401.791347973333,4285.070790346666,4386.153034746667,4829.300395146666,5078.5143504,5472.052901466667,5609.864423333333,6092.810051733333,6913.178397173334,6988.863545466666,6937.74962176,7323.4981623466665,8503.157264826667,8955.04138888,9011.071746746666,9601.953520879999,9794.302977173335,9789.738877786665,10388.76324808,11284.994876426666,11592.218260426665,12110.29985768,13278.744347146665,13224.24361672,13742.392987813333,14726.151652586666,14819.44834064,15310.77743672,15265.08664728,15493.86076392,15308.30412344,15335.514590106664,15338.572235733334,15014.8382348,14965.591305333333,14777.002962133334,15302.546462479999,15406.88510936,15493.829340293334,16315.0243724,15794.867093706665,16099.40031168,15790.950755066666,15850.224510693335,16298.815484213335,15531.984507386665,15086.039259866664,15781.689962639999,16731.914589733333,17698.35905968,17635.69314272,17265.528991066665,17506.529506186664,17196.409335813336,16985.447266053336,16590.012654586666,16234.844418293334,17108.45691832,16149.277721573333,16623.553368213335,17038.933717546664,17306.66800624,17192.436500453336,17027.797382453336,16608.57827192,16572.18489816,16984.766856346665,17099.338565680002,16250.113684533335,16162.534246693334,16288.027656133336,15990.386514266667,15761.964350133336,15638.516171306665,15545.634502933335,15439.59872784,15466.442538346666,15797.653326106665,15626.340735893335,16297.282724906665,15932.10014168,16218.657254933334,15599.868395653333,15732.949350666666,16457.573381546666,17126.808188106665,16503.811819946666,16492.506399626665,16335.030809173335,16410.054731653334,16621.099599600002,16531.942584106666,17008.521852453334,17181.577898373333,17094.56168464,17114.34800016,16872.605759626666,16605.106847653333,16236.50286152,15552.772884026665,15285.985904746665,15293.40468984,14837.801687653333,14995.242567360001,14937.249409626666,14944.428328026665,14951.621931786665,15471.710669413334,16329.829600133335,16912.8338576,16322.25993512,16081.078504826666,15705.611952666666,15733.28188096,16043.079100106665,16145.96671328,15625.736362213334,15692.04297984,15793.065365733333,16110.11542624,16148.566471466665,15362.628832133336,15673.173025226666,15878.639292053334,15028.782833946665,14764.80580744,16004.793344,15685.08735688,14861.029891973336,15443.677030213335,14803.019503360001,15000.728200906666,14468.99809824,14914.23051824,15278.529999946664,15768.94492512,15330.760180399999,15463.566203093334,15069.936519653334,15340.463570293336,15398.932679493333,15176.29872848,15408.317097973335,15423.682996773334,15618.660789813333,15517.297325813333,15777.13499176,15861.623583493334,15698.612076746665,15866.440242293334,15642.732442,15912.065081786664,16276.709451706665,16092.427093653334,15801.629297706664,16022.9792932,15933.039564213335,15699.972739066665,15502.418273786665,15485.169538959999,15680.997860986665,15294.731743893335,15811.27418848,15837.22172584,15596.402837013335,15993.925562026665,15725.65838576,15621.326622693334,15352.948597493334,15542.286327066666,15586.721788159999,15554.711767546665,15551.506217066666,14332.996065093334,16364.891850853335,15369.204498533334,15655.522818613335,15166.607644266667,15157.215997546666,14894.925701040002,15019.358926933335,15111.167425173335,14911.372735013334,14440.172972533335,14219.860875946664,13603.580384186667,14075.323787413334,13582.38287808,13407.911474586666,13596.43952568,12851.02591928,12704.092061573334,12442.485296026665,12207.162145306665,11919.946795253334,12137.04748592,12001.863848693334,10945.979527013335,11366.526472133335,11082.87547632,10817.93834368,10386.192846666667,9581.045468773335],"out_bps":[3531.636493333333,3261.8734905866672,3224.76219408,3302.571928826667,3173.840272,3170.211500853333,3482.778985573333,3612.61272392,3489.32138064,3834.35922816,3853.851106853333,4034.1569739466668,4360.624233413333,4295.34899096,4457.40050824,4987.426983226666,5140.641871093333,5511.31496392,5557.310406506667,6070.014952666666,6857.192412853334,6977.330889413334,7072.00615016,7422.365059226667,8504.101020666665,8906.314854479999,9021.04065632,9661.949306293334,9948.068547946665,9859.2234092,10378.400432826666,11186.666022213334,11582.87551528,12111.501678906665,13047.301718746667,13082.181570373335,13840.575418613334,14762.801953466666,14775.879445546665,15189.454758186666,15271.468257066666,15317.466068613334,15251.144524746665,15356.513994,15366.339048693335,15210.947268266666,15097.156748906666,14700.7105696,15344.641065413334,15379.957714533335,15415.168160879999,16160.591339546665,15988.96237536,15961.21471968,15717.450868986665,16050.75070864,16058.461841253335,15609.127419813334,15179.47355608,15684.398116533335,16832.103120426666,17661.038347786667,17536.426894053333,17219.878451226665,17519.044492853332,16989.748056,16709.428012959997,16463.30424488,16066.069663573333,17007.9937632,16130.751180506666,16471.722809093335,16985.33164792,17262.1024112,17071.4285524,16884.016874373334,16594.549083733335,16699.147519253333,16874.269379413334,16934.747851093332,16275.29974472,16368.83409424,16312.903941013334,15958.339076346667,15761.513183626665,15464.172912959999,15609.002943546666,15522.397741093335,15665.614102133335,15670.440278346667,15489.85013968,16108.64116808,16091.65540088,15964.027400853334,15723.087349520001,15755.712896186666,16434.957019173333,17118.98401952,16519.602946773335,16464.76577712,16409.097595546664,16545.986736453335,16526.19108952,16673.032605573335,17175.123696,17191.775522933334,17030.87307232,16949.139463306667,16825.308497946666,16669.67771,16357.586793573333,15774.7406484,15378.804317066666,15441.834466613334,14856.534126479999,15157.578749600001,15188.408052613335,15163.456617173335,14920.9876452,15517.1333696,16337.080847093333,16841.70548624,16122.842227093333,15827.207836613336,15459.991845253335,15564.698490693334,15908.007356959999,16093.65295784,15610.08514416,15577.601796853334,16006.65617752,15967.196695386665,16204.884903253334,15488.888007066666,15554.863373040002,15984.612060053336,15147.97702984,14904.781759520001,15633.329808266666,15501.707387493334,15008.185064906666,15531.891783573334,14893.302636346667,15002.36943432,14627.123677413334,14885.78102144,15220.192683520001,15706.862888826667,15340.768993413334,15470.574505280001,15141.02653888,15191.613783013334,15284.049344133335,15135.834516346666,15321.617918959999,15359.597214773334,15476.645805146665,15448.791461280001,15698.32431488,15720.100630133335,15644.1566044,15685.920588666666,15565.683915333333,15603.415253146666,15987.093319466665,16168.695379013334,15895.939162879999,16068.212442826665,16038.756999893336,15698.238687546665,15433.791266373335,15508.764143946664,15696.550942186666,15421.70510424,15777.902291173334,15859.402922613335,15665.955644399999,15967.01477712,15623.382609813334,15675.43062096,15322.168645146665,15571.287532586666,15574.08756112,15559.1135524,15353.35056952,15148.268178266666,15382.446881466665,15423.409160719999,15499.46725648,14993.25004632,15007.58815384,14827.710944773335,15071.660233386665,15123.16295328,14602.766200426666,14372.98329344,14123.611971600001,13553.349575653334,13837.06358784,13413.1423572,13211.618387440001,13428.990014,12932.060359333334,12756.30858712,12628.436919466665,12484.63789768,12245.76681024,12056.107749413333,11917.142003733334,11099.94408232,11348.347460693334,11078.021547546665,10765.427656453336,10454.558960533335,9743.881436],"in_packets":[],"out_packets":[],"in_errors":[],"out_errors":[]}}