{"message":"Aggregated IX data for Melbourne IX","data":{"nServiceId":null,"width":288,"jServiceId":null,"start":1480464300000,"end":1480550400000,"name":"Melbourne IX","in_octets":[],"out_octets":[],"in_bps":[9083.448614,8994.092647520001,8719.142228666666,8921.502945093334,8722.216180133335,8750.490125733333,8890.836980693335,8991.49083024,9455.627655893335,9404.22249176,9397.072380373334,9247.135521973336,9610.23877176,9733.93802792,9529.065074133336,9293.181692293336,9550.172609226665,9911.738748453336,9613.859689626664,9672.42236392,9875.133838026664,9811.127760426667,9891.042049040001,9911.682524373335,9769.620519173333,9536.842731893335,9219.639126026665,9596.258215040001,9304.134552666666,9459.72617464,9671.074375733333,9496.429993226666,9729.167102,9892.373168693335,9693.118855733333,10035.17711832,9440.07062448,9795.87347992,9970.2516464,9770.131339413334,9816.224072773335,10279.7771436,10013.805293653333,9885.372156,9941.765318613334,10318.509925893335,10571.036205493334,10474.680195413333,10501.931663146666,10117.040897253333,10296.197900186666,10237.849037013335,10097.083497973335,10290.28939776,10177.827987173334,10139.917410373335,10080.582143306665,9709.932346586666,9849.174463466665,10024.361040266667,10128.85793752,9696.46494616,9811.561764853335,9958.680811733333,9615.067870213335,9960.347818133336,9989.491072586667,9935.943060239999,10454.275681973335,10023.642058373334,10471.93293176,9998.179091760001,10133.832097626666,10025.078744026665,10400.665106986666,10594.897583973336,10212.269418293336,10253.847905946664,10116.941695946665,10180.818468453335,10172.63172368,10080.510270613335,10006.470067253334,10017.992439493333,10515.219721306665,10562.104088426666,10337.362595573333,10070.207944266667,9909.350402026665,9755.698695520001,9736.483941440001,10228.189417386666,9674.201496693335,9842.844342,10126.576356399999,10795.74421176,10303.511772639999,10543.4889364,10393.96659256,10524.632354719999,10276.953905440001,10234.0186464,10454.62027744,11074.831846746665,10929.879039866664,11211.098963386665,11515.110816,11496.87391456,11570.441871066665,11428.820105226665,11391.84989176,11428.841480586667,11661.891427413333,11260.486185333333,11466.974807733333,11491.120590613335,11471.326388559999,11853.448181200001,11598.084383226666,12288.57343152,12158.059747706666,12112.231007013334,12493.617004906666,12449.48510488,11768.139545573335,11809.168748773334,12114.94333008,12457.00201552,12267.449603173334,12166.964771866666,12176.968054133335,12185.965278533335,12214.775113386666,11974.067854373336,12133.853089600001,11881.523018826665,11666.178878133334,11524.005451466664,11352.579314613335,11114.977952559999,10828.729783813333,10751.819368533335,10479.82908768,10672.44027664,10607.751453013334,10275.44055008,10046.84080944,9885.216047946666,9629.771539093334,9632.08748192,9217.1356464,8725.1063956,8787.254519040001,8481.046910266665,8346.339478373335,8380.08199992,8455.08004008,8301.146712826667,8211.0647244,7846.359543493334,7695.63570872,7681.74219336,7411.586959866666,7177.61912496,6982.4940092,6854.671232853333,6789.172982853333,6645.924895973333,6609.1124950933345,6739.278719546666,6387.253264426667,6283.515018773333,6041.345107813334,5689.841495733333,5678.802439546667,5499.3903065333325,5452.377666986667,5431.08629048,5218.874843226667,4915.767022373333,5140.60196088,4831.2795425333325,4713.557474133333,4734.5790979466665,4750.373977146666,4677.0236688,4531.107622373333,4384.38218504,4286.7173408,4379.1279552,4258.537347866667,4085.6393774666667,4244.270042453333,4202.869276666667,4224.097085466667,4064.000043626667,3868.87012352,3798.95243696,3532.050359333333,3456.7905468266667,3465.7922843466667,3293.141426746667,3457.78731096,3350.2338050133335,3295.993157573333,3269.099234666667,3351.85810968,3351.30039312,3487.47562616,3340.497664853333,3094.4236014666667,3072.0338832800003,3080.64856584,3038.0780316799996,2965.423578586667,2931.72442392,3161.1554385066665,3104.7882617600003,3139.5063547199998,2954.3195529600002,2947.872007813333,2991.259647386667,3027.47470016,2988.212521653333,2948.4931443466667,2980.9450056533333,2868.2046178133337,3037.3349887199997,3307.778369413333,3181.12863176,3206.991875946667,3458.249363893333,3505.908460373333,3473.7617848,3583.5104672800003,3522.86157992,3585.184690373333,3775.1416036,3951.94329032,4185.81014792,4267.2106915466675,4283.622761626667,4508.5969411999995,4541.218805760001,4704.3496708,4871.477395786666,5076.252419866667,5077.6126827200005,5181.068117333333,5224.210068213333,5343.601584720001,5421.2792472,5692.928313946667,5738.577552773334,5755.476564853334,5776.05996208,6066.868842693334,6009.014974373334,6151.427927413334,6456.755521226666,6717.293019973334,6672.906691493334,6853.819950133334,7178.690773226666,7483.617807306667,7563.133866826666,7607.782040693333,8117.1083351199995,7688.865113626666,7737.16250488,7672.165713946666,8234.268090613336,8071.52661928,8314.51950472,8461.545534773335,8454.390212666665,8547.074568666667,8597.85348992,8796.412684106665,8891.01619592,8836.580856933335,8732.458910399999,8746.866995626666,8778.382387360001,8558.470103013335,8620.361476826665,8771.554609786665,8834.1085052],