{"message":"Aggregated IX data for Melbourne IX","data":{"nServiceId":null,"width":288,"jServiceId":null,"start":1476930000000,"end":1477016100000,"name":"Melbourne IX","in_octets":[],"out_octets":[],"in_bps":[5024.287110693333,4260.418315226667,4757.5357388,4937.219665946666,4569.333553493333,4547.555016613333,5089.0356315733325,5252.14040408,5413.529973600001,5644.041630906667,5911.548875466666,5858.2997442666665,5839.547420826666,6059.7063909866665,5887.14919816,5660.618107866667,5525.131669546667,5697.8087132,5601.10247112,5829.5495824,5661.582378053333,5635.593365573332,5658.466318,5700.81849408,5569.309241253333,5702.260283706667,5348.567271520001,5354.772232560001,5298.67825864,5481.77288136,5447.56702968,5526.13699976,5782.169577253334,5884.946835493334,6131.305520426667,5920.149242186667,6129.67611016,5875.702615466666,5976.535611146666,5772.992198426667,5755.392576746667,5742.8070924799995,5782.203742826666,5857.498262293334,5727.834886693333,5650.486367893333,5686.85870496,5860.73592784,5437.8434948,5519.126754,5475.29537616,5399.046066213333,5626.59103088,5678.889534453333,5472.492977573333,5549.625108346668,5348.802598986666,5627.3596744,5509.726626746667,5484.689841893333,5312.503720933333,5349.807022399999,5323.6933995733325,5277.69825048,5458.797046613333,5272.3877239466665,5364.276731946667,5404.89699472,5352.041364613333,5535.280276186667,5441.175271013333,5504.26749048,5495.736211866667,5640.170842186666,5360.2032099200005,5297.694267013333,5147.864664293333,5045.387405466668,5211.767606613333,5120.269004,4679.27301912,5170.7723201066665,5234.92939912,5462.445100746667,5412.45172856,5692.281521253333,5747.39465528,5135.373494853334,5777.603703066667,5709.208268533333,5642.2311556,5361.800184986667,5925.3076988,5781.4134257333335,5857.744865893334,5552.636356586667,5602.122644026666,5529.327851013333,5659.780620853334,5274.658837306667,5945.65245312,5337.750263626667,5802.9206650666665,5523.5498539733335,5615.186624933333,5177.552354853334,5698.230044133334,5221.36408616,5666.509301386667,5156.16594,5252.8088892,5557.38847392,4926.333283066667,5230.269056213333,4938.133945226667,5055.296658266667,4590.8335936,4847.63240848,4671.467325680001,4657.918490346668,4723.042656586667,4655.756242933334,4596.239056133333,4378.627235093333,4234.7903028,3997.638464186667,4002.124990826667,3929.701624106667,3918.350784266667,3708.902408186667,3777.5360506133334,3787.94659584,3558.556820293333,3621.351028853333,3375.815499626667,3403.74711104,3220.122105653333,3317.095903813333,3282.686071413333,3350.2260435999997,3147.7611284,3231.6298277866667,3271.347357333333,3109.89551872,2973.94977072,2875.0845456266666,2886.550106293333,2805.4299062133337,2685.0302379733334,2531.9800096,2450.8207480266665,2396.8491177333335,2359.0980193333335,2426.5647978133334,2309.8625259200003,2300.6445924,2254.522195493333,2305.5966570666665,2183.06596088,2029.9926735733336,2027.2137388533336,1900.9020613333334,1918.5851148533334,1977.45010936,1982.1937032,2202.1205204266666,2261.7428101866667,2211.7077882933336,2137.93259544,2186.2715868266664,1981.6362038666666,2103.2579831466664,2006.1261059466665,2053.2689557333333,2123.4866753333336,1992.0009268266665,2073.6581510666665,2083.6354012266665,1891.7624892266665,1871.49631512,1793.6449357333333,1823.8907156266666,1855.3685001333336,1862.1505532266665,1875.0958759466664,1975.0827478933334,1975.75635784,1904.4324662933336,2007.3707699200002,2099.7658867200003,2111.8294774133333,2133.0876630933335,1981.3382700266666,1921.92125272,1943.0769339466665,1986.6310548266665,1817.8367044266665,1881.86127224,2038.9652358399999,2059.3735509066664,2026.2457713333336,2579.9487797866664,2619.4880033066665,2367.9749037866663,2452.44172416,2344.7789445066664,2543.8927962133334,2682.6367011999996,2748.5628798933335,3045.646201626667,2913.58973848,2928.782316133333,3127.5757044,3060.3624272800002,2966.193280533333,3072.064512346667,3087.963591626667,3176.84393896,3236.313848666667,3493.7463901866668,3458.6685734933335,3591.8705906933333,3720.982311146667,3641.489112453333,3947.513506,3998.750554986667,4328.110886986667,4484.661283066666,4569.097940773334,4792.292269813333,4885.613029946667,5266.626843413333,5318.647459226667,5476.197140213333,5518.491975520001,5904.707069626666,5949.566515413334,6185.64300488,6164.5757028533335,6179.701745146666,6335.108658053334,6072.59846104,6375.717291573334,6406.181777306666,6174.062548613334,6075.18039984,6300.886345093334,6093.569689573334,6065.044576506666,5924.10066744,6115.482664586666,6217.077337013333,6091.2801596,6091.869038026666,5794.97591816,5828.304509573334,5830.903998133334,6059.18921568,5970.676066693333,5933.8576789866665,6127.329276560001,5767.4266757333335,5878.515023306666,5547.27900312,5827.114783466666,6064.823230773333,6167.167821653334,6335.560016773334,6372.4840052,6407.848813546666,6258.92300032,6393.439181386666,6130.79622776,6249.15533856,6258.19094096,6271.554921306666,6324.140282186667,6349.934214666666,6264.49317624,6241.500478133335,6141.713708640001,6088.038048666666,6176.60171392,6154.99189544,6081.24560376,5966.75466008,5743.705993306668,5908.40845312],