{"message":"Aggregated IX data for Melbourne IX","data":{"nServiceId":null,"width":287,"jServiceId":null,"start":1495541100000,"end":1495626900000,"name":"Melbourne IX","in_octets":[],"out_octets":[],"in_bps":[13430.614961493335,12570.467767200002,12667.570358559999,12018.281001120002,11940.610582746665,11639.253264533334,11566.93157472,11430.087786186667,11248.25567984,10824.193758906666,10317.958545866664,10117.07236456,9768.220805306666,10227.05585696,10255.535626373336,10116.209973306666,10963.356296186666,10360.458153146665,10083.62215384,9823.012105200001,9294.571779573334,8628.1689828,8544.62711416,9499.313644373335,9804.846413173334,10133.032368266666,9591.708306133336,9718.890433413333,9605.32078752,9237.13553728,8810.17284144,8859.903056426667,8512.326603893334,8208.54303704,8291.27056176,8193.820150053334,8408.173966586664,7932.656501840001,7802.90042304,7246.597901306666,6806.93413192,6599.98106384,6655.449875413334,6533.132838133334,6463.79795992,5950.589530133334,5355.90759808,4731.169906346668,4886.716998693332,4638.11035936,4315.577684106666,4530.669912026667,4632.341063546667,4208.887805733333,4316.723953626667,4552.433556533333,4794.423919173333,4571.970782213333,4285.602267013333,4256.789361866667,4461.35694656,4457.63448872,4329.375534373333,4437.255141653332,5142.90871512,6156.699031146666,6042.94131888,6691.094303733334,6635.937811306666,5602.294784826667,4662.21564632,4257.726058773333,4294.030897413333,4296.394799413333,4034.68833776,3783.128651573333,3930.2172196799997,3928.18602352,4021.4246684533327,3997.26661616,4055.482484853333,3918.0572790133333,5514.880902933333,6555.9806324266665,6578.90268544,6206.783433253334,6022.16306912,5571.023605786667,3899.361408266667,3677.778214613333,3807.279691973333,3862.70441048,3892.4441700533334,3942.857276186667,3899.005555653333,3691.863354293333,4028.8953138666666,3879.603333573333,4052.0221425333334,3934.178005066667,3843.775958,3994.8439877600003,4149.891020506667,4113.995720613333,4108.330032853333,4099.84803584,4117.970575866667,4475.521554453333,4935.335088826667,4897.06220088,4875.014278346667,5204.363494586667,5567.204006506667,5626.016969946667,5852.621458453334,5934.342096560001,6172.77669408,6572.487533706666,6857.007638026666,7192.898826693334,8395.81482576,8898.690849173334,9224.312310906666,9408.545789333333,9546.945568346666,9692.714749786664,10288.660686559999,10674.286040586667,10998.41105912,11669.55826544,12033.785796213335,12317.562206266666,12684.230205040001,12496.524217946664,12132.357556693334,12160.914950346667,12171.190979813333,12204.133024586667,12122.211072453334,12264.225386,11705.260593386665,12803.801584533334,12182.095361200001,11988.728824666667,12592.388620773334,11946.725071546665,11329.191486346666,11350.40502136,11317.1118896,11175.115163066666,11380.555859386664,10981.143628666667,10820.47682752,10777.470310533336,11052.92105784,10789.734253386665,11926.686670213336,11495.952242373334,11985.081582666666,12182.376560346665,12044.982817626666,12405.260292026665,12768.98081144,12415.005094293336,12155.575484933335,11976.402613493334,12187.31183096,12256.203842106665,12727.584648986665,12621.13837104,12525.629490773334,13046.621388586665,13155.644862719999,12876.885843253334,12884.756548506666,12494.42639352,11829.940682426666,11420.995140533334,11192.191975200001,11201.224312346667,11118.329943706665,11317.759699146665,11195.773089013333,11160.868498693335,11067.043445146666,10861.872762666666,10854.76367792,11141.035490053335,11222.30091048,11088.74560008,11391.352089146665,10923.594463520001,11373.03193328,11717.312651866665,11862.118335706666,11299.804734186666,11559.812175680001,11329.280986426666,11490.46852184,11247.433318373334,10900.019417653333,11175.788095146665,11152.02362776,11402.319533626665,11669.489300719999,11249.572557360001,11723.435531520001,11178.17242504,11211.722188906666,10989.340137866664,11428.053559733333,11513.207563466665,11417.6762624,11340.676936773334,11264.429569386666,11489.765080373334,11886.6558656,12256.323963173334,12580.879782639999,12232.375286426666,12198.499754293334,12510.546612186667,12592.902719813334,12882.842411626665,13127.167066586666,12302.84665384,12723.7878504,12410.985564826666,12792.75134256,12846.90202616,12816.2085508,12320.24968176,12760.85092816,12210.776466986666,12919.45376832,12458.016458346667,12731.652564026665,12282.202775786665,12015.91394736,11731.77143968,11975.604439866665,12289.630324186666,11912.619193706665,12121.691622346667,12539.500401226665,11893.837610319999,12650.630287546664,12435.141628719999,11574.906744906666,11547.442850373334,11501.236580853334,11671.21433232,11276.378161386665,11504.536544906667,11307.047590346667,11494.08680848,11832.91175888,11399.94799096,11258.158090133335,11462.079934399999,11514.14205608,11692.574665306665,11438.639354586667,12045.738517653333,11982.167489706666,11742.443231786665,11823.311973200001,11809.001103280001,11771.677702293335,11772.992349066666,11853.421784133336,11484.491402533335,11468.921971546666,11793.128192426666,12529.142580906666,11400.858807066666,11988.879893413334,11871.067627306666,11625.048465386666,11769.927843546666,11700.605225173334,11691.12333568,11620.709437653333,12426.281400773334,13102.210083946666,12400.072381040001,11357.980067093335],