{"message":"Aggregated IX data for New York IX","data":{"nServiceId":null,"width":236,"jServiceId":null,"start":1473531600000,"end":1473602100000,"name":"New York IX","in_octets":[],"out_octets":[],"in_bps":[1003.1763211733335,953.6371402933335,1027.2618335466666,1043.9550669333335,1149.60341592,1050.9368871466665,990.52774912,994.3777281866666,1060.86575832,1000.08886752,1005.5268243466666,975.7853820533334,994.0602057866665,1097.6880387466667,964.37397656,950.2591530933335,916.8223759466666,1010.7638285066665,996.10896976,972.4755048,961.61212424,970.5789143733334,950.9137985066666,946.1720625333335,949.1363663466666,990.2614430933335,913.7353083733335,933.6916645866665,900.8277939733334,955.9167656533334,915.4610837066666,958.83152136,972.5193981066666,963.3359458133334,991.3181021066665,1001.8801718933335,905.0473352,915.55128664,915.46807976,1023.50325616,1031.9783958666665,1062.2784068533335,988.30330344,1006.2832211466665,1039.7769015733334,1056.1344256,1144.14279992,1051.84660472,1091.3315069066666,1114.3730495733334,1018.3063389333334,983.6677410933335,976.8248567999999,971.6600378933334,974.8264250933335,1025.0319441333334,1258.2021195733334,1180.4024175466666,1233.4487231466665,1238.4578853866665,1254.0607030133335,1214.5696827733336,1226.0772460266667,1133.7237111733334,1082.1637652533334,1125.96421152,1140.9230518666666,1139.9492197866666,1184.99961008,1156.4743377333334,1196.7349357066664,1210.1187593066666,1197.7873405066666,1102.5924624533334,1018.1252308533335,993.4923172266666,994.83870568,1033.8443885066665,973.4129495733334,977.80064144,957.116808,993.3646744533335,1065.2371746933334,988.8184114400001,1142.5627945866665,1143.81431232,987.3580745066665,1017.2633528533335,979.1315588,903.7099721866666,987.74885696,900.9803877333335,927.0255053333335,944.5127270933335,1038.2615090933334,981.1601814933334,967.4594139466666,1002.3163639466666,958.9558107466665,937.8308894133335,929.9025712266666,945.7897226933334,1101.8241879466664,1109.75878944,1080.8835835733335,1041.8344258666666,1133.2197021866664,1173.1596176266667,1145.07574088,982.8826754133335,923.8505391733335,911.5219458666666,883.6216974133334,907.6169109866665,917.6262045333334,879.2434925866665,850.4230155466665,972.6688602933334,910.76730088,884.88194648,877.2775961066666,934.5751771466665,875.0930067733334,884.0042304533335,881.9250984,849.51583984,849.4145756533334,782.56424688,863.9083030933335,863.7576405333334,936.097196,868.6952852000001,799.65129672,765.8656612000001,755.8625066666666,738.1752756266667,777.4499,723.53209944,744.7317446133334,722.0116483200001,724.7692134933334,725.0733245333334,660.13216432,704.9548845333334,701.6047266666666,713.5079200533334,740.6273217333334,712.9358188799999,686.6434478133334,716.2782338133334,701.95768272,670.5364190933334,653.5005223200001,649.2689002133334,713.0539038666667,679.0966121866666,654.8687842933334,659.5736207733335,691.3747613333334,650.5776092266666,677.3834016000001,624.76293256,596.9277166133334,632.1861621066665,621.51463912,600.18315792,669.8358358133333,588.1724609600001,571.6392399733334,627.2410038666667,656.81334696,654.0379879733333,550.8796526933332,539.4535407733333,582.2936464533334,619.1029098133334,585.4396372533333,611.7355241333333,563.4292254933333,582.3191045866666,633.86702168,604.2401813066666,630.2674940533334,610.22683448,578.9111013333334,635.2675393866666,574.8952168,568.9354276266666,636.8873557866666,745.1707924,679.82315952,693.2104382933334,669.5480500533334,640.74440424,586.2050034933334,593.8732460800001,610.9067861333333,654.18222976,631.4966006933333,604.5352689333334,611.62476672,716.5208140533334,691.64217288,659.7819750399999,645.56126912,730.6315890933333,731.8586954133334,728.2507115466666,743.5237384266666,688.3762209066666,791.5490314933334,762.8411226666666,740.6396894133334,768.2859170666666,747.4062722133334,749.3761088266666,843.6709310399999,831.0662170666666,874.4307777866666,894.5121711466666,782.0452994666666,763.5333461333333,868.7037843466666,996.4177678666665,927.7808294933335,869.2306791466665,917.8328873066666,971.4853762666665,941.6513990666666,1028.5411846133334,970.9267216266666,967.6562065333334,880.2672756533334,972.8725443200001,921.689676,862.4877146666665],