{"message":"Aggregated IX data for New York IX","data":{"nServiceId":null,"width":214,"jServiceId":null,"start":1495829100000,"end":1495893300000,"name":"New York IX","in_octets":[],"out_octets":[],"in_bps":[84.03884434666665,85.14592034666664,72.44341442666666,81.96077754666665,72.36490773333334,66.97309744,82.00427269333335,73.07077493333334,86.16870389333334,82.44426474666666,91.65076682666665,87.54330069333334,85.44244781333335,70.05547418666667,66.74622261333333,69.57446544,63.10730208,70.05976752,64.52897453333334,73.81537634666667,79.23407341333335,104.45007581333334,81.27530549333333,84.85957551999999,105.09586298666665,111.47862229333333,104.00564674666666,110.79507189333334,99.29560226666665,88.36711333333335,104.60169930666666,121.93230202666666,135.29140181333332,89.57643602666666,91.38454754666665,118.29664912,71.71559378666666,87.69294792000001,63.96301405333333,68.03688301333334,63.81662810666666,67.73246834666666,63.72682264,64.80455722666666,71.13062856,48.50657058666667,50.376182346666674,93.82941453333335,57.477313413333334,59.482661306666664,71.09569210666668,61.40826917333334,69.77669941333335,66.89292392,69.05538058666666,69.69092223999999,67.35332176,63.62206856,62.60417981333334,68.76518045333333,83.69547181333334,94.63548650666667,76.74957408,70.17103626666666,64.16962621333334,80.42204064,91.07188797333335,88.91530368000001,111.49695410666665,106.20072653333335,74.85393864,65.55727968,56.17444288,57.02212821333333,63.333305280000005,60.588389039999996,69.89376533333335,80.21178421333335,81.64527648,83.01040536,81.04263384000001,78.29311682666666,82.72719584000001,75.14777237333334,71.34529405333335,73.69078352,75.70162397333334,82.84381970666666,75.22598608,79.33629141333334,81.2666104,74.09710584,66.62165005333334,66.54001944,66.64940656,66.27581703999999,65.98974773333333,64.19754986666666,62.62261928,74.18529184,76.39927650666667,83.71316650666667,74.46627725333333,83.64837746666666,78.07593418666667,71.44724456,89.94274093333334,74.24952389333333,86.92282952,83.67956856,81.19070994666666,59.91785128,61.30818261333334,55.60682752,58.945783973333334,60.496957466666665,64.63482442666667,59.88799650666666,62.85400984,61.19063685333334,62.94475746666666,56.53062786666667,60.13394432,63.63831981333334,64.39969176,61.297472346666666,53.226164479999994,52.41031733333333,60.43072749333334,56.39887149333333,60.67115922666666,63.78553154666666,67.17398658666666,52.824267013333326,57.56420296,65.88070173333334,54.238430799999996,51.74033088,50.62440061333333,51.097748960000004,53.46672026666666,75.69671504,73.17361543999999,60.91200354666666,60.04273325333334,56.55088725333333,56.57656192,56.24629130666667,67.10588885333334,72.52488941333334,72.81859210666667,87.83531069333334,76.32239685333334,71.4547172,78.44520048000001,86.21692413333334,98.44655781333334,80.87239986666665,69.93624709333334,62.33061128,59.58110850666666,55.617589093333336,67.28535309333333,69.01888648,67.039298,55.51571338666667,69.27133746666667,57.72202464,57.20686576,65.00559770666666,79.24737474666667,72.16058008,76.66507621333334,73.27062352,62.99923189333334,63.97937632,57.67382272,67.46028386666666,61.930298373333336,63.8690932,73.13645202666666,73.51504210666667,80.60234626666666,68.68569949333335,73.95438629333334,68.73543130666665,74.09747082666667,65.44458216,71.15992098666666,67.47731938666665,59.72443685333334,66.32662048,65.22051008,64.88333592000001,70.79246866666665,79.90073653333333,80.47955959999999,67.55573621333333,66.44936575999999,70.29654072,78.16217389333333,73.0823836,65.48303269333333,70.03656728,72.34615287999999,77.18765714666667,90.42652592,106.51712061333335,84.37606309333334,87.25045962666665,86.06145677333335,85.29521930666665,69.87255450666666,74.35802738666665],"out_bps":[80.06685621333334,84.24967213333333,85.19727879999999,72.12007589333334,81.85907093333334,72.91136661333334,67.64185762666666,81.48686050666666,72.53996293333334,84.73682768,91.50287378666665,87.03545951999999,86.21188501333334,69.77345368,66.44321338666666,69.60372178666667,63.1457076,70.10770864,64.76884842666666,72.73007992000001,80.16328522666666,78.06022197333334,105.41238906666666,81.18067490666665,84.76787525333334,105.74694245333335,110.94653746666665,104.21100925333334,112.17103354666665,98.20699122666666,88.58841138666665,104.57620501333335,122.17394672,135.28917797333335,89.32740831999999,91.25720848,118.24976165333335,72.02167706666667,87.49299024,63.680659520000006,68.02107610666667,63.44065432,68.01784479999999,63.803575386666665,64.59551858666667,71.32384237333333,48.629969439999996,50.507370906666665,93.36609709333335,57.81240544,59.20067634666666,71.39462322666665,61.76234165333334,69.47130402666666,67.01447237333333,69.24986053333333,69.84760165333334,67.17278864000001,63.82422373333333,62.44636562666666,68.9502832,83.38972549333334,95.69732930666666,76.16878973333334,69.89744274666667,64.66304056,80.31179434666664,91.42165776,88.46335687999999,112.99776922666666,104.3501196,75.37222304000001,65.44709386666666,55.92388064,57.502887093333335,63.379343733333336,59.786461093333344,71.02919461333335,78.85676816,81.68825336,82.91530781333334,81.01487448,78.64550957333334,81.89238013333335,74.82445312,71.87793658666666,73.80546656,75.14167631999999,83.00649925333335,75.32837053333333,79.08000874666666,80.72035624,73.93516170666666,67.13755584,66.63341373333333,66.24757058666667,66.56933394666666,65.88116549333334,64.51235738666666,61.87826082666666,74.40107336,76.44230525333333,83.37663242666666,74.66508642666666,83.21198336,75.44909312,74.06242714666666,89.84901757333334,73.84309656,87.16401565333335,83.51984664,81.29512789333334,59.524030106666665,61.63156944,55.93271642666667,58.38496717333334,60.382753306666665,64.63483754666666,60.01080528,62.711556986666665,61.20890514666666,62.87695362666666,56.16070213333333,60.325070479999994,63.357750853333336,64.55480626666666,61.30749712,53.20319424,52.58944592,60.086131013333336,56.40641832,63.90670896,67.17431096,52.51412432,57.89459221333334,65.73449536,54.20966296,51.658266053333335,50.665015600000004,51.22937797333333,54.01313306666667,75.97169384,72.07674272,60.66981621333334,59.90050365333334,56.71431565333333,56.94591586666667,56.033323280000005,66.83355386666666,72.40074778666666,72.94874514666667,85.70469501333335,75.85947741333334,73.17492909333333,78.98671258666666,86.99252335999999,97.29712906666666,81.36906202666665,69.55824295999999,62.21218541333334,59.49854290666666,55.59904061333333,67.20334208,68.848354,67.11951762666666,55.418186586666664,69.11208728,57.53885658666667,57.34334293333333,65.10072714666666,78.86350973333333,72.23467746666667,77.37286170666667,72.96036853333334,62.651495600000004,64.31788738666667,57.16925506666667,67.17609818666666,62.63435709333334,63.36008210666666,73.02997605333334,73.24452157333334,80.85564272,68.50234810666667,73.82601570666667,70.52155917333333,72.30302349333334,65.49670874666666,70.92388698666666,67.39477952,60.100254799999995,65.98093890666667,65.36147186666666,64.88958477333334,70.24523309333334,79.81909698666666,80.04824442666666,68.08535765333333,65.99149645333334,70.53567805333334,78.30859013333334,72.82125005333334,65.59615490666665,69.76977495999999,72.41720517333333,77.42072368000001,90.02445405333334,106.64923610666665,83.89130477333335,87.31186008,85.86475970666666,85.04138797333334,70.08359309333333,73.98415770666666],"in_packets":[],"out_packets":[],"in_errors":[],"out_errors":[]}}