{"message":"Aggregated IX data for New York IX","data":{"nServiceId":null,"width":215,"jServiceId":null,"start":1505246700000,"end":1505310900000,"name":"New York IX","in_octets":[],"out_octets":[],"in_bps":[21.440026346666663,19.341394053333335,14.608409973333334,14.285481893333335,10.038083173333334,9.56284656,16.485822746666667,14.148980186666666,16.19091512,12.9665528,17.057696186666668,10.808280186666666,6.041672693333333,7.851417813333334,6.545284053333334,8.167973573333335,13.994087973333334,6.1583461066666665,4.479504400000001,3.89123144,4.118562933333333,7.02624792,7.78613192,6.305827573333334,7.9153180800000005,5.940160613333334,8.34009728,7.2068175199999995,10.765924053333334,16.37351256,8.245900853333334,13.990291493333334,16.39019072,15.525629413333334,3.714056373333333,13.303261866666665,4.7960164800000005,7.6879686933333335,4.949867333333333,11.051617653333334,21.448466693333334,11.562919893333335,14.793119493333334,7.0187678133333335,6.851238133333334,9.58939968,12.424634666666666,5.241307866666667,6.7104810666666665,13.541475253333333,10.125023946666666,13.912801653333334,8.834208213333335,7.893062213333334,13.131444293333335,10.917929893333335,12.359203946666666,19.040411386666666,13.536936746666665,14.934861786666666,17.186826826666664,16.0870656,14.84486928,16.386208266666667,14.441179626666665,14.134374586666667,13.5052176,15.980777413333334,7.67608392,6.815354933333333,16.96132645333333,16.312222933333334,11.8088532,7.999268106666666,8.76642584,16.9032316,12.673376666666666,14.827943866666665,14.67609856,17.227610053333336,15.793985973333335,11.613608693333335,10.029723013333333,15.906783493333334,15.789348986666667,12.066229733333333,8.297974,9.660625679999999,13.71979192,10.05777784,12.026355413333334,8.792261306666665,4.837241946666667,6.264654666666666,5.637825733333333,6.172508053333334,6.375097626666666,5.2576829866666674,7.869572213333334,7.6168872,4.32818504,8.580131013333334,3.7651285333333333,5.269832853333334,3.1708501333333334,3.327836506666667,2.4105802933333336,2.5912867200000003,3.2808314933333333,4.62967816,5.580455519999999,4.930055573333333,4.990390293333333,3.3305544,2.7976252266666664,2.7722360266666666,2.2084089866666665,4.754585093333333,5.724490933333334,2.96692176,2.393368906666667,2.3512441866666665,2.377193093333333,2.2885231200000002,2.12915272,2.8128095466666663,3.1443536266666667,5.0537226933333335,4.189612,2.5792330666666663,3.276605013333333,5.4070376,2.8622254933333338,2.4634106933333335,4.938182666666667,5.068414453333333,3.469531546666667,3.18464528,3.364679066666667,2.8067646933333332,6.247346933333334,3.7925628,3.858192666666667,4.102273733333333,9.959867386666664,5.439906453333333,4.839307333333333,2.5006856266666664,3.66618208,3.5204234933333334,4.497721573333333,7.324245466666666,4.35395064,3.11744872,3.6183046400000003,3.8006494133333333,3.984180106666667,6.087684240000001,3.04062592,3.084821786666667,3.150075226666667,4.27588016,4.8677285333333336,4.3936207466666675,4.305519066666666,3.574773066666667,4.2368701333333325,4.52917192,4.160354933333333,4.332287466666667,3.694454106666667,3.6250696000000002,3.13691144,3.667255973333333,4.65986128,3.13161976,3.21761288,3.368466186666667,2.7379550666666663,3.727014186666667,4.009762186666667,3.996855413333333,3.95817824,2.85638144,3.5339718933333333,2.719144026666666,2.75970448,3.27498976,4.359386906666667,9.316970906666667,5.94375536,6.844538773333333,7.3362377599999995,6.12725768,4.738906853333334,6.8844568,4.427097786666667,4.930772053333333,6.391956586666666,6.020470053333334,9.135902266666665,7.048288,6.1380123200000005,7.163277626666666,8.07806008,5.597279333333333,2.7636535733333334,4.710779413333333,7.957761146666667,3.842340266666667,4.9331215466666665,3.79665288,3.01675536,2.987232506666667,3.05162864],"out_bps":[20.81380581333333,19.402420693333337,14.623266346666666,14.23250208,10.058815466666665,9.614115013333334,16.515982186666665,14.131366960000001,16.246579653333335,13.418473039999999,16.61881856,10.77773584,6.054170586666666,7.8792294400000005,6.5391085333333345,8.18934192,13.9771532,6.179553786666666,4.493653386666667,3.8912664,4.169123946666667,7.01068272,7.783445946666666,6.304489573333334,7.996592453333334,5.89275936,8.374101813333334,7.173932933333334,10.788372213333334,16.420193493333333,8.244698906666665,14.035764773333335,16.41130312,15.584386613333335,3.70431312,13.31245024,4.805647759999999,7.697635786666666,5.019856053333333,11.018129546666666,21.82451584,11.31121144,14.770457493333334,7.0335972,6.91267104,9.602448773333336,12.41724352,5.19642792,6.917148826666666,13.437129733333334,10.488293813333334,13.569794373333336,8.858919066666667,7.916330666666666,13.117611893333335,11.067123813333334,12.316180053333335,19.145405786666664,13.500547786666665,14.936264133333335,17.273267253333334,16.017972533333335,14.95522808,16.29955368,14.457765546666664,14.158513733333335,13.676800133333336,16.176458933333333,7.386437973333334,6.909287226666667,17.07829328,16.12153944,11.87176768,7.946258986666666,8.848243813333335,16.830513653333337,12.714724293333335,14.832037706666664,14.844444133333335,17.156372426666668,15.7529196,11.619861466666665,10.054504186666666,15.9538588,15.814479653333334,11.989562800000002,8.30784912,9.770190533333334,13.650736293333335,10.0432816,12.021243546666666,8.849741226666664,4.827479599999999,6.261018026666666,5.631500773333333,6.178227173333334,6.415816773333334,5.239254026666667,7.891823866666666,7.683542,4.2820158133333335,8.594629119999999,3.862628426666667,5.179136773333333,3.347078586666667,3.157831333333333,2.443054426666667,2.5869968266666667,3.36299008,4.58187152,5.642812746666667,4.875655946666667,4.984977546666667,3.355301626666667,2.80837536,2.7785878399999997,2.2111897066666666,4.766408186666666,5.76339496,2.952853226666667,2.4092154133333334,2.3580818133333334,2.3907217066666666,2.290131173333333,2.162971386666667,2.8004718399999997,3.0414677599999997,5.226034106666666,4.1637514399999995,2.59650648,3.32838456,5.3910452,2.887654026666667,2.4457661066666665,4.97913112,5.075010746666667,3.481458773333333,3.186542213333333,3.406284906666667,2.781651386666667,6.29393784,3.78782072,3.881567866666667,4.127276773333333,10.008253893333334,5.428214266666666,4.823389573333333,2.5259927999999996,3.7132059733333334,3.51725448,4.766444906666667,7.0740660533333335,4.35058688,3.140791946666667,3.684950506666667,3.781345866666667,3.990409066666667,6.12983088,3.0584912,3.0792296,3.13623744,4.30023072,4.981341093333333,4.304014586666667,4.35839,3.5530640266666667,4.285377546666667,4.508223066666666,4.233838266666667,4.3021056799999995,3.693722373333333,3.680469013333333,3.136602746666667,3.656589493333333,4.67113024,3.291489253333333,3.0787498666666666,3.379189493333333,2.7550193066666666,3.7274390933333335,4.032180426666667,4.01273136,3.995024666666667,2.8203790933333335,3.552128586666667,2.742322906666667,2.7537805066666663,3.291984186666667,4.38225752,9.356199093333334,5.957948053333333,6.920581226666666,7.2924870933333334,6.148654026666667,4.75103664,6.89303216,4.432459306666667,4.941783493333333,6.449254106666666,6.02266496,9.177968933333334,7.059470453333334,6.182734,7.143218773333333,8.081682266666666,5.61559792,2.786046453333334,4.7233816,7.97035264,3.8594570666666668,4.962097466666667,3.787598293333333,3.02568056,3.0167953599999997,3.058839893333333],"in_packets":[],"out_packets":[],"in_errors":[],"out_errors":[]}}