{"message":"Aggregated IX data for New York IX","data":{"nServiceId":null,"width":286,"jServiceId":null,"start":1504771500000,"end":1504857300000,"name":"New York IX","in_octets":[],"out_octets":[],"in_bps":[4.8036976,4.030911626666667,7.351948559999999,4.40349696,4.882299546666667,7.5654532266666665,6.6205552800000005,6.122554346666667,4.211795013333333,3.540751493333333,5.430689839999999,7.105290480000001,5.313109946666668,6.5055608,8.792803733333335,5.0150292,4.916954373333333,6.046767973333334,5.128086639999999,2.839935386666667,7.164585093333334,4.09390872,11.701455466666665,10.895967786666665,9.82794608,7.822772106666666,9.107877733333334,6.076257413333334,8.354732693333334,7.5818452800000005,5.66047088,4.880767280000001,7.818249173333334,6.246599093333334,8.49916848,6.537536453333334,13.927826133333335,10.864660186666665,14.744256613333334,11.994098826666667,11.45682976,10.881877706666666,8.3089364,10.104051573333335,17.56142136,18.95910032,18.953554213333334,23.21033288,19.917653653333335,12.992117013333333,13.458268986666667,10.939740106666665,13.654297493333335,11.97718848,20.032498559999997,12.29099248,16.364239546666663,15.960515626666664,22.768033253333336,18.409257786666664,17.207130133333333,21.156100853333335,17.237794373333333,14.30552008,17.828565519999998,19.741128746666668,17.91396928,18.91980592,19.27583736,22.791864266666664,22.87284328,22.923700373333336,26.927502693333334,18.40259608,20.391292426666666,24.742726613333332,16.763905573333336,23.399297066666666,25.52611656,22.397594426666664,19.803002026666668,25.982772079999997,24.647092826666665,26.930743893333336,22.24112570666667,24.93812072,31.06164576,27.696076933333334,34.1660756,37.75757032,36.42018962666666,35.58868597333333,39.54765234666667,38.12249397333333,41.42678474666667,36.92564197333333,38.045491813333335,41.75179325333333,42.51828421333333,30.75972893333333,31.36063293333333,32.40266456,19.629182906666667,20.509960879999998,30.59429725333333,32.812732239999995,23.894719226666666,30.31742077333333,29.518044133333333,26.635453013333336,31.723516826666668,37.465980853333335,27.546973519999998,25.658316773333333,26.68547232,24.7968728,22.992537973333334,25.598446266666667,25.39874096,24.240325573333333,23.64031016,24.276777333333335,18.09671064,29.24631,27.926804986666664,27.400298879999998,25.558226026666667,25.53722896,21.273999813333333,20.377164906666668,20.550327626666665,21.519501733333335,34.326318586666666,33.638802453333334,24.182421893333334,33.211325306666666,27.72134781333333,19.39975064,29.019281786666667,22.003631893333335,21.23796264,16.82416728,15.558071546666666,15.792446453333335,20.592067493333335,17.18046,19.979947786666663,15.830454506666666,16.429229706666664,30.39487010666667,28.348524106666666,17.356289493333335,21.624326506666662,15.62290984,18.39120176,16.06517512,15.483420613333335,18.351253760000002,15.502509013333334,13.944963893333334,10.078930933333334,9.079484106666666,10.155893333333333,12.067430773333335,9.350695546666666,11.665566906666665,11.11606432,15.471122666666666,11.620653413333335,10.18347584,8.12795488,9.1333488,8.213631066666666,10.848306026666666,12.611116773333336,8.319144186666666,8.942124666666666,7.4771966133333345,11.20248528,10.978382293333334,10.960062053333335,9.597160293333335,9.32699128,8.348664906666665,7.4903916,8.75577816,9.82922016,7.309990186666666,11.32499952,7.448766853333334,10.71561376,15.973595439999999,16.46586208,17.520447626666666,11.48945832,8.668412666666667,14.418927706666665,17.05331616,11.099489493333333,10.653914533333335,12.772682933333334,10.92373648,10.8794852,15.164470453333335,16.794302426666665,15.262803893333334,15.983496213333336,25.168916506666665,24.908830026666667,24.07522904,22.29054984,25.264486106666666,17.46898904,19.239631120000002,19.302824426666668,24.216781466666664,24.00645584,24.07166264,27.543467706666668,28.503659653333337,19.389185573333336,16.641785093333333,16.880078586666666,13.980068213333334,18.47548024,15.597300213333336,17.479797546666667,14.36791856,15.986694693333336,14.654850906666667,16.40091656,17.069494373333335,13.78244968,12.082298853333333,21.582903626666663,12.002722106666665,12.971950080000001,10.651203493333334,12.249829813333335,12.890648373333335,14.954284586666667,12.202425333333334,11.875630133333335,10.877064106666666,9.116001653333335,9.426507653333335,10.610962480000001,6.731961253333334,8.007322506666666,7.5513184,7.23197496,7.8938285866666655,18.15169776,10.385851226666665,7.418122586666666,9.323742026666665,10.029427786666664,8.127497866666666,9.49759816,12.327448960000002,9.653271546666666,7.308314373333334,9.777847679999999,10.60818496,13.52215056,10.865371066666667,10.754428373333335,8.113684213333334,13.72595192,10.35331584,8.21085688,6.72381592,8.651263013333333,6.435758346666667,9.567337786666664,7.4043112,8.273450853333335,8.41969016,6.33376512,7.081069546666666,9.353218666666667,6.247843759999999,7.8126987733333335,10.98304032,5.00920792,8.707246986666666],