{"message":"Aggregated IX data for New York IX","data":{"nServiceId":null,"width":287,"jServiceId":null,"start":1490961900000,"end":1491047700000,"name":"New York IX","in_octets":[],"out_octets":[],"in_bps":[106.74773568,122.45601789333334,133.17362194666666,122.84519317333334,103.37822498666665,89.86369544,101.44780493333333,107.18841821333334,119.85548320000001,118.50524901333335,148.98292805333335,126.12891610666665,128.72013165333334,128.18623517333336,127.26749061333335,117.45449053333334,100.52302272,112.73819026666665,104.43459485333334,120.0721364,115.58253952,103.18297813333334,102.19109064,102.31974237333336,94.28260024,98.92463031999999,100.52247293333333,92.30049368,92.9416672,117.20544117333334,134.25393344,136.82664192,167.24797069333337,129.22268976,127.23479442666667,150.09612733333336,178.69334072,219.64893693333335,143.89123154666666,153.72209770666666,135.95526842666663,141.60561034666665,171.79599712,219.7994956,238.33841864,152.72043933333333,218.47647877333335,163.11943461333334,185.31121736,185.64064424,120.56272351999999,213.09303189333335,151.95989085333335,153.24043978666666,173.37691669333336,177.25459946666666,135.38457184,203.5526508,177.20053597333336,177.84007509333333,185.92477133333335,143.96549618666666,227.49319506666666,175.50676368,226.71809202666665,169.45876581333334,200.47227624,187.04983266666665,155.41856010666666,169.25793957333335,108.37790581333334,208.00688944,174.50636568000002,228.70215328,220.01573002666663,213.67059418666668,149.28825077333335,260.9539158133333,311.03064874666666,221.73036797333336,282.99824061333334,245.68317730666664,297.60814754666666,299.0862040266667,287.99596784,245.48880712000002,329.9061829866667,267.06634210666664,306.0326454133333,272.36949472000003,351.81793698666667,295.7763648,304.7705575466667,208.51390168,290.9534876266667,239.97904631999998,265.16923973333337,240.02959984,249.24096709333332,212.88897085333335,276.10058162666667,236.04342968,257.52590962666665,260.62865584,242.65686149333334,210.40165338666665,260.17659176,197.97679765333334,261.7597503466667,224.67793058666663,236.49217706666667,213.7638344,208.00866842666665,182.2394616,201.75328397333337,204.10674706666666,186.83245509333332,179.30887472,204.08624826666664,162.81606832,142.95078696000002,133.32263882666666,102.53843466666666,197.59014109333333,156.63660170666665,149.34790205333334,155.67134442666665,119.63975282666665,112.48858882666666,98.30545725333334,142.78849194666665,147.91993208000002,125.30473701333335,120.1337048,129.92453048000002,104.96391976000001,117.27212946666666,109.07393858666666,164.06542328,113.28085784000001,149.16366634666667,103.17776210666665,123.08490146666665,103.08880912000001,129.92088141333335,88.34738458666666,150.57792994666667,106.19709813333334,104.54769976,99.45466576000001,121.4930164,112.78712392,102.40507458666666,94.03904789333335,107.63403477333334,111.23626794666666,95.16045095999999,133.42996189333334,106.38713962666665,92.6486276,132.70160104,86.06583370666667,119.84368888,99.45013354666665,114.41173370666667,112.16424290666666,131.34665712,112.03296866666666,97.74575181333334,107.05739949333334,95.65383186666666,101.03427384,100.08767997333334,87.94642818666665,90.11863490666666,113.57616170666667,92.79357069333334,98.99831645333335,66.99529712,99.25464784,67.97916194666666,104.60383098666665,61.43090317333334,88.89854794666665,72.59087912000001,90.06711133333334,74.06760098666666,98.55703543999999,62.945337253333335,85.16723933333334,68.20829781333333,93.6456932,63.29627146666666,94.80121,66.94945728,94.71000597333334,70.58621120000001,87.90408650666666,80.33778938666666,75.99973530666665,94.54512098666665,66.74420469333333,114.80163528,76.20337992,95.85460245333334,75.78696736,86.90480090666665,76.13013130666666,86.12140450666666,75.52556928,86.95671392,77.84006618666666,69.66511018666667,92.39820605333334,67.68694562666667,95.16530024,80.8986096,77.91201152,74.36224189333333,82.35819072,71.14460552,79.29339173333334,87.95357546666665,66.18495050666667,92.10251776000001,61.76092389333334,92.81063325333335,73.17028538666665,88.1191788,77.19266912,77.46729402666665,76.80101245333333,83.43352506666666,72.38357725333333,89.35614672,65.17115215999999,87.48661704000001,92.46801432,82.40825941333334,101.08600208,81.03944773333335,81.86542901333335,99.26513506666666,74.90576274666667,92.02920666666665,64.6055872,99.94826154666666,69.08473493333334,83.64649143999999,71.26372589333333,66.30315501333334,58.73683421333334,88.24113776,52.029915200000005,94.33219157333333,46.658321333333326,88.30450490666665,49.57500984000001,71.600472,60.253074293333334,62.25800317333334,63.112225280000004,78.67409213333335,53.07607088,82.03468754666665,44.90745072,82.38234576,50.18266528,78.43514808,60.87021093333334,66.45718122666666,75.80729525333334,57.354915786666666,79.11529498666667,67.68330181333333,67.23747317333333,79.84551416,64.54627405333333,89.6822088,72.17040597333335,73.3576768,97.88032784,58.90341290666666,94.75589648,56.99100432,87.03111240000001,72.391262],