{"message":"Aggregated IX data for New York IX","data":{"nServiceId":null,"width":178,"jServiceId":null,"start":1479769800000,"end":1479822900000,"name":"New York IX","in_octets":[],"out_octets":[],"in_bps":[1298.2395441333335,1251.4683929866665,1278.7028080533335,1309.1449943466666,1190.9067273866665,1223.0957563733334,1270.3314314133333,1308.33279496,1238.9429892266664,1303.8023501066666,1223.1422376533335,1251.2899492000001,1271.27352664,1210.1114488266667,1213.2478744266664,1253.6807472533333,1495.5986345866665,1251.5246618133335,1354.36836328,1314.757564,1292.5559386133334,1310.80586928,1309.6955929333335,1379.3272654933332,1345.61372656,1377.0372565599998,1307.1347021066665,1343.7144212533333,1261.5350280533335,1273.5330256266666,1276.1089274133335,1256.5327665066666,1264.7720244266666,1239.8253391199999,1267.3790973866664,1214.94940656,1321.1067109333335,1235.0573537066664,1245.0944811466666,1191.6324729066664,1202.1810322933336,1262.5918764266664,1301.4533649066666,1150.9779131733335,1135.9167575733336,1118.0653112533332,1159.3664450133335,1163.9375421866664,1055.12533784,1087.5891705866666,1073.8523981600001,1066.47318384,1065.2450892533334,1241.6961250133336,1305.6791230666665,1306.1547698133336,1309.36724288,1388.00122488,1236.3998861866664,1205.7492094133333,1061.0945253333334,1018.2498596,958.4003305066666,1028.5526298933335,987.2060995733334,927.6585414133334,968.79902512,911.8129828,899.0324360266666,924.6524463466666,799.76175936,900.32378176,872.0215012533334,884.5809278400001,938.3687951733334,956.58445208,1020.5288609866666,943.33359496,927.49806512,901.3171177333335,882.5241742133335,807.33632136,908.6041917333334,904.1839779733335,887.1465196533334,901.0215874933334,856.9239980533334,896.1347362666666,815.5106402933334,853.51326376,803.0155052533335,804.61802832,828.1223518666666,825.7149633066666,801.0555482933335,728.1732716533335,751.6503882933334,712.06351648,748.66002312,721.4397286933333,747.8399253866667,726.0972767999999,736.6984659733333,709.9284006666667,707.2071458133333,822.5028862400001,860.4388277866665,792.7812256799999,791.240294,793.4956076266667,748.8844429333334,818.6476197066665,856.7099340266665,835.7608435733334,833.0286189866665,825.2963036799999,884.0890510133335,761.4645043200001,769.8553221066666,777.1304627200001,833.7006577333335,812.2550953066666,817.0905599466666,981.3909573866665,822.585752,874.2827208266666,806.2377400800001,862.0958827466666,780.497442,794.88933456,776.00479328,780.6676976266666,739.5502068533334,775.6927509866666,746.9274442666666,808.9166944533335,782.0687473066666,801.1689381066666,830.1479859733334,800.2173413866666,793.1146957066666,778.88046208,784.47339976,859.9106530133334,879.3010370933334,899.05712744,851.59858016,814.3153863733335,814.4681315466665,778.6204877066666,807.5858152266666,878.12716,975.50078304,972.91589568,919.3151957333334,1010.91267336,992.1234409333334,1041.6824917333336,955.2516465333334,973.1485736533334,1054.5753096,1033.8976123466666,1109.02955872,998.0030183733335,1005.4840275199999,1091.1194825066666,1129.7844900533335,1161.10820016,1230.3924606933333,1397.2069995733334,1259.2837321333334,1228.0950803733335,1149.16255776,1248.7319786133335,1307.9192810133336,1309.52851288,1301.6179208266667,1446.6264570933336],"out_bps":[1304.7129471466665,1247.8854563466666,1274.6856005866666,1300.8748154666664,1191.4448483733333,1225.0121811733334,1271.1717408,1298.3411190666666,1238.4239038933335,1293.7887864000002,1226.3471674933332,1254.5577073066665,1264.87486896,1195.9986777066665,1229.4110219466666,1249.3105130666665,1481.3642327733335,1255.9411748533335,1349.36655744,1316.24799936,1295.0444415999998,1310.12881216,1296.9763082666666,1372.5539379200002,1346.4257195733335,1365.8328745866665,1312.4044710133335,1342.5804405866666,1255.8886055733335,1270.2228338933335,1296.2356860266666,1231.45873072,1268.43905632,1229.74933168,1267.37420232,1216.5931364533333,1319.5958692266665,1220.3215901866665,1239.5984574933334,1202.1560872266664,1198.9809940266666,1254.8098880799998,1292.8059641866664,1153.8997279733333,1125.2731260799999,1125.80771392,1152.1010134133335,1150.2070165333334,1076.6203869066665,1067.3200973066666,1080.8488635466667,1075.9683939466665,1045.66139024,1238.1787504533334,1298.78619184,1302.33929752,1310.3769734133334,1383.4992396,1233.7034309866665,1208.5264807466667,1059.9376203466666,1013.7531776000001,952.75881552,1030.4252138666666,992.0230784,916.4428158133334,951.0836486133335,918.3459807466666,904.29149976,928.12775288,787.1877652266666,902.6478456799999,872.3370411733334,878.4623612533335,944.8237214400001,947.2887387999999,1019.7550229066666,940.5808196533334,930.55094448,892.1063473866666,882.4564649066665,809.4820499733335,907.5839596799999,902.7339603466665,883.4347943466665,895.0164813333334,864.3462716266665,888.2608549866666,814.0337398666666,872.3192805599999,781.6323930933333,810.2125039733335,830.82495048,805.3071322666665,806.2289854933334,725.6955508266666,755.2001468266666,706.2288467466667,750.6669178133334,717.6040432533333,741.7731936266666,726.7414494933333,738.3871919733334,707.1493674666666,698.00761,835.6004919466666,853.3848562133335,787.9664187999999,796.0546220800001,790.31438432,746.8287030399999,819.6766812533334,853.2258757066666,833.8067826666665,838.8319431466665,809.01290416,898.7331949333334,753.5737948,771.17651384,772.5031989333334,834.8433403733335,813.54535776,807.2191046133335,998.3839547466665,819.6584159466667,860.8048503733335,802.7445441066666,865.9721801333335,779.5431851466667,793.28438776,784.2650922933334,768.6673106133334,735.8404299733334,773.3320716000001,752.79553136,813.16620488,772.3558527733335,801.7906367733334,829.7275535733334,795.9113973866666,790.2076014666666,769.54608496,797.1684318133334,851.0338705866666,880.48101976,898.8027682666665,852.2715522933335,811.4147761333335,809.10366176,773.1478894133334,805.42455248,878.6922404266667,978.4103694400001,981.27258352,905.2409524266666,1010.7014664,992.4768694666666,1044.4451329866665,936.8306491466665,977.2978699199999,1056.3687239466667,1035.8065152000001,1104.27747232,990.8337230133334,1010.4634156000001,1090.4541252000001,1134.8466572,1155.1401685333335,1227.4731856266665,1391.97380112,1262.5793613866665,1221.6196089866664,1147.0815203733334,1247.3582596800002,1304.1222612000001,1313.4362064533334,1297.7369210666666,1446.2568496],"in_packets":[],"out_packets":[],"in_errors":[],"out_errors":[]}}