{"message":"Aggregated IX data for New York IX","data":{"nServiceId":null,"width":285,"jServiceId":null,"start":1476886500000,"end":1476971700000,"name":"New York IX","in_octets":[],"out_octets":[],"in_bps":[1445.86730096,1513.34178256,1579.1503967200001,1675.97762328,1401.2309079733334,1450.8792680266668,1368.0800549066664,1402.9776754666664,1426.6839327999999,1420.8249575999998,1508.4053622933336,1462.6779416533334,1316.3822480533336,1297.6139704000002,1324.6609094933333,1475.8549315999999,1502.4278542133334,1511.7472765333334,1429.5244089866665,1410.1958193333335,1593.9986899466664,1513.6758696,1413.62269592,1418.0544614933333,1449.6312677333333,1464.4506247733336,1498.7093006666664,1451.7206497333334,1433.1306197333333,1354.2442574666666,1346.8280775466667,1402.5331914666665,1382.9283929333335,1428.214836,1386.94037248,1386.7028192,1359.9400487999999,1391.2670774133335,1345.4248082666666,1493.93705512,1386.2681236533335,1351.3068099466666,1355.8140350933336,1393.7357460266667,1364.1183286933333,1425.1152867466667,1416.6677765333336,1420.1842778399998,1517.0420559200002,1526.4200957333333,1436.3100460533335,1351.32881352,1379.12594016,1375.0657120533335,1470.6849140533336,1425.3750623466665,1405.3139258133335,1434.271074,1512.9978081866666,1468.1781499466665,1442.1419027733336,1459.0441505066667,1487.5635845333336,1495.8586262933336,1354.1372745866665,1435.0964737333334,1431.8470538666666,1460.44324592,1475.59973472,1450.5512897333333,1613.6772949066665,1532.2130313599998,1525.2982659733334,1441.6196125333336,1553.0869649866665,1618.3777067733336,1553.31252976,1517.52486456,1495.3762379466664,1592.6531058399999,1399.0541593066666,1471.43278568,1476.82027856,1452.6000269866665,1408.0679679466664,1345.6484388266665,1374.9466836266665,1354.45943232,1299.7314978933334,1346.37965392,1361.9746510933335,1338.9316266133335,1297.7657305599998,1252.7897666933334,1300.3848155466667,1325.5032888800001,1472.80042184,1317.7149066133334,1293.6335158933334,1189.4727256800002,1206.3544349866665,1176.0419745333336,1222.7618587733336,1166.7150458666665,1158.1348157866666,1184.9954804000001,1176.4563713866664,1239.3767852266665,1285.8711802133334,1308.2500318666666,1335.7529522666666,1243.1212133333336,1173.84023336,1196.4594924266664,1306.5311651466666,1294.3168622666667,1256.69445272,1338.27997048,1493.5135809066664,1450.7661105066666,1411.8376877066664,1260.0133878933334,1299.13868936,1376.2028616266666,1252.7763617333333,1404.6594913333336,1299.06876992,1309.6009430666666,1329.6951411199998,1370.0991709333334,1389.14546496,1427.1247902666667,1312.8811129333335,1356.6834933599998,1412.0459093333334,1358.1941025333335,1340.7399695466665,1358.0548095733336,1339.8129545333336,1288.4718749600002,1327.2707216533333,1359.58274,1354.69831752,1242.1875026933335,1272.7350772266664,1326.6145390133336,1463.6774215466667,1426.83657896,1369.2124081866664,1433.2116764533334,1367.3043951466666,1299.7419940533334,1282.68630744,1312.6056706400002,1380.4555585333335,1299.7300961333335,1333.83585616,1324.27120968,1306.0703093066666,1100.3555204533334,1040.7083978933335,1095.2736641066665,1119.0565987999998,993.3957982666665,972.1862504533335,982.0391586133335,988.3395334400001,987.7159172533335,965.9580785066665,953.1398066133335,945.0024431733334,1074.0671930933336,1061.87312112,1094.3448064000002,1214.2536223733334,1294.4627966133335,1306.1318765333335,1584.5612811466665,1750.0604437866666,1724.9692691466664,1421.0338511199998,1566.37050296,1724.143422,1942.6397066666666,1984.1767227733335,1716.4420118399999,1704.8594137333334,1597.6274200799999,1473.0647642133333,1381.6352124,1343.4919691199998,1371.0213939466664,1743.7515851466665,1682.0014297066664,1380.9595267733334,1137.1756099200002,1112.0733608266667,1049.4693069333334,1095.5477317066666,1305.5803012533333,1231.29844504,1049.2336092533335,1186.73824872,1011.35631344,1073.989384,1057.2641800533333,1104.8708095999998,1022.0986933333335,1299.13214,1252.0511731733334,1181.38445032,1142.2764818399999,1060.3001400533335,1183.0686962133334,960.5807668533334,939.74817248,1070.1418717066665,1049.3709161866666,1117.5644167466667,1148.0768689333333,1063.8394502666665,1085.40410472,1185.2310778666665,1159.7062704,1098.6148032266665,1057.4157169333334,1248.1873227733336,1187.1773633866665,1143.1094417333334,1225.92513568,1116.4798511733334,1103.6839330933335,1284.6864041866666,1346.34561088,1321.34484472,1293.6242226666666,1290.1384060266666,1304.62240112,1324.2001864266665,1353.4841922133335,1373.9713895466666,1275.5369532266664,1415.0359838933334,1585.9539121866665,1271.8125856,1250.85823864,1288.9004275466666,1407.8113525333335,1375.6320350133335,1356.8816226666665,1248.3097454666665,1085.0564362133334,1045.21273656,1049.5551649866666,1036.9154317066666,948.0016745066665,1112.6205684533334,979.0227897066666,1109.3920111466666,1091.0830947466666,1122.5883947733334,1175.6545772266666,1067.70336144,1112.8124355466666,1180.5792305866667,1142.0088832533334,1041.1822677333334,1183.1924169333333,1165.7723407466667,1176.9033284266666,1275.9376626133335,1385.80467056,1321.4148325066667,1398.91460504,1233.43845984,1303.7545126666664,1264.72164632,1251.0225085333336,1265.86428896,1250.0188337066666,1310.4688186933333,1297.8102550933336,1297.3297479466664,1460.7188752,1314.2589612266665],