{"message":"Aggregated IX data for New York IX","data":{"nServiceId":null,"width":288,"jServiceId":null,"start":1476171900000,"end":1476258000000,"name":"New York IX","in_octets":[],"out_octets":[],"in_bps":[806.2605072266666,826.4825834933334,837.6308121066666,797.30389656,865.1116453866665,1064.7409579466666,1249.71759312,967.1038345866666,1031.1881292533335,995.74611512,973.3300093866666,981.2236692533335,1063.53012112,1198.94987152,1233.71762328,1072.45758192,1088.9455525333335,1189.31449232,1229.7212024266664,1287.3807133599998,1280.8037643733335,1189.4387526666665,1379.0755728266665,1413.2789475466666,1422.8441375466666,1325.74610368,1264.6506891733334,1276.5955449866665,1315.1460823466666,1237.91025576,1214.1217547733336,1307.7172448,1201.6047829866664,1171.52085184,1259.3212335733335,1285.60554944,1383.6578536266666,1357.3677801333336,1317.1015039466665,1294.0459966133335,1134.1964542933335,1089.9487142933335,1103.00101192,1155.5285989066665,1193.0722884533334,1096.32812128,1150.7278902133335,1285.1458778933334,1115.1710240799998,1193.7717976,1137.2956728533334,1147.4260878666666,1180.5803357333334,1283.9422545866666,1360.2405008533335,1122.7723961333334,1095.7250661866665,1301.1640525599998,1465.4100348266666,1305.77639656,1335.2062991733335,1259.90560736,1268.81018176,1307.5958598133336,1321.5810415733336,1347.2824685599999,1328.49864024,1414.54370176,1431.0999124,1377.3670990666667,1432.7876183466665,1411.9810147733335,1439.11128304,1541.5762655733336,1363.88542744,1459.0396448533336,1456.6479465866666,1440.62304816,1407.6647564533334,1426.9647025866666,1446.5410741333335,1468.2035549866664,1486.1281994933333,1510.1030434933334,1497.2887235733335,1475.9657919200001,1509.0535165866665,1453.02985384,1472.4448256266664,1542.6572563466666,1544.1688387733336,1483.8412063733335,1486.7728436,1501.9621563466665,1500.8286769333333,1524.4429100266666,1545.7056958399999,1494.0733907733336,1458.7896279733334,1456.55771344,1443.2109931199998,1558.3842438133336,1560.23014696,1667.9175174933334,1591.7543574133333,1480.66167496,1446.0664079466665,1520.74355208,1564.8688000533334,1529.2702390933334,1552.7421841066666,1530.7957308,1621.9418854933333,1912.14993936,1811.9039055466667,1973.1090714933334,1892.2989624266665,1706.1766138666665,1673.7017065066666,1899.4503533866666,1887.3514982933336,1977.1866173066667,1819.8189811466666,1749.0299308800002,1733.7010985066668,1822.5651960266666,1875.54484856,1765.954446,1830.8472242933335,1898.5166813333335,2020.20011352,2015.0062398933335,2183.940124933333,2196.4157072266667,2104.3404565333335,1636.0899712799999,1547.53864576,1564.5471162133333,1597.1830242133333,1584.5652561866666,1715.517062,1931.81131184,1998.6833421600002,1844.3901442666665,1988.6418203199999,1821.99904152,1873.54344512,1741.08390704,1760.9631297333333,1689.65386168,1634.8422825599998,1570.5548678133334,1602.7122334666665,1538.1553597066666,1524.51371056,1606.05980624,1703.2518247733335,1495.4970404,1493.34507704,1693.5595923733335,2090.1854654133335,1628.1794728266666,1470.3980568533334,1500.4487360533335,1505.2788270133335,1527.9926576266666,1502.9871226933333,1531.7302326133336,1525.22528752,1733.0531256,1567.9752540533336,1407.84511112,1405.97946576,1405.5292114666665,1474.4112421866664,1545.9395681333335,1496.1074312,1447.27900536,1513.97901296,1551.73930296,1531.31323624,1554.0824897866667,1507.6617383466667,1552.5387876533334,1501.7712829066666,1604.7490184266665,1551.5405709866664,1635.21627,1531.7517330399999,1602.6451449866665,1589.31102504,1672.2225883733336,1601.6641910666665,1602.6361753066667,1428.3974810666666,1335.75641664,1390.62031144,1332.3581647733336,1404.7032378933334,1330.50754544,1310.1364464266665,1331.3043822133334,1381.95298512,1334.2441903466665,1428.40886944,1389.3156161866664,1493.6425018666666,1382.7223423466667,1410.90921328,1433.9912201333334,1421.3024718133336,1388.6592816533334,1365.35614744,1401.67671416,1433.99869944,1376.3128716800002,1304.9805996,1278.1533349066665,1273.6549475733334,1288.4630361333334,1257.6220897333333,1283.0210480266667,1195.73389864,1252.5815543466665,1248.0725425066667,1420.6898110666666,1530.7633679466664,1459.28420256,1446.7899504266666,1413.40127568,1421.6631130933335,1469.38134992,1467.5524485066667,1302.2371552266663,1564.0837272533333,1331.4600304800001,1325.1087353333335,1392.0169336,1576.1520219733334,1338.6764265066668,1144.7470469866664,1165.3759806666665,1123.5488050933334,1172.3341087733336,1291.94253936,1217.5502854666665,1234.5246616533334,1304.0049744266664,1240.94607456,1300.4535902933335,1294.4631123466665,1185.9293243733334,1197.2725292,1211.1963558133334,1108.96979232,1161.3416812266664,1075.26440256,1317.3136978399998,1143.7515399466665,1092.1908595466666,1061.0031384266665,1078.1981970933334,1095.6503100799998,1073.9042270666666,1054.68306792,1064.3444072,1158.3685932533333,1216.1432725866666,1256.4618809600001,1290.3599147999998,1244.1208028533335,1291.9628880266666,1235.70266408,1130.3632501066666,1163.2143762133335,1204.54314424,1197.7795484266665,1079.21116264,1049.6906364,1183.59000048,1355.3486384,1369.4586221066666,1310.5620841066666,1256.1983132533333,1322.4798595999998,1362.3433357866666,1440.2283308800002,1368.4523024533335],