{"message":"Aggregated IX data for New York IX","data":{"nServiceId":null,"width":288,"jServiceId":null,"start":1474526100000,"end":1474612200000,"name":"New York IX","in_octets":[],"out_octets":[],"in_bps":[953.1603982933334,940.2463993066666,991.0707808533334,978.9248810666666,982.25981944,1091.0885248266666,1201.6017163733334,1162.0385255466667,1535.13906664,976.8437800533334,1029.97097344,1036.9103823733335,1136.9962737333333,1101.7107550933335,1168.91983768,1241.7889580533335,1306.3802739733333,1215.0834575733336,885.0216201066665,992.682102,1079.2652494666665,971.7118797066665,1046.8190251466665,835.6338492266666,850.8171671733334,965.0554045599999,863.82436992,1275.23985512,922.5096641866666,1079.1827732000002,1119.5779701866666,993.57071608,1144.5092531733335,1137.5999810933336,1193.2650700533336,1204.93616512,1166.11012864,1165.4294935733335,1192.72251336,1145.33594896,1058.5683006133336,949.8471249866666,980.4939778666666,1051.4299701866667,978.88452264,1067.7103857066666,1055.4699226666664,1066.3109453333334,1214.6936466666666,1104.1269194133333,1040.9793660533335,1216.6029009333333,1086.0202209333333,1105.2796833333334,1084.9343553066667,1102.5377494666664,1051.2977678933335,1175.7921325066666,1136.4861254133334,1323.6586493066666,1267.75552824,1293.4192462400001,1170.8426049866664,1247.5056542933335,1199.5808808,1229.5473810666665,1528.3321785333335,1386.7438750933334,1294.87091824,1271.5206393333335,1399.8436925066667,1380.3211847466666,1397.00965792,1378.8359944533333,1547.7995331466666,1606.23206264,1611.6691638933335,1753.1436704266664,1741.66561888,1550.8455765333335,1635.8962481066665,1593.11357104,1492.1291002666667,1619.0782285333335,1653.20662072,1719.78451928,1798.19899352,1708.9765152266664,1561.3564554933334,1724.3226106933334,1561.6266904266665,1397.8738648266667,1701.4961897866667,1670.09507248,1472.3881765866665,1479.8024565333335,1471.2008435999999,1609.4807069600001,1521.42817048,1821.5956668,1698.2325868533335,1557.0464523733335,1768.1181754933334,1559.6534228,1588.3137444266665,1549.47828456,1527.2956142933335,1589.4818661066665,1664.0190278399998,1767.8950546933333,1780.8128317599999,1491.2348945866665,1576.4395878666664,1517.2930797066665,1512.82573064,1547.4007923466665,1463.9897617866666,1670.14146536,1715.8011058133336,1666.8731985333336,1566.74986008,1575.0192955733335,1782.5889581866666,1684.4065978933334,1594.6576526133335,1410.8977915466667,1662.8331594933334,1686.6412375999998,1522.9837080266666,1687.5577514666666,1793.03669896,1800.3434153066667,1478.7938401600002,1439.75089912,1482.2858766400002,1446.0434916266665,1478.3344612266665,1580.4717582666667,1586.2542450133335,1512.8039821333334,1520.4788919733332,1478.4117623466666,1468.9905902133335,1456.61230424,1447.6633203733334,1474.0712330933334,1345.5928357333335,1328.47821952,1366.3558011466666,1467.09864152,1384.2720183733334,1350.0723827733336,1431.0344079200001,1521.8360297066665,1443.2993532799999,1483.7330013066667,1489.4899518666666,1408.8519841333334,1412.4566787733336,1512.95408272,1489.9135134933333,1484.25720736,1599.68133032,1547.6531405866665,1558.3188276800001,1526.4944100799999,1583.2074030133335,1486.1168217066665,1466.5337667466667,1430.2058881333335,1675.1454731733334,1353.94308344,1368.3087122133334,1395.10169824,1521.2852033333336,1627.01955632,1494.7786150933334,1335.2695906400002,1409.36528816,1296.1553797066665,1352.4955404266666,1365.46842424,1349.3733908800002,1350.97341264,1414.3079165866666,1387.7699734933333,1425.7582649866665,1323.9082255733335,1370.9944635733334,1553.71696544,1556.6801307733335,1621.8544658399999,1701.7142742933336,1643.3650422133335,1562.2468300533335,1596.1099557866667,1441.0204330666666,1603.4715085066666,1432.1870177866667,1471.9515377866667,1503.66659128,1633.3315492533334,1586.0786084000001,1590.0258349333335,1405.0523320533334,1244.1722849066666,1331.9180783466666,1353.67035544,1447.0373260533336,1277.2881043466666,1260.8049101066665,1290.5370820533335,1337.9175656533334,1299.7230863733334,1402.6914105333335,1384.4076976,1408.1278593066666,1343.5891089333334,1305.6689191199998,1270.2345050666665,1278.51884544,1219.6771543466666,1266.0319453599998,1349.35795144,1533.1450318666666,1668.35144872,1311.5648300799999,1265.0585549333334,1229.2243050133336,1287.8946440533334,1419.3916000533336,1360.4306429866665,1288.7364415733334,1284.5245749333335,1234.43108384,1179.6075498933335,1224.0992227466668,1424.5985252799999,1410.3821946666665,1490.1863938933334,1422.4503513066666,1594.0524168266666,1368.1352087733335,1400.7623167733336,1265.76648936,1205.8144752533333,1217.4960185066666,1150.0985040799999,1145.2961792,1215.9704381333333,1226.4605275733336,1181.5322281866665,1122.7881754666664,1100.7215148,1003.0629193066666,1048.9196078133334,1048.1262420266664,1081.7797261866665,1176.3293338933333,1110.9109476266665,989.3675042666665,1072.9516106666665,1035.99603792,1032.7112295733334,1167.4357913866666,972.0468182666665,1004.46469984,940.2446636,912.8943019733334,921.8099625333334,919.81461456,948.689134,790.1216430133334,782.6450071733334,885.0001246133335,784.7150285866666,813.8729511733334,737.22552824,818.9357926933334,832.2655575466665,827.0708745333334,855.25635,917.5147585066666,908.0010023733334,974.5693269333334,1002.0621468533335,1052.2075893333335,1034.8721873866666],