{"message":"Aggregated IX data for New York IX","data":{"nServiceId":null,"width":286,"jServiceId":null,"start":1513037400000,"end":1513122900000,"name":"New York IX","in_octets":[],"out_octets":[],"in_bps":[0.0012316266666666665,0.0012196800000000001,0.0012005866666666665,0.0011223466666666665,0.0012252,0.00116936,0.0011564000000000001,0.0012674666666666664,0.0012704533333333333,0.0011666133333333335,0.0011721866666666665,0.0011394133333333335,0.0012034666666666666,0.0011638666666666665,0.0011758399999999998,0.0011608533333333335,0.0012208800000000001,0.0011554933333333334,0.0011724533333333333,0.00116336,0.00120872,0.0012246666666666664,0.0013533866666666666,0.00118088,0.0011835466666666667,0.0012039466666666665,0.00120576,0.0012899200000000002,0.0011706666666666664,0.0011219733333333334,0.00119224,0.00122952,0.0011968533333333335,0.0012201866666666666,0.00118736,0.0011634133333333335,0.0011834133333333335,0.00129784,0.0012266666666666665,0.0012071733333333333,0.00117376,0.0012051199999999998,0.0012204000000000002,0.00120496,0.0012264,0.00123,0.0012040533333333334,0.0012000266666666666,0.0012429066666666665,0.0012197333333333333,0.0012399466666666665,0.0011983733333333333,0.0011753066666666666,0.0011972,0.0011650133333333335,0.0012542933333333334,0.0011726400000000002,0.0011903466666666666,0.00123456,0.00123712,0.00117872,0.0011565866666666666,0.0011310133333333335,0.0011768533333333334,0.0011948800000000002,0.00117744,0.0011572,0.0011753066666666666,0.00115056,0.00123904,0.0013153599999999998,0.0011671199999999998,0.00119736,0.0012653866666666666,0.0012013599999999998,0.0012113333333333336,0.0011846666666666666,0.00120648,0.0012679466666666666,0.00125288,0.001174,0.0011549866666666665,0.00119152,0.0011786666666666666,0.0012241600000000002,0.0011998133333333335,0.00115176,0.0011296266666666666,0.00118424,0.00114864,0.0011634933333333334,0.0012106133333333335,0.0011931466666666665,0.0011673066666666666,0.00120032,0.0011535466666666666,0.0012340533333333335,0.0012215733333333335,0.0012745866666666666,0.0011856533333333334,0.0011913866666666665,0.0012150933333333336,0.0012433066666666665,0.0012090666666666667,0.00116104,0.00119792,0.0013179466666666665,0.0011479466666666665,0.0011402133333333333,0.0011845333333333336,0.0011829066666666666,0.0012055999999999998,0.0011610933333333336,0.0011936,0.0011999200000000002,0.00120944,0.0012089066666666666,0.0012407733333333335,0.0012335466666666666,0.00120392,0.0011869333333333334,0.00121456,0.0012625866666666665,0.0012245066666666667,0.0011818933333333334,0.00126024,0.0012237333333333334,0.0012216,0.0011836533333333334,0.00122256,0.0012216533333333334,0.00122048,0.0011868266666666665,0.0012229066666666665,0.0011501066666666667,0.0012844,0.00123064,0.0011685066666666667,0.0011771466666666665,0.0011893066666666665,0.0011534133333333334,0.0011707733333333335,0.00119,0.0011772266666666665,0.0011776266666666665,0.00118312,0.00118664,0.0012686933333333334,0.0011573333333333336,0.00117248,0.00115944,0.00122504,0.0011972266666666666,0.0011836266666666667,0.0012584266666666665,0.0011942133333333333,0.0011892,0.0012024000000000002,0.0011572,0.0011433866666666665,0.0012055999999999998,0.001196,0.00110088,0.0011875733333333335,0.0012059466666666666,0.00129856,0.0012102133333333333,0.0011831466666666665,0.0012068,0.0012328,0.0012464800000000001,0.00113424,0.0011983733333333333,0.0012177333333333333,0.0011593333333333334,0.0011737066666666664,0.00113576,0.0012137866666666667,0.0013131733333333333,0.0011938666666666666,0.0011758666666666666,0.0012404533333333335,0.00121224,0.0011786933333333333,0.0012179466666666664,0.0012583199999999998,0.0012242933333333336,0.0012691199999999999,0.0011900799999999998,0.0011758399999999998,0.0011680266666666667,0.0011447733333333336,0.0012291733333333334,0.0011725866666666665,0.0012569600000000001,0.0011772266666666665,0.0012235733333333335,0.0011609866666666665,0.0012288266666666667,0.0011603733333333335,0.0011361066666666665,0.0011398399999999998,0.0011840266666666667,0.00122776,0.0011772533333333332,0.0012127733333333335,0.0012421866666666665,0.0011987466666666666,0.0011878933333333334,0.0011887733333333335,0.0011485066666666666,0.00113864,0.0011975466666666666,0.0011814666666666665,0.0012458666666666665,0.00122272,0.00127128,0.00131296,0.0012041600000000001,0.0012310133333333336,0.00119248,0.0012161333333333335,0.0011833333333333335,0.0012516266666666666,0.0011634133333333335,0.001204,0.0011845866666666666,0.0013046400000000001,0.0011924533333333334,0.00120232,0.00115456,0.0011878133333333336,0.0011824266666666664,0.0011882666666666666,0.0012304533333333334,0.0011867733333333335,0.0011955466666666666,0.0012330666666666666,0.0012251466666666666,0.0012431733333333334,0.0011851733333333335,0.0011486133333333335,0.0012065866666666667,0.0011856533333333334,0.0011846933333333335,0.0012271733333333334,0.00117448,0.00115368,0.0011527466666666666,0.0011848266666666667,0.0011880266666666665,0.0011919200000000002,0.00121112,0.0013059733333333334,0.0011777066666666665,0.00112992,0.0012264266666666666,0.0012386933333333333,0.00119952,0.0012558666666666665,0.0012038399999999999,0.0011994933333333334,0.0012296266666666665,0.0012892000000000001,0.0011814666666666665,0.0011965066666666667,0.00120656,0.0012258666666666665,0.0012074666666666665,0.0011869600000000001,0.0011871733333333335,0.0011580266666666667,0.0011782666666666666,0.0011395466666666667,0.00117472,0.0012717866666666665,0.0012536266666666666,0.0011641866666666665,0.0012754666666666664,0.0012315733333333335,0.00126232,0.0012014133333333335,0.0012201066666666666,0.00123808,0.0012331199999999999,0.0011650666666666665],