{"message":"Aggregated IX data for New York IX","data":{"nServiceId":null,"width":215,"jServiceId":null,"start":1509048300000,"end":1509112500000,"name":"New York IX","in_octets":[],"out_octets":[],"in_bps":[1.1793109866666667,1.4056384,0.85345048,1.2143065066666665,1.4730923999999999,1.54231776,2.4187170133333336,1.1907676533333336,2.4169075733333334,1.7263530933333335,2.2827617599999996,1.4328691999999998,1.6797450666666667,2.000276,2.10482,2.2746203733333337,2.9183639466666667,2.1560392533333332,1.6977759733333333,1.9444377866666667,3.139638933333333,1.31526272,1.72523816,2.94341784,2.9314675466666666,2.7139932266666666,2.0729452266666666,2.2702333599999998,2.11093352,2.13819488,2.7714663466666667,2.2044190666666665,3.1025753866666665,1.60347056,1.83943272,2.8690004,1.52511736,1.5423533866666665,1.5919120533333335,1.74594688,2.30722432,2.2151982933333336,2.2016770666666665,2.3176117333333335,2.3680709333333336,2.5183194933333337,2.0557701333333336,1.6435425066666667,2.2171930133333335,2.6857805066666662,3.7703603466666666,3.78352024,2.8219762933333334,2.40333752,2.7542812000000003,2.7238181066666662,2.851531946666667,3.268242666666667,3.660825333333333,3.04850992,3.4294721333333333,3.657746026666667,3.17398976,2.5029832799999996,2.2400216533333333,2.937865946666667,4.304521599999999,3.39901104,2.58537272,2.516097573333333,2.0468910933333335,1.7344973066666667,1.3082058133333334,4.575817653333333,7.02647944,1.6460167733333335,1.8310156266666664,2.77775576,1.9958713866666664,4.11697576,2.979175066666667,3.0534604266666667,2.1325363733333336,1.9439325600000001,3.17466832,1.9377462933333334,2.6185799199999997,2.21231224,2.0187692266666666,2.04383992,3.5550266933333328,7.012504053333334,6.49597968,7.047009893333334,6.00303344,5.923600613333334,5.155086933333334,6.05440856,6.159364426666666,8.249191573333334,4.762974746666667,4.535586026666667,4.542703546666667,3.464287173333333,3.750631306666667,2.9825958399999997,4.207520053333333,2.1971045066666663,0.4220823733333333,0.7749881066666666,1.6796204,1.11011424,1.5066052533333334,0.6628658933333335,1.3193424533333333,1.3674741066666665,0.6030836533333334,0.47438072,0.42740248,0.3403989866666667,0.28641968,0.4050595466666667,0.8332985066666666,0.4766681066666667,0.28752711999999997,0.20721088000000001,0.29140671999999995,0.2933786666666667,0.33234773333333334,0.39528936,0.3233941333333333,0.8464021866666666,1.1078351733333334,0.9884415200000001,0.7812337066666667,0.21400877333333335,0.31157096,0.28651247999999996,0.24639976,1.6397511999999999,1.1152138933333335,0.94261984,0.2903405066666667,0.3071041066666667,1.22964384,0.3705492266666667,0.6409470133333334,0.4887827733333333,0.46977741333333334,0.35533096000000003,0.38096216,0.33612997333333333,0.2966226933333333,0.30684935999999996,0.3172286133333333,0.19510872,0.004417946666666667,0.003263226666666667,0.0019110933333333334,0.0018356266666666665,0.00203424,0.00193248,0.0020980533333333335,0.00214344,0.0019358133333333336,0.0019620533333333337,0.00193464,0.001982,0.0019396266666666666,0.0018608266666666666,0.0019590933333333335,0.0019476266666666666,0.0019741333333333335,0.0019844266666666664,0.2995510666666667,1.0187554399999998,2.1170734933333337,1.3302294133333332,2.167898826666667,1.4542967199999999,1.7123266133333335,2.3297066133333333,1.4284351733333334,1.5430065333333334,1.2725702666666665,1.7046590666666666,1.8576643466666665,1.6531654133333333,2.5223281866666665,2.9912353066666673,1.5351896,1.6531912266666666,1.9514877333333334,2.25999968,2.3308273333333336,1.7499052,2.26613912,1.46369928,3.744225333333333,5.857261360000001,2.6495954133333335,3.517689813333333,4.518796373333333,5.622580346666667,4.19601528,3.912744773333333,3.0174448266666665,2.01383136,1.3327912800000001,1.6535624533333333,1.51731544,1.69610768,2.1821064,2.0444603733333335,1.54061264],"out_bps":[1.2045798666666665,1.37903656,0.8491955466666665,1.2319348266666668,1.4705165333333334,1.5559819466666664,2.4177392533333335,1.17967072,2.43332208,1.7106677066666665,2.3110594399999997,1.4355528,1.6835679733333333,2.003310933333333,2.09746088,2.27074088,2.937663093333333,2.1640454933333335,1.6979998933333336,1.9529209866666666,3.121517253333333,1.3399481066666665,1.7241948266666667,2.961632106666667,2.925800506666667,2.7087629866666663,2.09392864,2.2638909333333337,2.1064670666666663,2.15246152,2.7769978666666666,2.20144816,3.0980276,1.6194436,1.7979824533333333,2.9166731733333333,1.5219192,1.55282344,1.59584424,1.7477185866666667,2.2972542933333333,2.236743466666667,2.2076622666666665,2.29767528,2.3982807466666665,2.5182152,2.0532781866666667,1.6477172266666666,2.2264454933333337,2.6467587999999997,3.814201493333333,3.7894500533333333,2.79795112,2.428054346666667,2.7540262133333333,2.7236371466666665,2.8576551733333333,3.287260373333333,3.65978,3.02825928,3.4531787200000004,3.66386736,3.16061392,2.5100018133333335,2.25576744,2.931733573333333,4.318608613333334,3.3856850400000003,2.6028842400000003,2.4933081066666665,2.0810198933333335,1.7354780533333334,1.3135723466666664,4.569780346666667,7.039637546666666,1.6515971733333334,1.8360085066666665,2.77569064,2.0021826666666667,4.126098613333333,2.976146346666667,3.035669546666667,2.1682888266666667,1.92326448,3.1887763466666668,1.9387797866666667,2.6289683999999998,2.2144026666666665,2.03169008,2.04287704,3.5707976,7.026270133333334,6.468735333333334,7.11769608,5.975645546666666,5.9376130400000005,5.147330373333333,6.048932533333335,6.185407146666667,8.23487104,4.760019146666666,4.526837333333333,4.56224888,3.457689893333333,3.744843653333333,2.9913324,4.19677504,2.2068814666666667,0.42467592,0.7805424266666666,1.6830958666666664,1.1053749333333334,1.5202052266666666,0.6586909866666666,1.3253411733333333,1.3753751466666666,0.6068452533333334,0.478512,0.4296586933333333,0.34418957333333333,0.28893005333333327,0.40690096000000003,0.84063744,0.4777374133333333,0.29192096,0.21257824,0.2940912266666667,0.29712920000000004,0.33607744,0.4022779466666667,0.3308624,0.8338316,1.1209648,0.9833967466666665,0.7913541066666666,0.21941869333333336,0.31576488,0.29055122666666666,0.21590765333333334,1.6767468,1.1186676,0.9340438133333334,0.30669928,0.30699914666666667,1.2372313333333336,0.37092077333333334,0.6256030933333334,0.5105672800000001,0.4766286666666667,0.35839989333333333,0.38602346666666665,0.3396705333333333,0.2997635466666667,0.30826976,0.3226903466666667,0.19914064,0.0088736,0.00668176,0.005247733333333332,0.0049908800000000005,0.0053444,0.005684853333333333,0.006406106666666666,0.0064416000000000005,0.005351733333333332,0.005303146666666666,0.00520808,0.005418773333333333,0.005986053333333334,0.00607224,0.005520053333333334,0.005520373333333333,0.005244319999999999,0.005363093333333333,0.2983757866666667,1.02341184,2.1246225066666664,1.3347614933333334,2.1695094666666668,1.4581862133333334,1.7150222933333334,2.3355333333333337,1.43141424,1.5356450933333334,1.2857486666666664,1.70042,1.8701913866666664,1.6529286666666665,2.53347224,2.9568956533333335,1.5719556799999999,1.6560983466666666,1.9488078933333335,2.2694709866666662,2.3290682666666664,1.7622300266666666,2.2802758666666665,1.4493505866666667,3.753150933333333,5.849383226666666,2.65711704,3.4883896533333334,4.621811706666667,5.568127946666667,4.21234416,3.8872448,2.9937644,2.0605596266666666,1.3270812266666665,1.6449474666666666,1.54312504,1.7019417866666666,2.1840184799999998,2.0486680533333335,1.56043176],"in_packets":[],"out_packets":[],"in_errors":[],"out_errors":[]}}