{"message":"Aggregated IX data for New York IX","data":{"nServiceId":null,"width":215,"jServiceId":null,"start":1491422700000,"end":1491486900000,"name":"New York IX","in_octets":[],"out_octets":[],"in_bps":[157.70679645333334,237.53680728,160.71893287999998,180.86012362666668,196.37666250666666,208.05128312,184.21225178666666,172.54622208,188.78545591999998,175.55589394666666,162.14700104,163.54346170666665,149.93062170666664,133.82206128,145.90217112,120.42955933333334,116.01783018666666,130.72139016,139.83849256,114.04153149333334,136.14559642666666,109.10802685333334,99.59395277333334,149.66879903999998,124.86658613333334,138.21883352,200.43397216,156.40723229333335,181.72633141333336,137.34361882666664,103.79708624,113.45039277333333,138.91248058666665,103.58406349333335,106.85115277333334,129.36816085333334,113.0870592,110.57398237333335,122.73986226666665,85.69317338666666,85.4409812,104.55584938666665,80.63829589333335,80.36106240000001,107.72121298666664,77.29557576,81.45764072,105.15853856,83.63972130666666,78.43308970666666,106.35338997333335,90.75629605333334,85.94287295999999,105.28620944,75.75037464,81.17071981333335,98.69003754666666,81.07214352,74.77487104000001,85.76274885333333,76.76718405333334,76.97743541333334,88.98630301333336,83.61388648,83.49576648,98.90659461333334,80.69709333333334,84.68222314666666,104.25692712,95.82831229333334,88.48850165333334,103.1230292,93.50902461333334,90.77692981333335,94.88614341333334,90.55455922666665,91.20212128,99.37618368000001,87.76733570666666,79.11942133333335,93.47951722666666,74.65758026666667,77.71327965333333,84.47246938666666,80.97916005333335,71.40833448000001,82.31476928000001,95.462416,77.98435408,91.61519277333335,87.82296202666666,91.61690069333335,91.47277992000001,81.82543984,84.71797829333333,80.36935045333335,91.20085589333334,63.63518226666667,71.18576736,79.20833370666666,69.85133962666667,72.80303256,83.75928669333334,62.063180106666664,66.57426690666667,76.01350296,67.77182872,72.16561042666666,93.81502725333334,62.14733058666667,71.77932258666665,80.73140773333336,74.12632069333334,73.775902,79.38460213333335,57.2843752,59.786248719999996,71.34307693333334,48.82314165333333,51.84373954666667,72.28746186666666,60.721182799999994,53.15238330666667,74.14557594666665,47.44732562666667,57.75020986666666,69.23961152,44.642687200000005,40.741399200000004,67.65458661333335,47.85251509333333,48.44960056,74.1590368,50.96440912,47.7484956,71.91446989333333,45.42565650666667,47.47923117333333,69.81333816,47.20631901333333,46.78368002666667,65.52242810666667,50.65087674666667,69.17483885333334,68.77407762666667,48.233147280000004,48.26842117333333,69.60306722666665,43.90470376,45.11145514666667,72.82654887999999,41.364864986666674,55.10575362666666,67.22118226666666,45.30474434666667,46.46305757333333,65.05758957333333,42.54296613333333,43.24633824,54.982198053333335,52.30419498666667,51.98556714666667,64.67351026666667,47.46929968,43.20677309333333,60.05009197333334,48.800300560000004,74.84128877333335,113.11565301333334,78.52094082666667,53.450960159999994,61.43794789333334,73.11311343999999,98.64214549333335,95.101074,58.57638101333333,62.69138762666667,64.43071901333333,72.38152954666667,71.71824296,92.79401536,97.21001848,70.71606128,88.79868544,78.24006898666667,92.73402208,102.21606208,115.24860402666665,85.39124485333333,78.68334962666667,102.72843376,101.08308885333334,83.75675632,96.91943090666665,92.85629269333334,94.44125224,111.53279272,100.3545404,101.96788528,123.91222181333335,107.41652114666667,104.76839786666666,145.98418349333335,119.47517754666666,108.57216349333333,163.63278480000002,174.40034015999998,153.53952781333334,153.92619754666666,133.73838069333334,150.85923677333335,121.09245210666666,163.22920928,147.85876741333337,115.29554237333335],"out_bps":[158.34079176,238.72315296000002,159.91061533333334,180.37150938666665,196.12716469333336,208.48246794666665,184.65654434666666,171.80070288,189.51204056,177.79800858666664,158.71095184,163.98308461333335,151.44077696000002,132.71346128,147.108368,119.58215695999999,115.48378928,131.28717298666666,138.83602157333334,115.20629837333335,136.27639618666666,108.32934733333335,100.03183829333334,150.3072708,123.70550906666666,139.46107997333337,202.67826186666665,154.22312648,181.83697226666666,137.77333274666668,103.39905573333336,113.51597392000001,138.75707037333333,103.45486831999999,107.34269808,129.75135626666665,112.80498618666665,110.46073477333334,123.26728757333333,84.53865434666665,85.51531018666665,105.29069464,80.18311922666666,80.86909858666665,107.07638741333334,77.16145904000001,82.50727608,104.84954165333335,82.50055946666666,80.20718154666665,105.38017165333335,91.29067237333335,85.24808781333334,105.76866610666666,75.64689184000001,81.29237687999999,97.99144525333334,80.7007952,75.18536506666666,85.81068821333334,76.20173757333333,77.81817621333335,87.85199125333334,84.89113288,83.61660530666666,100.12718485333333,79.94788570666667,83.99772272,103.46477415999999,94.99762424,90.32161202666666,102.13490869333334,93.44276122666666,90.85480586666667,94.99676293333334,89.80726450666666,92.01060770666666,98.25534890666665,88.589476,78.54199386666666,93.55092386666666,74.92142618666666,78.20410898666667,83.9712988,80.77294976,71.53015045333333,80.85013064,96.85002274666665,77.44709216,91.09700538666665,88.07484829333333,91.99221776,89.06975082666665,83.8344716,84.64804141333335,78.51728442666666,93.1053216,63.29472986666666,70.12466413333334,80.83572173333334,69.45615885333333,72.01203586666666,84.59625416,61.12949637333333,66.47238344,76.50891469333334,68.49840141333334,71.14717754666667,94.35494392,61.63736874666666,70.47886778666665,82.13430917333335,72.94263794666666,74.43366336,79.81757226666666,57.047142560000005,59.04375208,72.04701125333332,48.83991034666667,52.07563792,72.12317834666666,60.20054189333334,53.45889626666666,74.3007572,47.28956144,57.86671709333334,69.2256184,44.713117520000004,40.97562904,69.00343938666666,46.12544578666667,48.71831504,73.48498,51.430884266666666,47.14312562666667,72.29219013333334,45.30621632,47.51708792,69.38751933333334,47.70614418666667,46.844750986666675,65.39496861333333,50.107251946666665,69.48130234666667,69.09777493333334,47.79941032,48.57481885333333,68.89155906666666,43.65092773333333,45.841286,72.52263024,41.54710432,55.114589200000005,66.83685629333334,45.36116442666667,46.412091466666666,64.67779016,43.14059373333333,43.23154293333333,54.12836472,52.9688412,51.51395466666667,64.51513317333334,47.44822205333333,43.81256565333333,59.65017813333334,49.29523765333333,74.53280797333335,113.36134450666665,78.11045101333333,53.53743813333333,60.45350986666666,74.41760952,99.09659128,93.83732736,58.717976613333335,63.27786592,62.65457376,74.47787805333334,72.45533634666667,92.08207165333336,96.93702626666665,69.51969949333333,88.73706333333334,79.93364277333335,92.62215266666665,101.96369018666665,116.80857442666667,83.43352586666666,78.84052768000001,103.52741370666666,101.02405514666665,83.68272746666665,96.25513568000001,93.15955221333334,93.76820624,112.26071056,100.67427048,101.62112061333335,124.21438101333335,105.38612432,105.67434578666666,148.67275773333336,118.29840389333334,108.59110432,163.90084890666665,174.00785221333334,153.33568077333334,153.69524338666665,133.87772485333335,151.59356405333335,120.45269186666665,164.61411672,146.83488136000003,115.27105981333335],"in_packets":[],"out_packets":[],"in_errors":[],"out_errors":[]}}