{"message":"Aggregated IX data for New York IX","data":{"nServiceId":null,"width":287,"jServiceId":null,"start":1489550700000,"end":1489636500000,"name":"New York IX","in_octets":[],"out_octets":[],"in_bps":[726.4505929866667,708.3335356266666,695.7693347466667,669.0404859466666,630.8955381066665,658.4842668266666,525.84759504,540.9104588266667,549.44014912,512.0533637866666,491.62319733333334,510.42896664,590.1318160266667,522.7663281600001,497.89142154666666,437.7596677866667,456.0288957866667,477.0122659733333,448.7308748533333,443.2805757066667,451.85349008,461.002768,413.86707810666667,415.44949560000003,433.0097801333333,420.5040850666667,372.45505949333335,364.37057264,394.5285847466667,417.39633525333335,366.0192687733333,362.61514792,378.49871106666666,320.35828976,309.91130554666665,339.2729597866667,381.7639863466667,386.6773609333333,332.9952194666667,343.1881257866667,314.94986856,309.53223032,304.35720816,253.40720237333335,269.8631923466666,272.17174341333333,252.94202144,265.64992296,273.18841904000004,276.9923200266666,279.35668789333334,318.6773953866667,304.98451808,298.3472321066667,253.98128317333334,249.80700485333335,292.4369214666667,272.51176906666666,316.1650031466667,239.80961546666666,312.79835296,318.2269587466667,292.46925232,282.77503728,228.21426298666665,298.9335072,346.9198568,239.01125672,345.61084410666666,305.89626090666667,344.1236637333333,323.18735938666674,348.72208810666666,325.6928393866667,402.42846424,377.50253906666666,408.51920064,417.1492957866667,385.96830050666665,378.2489622133333,392.1472209866667,409.8486226933333,409.9971898666667,374.83105936000004,454.9137943466667,466.43172088,529.7693237866667,541.3133344266668,577.0363865333334,578.5320816266667,502.4610996,538.8566852,631.9141673866667,532.8834071733332,617.44575992,658.2729693333333,599.8624587200001,699.8148458133334,687.4125273866666,697.5342051733334,640.5099298933334,633.5260287466667,645.67173592,729.2843050666665,610.1561098933335,525.5817069333333,561.2225721066667,615.9259689333334,529.9251195733333,535.4277813333333,581.2856771200001,512.37394408,570.4442194133333,564.8828510933333,609.5640306133333,571.2817011466666,601.8542182133334,573.14673208,611.4170800266667,618.2167122666666,619.8863598933334,641.00139152,592.1281670133333,569.85953576,548.0180794933333,562.6989041333334,600.5018456266666,591.4156009066667,594.1981165333334,564.6460735466667,598.5646791466667,587.6127843466666,652.3038987733335,613.04128184,598.4147228533334,588.7754145066666,598.9294449333333,594.2890213866666,607.6435566933334,628.21279528,635.3778503733333,586.4852662933334,608.4361316000001,618.9910611733334,601.6654935733334,601.8274218133334,629.8512824533334,620.3435731733334,601.6963900533334,682.6322629333334,670.8320889866667,684.855012,658.1026127466666,685.91397952,684.5225454133334,684.3456400266666,660.5010499733334,683.91756616,663.02821992,638.3351590933333,621.4874765066667,680.4107609600001,696.6053609333334,646.8784176,640.59909888,660.2655844533334,626.6472817333333,604.8189738933335,662.2289985866665,631.7714330933334,647.4704879733333,647.46512312,650.7710096799999,609.4794457866666,663.2287535466667,629.6110023733333,712.9029172266665,652.0195064533334,625.4441776533334,667.2522880266666,685.71978576,661.4138399733333,673.84621576,717.2017492,860.8195124800001,828.0435380533334,1009.2338830133334,1040.9912364,1039.6832680533334,893.2373920800001,853.6342942666665,896.8028180266665,935.7468557333335,741.3612016533334,694.4348412266665,720.3644482666666,842.3079376533334,800.4835417866665,663.93120936,868.5021308533335,811.02618192,741.3567785066666,671.1536188,554.95700448,617.08539152,594.4360357333334,592.2646714933334,676.2646985066666,695.39760776,590.4203916533335,614.73851584,645.78293992,615.0440621066666,661.0148528266666,649.97838064,624.5694593333334,619.90781008,780.6949216266667,583.13615952,558.932366,556.9682571733333,564.7935262133334,554.0803313600001,529.5762993333333,500.59452863999996,499.2999981333333,535.57850576,517.04669064,509.23402239999996,513.6509473066667,562.1741656533333,508.5646850133333,519.1845036266667,519.6570662666667,495.34167392,526.5028107200001,523.6679915733333,521.0977544266667,522.4957668,549.6238042133334,547.5415919466667,542.6513052266666,572.13298952,529.97210104,579.2405802133334,576.1791263466667,628.1016838666667,599.6230711733334,558.44203096,549.05202264,579.8665770399999,594.1353517066666,598.6577134400001,605.1225924266666,573.8487979733334,584.74026928,583.9264183733334,566.9311842933333,597.70232424,606.8303777866666,578.7088291466666,573.86559912,580.76611592,558.71127144,556.4341730933334,576.1023735733332,593.3325052533334,570.4659855733332,572.4438883466667,559.1527326933333,544.0430406933333,557.3105033333333,555.3115129333332,538.9920235466667,564.5228041333334,522.4339850666667,510.18866538666674,507.8734388533333,508.7511938933333,525.2753576533333,518.00203056,539.0202671733333,570.5049585066666,586.1715990399999,504.29599304000004,544.2958690933334,568.8389082933332],