{"message":"Aggregated IX data for New York IX","data":{"nServiceId":null,"width":206,"jServiceId":null,"start":1481659500000,"end":1481723700000,"name":"New York IX","in_octets":[],"out_octets":[],"in_bps":[1625.7704156266666,1498.3164494666664,1416.79054976,1456.2288749866664,1396.51044144,1324.2896725333335,1294.7710763733335,1273.3720616533335,1335.2720941866664,1365.48434064,1367.3669849333335,1438.8183026400002,1397.3460348266665,1320.06430432,1278.6926274666664,1386.05901752,1335.5169834133335,1340.12940488,1281.2692632,1199.2059399466664,1289.28003848,1246.8011828533336,1240.76833184,1294.8341931733335,1278.9203547733337,1275.4603160266665,1311.4228440266666,1271.3074595466667,1223.6630004,1349.1000117066665,1355.49079192,1290.0612532,1352.6514431199998,1274.8922442933335,1224.4807136,1297.2386771733334,1297.7489299733334,1209.9476351466665,1104.9603651733335,1128.5693568533334,1088.0384468266666,1182.5722707733335,1140.38798,1211.69943584,1073.3175796,1024.4961989333333,1180.2650675733335,1743.7489449866664,1098.0786341066666,1080.1460118399998,1278.9250382133334,1187.7926808,1147.0289343733334,1175.4998096266665,1203.74340552,1204.3323668533335,1209.6694082933336,1217.5870350933335,1327.87559248,1846.2763729600001,1418.94297392,1372.8333463466665,1376.10662456,1266.3086468,1180.0591348266667,1293.96689656,1206.8483480266666,1259.2056268800002,1241.8305730666666,1241.5237433599998,1300.93316664,1265.4454556533335,1374.38324616,1848.0812386933335,1561.2179030666666,1625.81178032,1663.7653656266666,1427.5028998133334,1419.4645631199999,1332.0329267733337,1355.2784006666666,1800.4356073333336,1649.9822142933335,1270.9511777866667,1331.8267902666666,1385.15369184,1212.0819659733334,1167.4084294666663,1172.99307936,1194.27389984,1154.1795241333334,1165.9449074933334,1426.7494543733335,1326.2392397333333,1306.2786321333335,1310.91613824,1396.5394550133335,1347.78009208,1253.2592636533334,1368.863248,1362.3434463466665,1376.45581232,1338.96486944,1153.2339786933335,1123.6851570133335,1122.6368190933335,1051.14477976,1151.3563182933335,1059.8939228266665,1013.1975921066665,1066.28571112,1116.09742672,1116.2147955733335,1134.8623696533334,1045.2981974133334,1025.6824155466666,1048.65703576,1038.0246476266666,1030.4765082933334,1042.2744518933334,951.5688447466665,1186.20954936,1272.6584075733335,1423.1423400266667,1015.0632204533335,987.01155696,1027.0963577066666,983.8561757066666,1052.6413468533335,1127.3217314400001,1099.8845118133336,1370.2429780533334,1494.1492337066666,1625.5270241866665,1114.0432532266664,1037.2397614933334,1042.7595382666666,1142.5648163733335,1144.2452004000002,1170.88122344,1080.9968512266664,1014.1531288266666,1081.0185098666666,1013.3729490133335,1226.8783076533334,1178.5144742133334,1162.6878660533334,1091.7091700533335,1331.9995316266666,1003.75996032,895.7575500266665,894.2965068,1039.0517190133335,1007.8714423466665,1048.7945074933334,930.11315288,987.7938262933334,1009.04965176,1020.2523250933335,1047.9132638400001,942.6483253866666,897.8938833066666,1071.6086875466665,992.9847467733334,952.5882012000001,1054.5716658933334,1104.0765580266666,913.0431926933334,932.20982536,1151.0211481600002,1022.6041812533334,1048.4266498666666,1103.9937228266665,1094.6145861866664,1201.8950808266666,1026.6992009866665,1068.8861669866665,1158.4145401066667,1207.4017326666665,1182.81940184,1303.6849090933335,1248.4063029333333,1106.33579648,1209.60463488,1210.03744784,1311.1231785866667,1282.1647419466665,1366.8097268266665,1409.5970773333336,1307.59570008,1300.93286784,1430.6609539733333,1464.7445823466667,1440.61287784,1351.0361258399998,1329.8218971466665,1391.70206152,1361.0312303466665,1566.00942688,1416.2720404000002,1426.9049132533332,1392.82498176,1395.73070952,1479.4980427466667,1534.9665013866666,1496.7062677066665],"out_bps":[1616.66062784,1513.4171906933334,1404.4044419200002,1457.9216930933335,1384.10960032,1321.7103252,1299.6285442666667,1265.0485660266665,1339.7421553333336,1381.4169340266667,1338.78253808,1436.4532970933335,1405.4887333066665,1307.8695435733334,1278.6024888533334,1385.2406216533334,1342.7273771733335,1327.47593944,1272.0476646933334,1197.12426936,1281.9652381600001,1261.3809314133334,1234.6291536266665,1297.0764074933334,1264.5607664000001,1279.4783356266666,1302.50507528,1276.30172424,1225.7293752533333,1337.9476285866665,1361.5092422933335,1272.4816596800001,1345.4407328,1267.8960739200002,1226.7965449600001,1289.3579786933333,1303.1441291733333,1205.7275578133335,1113.3628993066666,1118.02545696,1085.4610808,1172.2540264533334,1152.5268375733335,1205.1690534666664,1061.96225312,1014.8339742133335,1274.60375928,1643.6462731466665,1111.6036184000002,1073.1048798666666,1289.6711115733335,1174.84949568,1146.1537746933334,1168.4260372,1207.9833205333334,1191.8547220266666,1204.97594328,1208.1483188533334,1323.7455301333334,1850.05190832,1411.8138234133335,1358.6352739466665,1369.8748158133335,1262.6640226666666,1165.8600256533334,1302.7742950133336,1203.2270826133336,1249.22479296,1228.00351776,1239.44841224,1288.8105473333335,1251.9234247733336,1366.3357882133334,1836.4113393866664,1563.0908398666666,1630.8290529866665,1660.0254309066665,1403.3984568800001,1432.9543044533334,1328.6941082666667,1356.06841048,1783.6536218133335,1646.5082933066667,1276.6033788533334,1333.1976466133335,1380.5819065333335,1208.0575846666666,1161.81644552,1164.87420464,1192.02012568,1154.1910706933334,1169.1323348266667,1420.9170035999998,1313.8242511466665,1303.8940586933334,1306.6938871733335,1394.6665613066666,1344.3433264266664,1260.1299762133333,1362.7035504266664,1365.6050524000002,1359.1870458133335,1348.8120938933334,1144.5669518933335,1125.6623761866665,1118.7681844,1045.2271179466666,1151.9076762133334,1061.0622958666665,997.8580958666665,1070.9256379733336,1116.8402615999998,1121.2057647466668,1138.6673793066666,1036.26119176,1026.1159942933334,1037.1461248533335,1048.9937151733334,1031.6407577866664,1030.8088987200001,947.7177541599999,1183.40405128,1271.665178,1420.0417353599998,1011.87477416,991.9144808,1030.3498271733333,983.0958839466666,1056.8846486933335,1125.7221954666666,1096.7603448,1366.9277577866667,1497.4141011733334,1627.6102497333334,1111.1972094133334,1043.2854740266666,1037.60645584,1151.2266568266666,1145.5485729333334,1149.75815096,1101.7923090666666,1011.5679715733334,1073.6476926133334,1007.03759624,1220.0780390666666,1199.6321280533334,1147.2784055466666,1093.8940966933335,1332.9561950666666,996.9137032266666,911.5843603200001,880.1194688266665,1055.8594537066665,991.97672048,1046.4206882666665,925.7258898666665,996.11397112,1014.2359214666666,1009.6387534933334,1036.04599352,949.46589736,909.5903468533335,1078.5273597333332,980.9583473066666,966.4219406933333,1027.24139584,1132.3023043466667,886.86790016,937.9043530666667,1146.1897702666668,1015.76132496,1048.9069337333335,1099.44830448,1092.58024856,1199.5667448266665,1038.37401272,1056.7527812266665,1157.1521837333335,1215.2987382133333,1175.25915768,1299.70259152,1246.9388310933334,1110.93819008,1204.63389544,1210.3700324533334,1311.8871487466668,1277.9511887200001,1359.2872512000001,1416.79870856,1299.2528723199998,1299.0355372533334,1428.4692656,1471.2616990933334,1436.2747687466667,1337.5137906666664,1337.4234129066665,1394.00000064,1349.6224250933335,1570.7411936800002,1414.2690288,1424.5703872266665,1387.0386653866665,1396.5620150133336,1477.8932220533336,1520.8051340533336,1501.60430616],"in_packets":[],"out_packets":[],"in_errors":[],"out_errors":[]}}