{"message":"Aggregated IX data for New York IX","data":{"nServiceId":null,"width":214,"jServiceId":null,"start":1510949400000,"end":1511013300000,"name":"New York IX","in_octets":[],"out_octets":[],"in_bps":[19.23124984,17.741372079999998,15.99642472,16.104135066666668,16.825914559999998,15.179077626666665,17.39819168,19.347216933333332,17.748654453333334,16.338227493333335,15.407481626666666,16.256412533333336,17.848748399999998,17.370580986666663,18.238969253333334,14.173410426666665,17.427242853333336,13.157182240000001,17.82242488,16.151854026666665,14.000901866666664,14.483259333333335,17.981965786666667,16.682442693333336,15.165589493333334,20.067252399999997,18.403875333333335,20.397889653333337,19.79167984,16.885393146666665,16.27980784,14.34996528,17.018820746666666,16.516431013333335,17.179229786666664,13.229037333333334,15.13010016,16.95957586666667,15.076253466666666,15.931657626666665,15.328683706666665,11.7248416,15.06933928,15.176370293333335,14.425122586666665,13.160152026666665,17.759898293333332,14.856306586666665,6.50683016,5.907539066666667,9.111709146666666,8.59499336,7.939365573333334,8.2883572,8.34168904,7.357639573333334,7.91583304,4.615017493333333,5.128932773333333,4.677314213333333,7.894165946666666,7.191411226666666,8.454377359999999,6.234085146666667,6.602333493333334,4.648672346666666,4.6099796799999995,6.88449104,8.382961066666665,5.784051066666667,6.002928693333334,7.7551952,5.181808746666667,6.936888826666666,7.49071976,10.282748533333335,3.588953093333333,5.6631101600000004,7.513516693333333,7.068271893333334,10.266980426666667,8.32016424,7.77678416,10.720196506666666,8.078859333333334,6.310445226666666,6.46960976,7.946294906666666,9.133784533333335,5.9470958933333335,7.951422693333333,6.276269306666666,8.095756373333334,8.148177413333334,6.772379253333334,6.3804076,6.707755093333334,8.021211146666666,7.534675653333333,6.758531013333334,5.501372293333333,6.005831519999999,4.261812480000001,6.590963466666666,5.403715253333333,5.222033280000001,6.18102576,5.36968368,5.263314426666667,4.690943413333333,6.242174533333334,9.642430693333335,5.3883092,2.67057168,4.7294428533333335,5.3309973600000005,3.70989696,3.3325128266666666,2.5780511466666667,2.84818944,5.60801496,6.222651626666666,4.038376186666667,4.228848826666667,3.40119152,2.46382848,2.6402438399999997,1.20310448,2.5620707200000004,5.461889066666666,3.66438416,3.1858084,3.2061205066666667,3.89354984,4.069307866666667,5.669994746666667,4.636245066666667,6.979711200000001,4.07358008,1.8855628533333335,2.5941038666666665,3.9105771733333334,4.0225864,5.2528286133333335,4.7152663200000005,3.497288613333333,3.0076674933333334,3.65100288,2.1184564266666666,2.0955673333333333,2.05386104,2.2325967999999996,2.8062681333333335,1.9337246133333335,2.69182472,3.424540453333333,4.87095912,2.37058688,2.9576916,4.127124106666667,4.0548032,4.536540586666667,2.0876366666666666,3.9478219466666666,2.8167272000000003,2.6243510666666663,2.7120187733333334,1.1813754133333334,3.0542688,3.0815818399999997,2.29585984,3.815032293333333,3.083133386666667,2.530351093333333,1.8665441066666664,5.3230768,3.842684746666667,3.141220693333333,2.94915104,1.9913568000000001,3.837571706666667,3.782894213333333,4.087171173333333,3.0871736800000003,3.616824186666667,2.58425592,3.902266293333333,3.23353176,4.743994853333334,5.743963786666667,3.721167466666667,7.751053786666666,7.448642613333334,5.167771813333333,4.92337696,4.528337573333333,7.450647466666666,5.447687653333333,7.429519946666666,7.805700053333334,6.0157286133333345,5.99717784,5.049983946666667,3.8206156533333333,2.6895858133333337,6.507363786666666,5.838894933333334,6.01522736,7.62992912,6.551486746666666,6.352855866666666,6.111755866666666,4.623880106666666,5.294775333333333],"out_bps":[19.238403093333332,17.758026266666665,15.974222213333334,16.143190293333333,16.817745173333336,15.17609184,17.42442256,19.385386426666667,17.773317066666667,16.218362053333333,15.533438346666665,16.207360266666665,17.866231626666664,17.592766773333334,17.997588506666663,14.220675893333334,17.409883333333337,13.125860613333336,17.82051261333333,16.096933333333332,14.051481173333334,14.50620344,18.002749573333332,16.68806056,15.110641119999999,20.197389386666668,18.291820266666665,20.451655573333333,19.799817920000002,16.952748399999997,16.209000720000002,14.336010826666666,17.035792266666665,16.46998312,17.211964133333332,13.2668276,14.983602773333335,17.128867600000003,15.163834933333334,15.69639792,15.485923413333333,11.72176752,15.052475546666665,15.221132986666666,14.47519872,13.113547013333333,17.799520373333333,14.929257866666665,6.3781552,5.896280453333334,9.121391253333334,8.597513973333335,7.960312026666666,8.309868986666665,8.326285653333334,7.354991066666666,7.954382346666667,4.597223226666666,5.143285733333333,4.684670186666667,7.898664826666666,7.205638613333334,8.452816853333333,6.247374106666666,6.584199973333334,4.66407112,4.601346293333333,6.8896584800000005,8.392587706666665,5.8004303733333336,6.004698453333334,7.7662404800000004,5.170354773333333,6.924041973333334,7.533533466666666,10.284887973333335,3.5887410933333332,5.666328480000001,7.516908186666667,7.278974026666666,10.077083946666665,8.327635599999999,7.775955519999999,10.719506533333336,8.080774186666666,6.332952773333333,6.456583599999999,7.9666336,9.137078906666666,5.958117333333334,7.960552453333334,6.267366613333334,8.005138213333336,8.30046912,6.80963248,6.29720232,6.719331333333334,8.028011973333335,7.53915784,6.765050586666666,5.512823626666667,6.005658453333334,4.263204746666667,6.599766266666666,5.417799493333333,5.213159866666667,6.183605013333334,5.381904,5.272340986666667,4.6927816,6.451348853333333,9.440237119999999,5.394919413333333,2.6653690666666665,4.746396506666667,5.326921173333333,3.72443392,3.3377504266666667,2.5919441333333335,2.8521877066666668,5.608635706666667,6.11448024,4.15676736,4.233908373333333,3.40215192,2.47241344,2.6452910933333333,1.2059752533333334,2.5687506933333335,5.466778266666666,3.820369226666667,3.036754266666667,3.2159477599999997,3.88577848,4.0879905333333335,5.674222213333333,4.65961288,6.845174933333333,4.2005685066666665,1.8950448266666666,2.5972836266666666,3.9097827200000004,4.0044296,5.290588639999999,4.70333488,3.51684464,2.7924854133333334,3.873756933333333,2.1243958933333333,2.1007550933333334,2.05935672,2.2162641866666664,2.8347265333333334,1.93745744,2.69107648,3.4368479733333333,4.885869813333334,2.359998533333333,2.972386933333333,4.133978746666667,4.053470773333333,4.54338232,2.0934534666666664,3.9507546133333333,2.8231224266666666,2.627889386666667,2.7179772,1.1809246133333335,3.06512928,3.087208266666667,2.298446053333333,3.82253968,3.091649733333333,2.5326051733333332,1.8700675733333334,5.32752024,3.8512391733333335,3.14822496,2.954971333333333,1.9883806666666666,3.84895952,3.783391573333333,4.176873173333333,3.0132748,3.622472186666667,2.5887707466666665,3.89734896,3.2526409333333333,4.730735706666667,5.7626934400000005,3.730359973333333,7.753955146666667,7.4545268,5.389489466666666,4.688565226666666,4.557764639999999,7.459618773333333,5.439271146666666,7.436796,7.61215904,6.22831568,5.906372719999999,5.233205519999999,3.7425188,2.6731936000000003,6.531502266666666,5.824799226666666,6.038747946666667,7.654284186666667,6.55131472,6.33917,6.116918106666667,4.558888106666666,5.375256719999999],"in_packets":[],"out_packets":[],"in_errors":[],"out_errors":[]}}