{"message":"Aggregated IX data for New York IX","data":{"nServiceId":null,"width":286,"jServiceId":null,"start":1497427500000,"end":1497513000000,"name":"New York IX","in_octets":[],"out_octets":[],"in_bps":[135.71483512,144.37741453333334,157.42345861333334,126.92565528,96.38339306666666,142.0571612,123.22709917333334,103.26042925333334,98.42295354666665,79.59526674666667,83.08068434666664,108.24864264,83.14621432,72.60598,91.62472954666666,100.34123264,83.38292866666666,60.327870880000006,108.09610144,66.64858344,103.75525656,152.64943682666666,115.00330189333334,97.94081674666666,175.41209141333334,103.69137954666665,95.52897426666665,141.63679349333333,110.90792213333334,110.84623288,132.25962592,76.98565562666667,98.39864498666665,148.39553768000002,159.25361845333336,148.07821864,197.84713114666664,195.81438397333335,187.56087306666666,243.82027354666664,202.21598533333335,193.40159408000002,180.06007264,172.33959096,176.60034794666666,250.07269288,200.38070805333334,174.56594368,175.85302416,183.30847536000002,213.52810098666666,203.15070114666665,266.24079072,180.71391925333333,139.26577856,166.73134090666667,153.93178709333333,153.1766168,206.72439981333332,148.68298093333334,171.10805346666666,191.59791808,214.73885568,204.37218904,263.45338024,238.79338109333332,147.31910128,188.39643136,169.63263586666665,168.85699293333334,174.50269528,186.04592522666667,171.97718432,223.05029752000002,260.7512352,167.52358114666666,176.42445912,173.99439658666665,230.24039325333334,249.77403917333334,209.35319645333334,183.38232781333332,182.88763114666665,203.10390936000002,223.60496965333334,233.52497114666664,237.47399669333336,232.79502752000002,250.257996,216.62896077333335,196.85554170666666,207.44121013333336,187.34240082666665,183.69484781333333,178.41948431999998,217.66145362666666,175.14105016,189.55984442666664,234.40641269333335,228.09635325333332,179.40271530666664,225.64007434666667,186.09527336000002,187.85869546666666,182.08307290666667,172.28550136,184.14765682666666,214.51226613333336,162.05786909333332,171.50025512,200.57428271999999,169.88380674666666,180.20772616,172.31964703999998,159.94654394666665,130.71241933333334,148.96241688,173.12453256,170.37304077333334,200.66016994666666,243.54526858666665,269.74262088,254.52527557333335,248.04410762666666,344.18651349333334,403.3746206933333,361.86056632,273.00593680000003,239.55152554666665,255.73843768,273.0102227733334,286.29749773333333,282.89074474666666,219.67739826666664,239.7558584,214.1800188,229.25909797333335,225.91400109333333,198.34291344,210.92787696000002,237.7806988,237.87638410666665,211.36378874666667,220.453086,217.15323202666664,229.96677389333334,214.34863245333335,191.49652562666665,187.35343736000002,233.54809354666665,174.10011813333335,185.05121144,172.76383394666667,165.85948736,182.37639712,180.31858434666665,178.61112674666666,186.44443896,155.72673215999998,178.00767608,160.31021018666667,146.82449266666666,230.40358973333335,250.52531013333336,205.56146282666666,229.11087714666664,201.60427085333336,207.47245610666664,256.61933933333336,269.1845281866667,238.77373666666665,225.46537738666666,185.70901602666663,168.87010698666666,228.10303573333334,236.91907597333335,207.19371581333334,229.44119109333334,175.53034434666665,193.64006749333333,210.10275082666666,237.99537466666666,254.19824682666666,398.1312751733333,263.81501517333334,299.56879976,296.42117064,288.51256248000004,190.86344008,239.62098912000002,266.28627376,224.67650530666666,209.54687525333333,210.32419269333334,237.87740213333336,238.64266586666665,296.2947999466667,189.09609282666665,152.77147072,224.52500458666665,225.67819536000002,279.60134738666665,209.91786032,155.45864653333334,185.07360474666666,213.61625496000002,197.25265858666666,285.96247184,165.92377845333334,165.18448909333333,174.62778640000002,143.63183442666664,142.88943215999998,166.93246594666667,142.65811181333333,122.25244397333334,135.53304197333335,138.85391936000002,117.60895309333335,136.24506338666666,187.33491154666666,193.90490786666663,208.89941306666665,237.44711165333334,190.77905368,195.86060429333335,221.75536965333333,329.0509853066667,815.0292607733335,380.5912282666667,215.3614824,144.6317308,128.41333448,132.01704698666666,145.78114181333333,156.15821008,98.51915181333335,131.31688197333335,479.91026008,1394.43794256,2031.51181608,508.1676225866667,153.81924018666666,101.98433954666665,135.74563487999998,122.22199544,102.01612330666666,146.96905210666665,111.01246317333334,151.40251962666667,158.45950930666663,443.50980642666667,998.7032116533334,196.45459528,136.92247053333332,131.19799882666666,137.93981768,109.05971264,328.5025188533333,1929.3454480533335,2047.2039201866664,151.29998909333332,139.87017757333336,113.93518336,113.40724629333333,131.02172256,203.97696285333336,110.06881213333334,130.57847485333335,96.08825042666666,95.32996445333335,116.61659144,162.36465575999998,76.76663608,117.53431018666666,90.70601568000001,96.71734,129.15651223999998,126.77355565333335,145.07639954666666,123.9952512,241.1916,84.33928730666666,99.81884765333335,91.01532565333335,157.34454013333337],