{"message":"Aggregated IX data for New York IX","data":{"nServiceId":null,"width":286,"jServiceId":null,"start":1501891500000,"end":1501977000000,"name":"New York IX","in_octets":[],"out_octets":[],"in_bps":[1074.6508086133335,939.8512472533334,1544.65074392,452.34771983999997,190.14215933333335,112.35754962666665,75.10877578666665,73.44268594666666,178.25918458666663,2352.9798871733337,3673.8352479200003,4962.993373226666,5504.736112773334,1051.9332219733335,695.3334856,430.20788072000005,326.53942983999997,438.12514570666673,503.7960420533333,2596.894793093333,10011.866199493334,10007.2392248,10019.180577013334,1480.00874816,218.83172405333335,186.05481933333334,269.26722978666663,485.1436880533333,4021.220203786667,6759.863628373334,10005.305050986666,10057.971884346667,9983.443820213335,10006.88450032,10048.467521866665,9258.724040746665,661.3702176,748.9282322666667,2214.68608392,2692.081886053333,8013.38888944,8024.546171253334,928.94799168,373.4090712533333,415.3786859733333,770.31611656,914.43827264,675.5993472,398.5227282666667,1643.0550641333334,7373.524893466666,1872.2065546133335,476.7452181066667,6997.188273066667,9986.021230213335,10001.15599952,10026.975201893336,9959.870728053334,4772.577331546667,298.5982586933333,41.32027245333333,68.65046184,116.81799781333335,256.37989962666666,225.04430968,2384.3787267733337,4928.6396868,281.85492037333336,278.04134114666664,360.2657570933333,422.19255383999996,485.1493028,507.0351137066667,501.44867456000003,343.57680095999996,217.19515528,168.17437375999998,4636.00626088,4268.89723904,2039.7179244266665,4778.738023066667,6285.66673384,5888.2917128,6645.7341028,10046.675618959998,9987.029119626664,984.034084,125.41446546666666,135.08568061333335,89.13647856,94.92413349333334,677.02858512,3345.6550803466666,4560.482290186666,8098.634947226666,10029.93487064,10030.715095146665,9547.05182744,1567.9125902933336,73.49036605333335,27.26399608,145.09048565333333,761.9213737599999,586.7535811733334,904.2629187733335,719.53296016,740.9812921333333,542.0605305866667,381.33795784,160.07460544,102.57272613333335,54.80223538666667,31.334159120000002,20.371078,22.435852213333334,81.17823032,119.39519834666665,102.92763392,168.32199373333336,2971.931905973333,9859.476475813333,3559.3903205866673,262.60071168,112.41561309333335,79.88888368,51.50732213333333,39.04536162666667,32.22375874666667,43.02192045333333,33.17834522666667,386.2852168266667,909.0965249066666,534.7533860266667,522.5556390666667,559.59190128,576.1158695733333,645.8010785866666,3943.898990373333,5759.6378791199995,5737.72243224,4518.280269600001,823.0070797066666,35.96777762666667,159.56888554666665,3375.614957706667,1991.16176416,570.339996,643.5272821333333,518.4288288,282.33969018666664,194.20535647999998,1799.4471270133336,4770.547878213333,384.00406381333335,271.96342888,360.68891893333335,412.1015152,299.3032554933333,287.28277024,124.61253061333335,1117.2039727200001,3719.040579786667,5455.576603013334,10102.942273573333,9911.302507333334,9867.82183568,2738.73488968,116.17568221333333,50.22917893333333,33.421748586666666,43.94235925333333,32.87254461333333,34.36900736,33.08597634666667,32.52233437333333,101.29782757333334,3705.755857333333,1623.5242508533336,464.7902070933333,628.3607896,396.0922049066667,203.31862077333335,173.34121434666667,176.04996106666667,275.94010930666667,518.5950787466667,2057.0602028266667,3535.74577168,4306.741075946667,3956.623493066667,8287.620463520001,10019.313656933335,8655.148576799998,880.9634992266666,1391.4436841066665,3960.5490356,6710.65053216,8515.764130293333,5716.994504373333,1750.6730820533335,342.46122944,6239.358161866666,7516.907526453334,222.30144034666665,232.87279834666666,410.6502669066667,565.1879122133333,528.170824,606.4310505066667,4537.32400312,10014.77862376,9984.391186506666,10081.76454488,9977.35031824,10053.8064716,7039.723946213334,238.74621448,89.4262212,75.47009637333333,82.05839087999999,695.57878512,1349.4920292266665,146.85375085333337,152.65380173333335,240.76708263999998,206.38022210666665,254.78896831999998,282.3870152266666,217.82955176,149.94843880000002,1706.0263371199999,9817.667748586666,2873.1117325333335,200.37777296000002,4965.974044186666,8700.577707226665,10073.05139072,9964.412209173333,10053.885966266667,4067.29235088,251.10159781333334,43.59348325333333,62.592575520000004,117.35476029333334,1045.2911312266665,1740.65906592,1699.5606655733336,1398.51670616,1435.77268856,638.5906010399999,2954.60838768,1862.6502796,319.85934951999997,413.9652245866667,553.2174290933334,1845.76098552,10098.650203013334,9980.163527066665,9981.101393893336,4869.275016586667,3135.3415353866667,2819.4616418133337,1241.8585375999999,703.0307445333334,1451.43980752,3224.95789696,1877.47291928,1531.8730143466667,6082.387955893333,689.0365466133334,193.51816506666665,412.4378148,321.6888178666667,420.4436009866667,428.6749412,368.37754413333334,317.0091399733333,238.94562544,242.42676752,6272.70023288,9781.164010426666,526.23276248,542.5168377066667,3047.770238373333,4777.33090016,5646.323524933334],