{"message":"Aggregated IX data for New York IX","data":{"nServiceId":null,"width":287,"jServiceId":null,"start":1493424300000,"end":1493510100000,"name":"New York IX","in_octets":[],"out_octets":[],"in_bps":[53.71949237333334,45.882056453333334,57.57519389333333,52.16048528,55.666017546666666,48.56622165333333,48.687942240000005,47.63944285333333,44.346028053333335,50.33071536,46.08430168,48.58407434666667,54.91493093333333,62.024841386666665,62.48627912,52.73970192,50.13559861333333,47.74453874666667,52.23998858666667,53.359481493333334,49.454997706666674,53.03932002666667,45.648853626666664,50.151196373333335,47.87105277333333,57.59730626666666,55.71293032,44.04211381333333,49.156948719999995,44.386506880000006,41.989108666666674,46.75460554666667,46.06773096,49.827092586666666,41.15328768,47.41368434666667,49.16831978666667,43.954086266666664,48.23748274666667,48.120465200000005,53.75182234666667,44.09842405333333,43.55332584000001,48.48008357333333,38.39126642666667,43.22937858666666,38.95940072,47.04200517333333,49.117101813333335,46.615392453333335,44.653657200000005,33.89003669333333,36.27725544,35.723413146666665,35.72657650666667,40.383620799999996,39.53908893333333,31.784672559999997,36.77083234666667,36.3397528,30.414766800000002,31.02410354666667,38.25712432,43.151374,30.33801736,31.80019069333333,33.19696352,30.31567352,25.81477986666667,29.66569474666667,31.665028239999998,24.478366586666667,35.61226914666667,29.245894373333332,26.211140613333335,30.760986826666667,27.710052826666665,33.99911762666667,26.428914186666667,30.14951685333333,32.044840693333335,24.52731256,26.797257386666665,26.20465352,21.886601013333337,28.91258850666667,29.309939973333332,30.886905679999998,33.662637520000004,29.92910032,26.349749946666666,27.488282053333336,30.59196864,24.87213368,29.0242084,29.76764690666667,26.849255386666666,26.856057946666667,26.453147066666666,24.834265893333335,25.951738213333336,25.718274106666666,23.184413386666666,25.69693832,51.92525362666667,48.16149010666667,26.32562528,26.630829173333336,29.50967472,23.422782666666663,26.694954186666667,24.275759386666667,27.826705546666666,28.764133013333335,25.38200776,23.337990266666665,22.072740986666666,29.080962826666667,26.33771184,26.66288952,26.772907866666667,29.627053813333333,25.576182666666664,24.454402453333334,30.09205882666667,30.05163930666667,25.780147706666668,28.209840879999998,31.480299600000002,29.21644514666667,29.49501874666667,29.13752925333333,29.352024986666667,30.308553760000002,35.37959584,31.33979370666667,29.83036189333333,31.73132485333333,31.51655157333333,28.208312853333336,35.74419157333333,34.74662778666667,38.90427874666667,41.96262770666667,47.8268504,50.67158109333334,49.157523866666665,52.43913266666667,37.84506858666666,35.67071584000001,39.67135104,33.70721664,41.659048799999994,39.49381541333334,44.71274546666667,40.45241245333333,58.81311861333334,38.99253250666667,39.886829946666666,40.139197493333334,40.680989600000004,35.42204237333333,44.64011242666667,39.572320026666674,34.21420170666667,40.707860159999996,38.99945730666667,37.183674186666664,36.44867378666667,38.70777781333333,39.11468810666667,39.38740621333333,41.804236773333336,43.67988674666667,39.58845394666667,36.08351546666667,40.958834079999995,38.854372693333325,36.593332,35.69096173333333,41.25113408,54.58911978666667,34.079024266666664,21.286182186666668,24.165060533333335,37.894104320000004,39.87734194666667,44.61868834666667,55.701464773333335,56.31697346666667,50.93603029333333,52.73952632,61.472579786666664,61.45573426666667,59.600912,42.33415168,37.84128544,41.71197496,40.27235906666667,39.048994346666674,44.79051984,47.54357392,41.96712456,38.00766821333333,46.39531256,41.56406146666667,42.94269525333333,54.30018530666667,45.45312538666667,44.83234829333333,65.83463642666666,52.289469413333336,50.14642122666667,48.66485114666667,44.51295037333333,40.78689757333333,43.579966,52.505294533333334,44.9910312,42.28554994666666,41.953497706666674,40.08466136,83.28961831999999,71.66394522666666,39.79252136,40.91287010666667,43.85997405333333,41.06109861333333,41.18093229333333,42.867264506666665,47.094130506666666,44.828786560000005,40.96943885333333,48.22461992,46.44610133333333,42.77037842666667,46.00476696,46.228889280000004,41.61272418666667,46.709612373333336,47.362193866666665,43.81757986666667,53.58178352,76.47833237333333,75.95462672,55.92902512,50.93845029333333,47.01724696,48.14355389333333,47.52907274666667,44.51453938666667,50.12601858666667,42.02510237333333,44.826253093333335,47.857478346666674,39.44651610666667,36.61266773333333,40.36242778666667,38.64104381333333,38.90292410666667,40.20316885333333,40.27106138666667,44.33500002666667,42.568171920000005,50.90169256,42.76247690666666,44.79964938666667,43.11390349333333,42.51064069333333,46.1876456,51.52491114666667,42.52868479999999,43.33997728,48.05606536,47.64073106666667,44.12593968,43.79598149333333,45.97310904,45.92016466666667,46.09658906666667,45.798746853333334,52.48916816,48.55707626666666,44.97265128,41.14851421333333,46.26532314666667,45.48933634666667],