{"message":"Aggregated IX data for New York IX","data":{"nServiceId":null,"width":213,"jServiceId":null,"start":1508702700000,"end":1508766300000,"name":"New York IX","in_octets":[],"out_octets":[],"in_bps":[3.0279987200000003,3.22671584,2.3088764,2.2627273333333333,1.6538702933333334,1.8224142666666665,1.4895453866666666,1.67020024,1.9503557333333335,2.23507504,1.5101986933333333,1.6262350933333336,1.54871104,2.591647946666667,2.2369417599999997,1.4769326399999998,1.9210637066666665,1.8169030133333335,1.7391082933333335,1.3424127466666667,1.1103952,1.1918433066666667,1.2462373066666665,1.2545903999999999,1.4351038933333335,2.0264936533333335,1.6419198666666666,0.7553726133333334,1.4487248799999999,1.6400198400000001,2.3609551200000003,1.53673776,1.1119441066666664,1.4075823733333335,1.6585785866666667,2.5165112533333334,2.0136079733333334,1.33300256,2.6140851733333332,2.0328873333333335,1.5745909066666666,2.34331152,1.4914604533333333,1.5754763466666664,1.61817472,2.0803076799999998,1.6869701866666664,1.9423038400000001,1.8318129866666666,1.9201320533333335,1.7605701866666665,1.7839496266666666,2.16138912,2.05513304,3.30212072,2.7566103466666667,2.905795466666667,2.69244152,5.316392853333333,4.122951626666667,3.394427573333333,3.36875616,3.290573386666667,3.283423013333333,2.385614426666667,2.2844322133333335,3.4610826933333327,4.18537784,3.6467801333333334,2.8546373866666666,2.9952786133333333,3.08356088,3.6823973866666666,3.848032933333333,2.60103464,2.43303088,3.00737368,23.017142826666664,3.18205144,2.8898401333333332,3.7969225866666667,3.75326752,2.6368533866666666,2.35694576,2.8387596266666666,3.9265533599999998,3.6924786133333334,5.24481544,3.808658213333333,3.25981864,6.386589946666667,5.41975416,4.678771599999999,3.944198666666667,4.427520400000001,4.2548892,3.4385956,3.325021013333333,3.241456933333333,3.35758528,3.123468346666667,2.6625357333333333,2.7576905333333332,2.5192593866666666,1.4514720533333334,0.4324247733333333,0.4615891733333333,0.8710967466666666,0.5208110133333334,0.51605312,0.49375773333333334,0.4855408,0.3194538666666667,0.3119450133333333,0.4230136,0.3544670133333333,0.25534685333333335,0.38133568,1.3771760266666666,0.5850646133333334,0.3361092533333333,0.32015647999999997,0.35794373333333335,0.2583161333333333,0.31358344,2.01868048,0.3491204533333333,0.41309066666666666,0.22964565333333334,0.31118002666666666,0.8203766133333334,0.36264541333333333,0.37026728000000003,0.22037320000000002,0.21415666666666666,0.26838656,0.22820173333333335,0.16245096,0.23135658666666667,0.3209949866666667,0.35695728000000004,0.24062613333333333,0.31049714666666667,0.23266237333333334,0.23773962666666665,0.3547389066666667,0.37924485333333335,0.24887544,0.41843959999999997,0.9081649866666666,0.3723373066666667,0.29433109333333335,0.2757900266666667,0.3961553866666667,0.27258352,0.2546674133333333,0.3252610133333333,0.2816123466666667,0.32611221333333335,0.41951664,0.3824925866666667,0.4367903733333333,0.39805477333333333,0.4014528,0.5419339733333333,0.55454104,0.3622221333333333,0.7876724266666666,0.5648446933333333,0.90511768,0.9142210133333334,0.6261136533333334,0.6841653066666666,0.52213128,0.5970692,0.57736888,0.6958726933333333,0.80832144,1.0706638133333335,1.0826408533333336,0.7975992533333334,0.9108652533333335,0.8149232533333334,0.96225176,0.83947224,0.8137579733333334,2.0683859466666665,1.2877125066666666,1.46082344,2.7129214933333334,1.0700460533333334,1.4495367733333335,0.7297061866666666,0.5940438666666665,1.7389257333333334,1.28711536,1.68748256,1.7300758666666665,1.7018098133333335,1.6785454133333333,2.127444,1.3515246133333336,1.0833221866666665,0.9935363466666666,1.2220702933333334,1.5237096266666665,0.9728272266666665,1.0368964266666665,0.9140746666666665,0.38351045333333333,2.8143887999999997,1.4611580266666666,2.4634890666666664],"out_bps":[3.029198,3.215280293333333,2.3263941066666662,2.24048288,1.68731864,1.8218265333333334,1.4882562933333334,1.6811728533333334,1.9580956,2.2340079733333336,1.4937805333333334,1.6469000266666667,1.55377368,2.594901173333333,2.2294069066666666,1.48906192,1.94049032,1.80870584,1.7392821066666664,1.34849504,1.1093564533333333,1.2022333600000001,1.2496837866666666,1.2556241066666665,1.4422225333333334,2.0149984266666667,1.6587704533333334,0.7559009866666666,1.4564942666666667,1.6399352,2.36585416,1.5403269333333334,1.1070478933333336,1.4091137333333335,1.66592272,2.5317003466666668,2.0154525333333333,1.3359369866666666,2.619342933333334,2.028006213333333,1.5735517066666664,2.3517197866666666,1.5032607199999999,1.57718944,1.6216148266666666,2.0963271733333335,1.6760508799999998,1.9646265600000001,1.7978613333333335,1.9425856533333337,1.7654415466666666,1.7870481066666664,2.1447345866666665,2.0848537066666664,3.3335428,2.7128144266666667,2.9252401333333333,2.68118088,5.3287265066666665,4.164679946666666,3.33053168,3.4224563999999997,3.27637656,3.2912878666666665,2.3915222933333333,2.308783093333333,3.4369721600000003,4.185097493333333,3.647058986666667,2.8911677066666672,2.98574024,3.072949306666667,3.693163146666667,3.8499680533333334,2.6053968266666665,2.42497704,3.009594346666667,23.036951146666663,3.201676106666667,2.8770147733333333,3.79579792,3.8400070933333335,2.56107664,2.3584760533333333,2.84527304,3.97561704,3.639820373333333,5.2391224,3.808690986666667,3.287389973333333,6.375925573333334,5.43941672,4.690679493333334,3.935793893333333,4.429361733333334,4.258583306666667,3.44084288,3.336334026666667,3.2603147999999997,3.346165253333333,3.14263056,2.6586608,2.7559286133333334,2.5163684533333335,1.4519684,0.43665152,0.4631389066666667,0.87334008,0.5245372533333333,0.52032528,0.49871125333333327,0.48824728,0.3231608266666667,0.31444370666666666,0.42829181333333327,0.3537028,0.26346176,0.3834285866666667,1.3814996000000002,0.5882230133333334,0.3396330666666667,0.3245586933333333,0.3623699733333333,0.26056616,0.3163729066666667,2.0219119733333333,0.35342784000000005,0.41663442666666667,0.23230397333333336,0.31577936,0.8199460533333335,0.36917848,0.3748265333333333,0.2254372,0.21565,0.27246928000000004,0.23138504000000001,0.16615317333333335,0.23548277333333334,0.3235479466666667,0.3623198666666667,0.24376434666666666,0.31299544,0.23819898666666667,0.23925522666666665,0.3581264266666667,0.3816653866666667,0.25410205333333336,0.42253437333333327,0.9132085600000001,0.37396776,0.29797626666666666,0.28041656,0.39812008000000004,0.2772632266666667,0.25738168,0.32939344,0.28442192,0.33085912,0.4238054933333333,0.38422136,0.4424784533333333,0.39971464,0.40510656,0.5456265333333333,0.5577465066666667,0.3679920266666667,0.7899909333333334,0.5679743733333333,0.90849848,0.9196618666666666,0.6261563733333334,0.68895912,0.5262608000000001,0.6044573599999999,0.5768464533333334,0.8101833333333335,1.0910449333333334,0.7955350933333334,0.9160253066666665,0.81940552,0.96472064,0.8427232,0.8157043733333335,2.0748431733333335,1.29463088,1.4607155466666666,2.7151154933333337,1.0752233066666665,1.4505968533333335,0.7354813333333333,0.5948589866666666,1.7492875466666666,1.2857443466666665,1.6936162933333334,1.7334359733333333,1.69309144,1.69742872,2.12444048,1.34843328,1.09646752,0.9948438399999999,1.2224599466666666,1.5303671466666664,0.9620125866666666,1.0557365600000002,0.9178173333333335,0.3860432266666667,2.7762837333333334,1.5061310666666667,2.475682346666667,1.6171460533333335,0.6632440799999999],"in_packets":[],"out_packets":[],"in_errors":[],"out_errors":[]}}