{"message":"Aggregated IX data for New York IX","data":{"nServiceId":null,"width":287,"jServiceId":null,"start":1473553200000,"end":1473639000000,"name":"New York IX","in_octets":[],"out_octets":[],"in_bps":[1197.7873405066666,1102.5924624533334,1018.1252308533335,993.4923172266666,994.83870568,1033.8443885066665,973.4129495733334,977.80064144,957.116808,993.3646744533335,1065.2371746933334,988.8184114400001,1142.5627945866665,1143.81431232,987.3580745066665,1017.2633528533335,979.1315588,903.7099721866666,987.74885696,900.9803877333335,927.0255053333335,944.5127270933335,1038.2615090933334,981.1601814933334,967.4594139466666,1002.3163639466666,958.9558107466665,937.8308894133335,929.9025712266666,945.7897226933334,1101.8241879466664,1109.75878944,1080.8835835733335,1041.8344258666666,1133.2197021866664,1173.1596176266667,1145.07574088,982.8826754133335,923.8505391733335,911.5219458666666,883.6216974133334,907.6169109866665,917.6262045333334,879.2434925866665,850.4230155466665,972.6688602933334,910.76730088,884.88194648,877.2775961066666,934.5751771466665,875.0930067733334,884.0042304533335,881.9250984,849.51583984,849.4145756533334,782.56424688,863.9083030933335,863.7576405333334,936.097196,868.6952852000001,799.65129672,765.8656612000001,755.8625066666666,738.1752756266667,777.4499,723.53209944,744.7317446133334,722.0116483200001,724.7692134933334,725.0733245333334,660.13216432,704.9548845333334,701.6047266666666,713.5079200533334,740.6273217333334,712.9358188799999,686.6434478133334,716.2782338133334,701.95768272,670.5364190933334,653.5005223200001,649.2689002133334,713.0539038666667,679.0966121866666,654.8687842933334,659.5736207733335,691.3747613333334,650.5776092266666,677.3834016000001,624.76293256,596.9277166133334,632.1861621066665,621.51463912,600.18315792,669.8358358133333,588.1724609600001,571.6392399733334,627.2410038666667,656.81334696,654.0379879733333,550.8796526933332,539.4535407733333,582.2936464533334,619.1029098133334,585.4396372533333,611.7355241333333,563.4292254933333,582.3191045866666,633.86702168,604.2401813066666,630.2674940533334,610.22683448,578.9111013333334,635.2675393866666,574.8952168,568.9354276266666,636.8873557866666,745.1707924,679.82315952,693.2104382933334,669.5480500533334,640.74440424,586.2050034933334,593.8732460800001,610.9067861333333,654.18222976,631.4966006933333,604.5352689333334,611.62476672,716.5208140533334,691.64217288,659.7819750399999,645.56126912,730.6315890933333,731.8586954133334,728.2507115466666,743.5237384266666,688.3762209066666,791.5490314933334,762.8411226666666,740.6396894133334,768.2859170666666,747.4062722133334,749.3761088266666,843.6709310399999,831.0662170666666,874.4307777866666,894.5121711466666,782.0452994666666,763.5333461333333,868.7037843466666,996.4177678666665,927.7808294933335,869.2306791466665,917.8328873066666,971.4853762666665,941.6513990666666,1028.5411846133334,970.9267216266666,967.6562065333334,880.2672756533334,972.8725443200001,921.689676,862.4877146666665,969.0287547733334,958.6919470133334,933.0030957066666,1063.0394154666665,962.2603170666666,1122.9561610133335,1107.2052117066664,1016.9628381333334,983.5585189066666,932.6190635199999,974.5478488,1016.1910005333334,1041.9222433066666,1037.2074132266666,1012.9273305066665,1121.8855084266665,955.67077464,945.45049016,944.2836729866666,880.2321223733335,1041.4593111466666,1115.66187832,1196.7413236,1146.5237037066665,1072.8925244533334,1063.30005088,1090.19792304,1064.9602810933334,1135.5935792799999,968.2230597866666,970.7958655733333,971.4417157066666,977.75677336,999.2289161066666,1029.4418072533335,1016.86643392,1048.3890512799999,1040.0537966933334,981.0513689333334,1011.00215264,1019.7859574666666,1072.6476444533334,1096.02743384,1108.76188912,1057.5851884266667,1115.4611721333335,1116.6706593333336,1104.0216441866664,1049.2187294933335,1060.9067921066667,1094.8080140266666,1079.3402066666665,1056.9216259466666,1041.67399336,1025.4634248266666,1030.8658245866666,975.9152556266665,1044.7335122666666,1066.3150449066666,1057.8595466133334,1066.8114438666667,1065.8962089333334,1059.6336238133333,1000.9729590133335,1002.2361697866666,1015.2501049066665,1023.8432296,986.0863978933335,1036.2743056266665,1019.1862199466666,1069.66676512,1065.67593,1243.7512001866664,1221.41811184,1189.5737058933335,1093.9744834133335,1070.5389395733334,1175.3437542666666,1065.6483589066665,1101.2684762133333,1053.6474950133334,1047.9443462933334,1091.9603452000001,1076.9210118933333,995.93223024,1087.2597077066664,1032.5930079466666,1013.4257776266666,1019.83136584,1079.94495752,1069.25474864,1077.3537549066666,1067.2006751466665,1062.7369672,1070.0197940266664,1055.7481496,1080.7211978666664,1165.6332097866666,1126.8937628533336,1159.3026928533334,1197.2880449866664,1098.6000220266667,1095.8186492266664,1099.30237192,1093.92353224,1074.12502496,1078.4059677866667,1110.4639080533336,1060.6684783733335,1094.0775941866666,1109.53942888,1062.5819447733334,1039.7752603200001,1084.0994344800001,1084.9109361866665,1112.0412177333333,1048.38302456,1076.8294186133335,1077.0441056533334,1081.73595936,1051.25730544,1105.7397791199999,1191.0756484],