{"message":"Aggregated IX data for New York IX","data":{"nServiceId":null,"width":195,"jServiceId":null,"start":1478382000000,"end":1478440500000,"name":"New York IX","in_octets":[],"out_octets":[],"in_bps":[1445.6706950133337,1250.3205338666667,1261.6790736533335,1310.8370037333334,1412.3044070133335,1291.24251656,1347.2396911199999,1396.72282336,1339.7841224000001,1269.7042411466666,1522.0729922133335,1701.8976247466667,1660.8636561600001,1381.93317536,1462.7533898933334,1508.87570736,1374.3207695733336,1225.5559294133334,1390.2289925866667,1542.94896192,1445.1385799466664,1537.9791122133333,1303.4141483466665,1197.97324344,1149.7470553866665,1227.7033997066665,1200.4957006666666,1229.80250776,1148.8464429066664,1169.6334778666665,1174.6376583466665,1112.5296145333336,1115.3291301333334,1216.5100421333334,1227.8384018133336,1082.47625704,1042.69536808,1077.2058642666666,1044.9253589066666,1080.87618432,1123.3141032266665,1115.6215983466666,1060.849924,1051.550388,1062.7718767733334,1154.28640408,1072.20742632,1034.06037,1168.8771644,1162.2805054933333,1101.6618533333335,1064.2705972266665,1080.54306864,1085.5564063466666,1179.22482376,1167.15081672,1141.91732248,1116.5120746666664,1102.3786044,1097.72823808,1061.6552864,1024.4467799733334,980.2583195733334,1018.4216505066665,983.50223776,1012.4930657066666,1068.3435077866666,1053.8494767466666,1052.7707083999999,1038.9866601866665,1123.0317516533335,1128.3763492,1124.9754368533336,1183.6953483733334,1089.3684455733335,1143.8956702133335,1250.5131584800001,1228.4256982666666,1108.7260849866664,1241.9751981066665,1233.3955008,1159.4146628266667,1287.2868737066665,1229.1321315999999,1513.7240187466666,1332.3232844000001,1439.9912954400002,1435.3870480799999,1314.0373263733334,1382.6266692000002,1409.57776216,1484.8677877333334,1432.5602564,1488.2614633599999,1486.62915096,1987.31215752,1631.4529587466666,1517.51795608,1663.31663064,1653.8141146933333,1703.6933008533335,1472.6613334133335,1552.8487701866666,1819.66477144,1844.29159344,1846.37357064,1649.26276504,1427.9135546133334,1476.0653521066665,1549.6271356533334,1545.47725312,1630.1748904266665,1684.42639128,1760.8023354133334,1881.1632093333335,1931.05099344,1891.87320856,1799.9327130666666,2017.2941027466666,1955.5299236266665,1947.2991186133336,1960.7110230399999,1943.9330406666666,1922.4784598666665,2085.76117216,2171.897142426667,1984.5327792,2091.4509587733337,2081.4101030666666,2166.18745056,2051.1544437866664,2084.22386608,2004.06347056,1921.6042312533334,2013.9965351733333,2162.85400472,1866.8165290666666,1861.9459455733336,1786.2237463466665,1795.8084779733333,2055.97747808,2182.009155866667,2261.5578682399996,2031.3077909600001,1821.59670928,2269.9844739200003,1806.4275511733333,1869.1470017066665,1896.6239136,1998.7968392799999,1891.9046354133334,1988.7344425866665,1820.0379405333335,1793.3889467466668,1772.3908786133334,1947.8300671466666,1828.9319648533335,1717.29671288,1678.0495074666665,1714.6277269333334,1674.2656474933333,1534.4674246666666,1718.9373526400002,1680.90464496,1774.0172076,1946.9324530666665,1909.49348384,1880.5425983466666,1868.20001032,2215.5047554133334,2451.6554281866665,2268.7802328800003,2221.0271672800004,2034.5999825333336,2170.0948373866668,2128.8437354666667,2001.1998592533334,1966.9474592000001,1832.72242704,2077.520210453333,2046.56665056,1793.2529528266666,1764.35869232,1890.2549291733335,1802.0168327733336,1819.82271248,1646.7843831733335,1756.605392,1828.9327169066664,1713.7892338933334,1618.0439790933335,1497.7442558399998,1435.76340824,1407.5697418666666,1182.50391152],"out_bps":[1446.7849106133335,1242.9185331466665,1256.2401395999998,1313.0060134666664,1408.0966682933336,1289.36485216,1338.09812472,1380.2191309333334,1350.4279145066666,1274.7190257333334,1517.0603143733335,1681.63694296,1650.9268112533334,1397.4591786400001,1451.8749758666665,1508.5028887466667,1367.4197292266665,1224.9410894933333,1389.0305109066664,1525.4368615733335,1445.9829592533333,1540.6624008800002,1312.1934504,1189.6218026400002,1140.49980056,1231.8345594666664,1185.2059981866664,1228.0436398933334,1149.8722195466667,1164.6658972533332,1163.8228588,1119.34470544,1109.5315141600001,1208.2430812533332,1228.3087576533335,1083.9406047466666,1038.084446,1079.6704512266665,1038.0939977333335,1077.93200912,1130.8888647200001,1098.3113704,1061.7467097866665,1044.46354472,1058.5969487466666,1146.0690318133336,1074.2091575466666,1037.4901736,1170.0140294666664,1158.7305369333335,1091.5416873066665,1055.74565744,1084.0461094666664,1082.3688783733335,1188.3865541866664,1151.4755726666665,1149.55076552,1104.5589534133335,1099.2368301333333,1094.3972989066665,1058.2274145066665,1022.4926190933335,983.6298581066666,1007.0725377333334,987.98652552,1001.6258475466665,1070.611972,1048.0157602933334,1054.68046176,1031.34210048,1119.2985767466666,1121.3939893333336,1121.5058880266668,1185.3846974666665,1082.8582797866666,1150.5430648,1238.03963424,1230.37785008,1099.7804412266664,1239.3823787200001,1228.6777604266665,1147.61489736,1295.05925376,1217.7284176266664,1517.2599892266664,1323.7139258933335,1442.9133205333335,1417.99826784,1319.3134588266666,1364.2756745866666,1404.8591793866665,1479.7486440533335,1421.3222646133336,1483.3396255466666,1498.9138808533335,1997.6267100799998,1612.5666807466666,1497.9487292000001,1676.8194987733336,1639.4019326133334,1698.85406976,1473.5939490399999,1522.4176551199998,1836.9280828266667,1837.0920203466667,1844.6134172266663,1638.0700853866665,1431.42165568,1447.7575949866664,1563.6098593333336,1536.8831322933336,1642.7633109333333,1676.43057032,1745.19897848,1883.3878315733334,1920.4467389333333,1891.3619944266666,1777.1775235733335,2022.6904562933335,1946.39352656,1920.3192381333336,1983.6002699466665,1926.0827217066665,1933.3452767733336,2079.2123916266664,2166.3859764,1969.59529872,2069.66833104,2088.2927544266663,2156.9142211733338,2060.8597496533334,2082.6728027733334,1983.9457582933335,1909.8889045866665,2005.2059745066667,2154.0535497600004,1884.2259361866666,1855.3613089866665,1769.1406702666666,1799.05370896,2035.11958424,2179.0911545866666,2258.1009843466663,2029.6887081066666,1808.1434206400002,2283.20652952,1799.3140299200002,1844.0827023466666,1901.0412130133336,1992.55050552,1889.9017873333335,1986.9593950666665,1801.9076928533334,1815.1789551733334,1765.9297049866664,1930.8876868266666,1835.0277885333335,1704.6934428533334,1657.52941096,1726.0810694133334,1680.71072856,1509.35386608,1717.65739392,1684.8091509333333,1748.4588464,1935.9019441866665,1933.2271471466665,1873.4631019733333,1842.9875618666665,2222.10455912,2428.66865152,2252.1427066399997,2238.555143306666,2017.17685448,2185.9839188533333,2107.0436825066668,2017.9249518133336,1937.8695590133336,1843.25978504,2045.0080173333336,2054.1272968533335,1788.8480016800002,1742.9197019466665,1890.2194509333333,1806.1770723733334,1824.132358,1640.8453595733336,1759.3876116,1816.1521376533335,1700.2995084533334,1637.8264481333335,1473.71515464,1436.6405608266666,1410.7840216266666,1173.4038126666665],"in_packets":[],"out_packets":[],"in_errors":[],"out_errors":[]}}