{"message":"Aggregated IX data for New York IX","data":{"nServiceId":null,"width":286,"jServiceId":null,"start":1498190700000,"end":1498276200000,"name":"New York IX","in_octets":[],"out_octets":[],"in_bps":[317.29298426666674,204.08161504,193.69796842666665,158.82894525333333,159.75231016,205.13975482666666,1044.7111238933335,571.3518111733333,250.70862210666667,160.48826474666666,168.44590562666667,166.7597552,138.63014232,154.21617712,170.09215487999998,147.93313933333334,140.63331773333334,164.43239733333334,202.70539408000002,192.11170165333334,170.13050173333335,2456.4068534933335,1101.1434075999998,267.90937797333333,179.85931754666666,127.86044181333335,139.33182912,91.22580261333334,81.30704176,134.72007877333334,97.35759997333335,71.93907834666666,96.44025192000001,85.73958408,105.96631677333335,129.46743101333334,145.29153626666664,154.27263552000002,168.86606663999999,169.51601368000001,163.46079157333335,200.97059191999998,361.20432568,467.3797590933333,204.5104772,148.19504301333336,111.19487570666666,109.06561317333335,112.04420405333335,97.19606408,96.55747221333334,112.06598658666665,329.34096072000006,377.81205605333327,141.82868952,88.66737221333334,503.22273695999996,393.49209736,127.73626821333333,99.72444762666665,122.56803005333335,82.42400216,80.41768938666665,99.12248397333335,77.43318853333334,89.22879050666666,129.21450781333334,313.7896364266667,2237.9885713066665,612.9139772000001,275.97776583999996,518.23877864,785.45202024,602.5687724266667,422.4211982133333,263.841404,149.44325653333334,154.74925208000002,172.24561325333332,133.54453066666665,661.0050755466666,2251.0684833600003,372.61284856,349.06977368,563.94563488,552.3351052266667,517.9415738133333,446.2678897066667,325.94240666666667,233.35048733333335,274.8583962933333,231.21193781333332,766.1732016266667,1589.54309048,327.2638907733333,211.11897208000002,259.1638402666666,220.49615194666666,175.79172216,198.97822482666666,212.75394029333336,235.01407453333334,218.69336274666668,265.46519517333337,315.6990312266667,320.11347784,714.1550107999999,357.61428013333335,218.25452306666665,252.45816506666665,2854.95039968,6472.1160911199995,1697.4976452533333,413.87218138666674,368.81721272000004,354.53906048000005,332.11667568,575.8010684,5476.551055066667,4611.150636026667,472.77898944,371.9419587733333,381.30381112,350.35233754666666,484.52873781333335,380.88689837333334,317.44721181333335,348.18817349333335,342.5958640533333,294.56221205333327,247.63696325333333,226.18161962666667,214.86865029333336,274.72827016,304.11847688,3159.6367113066667,1367.5535719466666,280.47865442666665,469.02525749333336,440.04056648,434.9221523466667,341.25711895999996,279.95600114666667,220.41939456,200.32314237333333,689.8867822666666,1736.1955682666667,423.1370491466667,225.52713848,205.47333325333332,239.14083573333335,197.8922136,211.34709368,1276.6109794133333,1302.47971952,1335.4985719200001,882.6922847733334,828.98941128,960.3926753866665,1113.41483408,1047.14964328,866.1315476533334,574.6448283466667,896.7096370666666,681.37173064,1714.424508,1416.3942202666667,263.7130073866667,339.80909648,425.7414013866667,371.079088,385.5201357866667,1782.1860698666665,1757.1757431733333,282.2827677066667,314.52301016,308.9405308533333,3639.91987056,9620.357755386665,10153.128241173334,7958.52598616,318.10739282666674,269.5921770133333,290.95338021333333,237.38948226666665,229.02843866666666,394.41906808,608.3678099733334,662.6987906933334,649.4573031733335,3453.766197786667,5163.350766186666,769.5287959466666,259.20832837333336,238.29597656,209.82223685333335,215.03009922666666,869.3723502666666,2493.640403573333,2018.3898958933335,3555.326619573333,1936.7688390399999,796.6498597333333,561.5887323733333,1768.0562252533334,3300.78815368,633.0389242133334,310.7956329866667,410.9530764533333,262.3747008,190.00301565333334,169.37466293333333,1464.7426014666664,2611.947487093333,555.6929736266667,276.96485178666666,414.4810674133333,511.3610494666667,525.9807914133333,356.55882512,758.4035749866666,2789.0146293333337,1631.0075857066665,1859.4976571466666,2449.2401639466666,920.05943392,892.6600732533334,928.9083950933335,549.4509146133333,530.7735202666668,525.1513589599999,494.29406456,473.75928216,475.5086542666667,532.6577853333333,452.94593912,666.31165232,851.62581176,861.9465202666665,3685.212803893333,10111.70658248,10010.454473973336,10058.768492426667,10090.996332106664,10025.789063466666,1372.90809776,171.59025703999998,125.45197984,121.28604688,114.03733695999999,118.62671013333335,186.08401805333335,123.70498304,180.06851848,175.88874272,172.11430258666664,153.18638042666666,136.77722512,155.33087770666666,99.93638143999999,93.94470845333335,100.45122781333335,77.59656584,94.69278749333334,1246.6680917866665,1068.9614283733335,412.9923325066667,440.0418982933333,268.58142066666665,175.62563096,158.60275277333335,128.01644141333335,112.66953530666666,124.37270410666666,134.02401752,2727.9911042666663,2266.0701938933335,390.5748477333333,448.9697149866667,401.99075856,289.5910222933333,214.09164093333334,557.4431865066666,578.8381686399999,303.87684906666664,340.2253002133333],