{"message":"Aggregated IX data for New York IX","data":{"nServiceId":null,"width":287,"jServiceId":null,"start":1478333100000,"end":1478419200000,"name":"New York IX","in_octets":[],"out_octets":[],"in_bps":[1674.7786192266665,1635.5003559733334,1683.0452186133334,1773.60157584,1922.6271411733335,1849.0956179466664,2072.2184932533332,2174.09560704,2321.7864827199996,2278.2963308000003,2524.83005344,2569.0902005866665,2371.321683386667,2060.3409030933335,2412.7129920266666,2234.5728877066663,2378.1484348266663,2468.49277968,2469.2008723733334,2192.2787445599997,2123.6589006133336,2130.3368044266663,2050.91190528,1992.6374284,2155.4235958133336,2296.3445185066666,2196.4371522933334,2489.2084408,2599.5987904533335,2536.6514031733336,2417.6700536266667,2427.5518449066667,2460.3000042933336,2459.90775624,2439.7018301599996,2536.6108164266666,2266.710470613333,1812.17962608,1775.2054867733336,1832.2307941333333,1614.2933652266665,1640.0706692,1558.8891972266665,1439.9398271199998,1572.8434649333335,1557.9849356266666,1422.1255448266666,1553.3554240266667,1438.7431365333334,1457.9866001066666,1479.2920744266664,1437.113574,1481.0292078933335,1626.0140894400001,1647.5668754933333,1624.8615173333335,1581.4622006666666,1384.9104977333334,1509.9434171199998,1365.7160531466666,1479.2793514933333,1293.8095654666665,1311.9899352533334,1210.8915661066665,1023.34995088,1033.42808704,1114.01263264,1217.9018784533334,1289.6186321333334,1279.74998728,1319.7567848266665,1236.9735498933335,1225.9210822933335,1229.6132657333333,1200.21986856,1139.36964472,1116.7616159200002,1067.8859252533334,1119.20303096,1121.9646932266664,1136.0073804533333,1051.3866542933333,1068.83846496,1071.8261002133336,1069.6249070133335,1037.08328528,1019.1774014666665,1027.1797996533335,1049.9234255466665,1041.4190097066667,1078.4264349066666,1057.8613007733334,1125.9017838933335,1115.7018493866665,1078.1721061066667,1047.4595045066665,1087.38493496,1071.0872890933335,1046.7791552533336,1116.4540542133334,1207.9844811466664,1278.3548661866664,1244.5344333866665,1258.56353984,1213.7616025866666,1225.3536441866665,1174.3640078666665,1239.7686608,1287.6505903733334,1272.6631252,1213.6124039733334,1208.9393170933336,1185.4734853866664,1423.4852272533333,1299.9719783733335,1292.1487685866666,1355.5265977866666,1177.59357712,1121.5133249066664,1227.7219431466665,1368.92674408,1267.8834844,1284.9829077866666,1236.24195096,1249.3830250133335,1209.3164790666667,1285.7568573066667,1266.1808500266666,1273.0379796266666,1325.27125544,1272.90748248,1350.2443770133336,1335.0428842933336,1373.1494470133337,1463.4601786933333,1354.8619856533335,1436.74754176,1381.5513857066665,1398.9619264266664,1427.5396530933335,1358.8851581600002,1400.98692328,1392.2235258933335,1209.1150042133333,1089.6611706933334,1177.3819664266664,1110.8914411733333,1037.2214403466667,1082.31427736,1027.63327312,1039.6800025333334,1015.5648672533334,1187.7656925066667,1413.3263053333335,1403.7050561866665,1307.3683760266667,1359.2478966133335,1357.9653333333335,1328.1609801066666,1409.5461155733335,1340.4823059733333,1498.80458608,1585.6452655733335,1445.6706950133337,1250.3205338666667,1261.6790736533335,1310.8370037333334,1412.3044070133335,1291.24251656,1347.2396911199999,1396.72282336,1339.7841224000001,1269.7042411466666,1522.0729922133335,1701.8976247466667,1660.8636561600001,1381.93317536,1462.7533898933334,1508.87570736,1374.3207695733336,1225.5559294133334,1390.2289925866667,1542.94896192,1445.1385799466664,1537.9791122133333,1303.4141483466665,1197.97324344,1149.7470553866665,1227.7033997066665,1200.4957006666666,1229.80250776,1148.8464429066664,1169.6334778666665,1174.6376583466665,1112.5296145333336,1115.3291301333334,1216.5100421333334,1227.8384018133336,1082.47625704,1042.69536808,1077.2058642666666,1044.9253589066666,1080.87618432,1123.3141032266665,1115.6215983466666,1060.849924,1051.550388,1062.7718767733334,1154.28640408,1072.20742632,1034.06037,1168.8771644,1162.2805054933333,1101.6618533333335,1064.2705972266665,1080.54306864,1085.5564063466666,1179.22482376,1167.15081672,1141.91732248,1116.5120746666664,1102.3786044,1097.72823808,1061.6552864,1024.4467799733334,980.2583195733334,1018.4216505066665,983.50223776,1012.4930657066666,1068.3435077866666,1053.8494767466666,1052.7707083999999,1038.9866601866665,1123.0317516533335,1128.3763492,1124.9754368533336,1183.6953483733334,1089.3684455733335,1143.8956702133335,1250.5131584800001,1228.4256982666666,1108.7260849866664,1241.9751981066665,1233.3955008,1159.4146628266667,1287.2868737066665,1229.1321315999999,1513.7240187466666,1332.3232844000001,1439.9912954400002,1435.3870480799999,1314.0373263733334,1382.6266692000002,1409.57776216,1484.8677877333334,1432.5602564,1488.2614633599999,1486.62915096,1987.31215752,1631.4529587466666,1517.51795608,1663.31663064,1653.8141146933333,1703.6933008533335,1472.6613334133335,1552.8487701866666,1819.66477144,1844.29159344,1846.37357064,1649.26276504,1427.9135546133334,1476.0653521066665,1549.6271356533334,1545.47725312,1630.1748904266665,1684.42639128,1760.8023354133334,1881.1632093333335,1931.05099344,1891.87320856,1799.9327130666666,2017.2941027466666,1955.5299236266665,1947.2991186133336,1960.7110230399999,1943.9330406666666,1922.4784598666665],