{"message":"Aggregated IX data for New York IX","data":{"nServiceId":null,"width":263,"jServiceId":null,"start":1483113900000,"end":1483192500000,"name":"New York IX","in_octets":[],"out_octets":[],"in_bps":[2864.6359208000003,2850.2889589333336,2868.52314536,2960.820062293333,2932.559472106667,2993.454108133333,2991.9593965333333,3022.667820293333,2989.7909014933334,3014.146901253333,2934.2591087466667,2922.9863754666667,2931.0990909333327,2814.5398320266668,2931.951711546667,2867.7690595999998,2882.92966848,2903.84610536,2928.1777344266666,2825.5921103466662,2940.5251459466667,2988.887483653333,2905.85634792,2798.3594,2915.16181552,2711.1386951199997,2838.3712002933335,2860.28438688,2817.05228872,2990.6438968266666,2883.068778693333,2800.833538133333,2826.612810506667,2826.9941196533337,2869.8875474133333,2764.8673338933336,2848.4248302666665,2781.237706613333,2783.675649093333,2601.7235415466666,2817.4539129866666,2890.2921036,2979.133006506667,2851.53507344,2857.9582626666665,2867.96274776,2857.339452,2864.6922776266665,2856.4211305066665,2826.703969466667,2815.6453117066667,2766.8380595999997,2876.9266223733334,2779.1728546933336,2755.7029409066668,2803.7908826133335,2863.887526346666,2871.122659386667,2921.249990773333,2851.5065794933334,2899.4139184,2927.35727496,2905.797486613333,2813.8458485066667,2848.6510680799997,2803.7424087466666,2776.20581416,2775.2192168266665,2793.8328226933336,2874.0184082666665,2752.553519493333,2762.262708906667,2824.27434928,2790.4669816266664,2996.491439573333,3426.2854493600003,3375.730349546667,2807.27422088,2697.50769192,2724.1187611466667,2572.1075490666667,2669.58499296,2623.6418082666664,2667.1473370133335,2668.1961583466664,2707.0236703733335,2720.9917761066667,2742.4975463466662,2816.7207600533334,2807.3764070933335,2740.512667093333,2670.23344,2733.23074496,2819.2493781599997,2689.6110669066666,2751.7155316,2726.2231694933334,2640.3293023200004,2787.2966936266666,2810.6443720266666,2752.7969722133334,2843.0061919733334,2794.1978220533333,2674.4234888533333,2621.9322095733332,2618.7445704,2580.7978626666663,2612.7908521333334,2515.7891741866665,2606.4354976,2669.9288907733335,2577.8740814133334,2589.6118406933338,2531.05729896,2688.5460541066664,2690.2757652533337,2753.7704926666665,2630.6278316,2730.9932519733334,2784.6477935733333,2749.7934451733336,2651.93665544,2667.0848736,2605.8221382666666,2784.7429512,2739.87640448,2717.3232900533335,2856.8798444533336,2762.5477472800003,2716.3847948800003,2739.32745368,2615.4153631199997,2678.69147504,2659.6858088533336,2661.7030957600005,2615.6093071466667,2609.1407067466666,2643.9430926933337,2916.554189893333,2724.74992208,2809.1105833333336,2762.4462696533337,2733.1369608,2693.1622988000004,2717.5425831733337,2738.6018892533334,2622.4498273333334,2494.626826133333,2525.6277743200003,2555.48686464,2489.11389584,2469.22821768,2328.0544731466666,2401.8200918933335,2257.3086077866665,2171.878496906667,2154.38865096,2137.670874746667,2029.3658297333334,2010.4198230133336,1924.56250064,1971.52539344,1897.4880141600001,1746.7961041333335,1823.5458988266666,1773.8172621333335,1700.72239632,1690.2999192533334,1712.1333568,1738.9015254400001,1678.92909768,1613.8146442933335,1751.9859895466666,1604.52175672,1656.4501142133333,1575.33915296,1469.8945161866666,1495.9417728533335,1500.43414344,1440.8684711466665,1460.1793531733333,1366.9309984000001,1492.9695889066666,1450.13032752,1328.3600244266665,1340.6935374933335,1270.3198923733335,1218.20695448,1227.2383647466668,1205.6833001866664,1208.6429382933336,1156.0250380533334,1144.3432041066665,1142.71920176,1143.578404,1095.6761261866666,1052.8351965866666,1072.8496953333336,1053.9181759733335,1005.9394105066665,980.2454129600001,967.3817230933334,979.9122166666665,989.5065175466665,1010.17148312,987.91058488,1026.54584576,1011.1195888,917.5550126133335,945.3693694666666,909.8823842133335,986.6059560533334,961.8085446666665,914.0617872266665,879.51254488,856.0587797066665,913.44303744,901.61987624,910.4392783200001,918.2738172266666,901.7640341866667,919.9874218933335,943.5888548533335,957.6696957333335,953.9111050133334,939.4820366666665,952.9523452533334,919.9549566933334,971.8938722133335,1009.5341502666665,1041.3952677066666,1034.1413090666665,1102.5249335466667,1146.13172384,1101.3178796266666,1156.8472280533335,1099.3497038933335,1164.79078904,1217.61726456,1252.30702712,1284.1601754666665,1245.13137336,1295.2763319733333,1307.4347980533335,1348.2793955733334,1368.24507856,1431.3723656533334,1498.5207766933333,1577.1317466666665,1551.9044717866666,1613.4660615466667,1654.1731393333334,1717.4431358933334,1708.7660983466665,1749.4967893066666,1846.3586081600001,1780.3703735733336,1949.77834104,1997.5658598933335,1892.5026836,1948.8756526666666,2045.89649824,2036.4590255733335],