{"message":"Aggregated IX data for New York IX","data":{"nServiceId":null,"width":287,"jServiceId":null,"start":1502582700000,"end":1502668500000,"name":"New York IX","in_octets":[],"out_octets":[],"in_bps":[54.57947706666667,76.14964501333334,98.40767287999999,147.40525680000002,125.78703157333334,126.85152114666666,1517.7478985066666,6626.154519573333,1008.2946574933335,195.38171208,424.0117779466667,292.73540936,1158.2590936266665,9692.128018586665,10029.330505973336,8382.543086666667,360.89609330666667,65.90815565333334,57.73132058666667,52.33789490666667,58.03008432,74.32712346666666,134.22446914666665,172.63004712,148.90716925333334,693.1810347733334,8044.507697866666,8613.371665226665,157.04830109333332,129.54853872,81.34630314666666,61.89562754666666,176.90238224,163.15439165333333,2881.5280321066666,10071.330004773334,10019.900500133335,3066.896062933333,88.84778648000001,82.37905237333335,54.287319306666674,49.80086117333333,105.63475290666665,135.98960549333333,258.69746605333336,277.90302994666666,204.69900469333336,110.32228202666666,158.39030906666667,170.95017090666667,122.39803205333334,124.69553106666666,208.35607712,302.38866549333335,352.82959405333327,401.2231036,407.4829596266667,577.7272645333334,342.2918332,325.2646501333333,3357.552820906667,4916.46673608,4270.133298373333,2359.0680141599996,5201.246003573333,5548.301822293333,6742.7636380799995,10029.352730479999,9962.659617973335,10014.814738266667,10007.356592586666,463.0615552,37.193602053333336,41.40747544,30.638429653333333,78.44308749333334,360.08040744,395.398512,446.62443487999997,480.1826657866667,515.80809864,914.5702414933335,7313.712459493334,10071.080666746666,10019.175562826666,9980.60438456,6639.790318053334,652.7992926666666,2931.51406856,1960.9667659200002,414.13184888,136.55687032,962.96769648,1870.2842044000001,610.95681392,210.40064661333335,132.73209368000002,2729.5117817600003,3898.831570373333,596.3067736,166.96606384,82.80548936,54.30194048,663.4845340533334,3149.5279129066666,7701.767738906666,10015.095327013334,3654.45094448,494.09079343999997,1252.4720901066667,1222.7950666400002,544.9899316533333,1268.9201984533333,6997.945573253334,10017.880229893335,9344.078668453334,169.14481816,39.54979853333333,30.96055525333333,33.11788690666667,36.504029546666665,33.13763608,35.43449394666666,33.59516621333333,1896.8068056266666,1443.4618934133334,251.65976736000002,1925.3393873599998,8867.799005146666,9959.106245813333,10071.723936293334,10017.496470373335,9145.27195432,812.7565883999999,633.7440990399999,496.91622160000003,587.8896474933333,1482.0803336533334,7660.816623093334,1086.9349908533334,140.58829912000002,225.4861648,166.36242362666667,141.40981786666666,157.67972786666664,224.40576730666663,201.55544845333336,129.62682221333333,66.37858125333334,44.13043133333333,33.143689280000004,145.89139130666663,1373.1402433866665,2202.339328213334,2596.1354422933337,6378.736460506666,1948.66108672,172.16957826666666,207.49030381333333,134.29757709333333,1389.1882900533335,2243.875241466667,394.8030091466667,332.57359096,239.63568002666665,193.15044261333335,858.7792383200001,8061.200168266665,9979.51943808,7603.142071813333,3294.86671752,1753.2157060266666,2190.8867070666665,5202.306627813334,1044.5330498666665,79.99977872,252.47866752000002,254.16111272,234.25761384,197.57586752,765.38452304,8767.523012266667,4587.381077573333,85.0022056,175.39678813333336,3365.6446416,10084.38514864,9956.3081448,10036.96629656,10024.184662799998,2350.5534257333334,64.60653341333334,68.35411061333335,59.64878597333334,153.11444418666667,1895.4983886666664,9970.696640853334,7459.330561413334,68.68954698666667,44.34082253333333,86.38339826666665,93.75910295999999,201.38251826666666,412.1059146133333,8386.97381904,10041.00181896,10061.421872933335,4020.5095712800003,39.84692912,41.738668293333326,54.68996773333333,52.18581605333333,3271.0687917600003,5017.848641546667,270.45651717333334,132.95083888,183.71323802666663,3827.72253248,10014.226199173334,3656.931014426667,64.3882288,90.85136938666666,119.08772312,122.56799112,122.70060744,2123.95833376,4289.525928266667,549.74845016,112.42894125333335,187.17111802666665,268.0622106933334,229.72792832,169.17781674666668,130.98687173333334,1571.8379405333335,3517.300182746667,316.0172689066667,79.21983464,65.10231749333335,63.6939308,104.5783928,3195.23112464,5806.992343013333,474.00354536000003,64.44387053333334,199.12100613333337,141.40115837333335,418.3383899466667,6778.09172104,3803.9699256,111.76964285333334,78.42583266666665,63.52612936,76.24761189333333,79.3774872,135.95979496,84.64670965333335,93.95412879999999,95.66633269333335,496.9097652533333,1141.9502747733336,1216.09306296,1311.9828245333335,822.4326054666666,728.2024214400001,1149.4361364533333,2717.2985958133336,2870.407339573333,2212.5953881866667,1887.3539009066665,2260.7424716266664,6142.629383386667,10057.073146426666,8698.219680533335,105.01051373333335,65.24999090666665,72.68595581333334,77.82866261333335,67.53303514666666,59.689225439999994,57.60317552,74.27340277333334,76.95667152,59.43886165333333,83.09466093333334,71.499862,73.96314258666666],