{"message":"Aggregated IX data for New York IX","data":{"nServiceId":null,"width":262,"jServiceId":null,"start":1498838700000,"end":1498917300000,"name":"New York IX","in_octets":[],"out_octets":[],"in_bps":[6744.853692773334,1657.2485334933333,413.0755198666667,332.4072200533333,4285.038049413333,4348.083044800001,433.7870904533333,291.3060102666667,257.7623468,353.8665567733333,286.95962584,268.17868938666663,272.1169772,220.18837170666666,215.16888730666665,321.89221527999996,4255.036931866667,5132.429781546667,590.34156408,188.72414757333334,200.46274509333333,205.83446258666663,217.53151858666664,279.522204,411.13851925333336,321.3297881866667,244.09362933333335,497.80685610666666,1374.9235184000001,651.2226586666666,298.4425086933333,216.46709194666667,222.64980434666666,511.76778306666665,4252.052084693333,6663.956738693334,8584.30179008,3936.613465786667,543.2817020800001,224.17124802666663,400.4382822133333,651.74779864,403.81866586666666,380.4211084,336.9176872266667,350.94028984,313.66851352,2091.0744753066665,5688.06413712,1184.7792179466664,194.94750757333335,224.15119776,1385.9687321333333,1863.9019803733333,513.0720871733333,434.3401972533333,1472.3460171466666,2988.4785384,2872.61888648,2792.3468687733334,4547.473276746667,3016.28093808,569.1961962933333,776.64435432,850.1031060533334,696.5026154933333,690.2073342933334,3468.42077728,7220.767816213334,1687.7967101866666,410.64927664,457.95834336,462.16408306666665,654.0258163200001,552.3062611466667,519.8548856533333,517.2724849066667,578.6583927733334,1724.39523328,10055.484760986667,10088.800355146666,4030.7233152,191.78624088,165.46423621333335,166.59930082666665,207.61270682666665,206.93202565333334,207.01838453333332,3803.9832201333334,6433.1273550666665,565.08506032,215.75418909333334,242.61996485333336,255.74668901333334,261.30499656,243.9591268,2954.7100618933327,2310.089417946667,370.91873960000004,191.96931512,221.44981141333335,266.02549741333337,275.7510955466667,270.9716781866667,230.65891480000002,272.20991296,322.98485744,362.26056192000004,3915.5599406133333,4488.10248896,578.1865924,323.3099372533333,354.9073748,284.08315336000004,302.71957183999996,566.9859238133333,639.16018024,477.1253214133333,411.8134730933333,344.6199152266667,205.00179394666665,176.93841477333334,132.00623221333333,167.30000370666664,147.447134,160.49300117333334,565.01189048,557.8421450666667,1189.3569232,665.4000174666666,170.90476168,136.02707370666664,135.87990165333335,175.4592452,487.7897814666667,3998.416492186667,8331.22439104,1670.7272720533335,368.7195391466667,2110.2513566933335,2669.4176405333333,2812.1164984533334,2238.9274534933334,4395.150915893333,8761.32534224,1508.9591067200001,467.4353563466667,533.2967283466667,265.59639056,210.23649306666667,170.35996402666663,144.87900592,152.78129074666666,145.84497117333333,163.62774984,148.42015013333335,183.30120754666666,1429.3163596266666,2109.51326784,602.6145020266666,540.76578424,839.8708771733334,4490.439074053334,4617.3094816,4790.8074536,1867.6382644533335,131.39242293333334,139.50407562666666,105.92206125333334,100.36483234666665,83.601766,87.59743056,141.67690578666665,117.05592474666666,158.29931,173.28606456,170.10008503999998,217.21470629333336,208.97730330666664,152.66158504,124.86779736,150.06930943999998,122.72308354666666,138.00569322666666,138.51028602666665,129.77196037333334,1325.6301537333334,970.89618624,3057.4420230133333,6336.445343546666,6613.754857520001,5808.154537359999,2246.776149093333,640.8466956533334,3176.5451177600003,6073.789533226666,4228.744048533334,7888.861647626666,3231.6666242399997,328.1192523466667,3637.2210436,7179.6909821066665,1205.9130635733336,240.54872709333333,302.91745642666666,364.3993560266667,243.67438512,828.5512198933334,6123.83572536,2573.7815487733337,175.50401904,348.0282365866667,590.4491105066667,303.5694579466667,299.1456456,288.0007478133333,1719.5868193333336,4798.644774613333,2564.5852491733335,891.3107407466665,1787.5691056800001,588.59535536,1008.8123678133334,3752.5039776,4076.440176933333,3930.2720987733333,4251.82145392,4639.114017093333,1027.2615351733334,307.85172832,195.57166496000002,186.32497357333335,295.55768695999996,4621.729207573333,3927.20154664,684.7995102933334,360.26369805333326,225.62885925333333,134.50043386666664,132.76270554666667,972.7513372266666,4618.88340928,4086.554997413333,914.89726952,782.4780234933334,1397.49968576,2134.7998514933333,2378.95415976,4340.226072773334,4438.812296213333,3933.4411346399997,1926.4801242133333,2558.5666916266664,3021.383690586667,1088.5030624533333,560.6277548533334,652.3035385333334,623.1118351733334,662.54625528,3699.2531359466666,10089.910298,10147.430833040002],