{"message":"Aggregated IX data for New York IX","data":{"nServiceId":null,"width":287,"jServiceId":null,"start":1499659500000,"end":1499745300000,"name":"New York IX","in_octets":[],"out_octets":[],"in_bps":[122.67701450666667,100.3285204,107.58478410666666,151.14413376,110.43232090666665,93.55545552,211.21358573333336,1061.1213717066667,872.7996732266665,1031.1437767733335,960.62578776,978.66127264,2974.546247866667,7504.773323546666,1275.3567698133336,199.6557396,217.37509274666667,162.40702850666665,146.98896847999998,328.1816862666667,401.6682873866667,438.86847957333333,327.06340495999996,260.23555810666664,6653.615196133334,10021.927234213335,3843.020702293333,96.14059901333336,64.97412146666666,65.52828738666666,88.86462629333333,75.46231181333333,337.9232794666667,594.5820014133334,613.2693097066666,582.9906645066667,329.66920776,169.73635101333335,156.70256621333334,166.23228250666665,136.24462010666664,322.3151802666667,245.26853821333333,210.51713375999998,176.77791704,218.10499312000002,222.39964685333337,223.11091312,200.84929093333335,184.31214474666666,149.19866618666666,839.23173048,7943.494949066667,3589.030886,149.22192029333334,181.65151936,2624.4344055466668,3842.72397672,2276.7316023733333,2097.4740798133334,1048.7358213866664,516.3465537866667,404.4590458933333,311.82306618666667,270.12367453333337,217.83467722666666,349.1461629066667,6261.1950336,10038.8346216,10085.35302424,7121.5159084,1529.91828688,359.1831021333333,357.6573368,147.56089642666666,127.59254930666665,116.28708368000001,78.12092893333333,72.91364762666666,102.78659944,83.41326456,110.19078336,149.64486434666665,126.54013090666665,103.09690810666666,180.66800008,186.80466696000002,121.30607570666666,143.09818816,97.384254,117.74433733333335,160.21050066666666,140.32753090666665,148.51218930666664,229.41566618666667,264.3275294933333,307.4203504533333,321.07648850666664,301.92590293333336,374.4771369066667,501.2051215466667,911.8235962933334,1057.6104162133336,876.7225810933335,1343.5503331466666,2504.4957436533336,1312.1031626400002,818.8644441066666,621.5193543733334,621.5240096266666,606.5348836533334,672.07982952,8685.271300693335,10185.70032896,8042.195181813335,428.46030069333335,899.5173185066666,2035.8120873599999,604.3358340266666,920.6527350666667,2340.2463456266664,3577.33354296,1888.5774774933334,905.5232893866665,902.1842214666666,811.5081166933334,506.48203944,264.10501791999997,270.97425104,590.4020065066667,1117.5083350666666,497.4589932,549.2156183466667,347.6319245066667,342.75667232,345.56558517333326,347.08651864,330.07843760000003,258.52165149333337,507.0576742666667,5864.71343928,3829.169284666667,267.36350816,790.4532858666666,2571.0089270666667,3033.47914552,1349.8147773066667,704.3314850133333,5935.637511866666,6632.01458104,593.2298805066666,362.0592342666667,1060.2671752266665,756.2601374933333,322.866862,258.20383264,880.01872552,3014.212721173333,777.38195536,355.6144653866667,369.77083175999996,304.24872605333326,323.56929362666665,265.10770109333333,266.80211472,290.2860602666667,328.7079317066667,360.7515238666667,250.2276992,257.52054725333335,274.33226042666666,222.98715573333334,263.0540091733333,318.75441656,292.7144369066667,278.05467424,300.2752772,248.69751104,243.99189890666668,261.01260896,228.78648770666666,233.88819730666665,241.54089304,245.8983916,2084.8830825866667,1988.9509934666664,236.27081410666665,171.89254672,238.54417696000002,174.42181906666667,185.1977512,343.35323592000003,3076.068718,6227.543431973333,1209.4070590933334,177.83127013333336,151.86004693333334,201.53415706666667,189.08467016,181.10263162666666,230.61635280000002,210.60468008,538.7355555733333,2475.1921648533335,1000.9420773333335,219.69178685333335,212.13357429333334,176.11196610666664,196.10993746666668,212.40814469333336,259.0504905866666,236.61876450666665,275.21567383999997,231.59012146666666,247.81985818666666,271.13855248000004,262.36065496000003,241.38786096,280.1854647466667,269.6628744533333,286.14370370666666,303.8842088,511.00458176,632.6495524,862.5296535733333,1064.2262766133335,1198.64205424,1423.3416582133334,1418.2339647200001,1504.0566662933336,1509.9716517333334,1427.1257298666665,1321.93249256,1383.45016968,1839.0395024000002,1926.13593008,2350.4067661333333,1626.2945598666665,1111.3012929866663,877.0217414933335,711.3581736266667,613.2775459733333,457.7768677333333,379.2128625866667,365.9095886133333,241.68452298666665,216.31057882666664,141.28598274666666,155.27784610666666,154.92506821333333,185.31949192,142.72002498666666,584.35542896,234.81653130666663,144.15941949333333,197.40524650666666,138.41241978666667,134.93276704,178.2785748,160.40281253333333,153.65844597333336,188.85219261333336,145.93883301333335,145.13102594666665,155.78943586666665,132.03941858666667,109.49267234666665,122.85129992,94.01407752,97.67984824,119.71451346666666,121.52434354666666,113.64934488,133.95651832,148.33633330666663,149.24616621333334,293.2797498666667,328.72900778666667,299.65690264,338.20476584,444.9914597333333,265.30021805333337,292.59570232,231.19414408,234.30729141333336,256.06187229333335,226.40131087999998],