{"message":"Aggregated IX data for New York IX","data":{"nServiceId":null,"width":285,"jServiceId":null,"start":1499918700000,"end":1500004200000,"name":"New York IX","in_octets":[],"out_octets":[],"in_bps":[167.92840744,161.42278906666667,135.31180648,80.00181773333335,85.13549514666666,174.75421082666665,3844.5674212800004,6283.5973852,7036.37008232,10042.33879624,9053.920265786664,5225.14114376,2103.9585997866666,177.47857709333334,100.03882616,75.46914570666667,82.984426,152.54850557333336,83.65950146666665,120.35527013333333,131.68281832,71.29850378666666,63.269858346666666,179.72703733333336,5343.164066773334,8304.76937248,3136.994173253333,1054.0025557066665,5457.943563786667,6597.509719093334,2248.122244986667,212.89693906666668,1541.87155672,533.9585395466667,406.34722472000004,3634.566161653333,4147.658486533333,1012.3269747733334,476.29496637333335,219.57300336,96.71553005333334,97.13349269333334,69.86738053333333,66.47702981333335,116.72399386666666,77.45554402666666,77.00799114666665,296.63414775999996,2801.317926933333,3653.229862693333,4312.129190906667,2727.8559502666662,2354.7408908800003,1301.1741596533334,338.6666050933333,125.87216514666666,137.78169504,447.53619432,3293.17186544,3774.9110676,4703.071334266667,10075.237893413334,2721.6005142666663,564.14967856,467.0097152266667,256.48634992,169.08070517333334,94.09887362666665,96.15574968000001,91.99823008,68.61723202666666,2253.9136381333333,5654.008015840001,6770.665683973333,6368.023060053334,3068.69066704,661.4298485066666,232.30338434666666,877.0912836533334,930.7819802933334,938.0635035199999,643.9595185066667,138.47200704,103.90095154666665,125.17404426666666,94.21413005333334,120.37399565333335,133.72740634666664,90.65979429333333,102.91655016,131.43171808,140.89173056,3168.30992392,5028.886491439999,3278.4168279466667,1542.7210783199998,665.2769049866666,262.25439754666667,165.61166944,193.67734344,167.44096152,183.27616634666666,794.6564017866666,333.55152832,364.9060270133333,435.3361352,337.37875296,300.77596493333334,322.8199564266667,343.9621102133333,363.6717757866667,5799.296554453334,8343.79570008,837.2496319733335,398.5921667733333,1006.8354411466665,802.1095451733335,1004.4504177333334,1408.4986060266667,1126.2340528266666,793.1684218933334,1724.0735596,4361.24640424,6472.365344533334,5748.6636196,2877.2155658133333,1226.15795,4774.853284853333,3205.897192026667,457.6152922933333,310.1060444,291.1350234666667,289.39906160000004,364.4261052,337.06938650666666,1595.8085362933334,1230.5542201866665,743.2451423733334,268.55081016,2143.15395688,4239.664872133333,3178.965688693333,2158.6441251733336,1480.2036288800002,356.7567134133333,481.9190050933333,940.05270872,527.0758556000001,615.2229237066666,602.7994772533333,472.2720873866667,576.49380256,810.9975208266666,277.94014602666664,226.33013194666665,268.4848667466667,215.75408394666667,199.75664317333334,606.8126469333334,614.9282590133333,308.1027303733333,261.13907424,263.91847946666667,361.09322024,338.96812856,352.1408862133333,235.22631456,187.94405258666666,179.61088994666665,225.48330608,186.93035722666667,224.80634904,216.80181728,245.59308946666667,267.25666026666664,314.97751776,2080.8488966666664,7357.6020696000005,2167.8986547199997,234.16044663999998,200.00486872,217.73097546666668,219.22257538666665,291.26249160000003,364.8029624533333,360.93660306666663,2972.590431413333,6218.4027037333335,927.28527504,514.9598465333333,1335.9185872533333,611.92959384,249.09659573333334,310.61966306666665,287.82959602666665,250.61450376,203.82037978666665,292.38526152,244.80319573333335,221.4571468,226.60385546666666,189.78204005333333,232.55618594666666,190.9761696,188.52129546666666,195.15596722666666,282.8871695733333,652.6432289866667,1004.4833711466665,406.41948045333334,964.1151481866666,1036.5061232,1028.4542969866666,716.3459819466666,416.03139701333333,733.16271264,5001.75554712,10068.790400826665,4521.528568293333,235.38551624000002,199.583608,168.58591629333336,150.23582298666665,154.47893378666666,161.71537464,126.06783069333335,123.80686490666665,181.02433802666664,233.78012408,216.4812808,237.96784933333333,218.56865413333335,206.47559112000002,215.81534805333334,182.44125752000002,181.24363506666666,165.8390984,165.54494810666665,222.84907338666665,174.27529821333334,168.57853253333334,139.20590421333333,121.67476186666666,137.45294082666666,332.69328906666664,436.51222872000005,457.21643168,667.1689057333333,679.20790032,646.3315979199999,1032.7979062133336,810.40143152,769.5617517866666,968.1982968533334,891.7164585066665,1053.73711024,839.35563376,784.9627875733333,746.6446016533334,719.3498310399999,671.0114989866667,580.4218797066666,616.0351782133333,638.21010248,601.1985849066666,650.7335185333334,651.6443956266667,619.85344088,480.9127083733333,461.87522730666666,376.23257176,405.09139674666665,411.66180527999995,333.80176824,355.0333787733333,361.6608954666667,376.2790337066667,328.03702488,359.3938817333333,402.92897901333333,345.54901087999997,398.08763496,320.3967552,341.3021815733333,377.7986204],