{"message":"Aggregated IX data for New York IX","data":{"nServiceId":null,"width":286,"jServiceId":null,"start":1508414700000,"end":1508500500000,"name":"New York IX","in_octets":[],"out_octets":[],"in_bps":[0.9636869333333334,1.7630455466666666,2.099624533333333,1.1250192266666665,0.9921505066666666,1.3429698133333334,1.4581937066666666,2.6004759466666667,1.9255951733333334,0.6733451733333333,1.3150577866666666,2.0001427733333332,1.2087825333333335,1.5782765333333335,1.8843337066666666,1.3106366133333336,2.46331488,3.0377310933333335,1.0392292533333334,1.5066325333333335,1.3331624,1.0918190666666667,1.3171216000000001,0.9770513333333335,0.7911218133333333,0.8290382133333335,0.7663740533333333,1.0202600266666666,1.1119273066666666,1.1696132533333334,1.6267204533333333,2.529886053333333,3.7549355733333334,3.0351250666666667,3.189558986666667,4.419045146666667,2.6110595733333333,2.6915814933333335,3.151149546666667,3.305632826666667,2.4548305066666662,3.547369893333333,2.4247444533333335,2.006534,2.35843104,2.949161386666667,1.8257286933333334,1.9295330933333334,1.54251176,1.7097285866666667,1.7538229333333333,1.9449243733333335,1.7321736533333336,1.1971089333333333,1.781458,1.6329586399999998,2.1160530133333335,2.1352565866666664,2.8802756266666663,2.093013226666667,2.3675977599999998,1.3525549333333333,1.79786,2.1262179733333335,2.31042648,2.9791783733333332,3.2217654666666666,2.20956856,1.4556603733333335,0.96127472,1.0479934933333335,1.4488387466666666,1.9127501866666665,1.8199778133333335,2.9378908266666666,1.6594548533333335,1.0182263733333334,2.5588301866666665,3.0415140800000002,2.0136806933333333,2.6482967733333336,2.62240248,2.6564520266666665,1.3635189066666664,1.48652944,2.939635973333333,2.3028598933333337,1.46719344,1.2624005066666666,1.3607973333333334,2.2513304,1.8895904266666665,1.6177136266666665,2.3646037599999996,1.48446472,3.253721333333333,1.8517395733333335,2.459971866666667,1.8679506933333334,1.5576208533333336,1.7680465066666666,2.1004057866666668,1.84842832,2.4566327466666666,1.7329041866666666,1.2416575466666666,1.90585672,0.9981048533333334,1.3631719199999999,2.0832604266666666,2.0858137066666664,1.5747706399999999,1.1497854133333334,1.5377620533333334,1.33843168,2.91747984,1.4567339466666664,2.34743152,2.8163086133333333,3.6603654933333334,4.177104826666667,3.1823253599999997,2.3127037333333336,1.0076315733333334,1.6873470133333335,1.08462056,2.7410452000000003,1.5124990133333334,1.6774948,1.6647403733333335,2.3985251733333333,2.7909696533333332,1.8105288266666666,1.9878748266666666,1.7592951733333333,1.8036872800000001,2.19472264,1.9461937333333335,2.4718425066666665,2.1549036266666666,1.25162024,1.2582636533333336,1.92661296,1.6843070133333333,1.6623467466666666,1.75825488,1.8253634399999998,15.050509199999999,2.966505386666667,1.0078717066666665,1.3333441066666665,2.17714168,1.7002557333333335,3.22372464,2.1506526133333335,2.2282669866666662,2.922566933333333,1.2074669066666666,1.8456740266666667,2.0549277866666666,2.194333466666667,3.580869813333333,2.8231348533333334,3.12786008,2.7253912000000002,2.4706885866666664,2.1578055733333334,2.0165196533333334,2.59113768,2.4526845066666665,2.43306552,3.379443306666667,5.174272693333333,4.134502186666667,3.77017144,3.33522256,2.0153871466666664,5.304658373333333,5.7687444,2.8368836266666664,3.74829544,2.3934986666666664,2.54747864,3.8338757866666673,2.39753304,2.4940555466666665,2.9411831200000003,2.1388333333333334,5.2785587199999995,5.11387608,5.473561066666666,5.54342936,4.432075626666667,4.36792704,5.159490746666667,4.13147592,4.587607599999999,4.710424746666667,3.26765416,3.52245392,2.923749066666667,2.31461448,1.26241744,0.37440752,0.50258208,0.36119405333333326,0.3217070133333333,0.3612296,0.4707382666666667,0.40261688,0.8024379466666666,0.3529058666666667,0.3199456533333333,0.29625837333333327,0.3412088266666667,0.6035364533333334,0.36685944,0.26510144,0.35763968,1.9538271999999999,0.2926484266666667,0.37085445333333333,0.42897608000000004,0.3145526133333333,0.19896701333333333,0.36984088,0.5443068000000001,0.5362134399999999,0.2649408266666667,0.28813986666666663,0.20311765333333334,0.31818056,0.38794624,0.3072393066666667,0.27676016,0.24538485333333332,0.19074157333333333,0.26353493333333333,0.13510266666666665,0.22771717333333333,0.19883128,0.8012754666666666,0.7595718933333334,0.51220144,0.18228693333333335,0.29864034666666667,0.3390742133333333,0.20660186666666666,0.23729373333333334,0.2643725066666667,0.3611946133333333,0.2983389333333333,0.22565002666666664,0.23749018666666666,0.3148236266666667,0.3464694133333333,0.20593210666666667,0.47110437333333327,0.7093077066666666,0.35172823999999997,0.2866428,0.34135482666666667,0.3420419466666667,0.4830941066666667,0.4439738933333333,0.7888629866666665,1.0503370666666667,0.7337779200000001,0.7877404533333333,0.5656157066666667,0.54422168,0.8379784533333334,1.0401082933333334,0.7220893866666666,0.6018806666666666,0.9132338933333334,0.7694041333333335,0.7113139466666667,1.7924154933333334,0.8151285066666666,0.9103756266666666,0.80676576,1.50285384,0.7904871733333333,0.91561288,1.0388345066666667],