{"message":"Aggregated IX data for New York IX","data":{"nServiceId":null,"width":191,"jServiceId":null,"start":1486677900000,"end":1486734900000,"name":"New York IX","in_octets":[],"out_octets":[],"in_bps":[1687.9480326666664,1711.7691248533336,1734.3956610933335,1783.8040775999998,1807.83069664,1645.7916572533334,1601.6331770133336,1597.6212447999999,1679.5405728,1489.3281476,1631.5980914133333,1675.7614218666665,1647.87922968,1490.5497142666666,1472.55581464,1542.8854260266667,1528.8210886666666,1427.82485424,1436.2743083733335,1454.6697286933334,1491.5866442133333,1472.94023376,1814.0236586933333,1595.5113353866666,1630.2091295733335,1440.6528588266665,1439.0039085333335,1442.9929049333334,1546.7340543466667,1391.1311714666665,1462.7167549333335,1517.3464517333334,1557.8464445866666,1476.4428210666665,1690.000318,1506.9482173866666,1536.5074541600002,1583.8974911199998,1610.9498824000002,1590.2764932266664,1561.07106672,1502.6372808800002,1614.7163480533336,1504.64639504,1643.19495008,1828.0289410666667,1687.5678565066667,1568.5348996,1599.5387505066667,1592.9757925866666,1492.1323849066666,1431.0488158399999,1426.4899584533334,1487.4607280533335,1431.7984001333334,1453.2538348533335,1470.8547833333334,1446.8076339466666,1452.4032288800001,1389.4013478666666,1461.7719289333334,1452.3036172533334,1464.9045806933334,1438.2574779200002,1444.73550032,1369.7667253866666,1375.5666986666665,1379.74619072,1289.6734813333335,1419.2168185066666,1302.6303974133334,1307.4946502933335,1236.2033106933334,1218.5593445866666,1211.9462813866664,1267.6326153866664,1153.9036204533334,1222.3413375466666,1181.4445601066666,1166.3351049333335,1180.3427783466666,1242.3164644266665,1241.066174,1119.63062384,1091.38227584,1052.4320276266665,1150.6772630133335,1188.4890348,1125.07744704,1151.4590536533335,1089.0297572266666,996.4754941066666,1029.0870345333335,1068.9543586666664,996.9492304266666,1006.7217443999999,1089.7587981866666,986.47389704,994.1728070666666,932.45560472,981.5971510666666,926.6450143466666,917.6673689866666,858.4531731466665,827.97102736,863.9626790933335,820.9662624533335,805.63200008,947.5613291733334,920.4355255199999,827.3847880533334,796.9467723733334,736.3609233866666,755.9758274933333,778.41319776,832.0598038933334,774.9070531733335,1079.4347236800002,940.4647128266666,639.34117152,1661.4206560266666,1677.9430590933334,1956.6432868,2193.497684346666,2031.5475496266665,2039.8363829866664,1500.2854582933335,2530.580125573333,2415.10230696,2369.3404954400003,2380.35693968,2387.44368608,2355.12580472,2513.8947699466667,2255.910448693334,2529.789991786666,2351.094513013333,2445.04825056,2302.1198847466662,2324.0819808533333,2293.8316071466666,2437.944306133333,2285.8638900266665,1245.6086426933334,736.6969809333334,737.1224019199999,749.55735272,836.78349336,807.2358936533334,797.9860357333333,824.0005657066666,874.4800686933334,841.34886488,780.6936691466666,788.9705836533334,659.7093004266666,769.3228741066665,802.5001266133335,884.77811504,731.4231213866667,787.0709312266665,777.7927585066667,828.3837179733334,852.6753408,829.7911038133334,898.7042603733335,902.7820743466666,875.2284436799999,984.5516499733335,913.2458750666666,924.8245790933335,945.6984030666666,946.4365193333335,1104.6704037866666,1010.0199551466666,1035.4092294133334,957.7838772,1019.2789037866665,1093.05013208,1150.31137352,1364.5702447200001,1248.0658644,1329.43413896,1351.1879892266666,1443.64772576,1450.7309338133334,1402.8525958399998,1478.2630605066668,1489.2822859733333,1594.5231829333334,1511.6436427733336],"out_bps":[1696.7927925066667,1708.8105669866663,1736.6507650133335,1771.92742832,1798.1709994133334,1645.0820747466666,1603.97614576,1594.1969568266666,1688.1741147999999,1463.8451941066667,1636.8376890666666,1669.5599684000001,1654.4522426933333,1488.7834909866665,1476.050142,1544.2951329333334,1515.1666976,1422.4672742933335,1428.5602619200001,1465.17435464,1481.4888361333335,1473.2737700533335,1812.2133518933335,1592.0311143733334,1635.2235001066665,1434.6761492533333,1431.7994342133334,1448.3531561866664,1544.3644730666665,1390.75359664,1455.6220687466666,1516.7784338666665,1545.53910264,1481.6982704266666,1703.35044896,1490.67000976,1533.8954707733335,1594.7729038133334,1606.3776156266665,1573.55491352,1562.9046891733335,1493.7793485333336,1611.5936887733335,1501.9173080533335,1645.46851768,1828.9500621866664,1675.4416096533334,1564.3017798399999,1596.1819094933333,1599.1765654133335,1476.36882832,1441.3392012,1402.6971701866664,1494.3183646133334,1428.2729326400001,1453.0243237333334,1453.6211916533334,1450.7012463733336,1459.1813117066665,1380.6333132,1469.0661224533333,1445.9751233333334,1446.1317047999999,1458.3834118933335,1432.4525695999998,1368.0235065066668,1375.1231049333335,1392.1810230133335,1259.8952397866667,1419.6915298666665,1305.62455864,1308.1078463733334,1239.1910888533334,1205.01815232,1213.2484976266664,1260.0570040799998,1156.3751490133336,1231.4772773066666,1179.42349968,1158.8334215466666,1177.8296610933335,1241.9966324266666,1242.7929501333335,1108.2601366666665,1090.0281739733334,1050.3971469866665,1149.2932320266666,1185.1760754666664,1122.5482464266665,1151.9727870933334,1083.5849179200002,990.53368912,1031.3901469066666,1061.46351248,1016.24867936,989.8898613866666,1093.95729584,971.3216999733335,1004.8807094666665,924.3878714933335,981.9858818133334,924.3756558133334,913.75850776,862.2811265066665,822.1919724266667,868.2705482666665,820.2908105333335,803.5901491733334,947.75334808,918.24054752,830.4334970133334,795.5105273066666,729.9369307200001,753.7912085333335,775.0253210933333,831.2100441066666,780.7717641066665,1077.12092368,940.2645154400001,668.3912733066666,1620.3948568533335,1683.85871032,1938.57285448,2198.217722906667,2017.0372775733335,2052.3032466666664,1508.4606847999999,2504.6665662133337,2423.3256234133332,2371.15925104,2388.5376176266664,2356.3538659733335,2390.6420670133334,2502.15519,2250.11167016,2549.266549573333,2333.194385093333,2423.1837644266666,2325.5900409066667,2327.092386133333,2301.8655033600003,2429.8519390933334,2289.729589546667,1251.7872306400002,727.6180969866667,744.8115138666667,736.9315229333334,840.8834298133334,810.1535790933335,794.9508214666665,829.7987455733333,868.39815312,836.31755008,785.0127870133333,788.6044634666666,655.30607976,772.64396,793.1766725066667,886.37173192,736.62605416,783.11377104,775.7074741066666,835.1026989333334,848.0051930666666,828.71989192,898.8068689066665,904.82883992,869.86654456,985.17314,912.45454024,916.1892934666665,950.1507581066666,941.2982279199999,1099.5834261066666,1023.1905812,1028.5531211466666,954.27652224,1023.8409105333334,1088.3431749066665,1152.3023753066666,1371.90816656,1235.0765617333334,1345.5475990933335,1336.4355716266666,1439.5476434666664,1459.7013297066665,1397.2402002933336,1495.99989056,1469.0951501333334,1598.22273248,1500.9515038133336],"in_packets":[],"out_packets":[],"in_errors":[],"out_errors":[]}}