{"message":"Aggregated IX data for New York IX","data":{"nServiceId":null,"width":287,"jServiceId":null,"start":1509797100000,"end":1509882900000,"name":"New York IX","in_octets":[],"out_octets":[],"in_bps":[2.2259623466666665,2.0684589333333334,3.543310986666667,2.9858937866666673,2.5613332,1.56219504,3.171495306666667,2.42492344,3.5219231200000003,2.8543254933333335,2.32108816,2.2416032,3.1105729066666665,3.168779626666667,2.970264666666667,4.385722986666667,3.203562,3.4253582400000004,4.635363706666667,3.4816808,5.25750744,4.610721653333333,7.171683493333334,5.65064456,1.7777501866666665,3.902881813333333,4.150074453333333,4.5763704800000005,3.392807813333333,4.20766488,4.00762632,3.955360026666667,4.835049866666667,0.9499145600000001,4.557258346666667,4.87665512,3.671766,2.3685158399999997,4.460049573333333,5.112597493333333,5.240165546666667,4.648747013333333,4.79738336,4.348046480000001,4.341305653333333,6.214777093333334,4.436011653333333,3.8509213866666667,5.095591253333333,7.1699149066666665,3.254958026666667,6.350117493333334,8.748123439999999,4.62360432,2.7810617333333334,3.9908987999999996,4.001885866666667,6.31807488,2.6326632266666667,4.768005786666667,4.4320701866666665,5.3627065866666666,3.87924152,3.8215126400000003,3.330215333333333,3.633219226666667,4.052444933333333,4.663241733333334,5.81964896,4.209679893333334,7.26298624,4.504693706666667,4.748560613333333,5.323317226666666,5.009631386666666,5.495201173333333,5.237647093333333,3.954498106666667,5.230169653333333,6.1747305599999995,4.14228552,4.989526746666667,9.089116133333334,5.90415816,4.6345538133333335,7.073584133333334,4.10585368,3.607917413333333,4.15271648,4.5078389066666675,3.7171325866666667,4.279141306666666,6.620602533333334,2.43768176,5.0257344,4.396527893333333,4.65919824,4.397150666666667,5.8694648266666665,5.4051216533333335,2.696724533333333,6.380760053333334,6.214889093333333,7.08591856,3.137944106666667,3.870436213333333,5.43837888,3.937831626666667,4.38931192,3.789558746666667,4.105414826666666,3.116161333333333,5.004593679999999,5.161395466666667,2.94777872,6.711260853333333,4.7953541600000005,3.4742340533333333,3.603836906666667,3.4892271733333335,4.514482133333333,3.847194506666667,2.26383096,4.3204676,4.686841013333333,2.6178725866666666,22.629414373333336,3.002837626666667,3.8733272000000003,5.957023866666666,4.158679279999999,4.99057352,4.233326426666666,4.229725973333332,4.942663626666667,5.453783573333333,6.6640362133333335,3.4915268,3.25505328,4.732735786666667,6.818325066666667,4.5111598399999995,3.71280248,5.179247360000001,4.445926559999999,3.5349539466666666,3.777725813333333,7.096151413333334,2.6579083199999998,2.59565608,3.097977146666667,4.33460264,4.5702172,4.182632613333333,4.575561173333333,5.635795653333333,5.022516613333333,7.04437304,5.4556763466666665,5.831126480000001,4.67366432,5.110696693333334,5.8640668,4.710358746666667,4.032847573333333,5.423366746666667,3.8583836000000002,5.87624392,3.5422783466666665,5.407873493333333,5.429070293333333,5.295235440000001,6.54720424,7.38006936,6.117941733333334,5.51315856,6.106677946666666,4.2422586933333335,6.4363081866666665,3.5780479466666666,3.503683706666667,5.73289144,6.091463733333334,4.8929172,3.9603473866666667,4.754789306666667,4.84595792,4.995597973333333,2.7146074933333337,6.8891228799999995,5.2928004,6.64255072,5.77880592,5.605616,7.218728213333334,7.809214853333334,5.877613786666666,5.033770906666668,5.779940133333334,5.052513866666668,6.079239599999999,4.827037706666667,5.090902613333333,3.781025946666667,3.81002848,4.45725216,4.987347866666667,3.418683333333333,3.01452072,2.946655066666667,1.7522608,1.2194648533333334,1.9610958666666665,1.5746542933333334,1.78572784,1.3902125866666666,3.4735693866666666,2.20740512,1.9673058133333334,2.6319266933333334,3.1250456533333333,1.7211109333333334,3.069270693333333,1.8637173066666666,2.4690221866666664,0.7171500533333334,0.23736954666666665,2.07168704,0.3923538133333333,0.7476952,0.8497704266666665,0.3857982933333333,0.29414344,0.32446373333333334,0.31938253333333333,0.3665825066666667,0.3452137866666667,0.42246632,0.33195282666666664,0.3592744266666667,0.30071136,0.4061358133333333,0.4799106666666667,0.44506685333333335,0.3286223466666667,0.90740744,0.5247597066666667,0.41498741333333333,0.37526197333333333,0.28790693333333334,0.40778064,0.3712306933333333,0.3436202933333333,0.35049776,0.3709576,0.2921087466666667,0.35784802666666665,0.33604826666666665,0.3457264266666667,0.4101041066666667,0.3484410666666667,1.0684910666666667,0.3236341866666667,0.34685202666666665,0.3666237333333333,0.28383784,0.3653436,0.41448744,0.3633004266666667,0.4687393866666667,0.37300808,0.41439061333333327,0.5861345866666666,0.7107791733333333,0.8592838666666666,0.5459621600000001,1.1489463999999998,1.1818918933333336,0.7940702666666666,0.7435546133333334,0.6696736,1.32959032,1.1406293333333335,1.47905712,0.68893312,1.16360952,1.65408168],