{"message":"Aggregated IX data for Perth IX","data":{"nServiceId":null,"width":202,"jServiceId":null,"start":1477861800000,"end":1477922100000,"name":"Perth IX","in_octets":[],"out_octets":[],"in_bps":[0.6337372266666665,0.6705525333333333,0.6896163733333334,0.85304744,0.79322704,0.7262403466666667,0.6598245333333334,0.8140778933333335,0.9771853866666665,0.75554736,0.7720866933333334,0.7481720799999999,0.9649155466666666,1.2311260800000001,1.4878428533333334,1.3287125066666665,0.8620102666666666,1.23392272,1.3561815733333336,0.9862604533333335,2.7931794933333336,7.466794480000001,4.23313704,6.952645466666666,1.7465509333333333,2.03552768,1.9098625066666666,1.99751968,2.7714797599999996,3.1645097599999996,2.924197333333333,3.37602096,2.4655353866666667,4.67828696,4.006876613333334,4.8891124800000005,5.277299466666666,4.19195192,3.6307289333333332,5.517090613333333,5.320855146666666,17.92324448,8.408997546666665,9.474485946666665,13.261587786666665,9.769183573333335,10.733970453333335,8.29103328,8.40653896,8.43939704,15.367813813333335,11.71284376,11.5358816,7.076393626666666,7.640883173333334,12.463746293333335,8.867990746666667,9.878709386666666,8.482658133333334,8.07390848,8.500477626666665,11.252104773333336,10.452414026666666,15.667547226666665,12.639669733333335,10.085612613333335,8.90443176,10.103037866666666,6.935714293333334,8.4575132,7.618562986666666,10.165019146666667,12.558327146666667,22.784619013333337,13.739781733333334,17.462683920000003,15.111155466666665,16.679860613333336,9.976383466666665,14.05357736,11.355941893333334,10.22686376,11.429088053333334,20.16482096,12.176104853333333,10.54137792,16.060229573333334,12.168462693333336,16.543266933333335,11.58816568,11.710702986666666,10.390910346666665,10.441116586666666,13.796856346666665,7.8034071733333334,8.7437244,7.582412613333334,7.5142733066666665,6.590560693333333,7.963794266666667,7.415921226666667,7.981199946666666,9.177580133333334,12.644286213333334,7.565774986666666,6.3442872,6.880260906666666,8.403203653333334,8.741064266666665,7.104957733333333,6.190083226666666,9.285595093333333,9.301479493333334,7.9428571733333335,9.162726880000001,9.410253226666665,10.846529626666666,6.276848373333334,6.63999864,5.954008773333333,7.022399893333334,5.8284752,3.976039413333333,5.514650613333333,8.978427733333334,5.053693466666667,3.9010205866666667,5.304301733333333,5.670240746666667,5.902361653333333,10.203116640000001,10.38588592,5.1900544533333335,7.393250559999999,6.828899066666667,8.756102133333334,9.884721893333335,7.050627226666666,7.344286133333334,5.26702712,7.21678688,7.347483306666667,8.160437413333334,5.48984192,4.693056533333333,6.330814559999999,2.7585545066666666,3.32894792,3.5620988799999997,3.0705580266666668,3.0868301333333332,2.7724022666666666,3.920628053333333,2.8792425066666665,1.8502847733333334,2.2306090933333333,2.2596573333333336,2.66591096,2.4989641600000003,3.191004106666667,7.118384533333334,3.88027896,2.947992,2.6815589066666665,4.96875608,3.2706258666666668,2.4956356,3.209761706666667,1.9593191200000002,2.4587138399999997,2.8416541066666663,3.3159828266666667,3.8273106933333327,2.7406791466666665,1.7038046133333336,4.58657216,3.387010506666667,5.903206693333333,3.09961696,5.397718426666667,4.699870746666667,4.114770986666667,3.838878773333333,3.36636448,3.315961333333333,3.013393493333333,2.7702921066666666,5.130553066666667,2.3697001066666665,3.342165813333333,8.571769306666665,3.807906106666667,2.9731584,4.148621386666667,3.11340072,2.4318121066666665,3.569114186666667,3.332319306666667,2.9144119733333333,3.707441466666667,1.6072781333333335,1.5785256533333336],"out_bps":[0.6412398933333334,0.6746989333333333,0.6898999466666667,0.8569765333333335,0.7987794399999999,0.7321854666666667,0.6549749066666666,0.8265493066666665,0.97957376,0.7590669066666667,0.7760701866666666,0.75655672,0.9688268266666665,1.2354862933333335,1.4914453866666664,1.3362096,0.86805824,1.2388111733333333,1.3618565333333335,0.99278,2.787500613333333,7.444710906666666,4.268390853333334,6.868078266666666,1.7603050933333335,2.03231448,1.9204332,2.0103927733333333,2.7773382933333335,3.17522656,2.9386224,3.3791846133333334,2.4785871466666665,4.685460933333333,4.03630176,4.879977093333332,5.312705813333333,4.18691864,3.655476106666667,5.5440708,5.328731706666667,18.030797066666665,8.509655626666666,9.149564293333334,13.368598373333334,10.137376693333335,10.395465973333334,8.311452933333335,8.465375066666667,8.504411146666666,15.374385466666665,11.69215256,11.600159466666664,7.042259759999999,7.6614604266666655,12.5716396,8.862970293333335,9.903179413333334,8.519871946666665,8.120096746666665,8.753934693333335,11.042002853333333,10.580305173333334,15.412857386666666,13.035215093333333,9.870730906666667,8.828637039999998,10.094671253333335,6.9862952,8.55203952,7.544692453333334,10.022132800000001,12.758287253333334,22.896553653333335,13.814821253333333,17.584433733333334,15.150620106666665,16.588260293333335,10.156104266666667,14.017150853333334,11.422404373333334,10.219052426666666,11.421810293333335,20.27459784,12.141078293333335,10.50888024,16.230361306666666,12.225093039999999,16.68078624,11.615381013333334,11.889890266666665,10.327592346666666,10.521228746666667,13.813002906666666,7.884720693333334,8.700910693333336,7.66223256,7.522519946666666,6.63868952,8.014688186666666,7.52752016,7.930768186666667,9.227579493333334,12.723691706666665,7.6061857066666665,6.43154168,6.900598426666666,8.427177146666667,9.08650272,6.804959066666666,6.23828576,9.279398453333336,9.334751226666665,7.999821173333334,9.20987792,9.37477184,10.853371173333334,6.344490053333334,6.597158853333333,6.0115626933333335,7.0437169866666665,5.85884376,3.99996112,5.539148986666667,9.212966586666665,4.92896576,3.8713212,5.3213974933333335,5.697636986666668,5.92202112,10.226891333333334,10.477960186666666,5.169206346666667,7.435523786666666,6.892342186666666,8.659207386666665,10.067192693333336,7.11980696,7.318421786666666,5.292258106666666,7.32604536,7.314496933333333,8.152213733333335,5.5593571200000005,4.70276896,6.338038693333333,2.765112906666667,3.356633146666667,3.5573434133333333,3.088254213333333,3.09471768,2.779238906666667,3.9257209866666667,2.884168053333333,1.8556481599999999,2.236040426666667,2.2778472533333334,2.603251386666667,2.5888695466666665,3.27188568,7.04913328,3.8912958399999997,2.959770746666667,2.689376,4.965532773333334,3.2821311200000003,2.50261952,3.27227512,1.9320948266666667,2.4579101066666666,2.8546136,3.40587424,3.7633374133333333,2.74403304,1.7117576799999998,4.631705226666667,3.435915066666667,5.889711653333333,3.136186293333333,5.4018079199999995,4.708389546666667,4.1270788,3.8604704266666667,3.3684523466666665,3.33462464,3.021912746666667,2.7750956,5.142658906666667,2.42836008,3.304266026666667,8.57978488,3.854413093333333,2.9345581600000004,4.1521179466666664,3.1331142400000003,2.5463268533333334,3.484505306666667,3.3316275733333334,2.9267809066666666,3.713642666666667,1.6018390666666666,1.5784156266666665],"in_packets":[],"out_packets":[],"in_errors":[],"out_errors":[]}}