{"message":"Aggregated IX data for Perth IX","data":{"nServiceId":null,"width":214,"jServiceId":null,"start":1490731500000,"end":1490795700000,"name":"Perth IX","in_octets":[],"out_octets":[],"in_bps":[13.263973306666665,12.814447786666666,13.91753024,13.67073784,13.110432106666666,16.902180506666664,24.502069706666667,21.495609440000003,35.11466768,39.14457730666667,62.65854058666667,52.08743624,39.19830858666666,25.763599306666666,16.960714373333335,18.609812480000002,21.038414773333333,23.51830168,18.48847336,21.513800906666667,24.45910304,34.82063712,80.46567405333334,147.60838613333337,162.90276234666666,76.36133328,99.34611890666665,65.75204112,62.353111520000006,68.28381544,69.85340997333334,81.27116570666666,115.52108504,124.34459026666666,121.40948146666665,107.47807952,69.92073346666668,56.51855474666667,58.563228960000004,73.91391293333334,74.08389405333334,73.11019853333333,85.27794309333335,78.02635597333334,69.18003661333334,71.09998608,71.15475984,74.55776578666666,90.26522261333335,105.38737789333335,92.22893021333334,105.29135112,129.33715221333333,137.00578656,88.21683431999999,94.1265532,95.44687501333335,60.21399464,60.29614792,67.14271469333335,95.16206125333335,94.51018434666665,73.15921362666667,73.82785872,73.52228218666667,71.17871866666665,108.46914877333334,150.36282730666665,135.48934138666667,91.89699522666666,108.71706592,116.47289893333334,125.52531256,133.13594568000002,131.41458221333335,233.80218528,230.2705468,117.79346685333334,98.65934325333335,93.05824618666665,104.15073064,170.44881541333336,176.63494762666667,178.80694746666666,192.08597586666664,191.02799402666665,172.62302906666667,169.91690026666666,171.72993872,104.66046093333334,92.70264053333335,182.71321768,153.59211538666665,158.38698525333334,146.82385159999998,99.57053192000001,93.71845189333335,81.10163336,110.67080314666666,145.69205917333335,137.3423972,153.53155274666668,165.80832506666667,206.74705901333334,189.83828973333334,201.26546093333334,179.05270234666668,201.90995242666665,165.54235117333334,135.48726119999998,116.54647794666666,68.78449781333333,66.77585392,69.26449005333335,52.32944914666667,54.63299568,47.371528986666675,47.40225178666667,43.99755064,44.96653237333334,46.07794264,52.68627482666667,57.91293658666667,57.80340373333333,75.51006125333333,100.44321013333334,105.42493330666666,103.44790005333334,85.11954773333335,58.615897733333334,57.75237877333334,50.26646421333333,53.11679170666667,44.54921688,46.506847119999996,45.766209413333335,50.31461370666667,65.60779922666666,84.37317413333334,133.52279208,128.90299674666664,132.28537530666665,128.39455141333335,132.87351088,123.38774610666665,141.81674386666666,190.00663896,209.8922168,189.20640936,163.63642152,150.41916559999999,136.99835973333336,110.01909248,87.98499592,100.61086109333336,124.64483026666665,106.60730304,121.94745642666666,134.51025333333334,121.79050584000001,128.37034861333333,172.02743181333332,109.21473797333334,180.84915490666666,148.18050191999998,170.23459461333334,181.40889496,179.65673378666665,222.28560309333332,202.20900215999998,176.44934426666666,141.17858370666664,116.12392770666666,132.5288572,129.19404965333334,107.64739125333334,117.68802784,123.35090738666666,130.55708184,153.62082322666666,111.94744058666666,141.90217256,130.01316664,159.92955834666665,162.889604,252.84445714666666,235.26139791999998,269.46049941333337,226.97569194666667,252.778756,289.0050339733333,302.81500776,258.84583341333337,116.23284325333334,105.72074056,209.62998810666664,150.24541562666667,116.95235866666665,131.35309178666665,121.96923221333334,188.43735272,141.76131437333333,0.0,97.11592618666666,101.89160906666666,127.67389053333335,128.61410536,106.09116434666664,95.93561376000001,114.20522821333334,96.10223640000001,125.73946144,167.28920061333335,188.70727130666666],"out_bps":[20.494252213333336,24.952148986666664,24.78155816,21.383790053333335,21.452912693333335,22.749915626666667,34.41360472,30.50103293333333,45.8746784,48.50883738666667,71.02522269333335,64.07215085333334,51.191735439999995,38.409379439999995,35.0525284,30.47221064,34.48280045333333,40.73605288,35.86131645333333,41.31426202666667,41.53660477333333,50.48251378666667,104.47208104,165.54419016,184.23543981333333,100.13495621333334,121.12441029333334,86.17885562666665,83.55042159999999,89.33313730666666,103.22838672,102.05099786666666,134.48526293333333,146.70862821333333,148.3786464,142.69795917333335,124.7621248,89.21927536,90.75484384,110.44940914666667,106.87452687999999,117.90218522666666,127.99360629333334,127.8497776,135.07447733333333,152.72300957333334,146.48825925333333,200.42075781333332,196.45208077333334,198.60168024,188.50804194666665,191.41329530666664,212.41900959999998,209.64396608,219.19486447999998,208.09411088,193.36507501333335,154.41858280000002,140.64373168,158.85183674666666,198.06564450666667,190.36226456,174.07911991999998,183.56292736,145.25321261333335,157.51961149333334,210.54283066666665,263.56486402666667,209.43184453333333,171.20960514666663,186.82837247999998,208.48417704,224.99890728,213.35907861333334,237.97284168000002,321.4868201066667,306.57873176,192.92459930666664,154.99126296,168.42485333333335,190.87346589333333,239.06857162666665,237.55883573333335,240.89693549333333,260.70627594666666,262.49109109333335,238.67358538666664,230.37535645333335,241.51603949333335,166.00033517333335,165.53521613333336,266.19261269333333,222.2676484,229.57700319999998,225.16030328,170.31769453333334,157.71836322666667,147.30842301333334,178.03543792,195.81363109333333,180.6911828,218.30543736,233.69844192,301.23640912,289.6591800266667,330.89021032,250.95925674666668,296.4480063733333,243.50687834666667,214.05879552000002,189.73550053333332,157.04293352000002,168.96211786666663,147.18901549333333,153.71910136000002,140.94053642666665,133.04012090666666,116.21876533333334,114.20562749333334,122.22891314666666,132.42660674666666,114.11279952,188.21306048,127.44241322666666,151.60609904,172.95032032,192.14084517333336,189.20283325333332,180.17626157333336,145.57530733333334,137.92773205333333,104.54902045333334,122.31997290666665,120.7338064,133.69553482666666,109.66023461333334,100.21930293333334,133.80086149333334,147.98584568,192.26494317333334,189.50227749333334,204.47230216,210.75661775999998,200.70073026666665,174.35418544,199.76159416,260.82895149333336,293.8840344533333,250.73858690666665,225.74199847999998,209.69056493333335,196.08386605333334,169.69897317333334,127.25630426666665,141.57850306666666,167.290888,156.25132373333335,165.50659850666665,163.80257010666665,157.12907432,158.48680637333334,231.89923605333334,139.7939864,221.25233776,181.52547719999998,196.81081306666667,204.99631440000002,200.81715685333336,255.05613709333335,235.36533640000002,215.90269533333336,197.30325696,173.05101421333333,178.63516394666667,160.67249608,142.51227701333335,155.99042128,177.40010282666665,186.60255917333333,181.22627501333335,185.09841074666667,219.63821463999997,158.4919296,188.62668901333336,191.06241544,288.2709857866667,267.25584536,305.76040450666665,267.81016954666666,299.90702674666665,330.6929072533333,337.2805888533333,286.94051957333335,151.12410362666665,141.57335496000002,242.78284605333334,176.54677202666664,143.25201928,165.63977549333333,151.46254328,228.80710813333334,171.07358085333337,0.0,128.81025002666667,131.11103821333333,152.57468056,182.65110837333333,171.23919250666665,136.90617477333333,147.15576808,117.22975552,155.15596597333337,198.57041647999998,217.67874074666668],"in_packets":[],"out_packets":[],"in_errors":[],"out_errors":[]}}