{"message":"Aggregated IX data for Perth IX","data":{"nServiceId":null,"width":263,"jServiceId":null,"start":1507305900000,"end":1507384500000,"name":"Perth IX","in_octets":[],"out_octets":[],"in_bps":[356.74347776,282.55275992,478.52963384,591.5368800800001,651.42947992,630.5882141866666,508.0925864533333,560.1496208533333,474.85540832,378.5097866666667,417.1646106933333,223.14387088,342.0173742133333,303.9751690133333,148.24229456,151.27477186666664,183.38702306666667,187.99196824,187.70374010666666,151.17420901333335,139.67318498666666,129.70564781333334,150.64527968000002,161.93424114666664,151.38870344,126.90995669333334,134.64258530666663,94.89923338666665,73.44768317333333,84.83780285333334,85.07869437333335,91.878712,101.98608586666666,179.83211896,136.99223632,102.16731706666667,132.53502952,81.92427685333334,121.6492372,98.48208815999999,74.24825138666665,49.40421234666667,68.92656069333334,96.90314952,77.2268756,93.88741992,62.965729653333334,67.84798856,58.49761317333334,65.40011122666665,67.86641197333334,65.76776501333333,93.51764245333335,148.00102997333335,191.30055338666665,169.62679512,148.14587472,117.89348293333333,137.86921645333334,134.79903645333334,116.03019144,83.34054141333334,97.18529946666665,100.79903957333333,112.93989066666666,107.18722546666666,131.0639932,122.61336554666666,116.32254949333334,96.99973487999999,125.19039664,171.39241522666666,173.00137375999998,163.00245103999998,142.12892472,154.0294956,130.73933746666665,145.14140648,142.10054938666664,135.74981010666664,155.12679485333337,143.31884434666665,178.53096805333334,237.688102,208.98838245333334,269.1277049066666,326.3657874133333,308.54563472,366.50403944,391.57950893333333,353.84575448000004,404.3774780533333,413.03994237333336,273.22384994666663,271.7493039733334,300.09513688,283.16549549333337,296.04086850666664,299.75363312,316.86075581333336,362.3126196266667,370.1069462933333,402.81679869333334,394.28930381333333,394.50575101333334,379.32587888,387.25711648000004,309.03676256,321.28487837333336,342.75376450666664,300.00555407999997,359.7094058133333,337.16582925333336,396.55429112,417.22541448000004,467.39749424,395.98822839999997,366.8623802666667,338.7532051466667,369.4754044,359.15734218666665,499.2871,421.86575032,349.02059045333334,279.6754495733333,381.34396183999996,440.19205341333327,444.7272942666667,376.0733186666667,378.44827680000003,394.2860206133333,419.860338,408.00692183999996,407.5634746933333,388.7838854133333,346.60297162666666,339.60131682666673,465.3248679733333,424.21817824,362.15495680000004,346.27054986666667,289.23136568,348.99154637333334,300.39765552,244.35222016,279.0213682666666,266.9521384,326.6251224266667,383.47850927999997,430.81571018666665,366.6255569333333,355.9112250133333,288.1384496,246.23561549333334,309.23641525333335,291.1090004266667,257.4927109866666,219.41170256,227.11459005333333,241.34425965333332,317.30375727999996,359.90073957333334,341.12893762666664,345.9473375466667,509.0517419466667,495.0896671466667,609.3046985066667,468.9253073333333,465.8441625333333,402.6441797866667,444.98560760000004,413.5358742666667,349.8707993066667,414.00299296,455.84702832,461.77539349333335,365.3331296,372.6954018933333,509.4332695466667,426.2693420266667,386.45984727999996,407.84117816,386.5125165333333,336.12388560000005,392.31388072000004,406.37216488,433.60429149333333,442.11049360000004,454.0400796,466.4772050933333,536.2200489066666,448.7555740266667,412.62049872,379.8695009066667,357.39943576,433.7537668533333,413.56707701333335,438.5847804,461.7330820266667,444.54054672,412.47653725333333,416.59612581333334,479.5719335733333,471.5317674133333,479.9544668533333,510.4263117066667,461.81999149333336,510.20754448,578.1291873333333,506.88152944,472.6463696533333,485.1140381866667,406.5544135733333,406.94715456,408.5643663466667,378.85227192,406.84551944,462.9102459466667,434.42074424000003,436.78571837333334,486.8573548,462.3804774666667,398.6127700266667,421.8251290933333,514.57592744,453.8408175733333,501.9633354133333,605.77596696,565.3504899466667,497.94726949333335,543.2073554666667,536.67478248,521.2916026666667,517.67336144,465.0758153866667,406.4898120533333,417.4962977866667,445.7969972266667,385.92542525333334,413.2846328266667,390.32027375999996,360.5946345866667,419.7793245866667,351.6264082666667,407.2200633866667,389.0331166133333,383.95422056,392.29783032,439.4687930133333,473.08347736,445.22898101333334,524.3278009866667,541.8283501866667,487.07203181333335,488.4781831466667,525.5485664533334,485.33718624,507.0872212,523.8754333333333,475.5252560266667,453.46734712,419.6029817066667,401.10508013333333],