{"message":"Aggregated IX data for Perth IX","data":{"nServiceId":null,"width":287,"jServiceId":null,"start":1498781100000,"end":1498866900000,"name":"Perth IX","in_octets":[],"out_octets":[],"in_bps":[141.90575941333336,192.53680005333334,142.01244744,106.14612997333334,129.50506314666666,104.25667922666666,113.21012922666667,128.63964074666666,96.82641973333335,89.68146802666665,119.38751813333334,135.04566741333335,191.38726848,231.59648698666666,159.81315002666665,136.84435109333333,157.79580141333335,153.33326359999998,156.25049722666665,180.92942538666665,137.33630850666665,169.59349685333336,188.72997008000002,174.2080604,256.08995258666664,240.90792866666666,196.17260792,242.641778,239.17614498666666,174.89059773333335,187.62449312,168.97001008,207.60711882666666,213.17486341333336,223.62160765333334,247.52059754666666,331.2289257866667,257.3178977333333,222.99756149333334,197.53734512,282.97784541333334,345.8481021333333,351.4504158666667,205.33246261333335,213.89841522666666,229.0356308,179.03834221333335,193.97878559999998,214.60917997333337,227.0956592,186.22972874666667,97.29323610666665,100.70428095999999,82.39535029333334,97.92790296,110.09192978666667,169.25330056,193.28525389333333,167.14133037333335,134.32051997333335,104.53163309333335,208.85561328,191.44454024,151.49995533333333,250.94339674666668,306.66872112,224.01554946666667,240.87422296,196.31769938666665,210.57913194666665,250.40212330666665,194.52816736000003,233.42238301333336,243.80953480000002,184.98215002666663,192.0675328,209.25315888,326.9885355733333,229.71429928,221.02299858666663,131.65248656,135.19579045333336,206.97456986666666,245.46526234666666,278.24020757333335,272.39078621333334,246.56085965333332,225.65623565333334,285.8849677866666,385.94162192,343.7138752266667,314.1688715466667,397.83487538666674,258.58466568,198.40707112,187.25552568,171.93927485333336,211.16343818666667,292.14481677333333,284.53136090666663,376.6403900533333,319.4158517333333,267.65714706666665,200.42868805333333,256.69467413333336,338.39406525333334,286.0523309866667,183.80605975999998,215.15703901333336,317.3692713866667,409.67727450666666,353.82420442666665,423.6765892266667,327.56422592,381.4108767733333,471.70351744,449.0907901066667,413.8536033866667,428.1719343466667,380.31013533333333,359.5455972266667,322.6929638666667,313.06986088,343.8596986666667,309.2868982933333,301.7984329066667,388.4824123733333,374.5485545333333,402.2926237333333,344.4925712,356.46428725333334,317.69594136,358.5309201333333,377.5013234666667,361.25662426666673,413.79459504000005,527.3132429066667,492.3790601333333,416.53504050666663,390.0064391466667,405.8103653333333,491.92208456000003,418.19544376,425.5510841066667,444.5346875733333,404.5917922666667,392.3594445333333,400.0897603466667,435.3842013333333,371.04309336,329.0941184533333,380.05208026666674,228.47600370666666,131.64849512,131.15897512,117.124192,113.26566938666666,98.02318912,89.3715804,92.05153346666665,80.04295677333334,30.23613328,95.26195293333333,109.41868136,90.38113282666666,139.85553618666665,216.21296658666665,182.47620794666665,171.46448453333332,217.26248488,274.45781941333337,320.6256752533333,297.79753768,274.18826695999996,276.81698410666667,244.019762,212.57641856,222.32154064,261.82741184,247.93800741333337,252.82455656,221.42499917333333,218.07945293333333,188.68302957333336,180.47737504,176.05660410666667,197.43737994666665,197.47992314666664,192.61039106666666,160.39663514666665,147.54045906666667,135.12658941333336,115.49258506666666,126.82792437333335,166.36587384,159.85548909333335,161.50452872,143.98345613333336,138.22499773333334,103.82084122666666,112.41011189333335,129.83615984,131.5065568,142.24500517333334,161.79000847999998,200.21213352,191.70625413333335,209.70663853333332,127.20237056,129.37669309333336,142.58463530666666,162.93504053333334,147.62513789333335,120.94427898666665,73.53959677333334,62.98827674666666,59.026073626666665,43.257044719999996,38.05367994666666,54.32516829333333,57.324688853333335,38.834328533333334,42.94820264,35.07551688,50.55746768,44.27206517333333,37.09966928,34.7534144,28.492639093333334,52.029605520000004,40.98219056,32.568345173333334,37.49375450666667,27.074280986666665,33.72927968,24.756778026666666,34.00065109333333,36.63473973333333,31.044734053333332,46.709434560000005,36.33249354666667,36.200509866666664,39.8017076,50.510155759999996,45.31742088,38.82946810666667,50.308446133333334,53.37586618666667,48.07371912,70.89485552,57.31627877333333,50.4233812,40.561177226666665,37.228968560000006,26.898514053333333,36.99381981333333,93.25261474666665,103.31437877333335,120.35439829333333,63.44703930666667,69.09531541333334,60.60444778666666,91.95392546666666,105.53747416,52.960668240000004,47.32837485333333,59.576001653333336,69.57332898666667,88.50207192,85.17657178666666,96.29896349333335,107.73934925333334,101.65560328000001,66.15755936,75.54295925333334,95.57578565333336,96.64906213333335,57.318424560000004,66.67168021333333,75.08397149333334,66.76400866666667,92.33257704,83.14097552,90.46152269333334,98.04121549333334,102.05330437333335,97.22635824],