{"message":"Aggregated IX data for Perth IX","data":{"nServiceId":null,"width":263,"jServiceId":null,"start":1478880300000,"end":1478958900000,"name":"Perth IX","in_octets":[],"out_octets":[],"in_bps":[62.04843042666666,40.217796799999995,40.16770010666667,40.29932210666667,37.353176133333335,37.00246442666667,47.25882866666667,41.590769200000004,48.7878216,65.95493896,46.22626314666667,46.15013701333333,49.57510218666667,52.64601448,24.660122826666665,28.3642352,30.41208357333333,42.86614072,15.687711253333333,20.547151066666668,10.635372960000002,12.828984293333335,12.07825848,11.946066026666665,16.327876506666666,13.03388048,15.869346533333335,18.964782506666666,12.29820664,29.26941677333333,26.542684506666664,22.45282445333333,21.283437226666667,19.222742373333336,18.421569893333334,19.548573280000003,25.396121013333335,25.686157333333338,36.82241192,19.266512053333333,20.325728106666666,18.216096533333335,16.146603226666663,17.894277946666666,38.3278812,14.806828906666667,10.61332648,11.753031973333334,11.16214184,40.13618986666667,23.251443866666666,9.344593493333335,6.790610346666667,7.724789226666666,8.173786426666666,7.7176824266666655,12.333641013333335,7.970154506666666,8.68999016,9.100005093333333,6.380353226666666,6.048093146666666,15.490176186666666,7.05522808,13.360604186666665,22.98407776,13.542559893333335,8.621394053333335,6.852214826666666,11.438462586666667,14.177340560000001,12.604166053333335,37.908864773333335,25.900101466666666,29.20165725333333,36.41295584,36.09234733333333,36.991636506666666,34.19541738666667,43.55997258666667,46.49149362666667,33.96459829333333,38.78490061333333,39.01063752,43.20874733333333,59.31786189333334,55.98320050666667,54.27321949333333,43.99809909333333,42.01647936,47.80524610666667,50.44078528,34.028468293333326,32.15235082666667,34.88471984,40.604112453333336,40.03685997333333,46.519146453333335,43.76339306666667,52.01779882666667,46.321044373333336,52.18480461333333,49.87872525333333,42.11735882666667,45.10958712,58.34839018666666,45.29629194666666,43.70346474666667,45.81894050666667,43.3302208,37.03143168,46.35347264,48.920239493333334,47.12695722666667,44.09035146666667,66.32377330666667,63.92136477333334,65.67874205333334,57.363309146666666,68.47458125333333,62.30513850666666,71.91879709333334,67.46536909333334,73.99511792,84.33805557333334,80.09715866666666,66.40593325333334,55.812297333333326,81.65162448000001,74.43521768000001,46.3767528,45.61354349333333,42.65824709333334,44.32730872,44.163788186666665,38.25819586666667,37.34734141333333,36.253266,40.17878858666666,53.89987736,64.74784016,63.90359114666666,60.4160752,57.09668248,53.85822101333333,61.721358,59.87134957333334,53.213652053333334,56.67260266666667,57.11618464,52.83998509333333,45.62965104,40.35846306666667,36.977340399999996,48.929336453333335,59.22527029333334,63.648316533333336,49.56423456,42.53829261333333,40.761857866666666,80.57867085333334,47.39307072,56.21615168,55.62767434666667,45.91678514666667,83.25335258666667,67.37560672,52.27161405333334,57.93971466666667,53.49623645333333,54.01868053333333,44.47158861333333,30.66351554666667,58.72057416,53.54385026666667,51.86996493333333,63.99040730666667,95.37321229333334,87.95515456,75.96751458666665,79.77108610666667,72.14030568000001,83.65324165333335,74.51676541333335,56.241002560000005,55.89865882666667,49.59225941333333,47.07326896,30.910162879999998,48.01753109333333,50.665532,48.085162293333326,36.27085522666667,49.66998738666667,46.84561896,57.28056176,37.63271405333334,38.79678402666667,36.94267450666667,47.82149346666667,55.0857936,69.45066528,60.20811413333334,65.41236677333335,65.55081784000001,69.84066248,55.558414799999994,87.07800192,55.25754210666667,53.11508666666667,60.386371626666666,52.243908053333335,53.59300506666667,57.660965520000005,65.83458482666666,57.731087626666664,49.50553586666667,68.50335464,55.027048346666675,46.26177144,41.13552914666667,44.07264538666667,55.34386621333333,96.39967290666665,107.77152069333334,90.63761101333336,105.11932424,104.30191058666666,108.45821154666665,114.37699725333334,107.01434325333335,104.140506,94.80874250666666,107.68051141333333,95.93679445333335,93.45590925333335,86.16455682666665,88.86213959999999,88.898198,81.36855714666666,92.24697813333334,96.44906394666666,96.82368930666665,85.7064628,103.29571368,110.90614181333335,96.89548802666665,86.98343114666666,86.90369157333333,94.59506866666666,85.16357901333335,114.28873029333333,109.56564605333334,97.05202306666666,116.00785061333335,112.43070157333334,74.47146479999999,71.11302013333334,59.618142906666655,57.62950538666667,52.15964736,52.21856768,55.80317296],