{"message":"Aggregated IX data for Perth IX","data":{"nServiceId":null,"width":286,"jServiceId":null,"start":1476781800000,"end":1476867600000,"name":"Perth IX","in_octets":[],"out_octets":[],"in_bps":[6.029548586666666,4.470653466666667,5.4322444,3.731521226666667,3.967514666666667,3.430848666666667,3.63749168,2.8607967466666664,3.165346,2.46819304,2.55563816,2.0657020266666666,2.0272042666666668,1.7089681066666664,1.3271653333333335,1.3924526133333335,1.6055356,2.4221685600000002,2.2049586933333334,2.505717466666667,4.113746026666667,2.40511952,4.995543306666667,2.2932601066666662,4.794565173333333,3.333392,3.3572137599999996,3.722606293333333,3.8405568,3.781121146666667,4.32836568,2.2409025866666665,13.526575626666665,3.174491333333333,2.12494688,1.9894390666666666,2.2994767733333332,4.04735104,3.2112077866666673,3.351820506666667,4.24641536,2.2991877333333335,4.6606428,3.5243017866666673,2.3789946933333335,2.11712552,1.8150786933333334,1.49961976,2.0760068,2.4596956000000003,1.6237657066666666,1.0858397333333334,3.19274488,2.14980624,1.9599280533333334,2.413230533333333,1.4691292,1.8916244,1.2791451999999999,1.0502855466666667,0.8234627466666666,0.6545676266666666,1.9935396266666665,0.5410446666666667,0.8797051733333334,1.4348378666666666,0.85168112,0.8423238133333335,1.0011505066666666,0.6157278133333334,0.4804001066666667,0.8543246933333335,0.8129433066666665,0.48670117333333335,0.5738225600000001,0.3865105066666667,0.5119982666666667,0.5117176266666668,0.6740178933333334,0.5527239733333332,0.3868318133333333,0.49074245333333333,0.46177408000000003,0.6047427466666666,0.5257834133333333,0.5017726933333333,0.36984544,0.6376320266666666,0.9311883466666666,0.40516885333333336,0.3307594133333333,0.36198416,0.5869246133333333,0.5305660799999999,1.45477144,1.0267670133333335,0.7887486933333333,1.4219451466666664,0.93135928,0.5555963733333333,0.43749973333333336,0.7366448000000001,0.47283896000000003,0.7537737066666667,0.6405729866666666,0.6234289333333334,0.57985232,0.32805464,0.3035159466666667,0.46782152000000005,0.3481364533333333,0.85533664,0.4115981333333333,0.4123594666666667,0.53653776,0.6380436533333333,0.3307568533333333,0.6449127733333334,1.1208154399999999,0.5786920799999999,0.3107149333333333,0.3584255733333333,0.4732939466666667,0.5492147199999999,0.71545344,0.73965744,0.7758869333333334,1.1036174666666665,0.32761066666666666,0.27105826666666666,0.5465158933333333,0.4719294666666667,0.5044092,0.5552842133333332,0.96835152,0.7257395733333334,0.5994090666666666,0.4360834666666667,0.3425824,0.26224088,0.48012352,0.3986769333333333,0.27749309333333333,0.6305627733333334,0.6738712,0.7882131733333333,0.6364468533333334,0.7232007733333334,0.35678296000000004,0.6357569333333334,0.3487199733333333,0.5373976533333333,1.0368156,0.5122999733333333,0.7337710666666667,0.6701912533333334,0.9633874133333334,0.4641009333333333,0.9989010133333335,0.7650696533333333,0.7885617066666667,0.80743272,1.0156821600000001,0.9443321333333334,1.5470220533333334,0.9876971733333335,1.3496702666666667,1.4069613600000002,2.4685565066666664,1.9250393066666667,1.3649386399999999,1.9180614666666667,2.2259627733333334,1.7085460266666666,2.156513973333334,3.464164933333333,3.259115226666667,0.0,3.3838553866666667,4.0165636000000005,6.166777893333333,5.164315093333332,3.7444217333333327,5.308881973333333,9.323407466666666,8.344205173333334,6.012909226666666,6.782042426666666,7.692099066666667,7.434803573333334,6.4564378399999995,6.657136,7.61285536,8.928555626666665,8.5317748,9.440834613333335,6.751419973333333,7.583327813333334,10.459868773333335,9.77975528,7.934842613333334,6.570554,14.731476666666666,14.725521279999999,15.472057333333334,16.985361386666668,7.408266826666666,5.20576184,5.649533386666667,4.535617733333333,6.1335847999999995,7.635218826666666,8.491284293333335,9.697786266666666,7.5841060533333335,8.000559146666665,12.30641888,7.993610346666666,6.418972480000001,9.507399813333334,20.520975120000003,7.335975466666666,8.954626053333335,7.530009306666667,7.33163696,8.154315386666665,6.883935413333334,10.608621706666666,8.218340826666665,7.48600312,8.784018346666667,9.695571546666665,11.131773546666665,11.893588826666667,14.172445066666667,11.451790373333335,6.894776186666666,7.479759013333334,7.2681936799999995,7.94789904,10.42642816,10.717622346666666,8.15916816,8.517983466666665,8.2097272,7.940619973333334,5.9142859733333335,9.797725813333335,37.80633418666667,21.256805573333335,31.36279005333333,10.032011599999999,10.346333333333334,6.31754584,7.94158576,9.864038506666667,10.424546213333334,8.224386666666666,9.541754053333335,6.712781413333334,6.072361173333333,11.119239813333335,11.972721493333333,7.393764586666666,9.36758488,10.49960032,21.55904629333333,21.394055093333332,23.68881002666667,18.677142293333333,20.160800213333335,22.159427466666664,19.9247492,13.392570773333336,8.555653893333334,7.750708506666666,8.556234186666666,7.6884524800000005,7.654236293333334,7.769517066666666,10.912334506666665,11.156352933333334,9.321336026666666,7.4509989333333335,7.351385519999999,6.302757253333334],