{"message":"Aggregated IX data for Perth IX","data":{"nServiceId":null,"width":230,"jServiceId":null,"start":1484419800000,"end":1484488500000,"name":"Perth IX","in_octets":[],"out_octets":[],"in_bps":[31.730293893333332,33.901155280000005,33.82534912,34.132359093333335,31.01615424,13.63066296,13.06903232,13.200804506666666,12.061300853333334,15.908609226666664,11.608722986666667,7.435824,6.970617866666666,41.11194538666667,53.90316442666667,20.209473333333335,11.613005093333333,11.805108933333333,17.79766712,14.3631048,21.415294506666665,9.982536106666666,13.529603333333334,16.4726896,12.700172933333334,13.144769279999998,11.179523493333335,12.507314880000001,10.545951039999998,17.386169253333335,23.218873653333336,23.177595760000003,19.397492399999997,27.30796888,38.729696266666664,35.38748333333333,18.373498613333332,21.635724800000002,22.538540960000002,23.736642426666666,30.99958405333333,26.774110266666664,28.176794906666665,27.832594026666666,23.52683512,16.188899013333334,15.7257956,13.753717306666665,17.237357306666667,14.94712376,16.222321093333335,15.220532426666665,23.06852344,17.60984613333333,21.51764186666667,23.389174906666668,27.4375948,29.703771120000003,29.59350402666667,25.956857493333334,20.82963781333333,26.74611736,28.379902106666666,27.222528773333334,33.713443893333334,34.80460306666667,42.51846725333333,45.81239965333333,54.36746514666667,47.8285664,39.33977632,32.253817866666665,39.62152498666667,40.50017333333333,45.275803386666674,47.099402213333335,57.26213656,48.67435282666667,49.97083738666667,54.84936474666667,87.23366509333334,154.00573418666667,174.11892050666665,69.194962,43.2503776,57.53159130666667,39.28549194666667,64.72575693333334,44.54519733333333,55.41944306666667,50.461540453333335,46.80483653333333,63.91406272,50.73483509333333,48.84392986666667,50.01302114666667,51.3848548,44.15778930666667,59.34651725333334,73.09686384,65.08914912,43.623713546666664,30.34540906666667,35.28565072,36.69058984,32.09812072,33.22820704,32.30061301333333,38.33804866666667,41.60737538666667,55.130242159999995,57.720642479999995,54.19635504,70.09535437333334,71.57952704,59.60533688,79.18633112,79.15316906666666,61.8289752,58.279727546666656,66.23903906666666,81.61996442666666,76.38581597333335,71.44163637333334,81.91207842666667,79.93290346666667,69.64995050666666,102.79753456,97.18011413333333,113.72584823999999,105.99980093333333,133.23306349333333,114.69668349333334,103.79772834666664,119.99371210666665,127.50169952,150.37294376,129.40970997333335,132.00318418666666,131.66079749333335,129.77628933333335,102.48690386666667,100.65668624,86.56043482666665,92.71908850666667,90.84432629333334,90.94524917333335,80.22577714666666,72.08659797333334,74.70249872,73.7326528,68.81189298666666,57.65422986666666,97.10912138666666,97.29377426666665,92.12944154666665,81.95693224,89.76283898666665,91.0887688,69.31475631999999,62.50753866666666,50.17451925333333,70.09944434666666,116.85883514666666,105.98710210666665,79.50398864,62.24802104,56.75302266666667,40.20728296,39.70664896,36.19756333333333,39.00781298666667,51.79419784,43.575042079999996,40.802533866666664,80.20830954666665,79.04942194666666,71.68302629333334,92.21328378666666,86.23883853333335,74.42727829333333,71.55653141333335,54.67862357333333,67.31916952,70.02633112000001,58.52868936,57.468938853333334,57.48628368,65.18529333333333,57.44478994666667,63.13329677333334,59.8035572,64.19264117333334,64.75380272,69.94034154666667,62.59135216,63.23477773333333,72.04608472,73.66319250666666,79.48016144,76.23844304,65.96329117333335,65.80252176,62.89759015999999,67.75452338666666,72.92648125333334,75.84998090666667,80.38949749333334,96.44914279999999,112.89052474666666,94.97070656,75.89176266666665,95.08826445333335,101.42866264,112.88351074666666,99.82545415999999,92.65189498666665,95.81053565333335,99.08524568000001,118.76219114666667,104.43431770666666,100.19170717333334,99.80749623999999,91.36970840000001,120.99464232,133.40524984,116.49794165333336,110.71579072,90.22018768000001,71.41599581333334],"out_bps":[31.907930853333333,33.31835901333333,33.45146413333333,34.017652133333335,30.5216408,13.370115173333334,13.025630373333335,12.939665093333334,11.97227864,15.826059413333335,11.438324426666666,7.425244186666666,6.818689679999999,40.83149866666667,53.52599026666667,19.801108186666667,11.487223386666665,11.770939093333334,17.590075306666666,14.225834213333334,21.12748328,10.011466533333335,13.317774373333336,16.557022213333333,12.311359653333334,13.036856533333335,11.216280133333335,12.320834213333335,10.524198666666667,17.219358133333333,22.988697893333335,23.050050746666667,19.176004026666668,27.066929306666665,38.19927546666667,35.25838181333333,18.072767466666665,21.57201248,22.241502453333332,23.402237466666666,30.933306533333333,26.539510613333334,28.0687592,27.593668906666664,23.355280026666666,16.067231866666667,15.56011424,14.106751893333335,16.765461653333332,14.756343466666666,16.129261093333334,15.174407973333334,22.981060586666665,17.289146773333332,21.323829973333332,23.251853706666665,27.199051306666664,29.425162320000002,29.57398309333333,25.59490048,20.568458,26.668914213333334,28.20907608,27.109509146666664,33.24065181333333,34.76722101333333,41.84674394666666,45.31454837333334,54.35192296,47.11450565333333,38.80593424,32.03111416,39.29753058666667,40.112991173333334,44.84439970666667,46.426784479999995,56.83576824,48.241167600000004,49.405416906666666,54.279997359999996,86.97775232,152.44935221333333,172.30362565333334,68.63808090666667,42.067112906666665,56.79564093333333,39.34834029333333,64.15646072,44.157578773333334,54.69314842666667,50.328058266666666,45.93694541333333,63.84523408,49.94507149333333,47.740036079999996,49.60293533333333,50.987765466666666,43.566084133333334,59.675736719999996,71.91635549333334,64.8424904,42.4685556,30.50217146666667,34.447754880000005,36.50939693333333,31.751049706666667,32.87077557333333,32.2235312,38.07736029333333,41.221771973333325,54.0276364,57.8851512,53.50519298666667,69.81403026666666,70.68497869333335,58.594192906666656,78.78272840000001,78.33897424,60.70476570666666,57.97155570666666,65.46912104,80.68835013333334,75.21638922666666,71.00507087999999,81.42074330666665,78.88289872,69.94289752,100.76831490666665,95.92735202666665,113.82182992,104.27486535999999,132.15539533333333,112.9770512,102.51923474666665,119.04579749333334,126.36018405333334,148.29205493333333,128.46908666666667,130.71367472,131.39736370666665,128.39136592,101.298226,99.10729741333334,85.35063864,91.89431709333334,90.3815436,89.54590658666666,79.28121272,71.34282096,74.27568517333333,72.72441301333333,68.20473528,57.78692925333334,96.25963656,96.0550516,90.43370485333334,80.87163949333333,88.92532901333335,90.62579685333334,68.72637957333333,61.6407448,50.200819466666665,68.96976914666666,115.91061245333334,105.29645226666665,78.01459831999999,61.87308261333334,55.949888773333335,39.866455546666664,39.16880426666667,36.05935293333333,38.3381196,51.587797546666664,43.42907157333333,40.22345234666667,79.84512826666666,77.73582936,71.43951093333334,91.10010130666666,84.94378768000001,74.12803264,71.16743831999999,53.45444549333333,66.90946218666666,69.78193341333335,57.829121306666664,57.30108685333333,56.3434432,65.01317005333334,56.333383813333334,62.43026773333334,59.21724152,63.925235386666664,64.85591730666667,67.90809549333333,62.26599162666667,63.20752618666666,70.99257642666666,73.19409141333334,78.74374890666667,74.6761248,65.68591608,65.33244485333334,61.91860405333333,67.94524144,71.56100037333333,75.35128895999999,79.48344794666666,94.91090573333335,112.61271095999999,93.84090096,74.9792708,94.29986445333334,100.49854733333335,112.06810208,99.03104864,91.80189501333335,94.60107666666666,97.74844506666666,118.40365677333334,102.99845504000001,99.50251290666665,99.02464685333334,90.73906034666665,119.84192952,132.49082584,115.0543712,110.10812898666666,89.28474818666665,70.59066007999999],"in_packets":[],"out_packets":[],"in_errors":[],