{"message":"Aggregated IX data for Perth IX","data":{"nServiceId":null,"width":286,"jServiceId":null,"start":1495713900000,"end":1495799700000,"name":"Perth IX","in_octets":[],"out_octets":[],"in_bps":[212.88951944,127.53258525333335,106.23320890666665,104.26031773333335,88.60692232,79.21449928,89.29337469333335,69.79573424,67.27915106666666,60.70919085333334,51.04827130666667,52.34841261333333,48.15449728,54.78496189333333,60.40991413333334,116.01696197333334,400.6309056533333,341.81893218666664,238.63903024,175.13406258666663,210.532116,231.71414768,170.79928674666667,183.14617637333333,226.62312474666666,215.51076997333337,151.33068434666666,140.3562104,157.75395677333333,108.77842885333334,161.37614917333335,128.44502346666664,119.56933501333334,86.56390226666664,74.0496788,60.716479146666664,52.553749200000006,43.55811333333333,42.182240506666666,41.78334138666667,34.28373541333333,33.828646586666665,33.28386434666667,36.617948479999995,39.75194058666666,35.316419200000006,29.03633976,31.12901016,26.025356693333336,33.17925376,37.34986690666667,27.026517786666666,28.056877093333334,28.100567546666667,34.1762036,26.629367493333337,27.922885866666668,25.951351013333337,39.215965946666664,38.87405442666667,34.95805029333333,60.15881498666666,30.90926117333333,17.607217706666667,34.92795536,51.27653352,29.55255541333333,19.260973760000002,19.75915808,29.05972938666667,29.699131466666667,33.367514693333334,65.04412325333334,117.93087522666666,64.44643821333334,36.67257792,37.95284157333333,41.28741362666666,41.44855829333333,37.38281138666667,36.637268240000004,48.129438453333336,71.01297559999999,38.54980528,38.23864549333333,37.093105439999995,34.411457813333335,35.31660237333333,33.734554079999995,32.95164354666667,41.3766844,43.73908989333333,39.219158773333334,29.618830666666668,36.96651922666667,30.93734232,53.93942866666667,28.98817706666667,30.970478800000002,25.8728212,52.14650101333333,23.654367946666664,30.2351336,49.266035493333334,33.18225688,26.635074933333332,93.58683309333335,82.10472368,61.290894613333336,42.867546986666675,59.91481048,28.529061626666664,47.26711869333333,30.269311653333332,36.42205357333333,42.90770208,60.387919706666665,110.54797578666665,132.99590877333335,82.64168474666666,77.17962696,99.36194912,68.58039346666666,67.45317890666666,91.43652941333335,75.9728,94.31050752,68.88339453333333,64.34471213333335,76.82269906666666,91.89988384,125.98243162666665,110.42043472,162.97060282666666,108.590864,72.68431674666667,82.04539815999999,87.64475448,85.80393173333334,113.89018848,135.79240896000002,124.39166813333334,111.95936829333334,227.68453872,118.02144274666665,141.37636424000002,121.68415317333334,110.32211997333334,146.71358738666666,155.14677101333336,158.03318162666667,152.76112949333333,100.0125248,100.50577848,112.53651541333335,112.252612,118.18741141333334,90.43720114666667,89.41509104000001,109.92038328,121.81691336,123.37446909333335,182.0490376,129.37803176,134.15177688,149.52227847999998,128.47675925333334,164.79711346666667,146.41858082666664,146.56012072,100.49016704,95.26567509333334,103.05659026666665,98.36354546666665,116.22555295999999,107.62089136,87.32242373333335,81.41066064,82.46088029333333,84.62636504000001,73.73787202666665,75.58391184,78.46199536,92.33725936,92.08643661333335,81.68513690666666,85.29240653333335,66.10977565333333,72.33737797333335,61.46388728,77.09651850666665,75.43913757333334,84.77563165333335,73.37937586666666,93.66671490666666,104.50865341333333,95.82692570666666,119.68742213333334,112.77824410666665,103.99199568,101.55565882666666,94.67994992,109.23425261333334,118.41428749333333,115.74451381333334,109.59840768000001,66.20986901333333,76.16497653333333,75.39597749333333,64.61283568,179.07937536,89.25435077333334,227.14849261333333,141.68396538666664,126.63430871999999,138.83961032,155.26198050666667,129.10938882666665,101.87181218666666,87.79751415999999,96.58679018666665,89.73973733333334,99.0893492,73.45089096,63.25129536,54.162498506666665,91.72705936,92.23954605333334,63.32769349333334,72.54060130666666,72.59513845333333,70.97883426666667,57.28585752,51.66453128,63.85690378666666,66.83717138666667,62.07308024,56.15516847999999,74.26883885333334,45.31958528,40.89218338666667,68.27606328,52.40396418666667,50.18609349333333,65.27672922666666,52.67836624,48.52688224,44.868677733333335,59.26482136,54.10386226666667,73.96640034666666,83.39666842666666,46.717078560000004,49.500185093333336,37.984289413333336,32.77845442666667,42.50536216,44.78943085333333,108.54199376000001,111.18010456,45.54678797333333,29.61850968,28.234617333333336,33.818009413333336,32.42838464,39.65645850666667,46.2335572,46.97685541333333,60.86932781333334,54.84754837333333,53.19832730666667,58.11188432,52.191638479999995,73.03525629333333,136.68100229333336,163.55391936,113.64890256,60.803874560000004,61.78119602666666,46.23388333333333,50.43200869333333,51.91774741333333,56.28840290666667,56.58931552000001,53.29266314666667,53.89348536],