{"message":"Aggregated IX data for Perth IX","data":{"nServiceId":null,"width":287,"jServiceId":null,"start":1496534700000,"end":1496620500000,"name":"Perth IX","in_octets":[],"out_octets":[],"in_bps":[32.57475805333333,37.45213032,38.96482544,36.46074594666666,33.57258117333333,42.465154506666664,32.541211706666665,27.73751672,30.33861869333333,29.80365264,29.39353042666667,32.80978730666667,31.33485458666667,32.94495394666667,34.894723866666666,40.25606925333333,38.338615600000004,44.88927021333333,41.23396877333333,41.372863653333326,38.07213626666667,36.50747448,31.27505653333333,34.21871229333333,33.01720941333333,31.80046192,33.09865344,36.97593906666667,32.40921728,34.81367621333333,33.82545064,36.23134797333333,35.83200941333333,36.236202693333325,36.096122826666665,30.730858986666668,32.928049333333334,36.01080325333333,31.727043920000003,29.670148293333334,26.642019706666666,32.47039093333333,29.66519848,29.88242648,35.00417373333333,34.49375856,41.07238338666667,34.595449439999996,33.83428362666667,36.70907850666667,32.417197333333334,39.00994549333333,42.15498418666667,29.04972578666667,41.121840373333335,35.08333309333334,29.168837146666668,41.33851493333333,26.146408746666665,34.82364168,26.517575413333333,24.343763386666666,29.71930525333333,25.016538266666664,21.006772559999998,24.951701466666666,38.610228373333335,36.58286765333333,24.08846202666667,30.05468584,37.147912693333325,33.93221312,37.0127288,28.376509786666666,21.851601413333334,22.302123039999998,24.894964853333335,22.878574,25.51129792,19.7488608,18.562617173333336,17.978901466666667,29.46610066666667,24.471882293333334,22.633727413333332,24.656437413333332,31.16892008,32.89257661333333,30.49287656,52.177675840000006,69.17780613333333,56.06077589333333,50.09100368,59.56326482666666,62.89573,49.902793200000005,54.80014261333333,47.23398853333333,56.173222079999995,40.749135280000004,61.00718466666667,43.73115701333333,42.29186602666667,43.31851282666667,48.20042626666667,42.73610888,44.81847610666667,57.155361840000005,42.94265549333333,46.0935196,50.351844426666666,57.5637976,45.079726560000005,41.78153554666667,43.7602908,47.62033042666667,50.15092229333333,50.98941365333333,42.91432138666667,56.76645261333333,55.544905840000006,48.087702,62.34892925333334,42.81827133333333,44.47382970666667,43.93859914666667,45.057812186666666,57.452361546666666,70.71218221333334,66.92968664,44.61353314666667,43.22010672,40.85403856,39.55098504,39.78031957333333,35.54229189333333,47.76598349333333,45.49729805333333,55.751371866666666,46.50161192,51.371844053333334,59.1168192,62.386278346666664,44.1305956,50.48951301333333,41.808407573333334,44.77595733333333,48.750055306666674,47.697198373333336,46.44388997333333,63.1644576,47.50593461333333,40.06648810666667,49.55626618666667,44.54138037333333,61.86047128,55.26504842666667,63.33350242666666,57.86147269333333,82.85544618666665,49.85539237333334,64.47496512,61.72536376,52.53851013333333,46.75615498666667,51.37987770666667,46.39927378666667,47.037271626666666,51.07834706666667,44.15870168,51.60919882666667,52.75644053333333,49.757555413333336,58.18424144,67.72801941333334,69.10593925333333,59.09368093333334,48.35538914666667,39.00638837333334,41.25958402666667,38.34504410666667,36.13480304,35.3320912,30.44783562666667,32.87079256,38.94278925333333,48.73140736,80.5116,80.74034970666666,83.46296221333334,68.04978384,59.93109234666667,68.07585437333333,68.54255434666666,68.11634381333333,64.05430354666666,50.598044560000005,50.844580560000004,53.851508880000004,48.28670261333333,48.303256986666675,46.38962738666667,47.19487666666667,50.578848586666666,48.548200773333335,48.42953090666666,49.35301370666667,53.99958237333333,52.5545744,52.73823349333333,57.28087258666667,50.8238524,48.808311759999995,54.63868264,50.39123469333333,51.39602109333333,55.72251592,49.493785493333334,47.631192586666664,50.873706026666675,47.16697413333333,48.45690298666667,53.03477501333333,52.06620578666667,51.21470002666667,51.50205576,50.602230133333336,49.44544936,50.813202186666665,52.470540240000005,51.251282,50.55599488,51.963766799999995,50.04038229333333,51.488323173333335,47.41445074666667,20.793818,26.689911493333337,20.693795466666664,13.645124106666666,12.013922773333336,13.920942186666666,15.224771626666666,15.350932426666667,13.927022746666665,15.0636788,16.839267066666668,14.766941066666666,41.221357306666675,47.54881061333333,37.69397538666667,46.49207061333333,44.563881280000004,46.41516712,42.641031013333325,32.63684741333333,41.53619208,49.34441261333333,50.917703200000005,47.043654,33.47959112,16.06048008,17.82826952,21.405094373333334,18.078196,17.669037573333334,17.034438426666664,17.95644672,19.504378613333333,23.685958213333336,28.451220213333336,22.634654773333335,21.04378144,19.417531893333333,19.81637216,25.903338293333334,23.701765039999998,25.14294824,29.37166962666667,31.142324133333332,32.784382853333334,30.98762421333333,34.36500594666666,33.63739386666667,35.94550029333333,27.226573733333336,32.55856493333333],