{"message":"Aggregated IX data for Perth IX","data":{"nServiceId":null,"width":195,"jServiceId":null,"start":1478555100000,"end":1478613300000,"name":"Perth IX","in_octets":[],"out_octets":[],"in_bps":[0.37665712,0.4670782666666667,0.8025056266666666,0.5056816,0.66452992,0.9338157866666665,0.6970321066666666,0.8009561866666666,0.6681575466666666,14.446010026666665,23.24630376,23.977471733333335,27.50732648,28.713836266666664,28.12566112,23.939442186666668,27.02744792,32.95834557333333,22.874846186666666,20.63825072,26.180923973333332,23.537581600000003,25.959011973333332,28.259516053333336,29.219234826666668,36.85317826666667,22.692103546666665,21.58965968,23.07237616,21.80922168,18.820098293333334,19.419183786666665,20.275897866666668,25.291526853333334,19.84865784,16.720129333333333,22.887821466666665,22.52139568,34.855021226666665,32.75874362666667,25.010052693333336,34.802766133333336,32.6856068,51.51931056,34.57524229333333,33.81630885333333,25.212390666666664,21.589687253333334,26.58681968,29.78516194666667,32.11881765333333,36.40475154666667,43.430110133333336,39.90239789333333,42.898454773333334,44.82225693333333,41.452980880000005,42.340923413333336,44.24775325333333,47.46454941333334,49.3353812,63.41823496,51.734882453333334,52.575393706666674,57.48946808,55.57640136,52.99863328,59.10108997333334,49.405592506666665,42.6158108,40.63517130666667,39.48725229333333,49.993304666666674,46.64418474666667,53.871532906666665,55.67698893333333,43.981384133333336,45.56271432,59.50934264,43.98967509333333,43.74325842666667,46.11594837333333,40.397272,52.77260578666667,58.60232978666666,52.69103914666667,40.99976789333333,37.13413525333333,43.58686256,26.74837829333333,35.59544549333333,47.07103237333334,46.160508799999995,50.917013626666666,51.70319013333333,67.80331056,44.13994061333333,47.48964005333333,45.08703210666667,23.08786072,23.096713013333336,27.115479893333333,29.316200026666667,49.04575088,48.539853173333334,41.11960573333334,57.36326498666667,49.07009362666666,64.64044082666666,62.838634666666664,71.15254253333333,58.83454813333334,46.34110357333333,58.835983066666664,62.501215386666665,43.73051874666667,36.33283141333333,46.25629592,39.451855200000004,38.62536712,51.446726586666664,47.31560066666667,45.17322997333333,47.18747856,33.12801613333333,38.6168096,46.793996426666666,42.763059813333335,58.14158296,59.23006250666666,68.28672136,68.00790405333335,65.07129032,62.97004197333334,45.99170256,36.75812517333333,37.263977679999996,53.38152384000001,48.95560210666667,57.81997472,76.08790725333333,80.54877002666666,92.48523578666666,94.42284018666665,88.44684824,97.46522562666665,96.23875184,92.37938122666665,80.92060621333334,85.50615184,83.76060154666665,90.74459128,97.62171848,84.52273152,78.75022170666666,73.6340688,70.91058765333334,80.61684834666664,68.99217424,85.53694194666666,66.64630965333333,68.83269424,55.73175885333333,56.60916706666667,51.561135039999996,57.645514,64.83012173333333,51.94254005333333,54.087584586666665,61.576942106666664,53.72334269333333,62.16712122666666,74.11716178666666,66.27363781333334,74.20820858666666,72.56547250666667,62.53698362666667,89.49550013333334,84.90598837333334,102.19200093333333,95.6392508,90.92101090666665,78.96810229333333,66.70791802666666,57.33228917333333,61.55200285333334,48.54588530666667,48.39968312,54.68267258666667,60.038594773333344,56.887837626666666,46.367030240000005,33.06133346666667,31.333690133333334,43.04455264],"out_bps":[0.3786213066666667,0.4698595466666667,0.8029709066666665,0.5093500266666666,0.6632096,0.9538576,0.68901832,0.8032350666666666,0.6713734933333334,14.593735013333333,23.091253893333334,23.68699336,26.759641146666663,28.733818346666663,28.127787226666666,23.45437024,26.90219384,32.543732559999995,22.71102448,20.63937344,25.78517232,23.295691893333334,25.794678826666665,27.968949653333336,28.8853788,36.59816688,22.638135946666665,21.2787644,23.012911893333335,21.61763752,18.766808,19.674056986666663,20.07921864,24.658585386666665,19.95300797333333,16.740448613333335,22.766368399999998,22.397749519999998,34.64334048,32.73283618666667,24.796503626666667,34.95420888,32.30210957333333,50.95170024,34.33199522666666,33.35598909333333,25.316590773333335,21.469159519999998,26.874609093333333,29.579096853333333,31.694460239999998,36.054422960000004,43.433656453333334,39.637306960000004,42.70012514666667,44.56446762666666,41.08130170666667,42.2978348,43.52584232,46.78253274666667,49.26519757333333,63.13716552,51.35216757333333,52.62758197333333,56.11622706666667,55.26720384,52.866153306666675,58.368736479999995,48.867648773333336,42.24356490666666,40.883326053333334,38.77393016,50.18546498666667,45.30336426666666,51.26221525333333,58.222494293333334,43.93939032,44.49614792,59.48101344,43.20300221333333,43.64882138666667,45.87370512,39.959752853333335,52.44183322666667,59.150163146666664,51.51081264,40.478797920000005,36.809887493333335,43.37960317333333,26.629405066666667,34.80037586666667,47.52554714666667,45.71971077333333,51.33478149333333,50.60805077333333,67.07906645333334,43.74492336,47.63140701333333,44.2081824,23.02471104,23.245463706666666,27.027528186666668,29.245976186666667,48.579521226666664,48.50036301333333,40.348366506666665,56.99937658666666,48.745455840000005,64.38083453333334,62.29982045333334,70.70414650666666,58.6109636,45.598408613333326,58.4403508,61.70068448,43.530697413333336,36.232762799999996,45.69858552,39.58314781333333,38.346563759999995,50.51683818666667,47.70330088,44.88596293333333,46.299509226666665,32.899719866666665,38.362225653333326,47.06613,42.012441413333335,57.04789733333333,58.79553792,68.27910666666666,68.20658850666666,63.56947168,61.933252853333336,46.20672986666667,36.03572514666667,37.540647333333325,53.064220799999994,48.04573493333333,58.34439546666666,75.73527504,80.10310213333334,90.07871376,93.64875631999999,87.41052965333336,96.91067173333334,96.24582528,90.65266941333334,79.66523493333334,84.47295381333335,82.90812597333334,89.92762994666666,97.2084108,82.22732122666666,78.93663237333334,72.6333176,70.80651877333334,79.42786264,67.8720008,84.79586168,65.93476581333334,68.38878949333333,55.585733866666665,55.152876506666665,50.878130453333334,57.89947472,62.99518309333334,52.40789592,52.85517994666667,61.910734293333334,52.95249384,61.61111770666666,73.60364354666666,65.94058464,72.74085053333333,71.86274554666667,62.128220293333335,87.85151258666666,85.81842610666665,100.03162290666666,94.71504279999999,89.88568797333335,78.73351128,65.55736072,56.629067119999995,61.36680874666666,48.03303157333333,47.62647986666667,54.25743258666667,59.27504818666666,57.53113906666667,44.63979586666667,33.68567146666667,30.152934053333333,42.915119600000004],"in_packets":[],"out_packets":[],"in_errors":[],"out_errors":[]}}