{"message":"Aggregated IX data for Perth IX","data":{"nServiceId":null,"width":287,"jServiceId":null,"start":1476849900000,"end":1476935700000,"name":"Perth IX","in_octets":[],"out_octets":[],"in_bps":[6.883935413333334,10.608621706666666,8.218340826666665,7.48600312,8.784018346666667,9.695571546666665,11.131773546666665,11.893588826666667,14.172445066666667,11.451790373333335,6.894776186666666,7.479759013333334,7.2681936799999995,7.94789904,10.42642816,10.717622346666666,8.15916816,8.517983466666665,8.2097272,7.940619973333334,5.9142859733333335,9.797725813333335,37.80633418666667,21.256805573333335,31.36279005333333,10.032011599999999,10.346333333333334,6.31754584,7.94158576,9.864038506666667,10.424546213333334,8.224386666666666,9.541754053333335,6.712781413333334,6.072361173333333,11.119239813333335,11.972721493333333,7.393764586666666,9.36758488,10.49960032,21.55904629333333,21.394055093333332,23.68881002666667,18.677142293333333,20.160800213333335,22.159427466666664,19.9247492,13.392570773333336,8.555653893333334,7.750708506666666,8.556234186666666,7.6884524800000005,7.654236293333334,7.769517066666666,10.912334506666665,11.156352933333334,9.321336026666666,7.4509989333333335,7.351385519999999,6.302757253333334,10.744994,3.61173952,3.89131832,3.620176666666667,8.587193546666665,4.2727334133333335,3.91707472,3.47147976,3.04636296,2.6277838399999998,3.3821737599999997,5.181240026666667,3.397494106666667,2.044458453333333,2.6329850666666665,2.2617961600000003,2.7059213866666667,2.56289984,2.357769253333333,2.2543183466666665,3.0315544266666667,2.1467245066666663,2.9685868799999997,2.6721074933333337,2.246484533333333,3.61032608,4.390371333333333,3.530058346666667,2.9100914933333333,3.53665864,3.128602133333333,2.52386824,1.65049072,3.06169536,2.8010938933333334,2.894795786666667,8.40039464,8.0982756,3.488234933333333,2.6458799466666667,2.998024666666667,5.620941226666667,2.0343654133333335,3.61785888,3.645922613333333,3.150815333333333,3.194833813333333,2.766933786666667,2.0693839733333332,1.9705551200000002,2.422898426666667,2.3957350666666666,1.8449645333333335,1.8915394399999998,2.4217351733333334,1.1569290133333334,1.3875176,2.2397877599999996,1.80953432,2.350560053333333,1.8503629066666665,1.6412420266666665,1.2786297333333334,1.6306538400000001,1.1943186933333334,1.21557864,0.9222624,1.3767400266666665,1.0296368533333333,1.3293113866666664,0.8626153066666665,0.7962060533333334,1.7359367733333335,0.8294225066666666,1.3159480533333334,0.8119552800000001,0.5210992266666666,0.80337472,0.5425635733333334,0.43982565333333334,1.1427966666666665,0.65321896,1.1263742933333334,0.6974630133333334,0.6854467733333335,0.5402820533333333,0.4601926133333333,0.7550565866666666,0.48289384,0.6685924,0.4355400266666667,1.1442451999999999,0.3683122133333333,0.41863970666666667,0.76057376,25.3823892,19.899886746666667,37.32873861333333,1.6104380266666667,1.0872468266666666,0.82091016,0.41000736,0.3579434933333333,0.6444328533333334,0.5754235733333334,0.5380796266666668,0.28319221333333333,0.286218,0.6373477866666666,0.45198871999999995,0.4950545866666667,0.3988569866666667,0.3521446933333333,0.4773850666666667,0.3399220533333333,0.4265364533333333,0.4630972,0.5517296266666667,0.5116446666666666,0.6358456266666666,0.72649424,0.4621800533333333,0.31534792,0.61474632,0.4842526933333333,0.3881516,0.3087958666666667,0.3689180533333333,0.6646022133333334,0.40907176,0.4571151466666667,0.7210505866666667,0.9081326666666665,0.6080338933333335,0.45615053333333333,0.4436695466666667,0.7715270666666667,0.75035944,0.2952582133333333,0.8362411733333335,0.6134137333333334,0.4784901066666667,0.8266528000000001,0.5583632266666667,0.5131478133333333,0.6120163466666667,0.7473878933333334,0.4387070133333333,0.7618169333333333,0.6295119466666667,0.5837788266666667,1.5882966133333336,2.3951858666666666,0.72156808,0.6514979200000001,0.67611264,0.6088064,0.6282878399999999,1.3720569333333335,1.1402113066666666,0.9776217866666665,1.9659145866666667,0.9732177866666665,0.9984719733333334,0.9763681866666666,1.4804623733333335,2.5550585333333333,1.52846824,10.550583733333335,1.3410054933333333,11.95345152,1.92429056,2.4749057066666666,2.9747150133333333,2.3550381333333332,1.8974764533333333,2.132322266666667,3.0659185866666667,24.327149866666666,4.0934658399999995,3.15345336,4.99554912,4.463740586666667,4.7405812,4.366833493333333,5.34496824,7.33948216,6.440448933333333,7.639274853333333,5.053237253333333,6.980257519999999,6.2426839733333335,6.9163508799999995,6.726232613333334,7.539746773333333,11.497770266666665,6.64379608,5.936743306666667,8.24950408,6.680612453333334,5.6999242400000005,6.037873946666666,14.039466053333335,9.67576056,10.066939866666665,11.075928986666666,7.481591226666667,8.901047466666665,12.596138826666666,18.87365032,21.633845786666665,17.265864960000002,21.694130346666665,17.622121760000002,13.388972586666666,15.503158533333336,12.339220186666665,14.84638808,12.316326266666666,13.388182480000001,13.208310453333334,14.686676773333335,13.261664293333334,12.576074373333334,9.789649866666664,11.808302,10.045160026666666],