{"message":"Aggregated IX data for Perth IX","data":{"nServiceId":null,"width":286,"jServiceId":null,"start":1484199900000,"end":1484285700000,"name":"Perth IX","in_octets":[],"out_octets":[],"in_bps":[120.53298269333334,132.19838621333335,110.97323968,82.32711136,90.61302208,98.86541784,114.90012514666667,132.01424109333334,97.85387106666666,92.41162240000001,81.90581378666666,42.05827802666667,56.15972930666667,52.40850290666667,59.92870925333334,104.71495090666666,118.40608493333333,118.46719223999999,112.9193204,84.82668597333334,65.25015402666666,61.222896799999994,68.77729631999999,66.62792754666665,73.99302810666667,79.32154256,92.477168,81.51873538666666,82.95355666666666,115.24571458666667,98.48031072,92.20131725333334,80.02239874666665,75.30369986666666,67.42862981333333,72.07709215999999,78.45053032,95.31795133333334,93.33647040000001,108.91411536,130.43603720000002,121.39104325333335,102.81104856,112.42748613333335,107.86884853333335,120.11443661333334,125.49919749333334,104.75945981333335,106.70833016,114.72615608,121.50571546666666,114.28278725333334,101.57915344,99.62936274666666,78.45505597333334,84.76881658666666,72.04211818666667,89.61441594666665,91.39042581333335,78.98915821333334,96.09603325333335,121.77837168,95.88050168000001,95.71474789333334,81.03069501333336,99.12433338666665,88.00654536,98.80643485333334,95.85465181333335,104.46714077333334,99.97128250666665,106.36524458666666,132.53989373333334,132.27924405333334,116.06228653333335,115.10459466666666,121.39464458666666,135.47372578666665,133.32336893333334,124.91093213333335,120.65471410666666,103.18404706666666,109.11074338666666,107.88818205333334,120.43808845333335,120.12042386666666,91.01846554666665,102.41157768000001,107.62400333333335,99.58732384000001,93.54526381333335,107.38442941333334,114.18313128,119.76717458666666,151.11902368,153.3471744,154.82072056,173.0477336,170.08275048,161.36023378666667,126.9593404,159.37802712,125.87539613333334,119.54097066666665,111.69641437333335,105.84076152,92.90716992,77.48667037333334,76.60315922666666,81.10487114666667,75.41162224,70.29187744,120.51557402666666,142.63276008000003,153.08580994666667,137.00345031999998,158.18018053333333,167.00202789333335,147.96020405333334,152.54343640000002,142.22127674666666,147.38849418666666,139.23224632,131.86136226666665,139.18663493333332,191.75720776,143.59518114666665,136.64945861333334,53.19092106666667,26.269682853333336,26.471861760000003,26.116651973333333,24.621639546666668,23.5906012,27.918820800000002,30.3526956,26.495563626666666,38.48933757333333,37.64493512,33.377887173333335,39.09226608,36.67460117333333,49.752362053333336,57.79199776,55.22614096,58.59920032,47.982093119999995,50.268494986666674,50.31951293333333,40.354732693333325,38.48228632,36.511117946666666,39.48336682666667,38.50660674666667,27.296244106666666,27.872361706666666,16.43241544,11.47403752,13.58920224,11.084472373333336,14.302476666666665,14.476257013333333,15.88188768,15.779932,20.723098826666664,19.26092352,45.97745205333334,42.11466205333333,36.62625328,37.06050898666667,41.46557781333333,37.88829066666667,42.16329221333333,40.30694728,35.008055119999995,36.96001626666666,20.8643164,21.899336826666666,23.005226586666666,19.79012504,22.895144426666665,21.19192336,22.131363226666668,22.730377093333335,23.81978064,27.016757013333336,25.9593952,25.103977813333334,33.119850533333334,32.04460354666667,38.13604165333333,25.75607048,34.270426,11.539390880000001,14.653869333333335,20.487040533333335,21.125504506666665,20.527984800000002,19.323846746666668,19.66092016,16.324037546666666,27.024721253333333,30.17041109333333,23.711656746666666,19.905889039999998,23.71821512,39.44052562666666,34.3867688,39.203938586666666,38.27071125333333,34.897031119999994,45.16843069333333,34.585812053333335,31.65528946666667,18.907298986666664,39.40896168,37.980912159999995,21.084382106666666,25.708094986666666,30.84804093333333,38.37655989333333,0.0,78.87808752,89.05713850666666,102.18427381333335,90.66971666666666,75.97631101333333,87.82009074666665,65.21821658666667,62.75925402666666,81.01602506666666,70.76662512,52.01143536,44.39398104,49.56020154666667,58.838067280000004,57.9862664,57.52090816,57.52092216,46.987245066666674,37.897973439999994,56.761162586666664,41.32046658666667,84.65100906666666,136.89648608000002,78.16219677333333,52.964346133333336,56.42698472,54.795688399999996,54.82807077333333,56.25412106666667,45.088836586666666,56.54914832,95.46928106666667,98.31260648,148.28206984,113.55817586666666,129.27042221333335,58.06288,61.65085672,68.78493359999999,56.09193882666667,61.15461104,57.72624709333334,42.57761376,38.885353280000004,41.057314986666675,43.526509866666665,42.793287119999995,52.00975418666667,76.91698485333333,42.31292768,81.84485293333334,81.07494730666666,63.50633,51.209653493333334,68.26677653333333,73.83775213333334,54.52037184,49.8595544,54.046411013333326,64.74668269333334,78.56773314666665,67.67014362666667,72.85191770666667,63.2791216],