{"message":"Aggregated IX data for Perth IX","data":{"nServiceId":null,"width":264,"jServiceId":null,"start":1478793600000,"end":1478872500000,"name":"Perth IX","in_octets":[],"out_octets":[],"in_bps":[24.583402506666665,17.646470746666665,21.916802853333337,7.77331056,6.345106533333334,21.92449312,64.20833808,48.385451413333335,18.303731199999998,9.514488400000001,9.516785973333334,16.67234352,19.645113386666665,24.301012746666665,19.260947440000002,9.97520192,13.266408,10.586116426666665,7.215750506666666,7.915221813333334,7.27296512,6.35153752,7.0251960533333335,8.36767208,6.73813688,10.94588448,11.542899653333334,13.486231199999999,12.760131866666665,8.52043744,9.226232053333334,8.492948426666667,10.655902213333334,11.638246480000001,9.623468133333335,29.552256186666668,11.474783413333334,20.057921253333333,17.986689066666667,18.802913386666667,18.270134853333335,17.71472408,18.700912640000002,19.875058613333334,20.04757712,13.025439039999998,9.33524136,8.758866320000001,9.31105504,9.46039976,8.628009093333334,8.877436186666666,7.7064576266666664,8.13402464,8.438566266666665,9.945870106666666,10.185572533333335,16.06665128,13.694887706666664,9.825633946666665,11.722936746666667,11.936412266666666,8.020455626666665,5.92383768,9.34097056,14.694187786666665,15.606007413333334,29.19124941333333,12.455819146666666,16.245268133333333,18.446482186666668,58.252206799999996,78.53510968,91.1069004,104.10004698666665,94.11249813333335,64.5922352,27.61716408,26.496358773333334,26.803269013333335,31.956971173333333,36.902905866666664,30.48937549333333,19.748785653333336,40.05104002666667,77.2277852,72.45204543999999,72.14079461333334,65.8673392,81.00262770666666,94.94745277333334,17.347220106666665,21.177712213333336,20.093504693333337,61.99370792,77.36219176,83.19806623999999,37.179603039999996,31.096077946666668,24.293951226666668,26.877504693333336,24.990547146666664,28.658624053333334,41.63927837333333,49.16410888,47.480224799999995,30.0001124,33.68572808,34.89357082666667,51.18720786666667,44.866486746666666,47.350224159999996,53.615356586666664,60.117710986666665,54.24656989333333,51.42671128,46.588305013333326,70.76609981333333,54.854202640000004,51.49329005333333,54.57203797333333,53.170683866666664,86.29844933333334,72.54061258666665,62.76837186666666,57.06015834666667,45.837036053333335,28.048729093333332,25.21638816,38.91015245333333,44.98436493333333,50.7530732,48.16519432,41.335705013333325,30.08484509333333,32.91082074666667,30.19773752,28.408565173333336,59.939773413333334,61.44737584000001,56.68599853333333,44.33048394666667,68.69046656,73.51865293333334,68.13354293333333,64.1654348,43.10918813333333,32.13202749333333,30.72678288,42.42902749333333,38.20953096,44.527754,56.08914696,43.39775346666667,41.09455413333333,65.66779210666667,38.35763954666667,35.65664010666667,34.56750637333334,35.920872079999995,37.82772429333333,39.193445306666675,34.58175576,37.806916933333326,28.066941333333336,30.18012453333333,39.84936770666667,37.43152709333334,40.139295973333326,33.24047021333333,38.08455237333334,54.88789706666667,49.14215714666667,52.81912778666667,41.00659610666667,36.99174170666667,32.70863378666667,28.728914613333334,56.64619538666667,41.43864512,46.33888824,50.128122986666675,47.99817616,37.69670106666667,42.09460298666667,51.339245786666666,49.21636653333333,50.768328133333334,38.17525442666667,45.489644399999996,60.177484240000005,32.49273114666667,40.95690784000001,37.08394429333333,51.78681525333333,58.27801096,53.30100853333333,56.346734986666675,73.63132189333334,68.10002965333334,86.82914784,75.55427093333334,87.38255917333335,80.7212668,52.64849533333333,49.559898293333326,56.46396202666667,65.14196906666666,51.95934242666667,53.02412725333333,58.717615200000004,73.30807989333333,55.67192496,56.74067944,61.098584986666665,78.35445298666666,58.683764079999996,64.60906930666667,52.53117578666667,89.78816029333333,87.91510874666666,115.70311701333335,117.60278501333335,97.67207346666666,97.57234794666665,103.86467538666666,105.81712493333333,91.711862,127.78027778666666,129.03509610666666,88.82880618666665,88.04885629333333,103.60709536,108.10568138666666,116.74082282666666,111.59804432,111.29675066666665,104.44474770666666,101.81950797333334,105.06186973333335,95.22973509333335,114.79789013333334,122.76484485333334,103.23891917333334,108.95751821333334,97.878206,98.1192784,89.02228197333335,83.32848386666666,76.32591453333333,63.41474829333334,61.07436202666666,88.51903048,115.45399346666666,98.91790384000001,99.03438706666667,95.39061034666665,103.99966178666666,110.26606317333335,115.41893631999999,112.96506736,97.32953845333334,86.47146106666666,72.40202864],