{"message":"Aggregated IX data for Perth IX","data":{"nServiceId":null,"width":287,"jServiceId":null,"start":1508659500000,"end":1508745300000,"name":"Perth IX","in_octets":[],"out_octets":[],"in_bps":[362.78746431999997,395.14486832,418.2593388,393.73178893333335,419.7287688,401.03781205333325,361.7194802933333,406.51803368000003,358.82361925333333,333.01916208,333.86040893333336,312.5991865066667,393.0108824533333,388.3360584533333,397.9816000266667,384.84331578666666,376.37462818666665,449.30850501333333,466.0491796533333,440.75862024,327.9357113866667,307.8418266666667,256.8447449066667,271.24878077333335,264.55644178666665,288.3702258933333,301.8901985333333,394.61967357333333,344.1837697333333,357.28618256,333.81423677333333,467.64364474666667,453.0610496533333,442.34959989333333,404.2659719466667,404.3611206666667,445.78656975999996,401.87824893333334,422.7210302933333,427.00233176,412.6374658666667,444.9524093333333,504.15929136,473.65934760000005,466.7711385866667,488.97362498666666,513.6721614933333,480.6286768533333,505.1547977066667,495.3129638666667,496.97358594666673,516.0095501066667,518.9621350933334,489.0273304533333,569.9083588266667,521.7947994133333,511.0096465333333,537.74800176,576.8982854400001,556.42885024,541.54347552,552.92631584,549.5198133600001,578.5267796,630.1580517333333,610.9339649333334,631.08848088,569.0447763466667,569.2643152,745.7656945866665,608.6849996266667,731.7041596,600.7229922666667,532.2174468533333,512.4335939466667,475.6471473333333,464.39933904000003,431.20788688,438.1705401333333,447.7250882666667,388.4898840533333,350.8161786666667,349.95727426666673,347.47916162666667,348.2278793866667,363.7690662933333,326.77741488,359.02679954666667,413.6784168266667,360.19924383999995,284.67792170666667,293.2580817066667,275.78830285333333,259.04131848,249.77123312,261.33660189333335,246.71863338666665,285.49259341333334,298.3092154133333,267.06380226666664,344.64200168,329.4174691466667,246.68078112,315.03277688,305.4423375733333,304.32171274666666,282.75194690666666,278.52823693333335,265.86597144,280.54977226666665,267.46567058666665,187.59734666666665,143.46204058666663,141.10037128,105.78245338666666,87.999502,100.73991008,99.77797338666666,112.11435074666666,96.30716824,95.05838962666665,100.55038648,104.53421858666665,120.37990909333335,115.31109682666666,97.5441332,105.38020424,119.14755570666667,105.93187536,102.48434869333335,106.67417698666665,99.54221778666665,82.52397810666666,76.39402149333334,84.63277485333334,82.48936042666666,79.86507989333333,82.63270496,68.49348578666667,61.519689039999996,68.22484122666665,61.0738728,69.47320370666667,69.69244064,83.383486,95.97336176,85.71441058666666,96.37924629333334,81.85406272,79.42195741333335,94.13263429333334,93.27120872,70.49088157333334,66.96934493333333,66.76336298666666,67.98764221333334,68.83059,74.62911474666667,61.90894445333334,73.19104264,90.49981,88.30001378666667,73.04593813333334,84.31771568,97.20171330666666,102.89749421333333,96.50257645333335,98.48273264,99.65372768,112.93637485333333,126.63716973333335,112.24565656,119.42631784000001,161.75758581333332,141.81029010666666,134.88632933333335,135.28574186666665,177.79426821333334,150.37374893333333,191.33169965333335,191.37162866666665,196.81460378666665,229.94323418666667,215.74346341333336,228.88740757333335,195.92878936000002,210.31354426666664,206.40896434666666,223.55713698666665,273.04070485333335,244.26858069333335,256.75574810666666,266.17327896,217.31068416,368.35295992,392.33328237333336,392.9056980266667,435.24904005333326,438.25191968,442.7573883466667,382.46260957333334,401.0160738133333,423.65265239999997,366.7589772266667,368.96390768000003,429.57040888,388.77540616000005,332.8101653333333,365.90026728,432.4018234666667,352.3871010666667,399.80234952,406.70099693333333,402.1827749866667,396.2654868533333,427.69562469333334,438.21296912,413.4365118933333,422.4739003466667,457.2446894133333,487.16116016,489.84337408,461.58826152,410.62204336,424.4357445333333,412.43215832,378.79330357333333,372.4588521333333,383.68326362666664,422.80981432,440.19830650666665,437.2780778133333,425.80915752,444.64707181333335,443.6190872533333,537.978678,494.8842962933333,449.9545771733333,422.3691598933333,427.94484066666666,450.0042256533333,436.02953917333326,468.10235816000005,502.4793225333333,459.2060257066667,427.5667921066667,446.6990426133333,473.6110072266667,469.81228368,520.8013289066666,456.2184837333333,460.9150710133333,469.8075566933333,508.66868104,499.94348394666673,474.3617905866667,489.7348053866667,473.13936093333336,471.68452184,456.54699976,493.23131104000004,492.9443936,410.0548649866667,469.4849972266667,464.40165007999997,568.7268241866667,563.1806194400001,445.4540237333333,483.8718858666667,606.99919608,596.9105596266667,610.31881032,607.0737326666666,623.9146172000001,672.9457922666667,750.5596696533335,694.7027213866667,592.9572398666667,553.8435835733333,560.4812654933334,595.6804485866666,613.5972729066666,605.12444272,484.4635058133333,477.5319756533333,448.52541560000003,499.3878641066667],