{"message":"Aggregated IX data for Perth IX","data":{"nServiceId":null,"width":288,"jServiceId":null,"start":1481875500000,"end":1481961600000,"name":"Perth IX","in_octets":[],"out_octets":[],"in_bps":[143.42419906666666,117.99997048,130.88500784000001,139.0921968,149.18239304,169.85537970666664,130.66977584,149.02127829333335,159.84130018666667,163.33622298666666,163.63109232,157.78329386666664,174.08977842666664,176.06584290666666,157.84353144,128.17079389333335,114.71672693333333,183.50294197333335,164.82770813333335,125.46511688,136.23659666666666,177.40732138666667,187.32870848,184.80393304,179.00720584,153.55408637333335,129.39675586666667,130.90761021333333,178.68824141333334,194.96534914666665,185.32083893333333,126.70690176000001,109.48514023999999,99.46844632,101.81390301333334,144.43443632,147.61713557333334,146.35234536000002,161.22463408000002,158.83957730666665,173.23612861333334,168.78972032,172.60056032,169.17383933333335,224.0763444,187.23305008000003,193.22361672,230.53307661333335,200.97545058666665,200.10784725333332,189.15165901333336,170.07644557333336,179.27946186666665,165.36152008000002,162.79469693333334,118.44740957333333,99.82640709333334,98.32584568,89.10043285333334,90.74394653333334,112.98662586666666,106.42997093333334,107.85086554666665,99.30365031999999,86.80459573333334,87.83953978666666,101.27012866666665,167.42013645333336,153.91915640000002,107.44664061333334,96.55231223999999,81.99138085333334,84.70564573333336,84.75772709333334,91.41838831999999,94.98892458666666,89.52585488,94.44886456,86.89082024,90.50707023999999,80.04435528,66.51619402666667,71.68326936,75.45045882666666,64.54700410666666,66.46517757333334,73.93483458666665,73.73521104000001,70.56723584000001,59.76926453333334,67.00585629333334,66.48283061333333,68.44129384,59.50704064,79.19314301333334,74.03263890666666,60.83243042666666,47.810979466666666,43.01362373333333,44.48930709333333,61.476367626666665,70.80812610666666,73.52001621333334,75.00339328,78.74821341333335,91.62844432,80.35023,79.90107925333334,72.78589069333334,73.29012410666667,72.07070888,65.25507765333333,71.49831810666667,80.05460141333334,76.32297709333334,70.97472861333334,65.72962109333334,67.71248672,74.25476093333334,73.51889138666665,79.87750248,67.69751768,87.86601704,58.759031973333336,34.968215439999994,57.16205530666667,55.89483885333333,29.062845813333333,32.26056205333333,31.9633592,32.143170399999995,31.14074632,29.28596994666667,30.15027741333333,26.569908666666663,41.56798090666667,40.91563021333333,25.614252826666664,26.296961066666665,26.308879306666665,25.972136666666664,26.239575973333334,25.516025173333336,24.298905493333336,25.901248239999997,27.108640933333334,33.87644384,23.145729093333333,23.741590346666666,23.468741920000003,24.03412064,26.58620232,28.73843952,31.64067216,43.864707493333334,87.04912634666665,71.20783074666667,30.33702218666667,28.823078666666667,30.73971552,31.60318858666667,31.559548346666666,34.155897626666665,30.27589416,28.840454346666668,35.219567786666666,48.44689725333333,51.62785496,41.87210485333333,48.4996708,45.99377192,52.028664,55.17024096,48.45111688,45.858381066666674,53.15861674666667,48.91423914666667,45.90664885333333,45.11729104,41.23748888,46.071265733333334,49.86100624,36.792742133333334,42.28570778666667,45.69940050666667,45.03754989333333,42.565767439999995,48.84544288,50.712140373333334,55.82445701333333,47.19921032,63.9539472,61.75133584,62.58532666666667,44.762483413333335,49.17735738666667,54.592197119999994,53.30492461333333,68.39392695999999,53.81871416,58.426250053333334,127.59336946666666,109.89693826666665,144.96347578666666,135.85966503999998,139.21113554666664,140.685168,134.01505930666664,79.71608928,123.82275954666665,144.74459570666664,136.07402322666667,163.39281424,151.00318405333334,164.15864391999997,200.01668178666665,177.57411456,127.00785536,114.74232477333334,142.47485626666665,129.72857949333334,120.4866448,99.25191525333335,103.97976237333334,133.05691146666666,108.72002272,67.28122565333334,69.81280197333335,75.45234365333333,75.99418341333335,68.98650050666666,57.77944565333333,64.66380578666666,68.62522250666666,95.75701744,88.66640490666666,93.2898156,92.31059786666665,98.08759426666666,81.73739005333334,79.420854,82.88968597333334,93.94298232,78.9632752,88.26014877333334,90.85039223999999,79.43942045333333,94.84931426666665,103.82912074666666,118.51294322666666,109.41372944,87.52030653333334,101.49580941333335,112.57138525333335,125.66842338666666,114.55993837333335,102.87524064,106.72745093333334,96.48255264,110.1684416,135.27422850666667,127.35535344,85.03044368,95.46376287999999,103.83730245333335,118.10872712000001,114.947776,90.69386168000001,74.96722240000001,85.42235938666666,87.88910752,90.45539336,81.06321789333334,94.43887151999999,107.55544821333334,101.60296253333334,109.88557882666666,106.60451133333335,82.81403981333335,79.47953805333334,67.26792776,63.93697738666666,71.66422098666666,71.74770544,104.63563304,112.62223994666665,77.67572008,86.73448893333334],