{"message":"Aggregated IX data for Perth IX","data":{"nServiceId":null,"width":21,"jServiceId":null,"start":1500891300000,"end":1500897300000,"name":"Perth IX","in_octets":[],"out_octets":[],"in_bps":[263.02642368,259.82229522666665,288.4820062133333,318.8916617066667,331.67610189333334,323.6346261333333,443.1996523466667,534.26435112,469.8447714933333,359.10902354666666,412.5556928266667,383.6798285866667,252.38914018666668,255.43066928,276.21125693333335,300.7977047733333,284.33036677333337,274.7744501866667,307.80098608,272.32040357333335,246.731124],"out_bps":[236.87137232,236.25434906666666,240.62645613333336,240.95191621333333,262.7869167466667,250.82550834666665,292.95544784,286.05590034666665,254.36186125333333,245.25944741333336,231.72501437333332,227.33380863999997,224.54721496000002,237.71251298666664,232.23768197333337,223.55813341333337,222.06567040000002,230.23484586666663,221.38538605333335,229.40725645333336,207.29359016],"in_packets":[],"out_packets":[],"in_errors":[],"out_errors":[]}}