{"message":"Aggregated IX data for Perth IX","data":{"nServiceId":null,"width":215,"jServiceId":null,"start":1478635500000,"end":1478699700000,"name":"Perth IX","in_octets":[],"out_octets":[],"in_bps":[3.6435232,13.144397946666665,9.378727386666665,13.65421792,17.876389626666665,8.245639013333335,3.768775333333333,3.35449256,3.5325413599999997,2.8405210933333334,10.49772744,12.34659632,5.746289306666666,4.4005415999999995,4.36505176,4.677381333333333,5.159383200000001,6.204109519999999,5.823393813333333,13.266151813333334,23.387182773333333,29.590132266666668,26.633979306666664,40.02425877333334,37.80039954666667,38.26539744,35.55323597333333,35.15349888,34.58571229333333,27.037852586666666,26.551333306666663,37.071661813333336,35.54861629333333,30.74875037333333,38.42556781333333,23.341023173333337,23.333440373333335,15.53216048,23.204963413333335,21.73865384,21.246330533333335,29.08659506666667,20.497691093333334,21.96971968,28.670097333333334,34.27720282666667,32.35941749333333,25.182100293333335,32.66809221333333,35.035588133333334,28.203782533333335,31.50197282666667,39.763378960000004,40.280867226666665,40.86424754666667,38.32042581333333,42.85659986666667,44.984537200000005,41.63821733333333,41.33599274666667,48.48146848,41.983150906666665,50.36300682666667,51.20869192,45.32152098666667,52.94102845333333,40.71893362666667,48.26088493333333,39.67152093333333,48.316309866666664,108.28576952,138.95331512,147.45762832,153.71947490666668,66.25640154666667,61.67920837333333,49.483667546666666,45.39476032,55.383542266666666,46.44661829333333,41.64003296,43.13888701333333,42.279659093333336,44.355386159999995,59.80959808,60.322661706666665,56.39168472,59.599401306666664,56.99633224,72.48471536,61.084910746666665,67.85449095999999,78.64261397333334,70.16164978666666,85.61119192,87.25806146666666,73.55427770666667,79.60678530666665,77.65390597333334,73.94199352,78.50602378666666,76.73684176,90.10555370666667,82.12520565333335,91.58192354666666,81.424308,97.77858087999999,90.91919592,84.40681570666666,97.44778738666666,108.53347178666667,118.69487037333334,102.68071087999999,92.95324834666665,74.87910277333334,77.29413138666665,82.71767341333334,90.91273568000001,102.34121415999999,110.89864320000001,119.37245152,114.00565458666667,117.76471224,121.42230378666666,94.31603072,85.20679976000001,101.97203333333334,96.47129301333335,95.20401514666666,80.69303770666666,74.99774216,88.12463653333334,122.43456266666665,128.10620392,93.05718050666665,86.14366045333335,110.55065618666666,104.0949816,80.70980389333334,98.84518901333335,111.62293432,107.34753242666666,126.24815018666665,114.91010053333335,96.81865226666665,90.64165333333334,82.62921565333335,100.17654704,115.76904490666665,119.02411559999999,100.37522544,85.28403493333333,66.33226010666667,72.15338834666666,71.17926424,70.80567722666666,50.32633949333333,75.99495517333334,79.64731904000001,106.6925212,137.12922573333336,156.20372456,104.92695832,88.76436157333333,67.97921208,75.00496720000001,96.35651816,86.34504013333334,117.09042826666665,107.18271232,86.25433448,66.43564437333333,88.20468256000001,68.1609444,75.32185549333335,66.78409738666666,63.60963997333334,58.34901818666666,58.82886813333334,59.581288533333336,59.13248093333334,55.128503439999996,56.43654872,56.01879069333333,58.29620181333334,65.09905992,70.18467538666665,63.57353816,59.312978560000005,40.62351901333333,45.9779388,53.80008122666667,64.06796842666667,65.47481437333333,61.24177266666666,63.903601333333334,58.66499336,81.66153576,74.58782170666666,90.09757266666665,72.66665429333334,76.37271021333333,65.47227565333334,56.76977842666667,64.48980784,81.82424045333335,61.228472773333344,68.58346818666666,59.018715840000006,55.11020968,37.89476778666667,46.20362944,48.39568202666667,50.19063746666667,48.28231565333333],"out_bps":[3.641256746666667,13.162010266666666,9.190675279999999,13.683068186666665,17.580663946666665,8.188542213333335,3.7534010933333333,3.437354666666667,3.48190912,2.7541193333333336,10.4692604,12.189061146666667,5.682044240000001,4.436169466666667,4.40502016,4.5202050400000005,5.131803146666667,6.15233744,5.797993146666666,13.3036532,22.905378666666664,29.428976079999998,26.206380986666666,39.89316722666667,37.651846240000005,37.58995706666667,35.70605314666667,34.61064397333333,34.249225280000005,26.82998632,26.584498746666664,36.61958170666667,34.874313146666665,30.97549261333333,37.75355184,23.2537812,22.923281573333334,15.531188586666666,22.891501093333332,21.696634613333334,20.973865893333336,28.83853626666667,20.550176853333337,21.619501893333336,28.491073253333333,34.13542618666667,31.89844632,25.383334826666665,31.41679008,35.518950293333326,28.14844256,31.05213504,39.74677032,39.91064696,40.39637312,38.25731544,43.20340368,43.51154730666667,41.97651906666667,41.5143312,47.691047893333334,41.70970501333333,49.61170493333333,51.177220453333334,45.291002506666665,52.56050074666667,40.49540074666667,48.25702981333333,38.64934981333333,47.548746560000005,109.43695949333333,137.30721626666664,147.99880930666663,149.60782008,65.84280434666667,61.871134053333336,48.88439336,45.096225946666664,54.53304642666667,46.93545293333333,40.950749173333335,42.64611568,42.12716653333333,43.64809272,60.420666026666666,59.49481370666666,55.911060479999996,58.78598090666666,56.95185352,72.06616365333333,60.520218293333336,67.69764386666667,78.33803823999999,68.86776458666665,85.22919941333335,86.45744338666665,73.80133269333334,79.58923805333335,75.86896016,73.32314352,79.46766242666666,75.06968421333333,89.95342181333335,81.02410685333334,90.62066058666666,81.39237050666667,95.39990208,92.67865592,82.60189909333334,96.93661848,108.49946973333336,115.75225376,102.15908879999999,92.1902568,74.65716866666666,77.08768128,81.80198333333334,89.93595133333335,102.49442106666666,109.60921872,116.63158581333334,114.12897898666665,117.49456229333333,118.91885973333335,94.15770602666666,84.86322389333334,103.3488808,94.61612282666665,92.53293298666665,80.88426221333334,75.16803845333334,87.59270981333334,119.68628202666666,126.82109736,92.15832098666665,87.98018394666666,107.62134568,103.63118026666665,80.20798573333335,97.50932202666665,112.55788682666665,102.5462228,126.01124920000001,114.04653624,96.85406272,89.89497058666666,81.96827093333334,100.590574,113.86639472,116.86126216,99.39362831999999,84.84151456000001,65.76175568,70.31324693333333,72.04343336,69.63905944,50.01016453333333,75.27145146666666,77.87996754666666,106.32999312000001,135.72594856,155.95399930666665,103.11241936,88.21865365333335,67.87267061333334,75.11613674666667,93.95452112000001,85.21191178666666,117.45095541333335,104.48549909333335,85.19998114666666,67.04115424,86.59327624,67.86167757333334,74.72108192,65.69447349333333,62.333238533333336,59.18769648,57.45596754666667,59.83814709333334,58.14948069333334,55.40121541333333,55.33461133333333,54.63924738666667,58.29584877333334,64.39832269333334,69.81270208,62.28427933333334,58.95989088,40.53274514666667,45.32602013333333,53.68516522666667,62.81352549333334,65.68806890666666,60.919431200000005,63.30839258666666,58.27594869333333,81.32140861333335,72.35277554666666,89.65760517333335,72.45525253333334,75.86546256,64.77894309333334,54.64637778666667,65.48243829333333,80.63465874666666,60.20588138666666,68.24990408,59.172945893333335,54.39209730666667,37.33440277333333,45.62928944,48.04057482666667,49.769425119999994,48.19549122666667],"in_packets":[],"out_packets":[],"in_errors":[],"out_errors":[]}}