{"message":"Aggregated IX data for Perth IX","data":{"nServiceId":null,"width":287,"jServiceId":null,"start":1475798700000,"end":1475884500000,"name":"Perth IX","in_octets":[],"out_octets":[],"in_bps":[2.2653439733333336,1.34625928,1.12212496,1.0452405333333334,0.94892888,1.2316655466666666,0.9808141333333334,1.2675495733333335,1.18053192,1.5926916533333335,1.6469366399999998,1.5859868799999999,3.17535232,2.82890472,1.91001072,1.2487070666666666,1.5091987733333334,1.47592872,1.2098994133333334,3.773108613333333,1.4068633333333336,4.485254693333333,2.2518515466666664,7.034656506666666,1.4191585333333334,1.28675248,2.08904296,1.1805509866666666,1.67883096,1.7820612,2.2600692000000002,1.2769665866666666,1.7568667199999999,1.3001449333333333,1.8092079733333335,1.4596272,1.3769158666666665,2.63975,3.42810016,2.5048836,1.7383730666666666,2.32349696,2.1697116000000003,1.4712225066666667,2.6879030133333335,1.17020464,2.12800712,36.61401232,1.21662024,1.2539331466666666,1.6491844266666664,2.100458533333333,0.93864128,1.2258612266666666,1.27399736,1.65653376,2.92303792,1.2965418400000002,2.01101784,1.6668990133333335,1.5712886133333335,2.1716030133333337,1.7494581066666663,2.3953190933333333,3.741443493333333,3.801208,1.4690868533333334,1.7166885066666666,1.5808678933333336,1.7104517866666666,1.2439953333333336,1.2598891733333333,1.0797976266666665,1.4767179466666664,0.9713197066666666,1.9496728799999998,1.5311843733333335,1.4207072266666665,1.742596,1.6920014133333334,1.4166109599999999,1.0930626399999999,0.9139294933333334,3.570044933333333,1.5143345066666667,1.2860360533333335,3.293404106666667,9.246741946666665,2.639485946666667,1.0558637066666665,0.6634853866666666,0.7929984533333334,2.5801608,1.3397321866666665,1.5178716266666665,1.5414486666666665,1.1830636,0.8516736,1.71036984,3.94560768,1.14786568,1.6360460533333334,1.57094024,0.6570346933333333,1.3284630933333335,0.8430887466666666,1.1011711466666665,0.34111037333333327,0.78706512,0.8563329866666666,0.3051458133333333,0.5241670133333333,0.13702376000000002,1.3424499733333335,0.30391645333333334,0.9430293333333335,0.44699173333333336,0.09509072,0.80744936,0.3327850666666667,0.5134335733333333,0.25106557333333335,0.07501370666666667,0.18849914666666667,0.3099551466666667,0.22049493333333334,0.06995645333333333,0.79914264,0.7603004266666666,0.05817792,0.28287568,0.09882117333333335,0.5304525333333333,0.35457688,0.7874294666666667,0.3500625066666667,0.3850884533333333,0.08441485333333335,0.026432746666666666,0.08631648,0.07751384,0.2127572,0.26527317333333333,0.3501788533333333,0.08817194666666665,0.026079973333333336,0.19464456,0.76160336,0.22615597333333334,0.23291312,0.3496498666666667,0.6530342133333333,0.12809928,1.1103893066666666,0.15165872,0.14611637333333335,0.5702922666666668,0.15357669333333335,0.18184608,0.12633848,0.5213313866666667,0.9890116266666666,0.25700381333333333,0.7328663466666667,0.13142861333333333,0.22420088,0.56303896,0.21377082666666666,0.18006589333333334,0.1790216,0.16383808,0.40054885333333334,0.14160485333333334,0.15672485333333333,0.12608624000000002,0.14796176,0.48580176,0.08738624,0.11201874666666665,0.21698261333333335,0.23355648,0.23389008,0.3824125066666667,0.10590317333333334,0.18581541333333332,0.11388088,0.08698472,0.13879165333333335,0.33649045333333333,0.08131368,0.12449549333333335,0.20212944,0.4874560533333333,0.30491152,0.3362934933333333,0.20854429333333332,0.10923701333333335,0.2532724533333333,0.07169781333333333,0.06032906666666667,0.09979093333333335,0.05759234666666667,0.06036864,0.14031168,0.06891882666666665,2.8751610666666663,0.5387234933333332,0.45078645333333334,0.24528202666666665,0.08012176,0.06407376000000001,0.2712523466666667,0.05049256,0.04820170666666667,0.21393213333333333,0.09973378666666666,0.09663424000000001,0.13255842666666667,0.07153253333333334,0.08862408000000001,0.11346719999999999,0.09910376,0.09104717333333334,0.09500890666666666,0.07558064,0.06718512,0.04944746666666667,0.05314058666666667,0.07669263999999999,0.056692933333333334,0.1977184,0.11677330666666666,0.09864624000000001,0.08995144000000001,0.5351360266666667,0.07630618666666666,0.4359874933333333,0.07697384,0.07625629333333334,0.3416293866666667,0.08773863999999999,0.33027952,0.03807026666666667,0.037172746666666666,0.04152149333333333,0.07929362666666666,0.08590698666666664,0.18765925333333336,0.12619232,0.18313341333333333,0.24649826666666666,0.06709384,0.13678122666666664,0.14485674666666665,1.5333774133333333,0.2853347733333333,0.23848152,0.07015306666666667,0.08830274666666665,0.1706252,0.15751549333333334,0.47945578666666666,0.16959901333333333,0.2369496,0.0801072,0.06796237333333334,0.08854205333333334,0.07555434666666666,0.10512210666666666,0.06814474666666666,0.11795698666666665,0.06616290666666666,0.14144544,0.06866504,0.17628645333333334,0.24409039999999999,0.07640472,0.16417010666666665,0.5060435999999999,0.11168909333333334,0.34263365333333334,0.17949509333333336,0.20373762666666664,0.24308882666666667,0.13004725333333333,0.11400397333333334,0.40117352],