{"message":"Aggregated IX data for Perth IX","data":{"nServiceId":null,"width":215,"jServiceId":null,"start":1497989100000,"end":1498053300000,"name":"Perth IX","in_octets":[],"out_octets":[],"in_bps":[45.20630536,55.02019789333333,27.767696453333333,29.819546666666668,45.136958426666666,13.888280960000001,15.49976328,78.39419917333333,76.17037392,83.32085994666666,57.725094586666664,24.2647328,100.22472541333335,60.37965650666666,156.11380087999999,138.41522818666667,47.67607378666667,65.19658312,54.60996946666667,46.77630736,47.39388056,75.85415037333334,56.19419272,58.776208159999996,54.21034877333334,57.37355138666667,67.77592522666666,59.113744106666665,56.25168629333333,77.57482906666667,96.51767194666665,124.06379130666666,126.6525468,145.53908447999999,154.79772957333336,152.54636488,157.07943184,145.27263077333333,94.15653359999999,115.51015749333334,100.11665645333335,87.98863626666665,116.64820359999999,122.18324312,130.7851868,118.37834805333334,167.03227906666666,163.061308,147.46890466666665,139.04003842666665,137.00091066666667,134.40263728,139.115532,234.02727184,170.21633066666666,159.19642365333334,147.45875821333334,165.05419373333334,149.03706850666666,176.87533904,148.35623005333335,151.40530893333334,175.93992464,201.77836992,158.688878,139.54047304,173.7702848,250.65453445333335,188.17984893333335,173.50862677333333,145.31710533333333,150.87520805333335,160.87535072,134.74777469333335,138.47497517333335,162.01772082666665,111.0565504,112.18354701333335,138.10413896,161.92289746666665,146.87778101333336,106.06220381333334,94.58383229333333,86.91475277333335,89.7087116,95.85583864,112.39998610666666,122.03362261333335,131.12289922666665,144.67310389333335,163.52437576,155.84452728,136.41281434666666,143.72199880000002,159.04799125333332,198.37254786666665,218.84078274666666,239.9585136,205.61675072,237.65558394666667,250.68858738666665,223.06785818666665,240.39838069333337,249.38020666666665,246.74949146666665,237.79056690666667,212.74494269333337,214.25849917333335,171.0449764,189.57181077333334,216.3134176,187.62006624,144.38409434666667,141.33296741333336,158.384314,164.85160333333334,182.27865941333334,205.18521149333333,161.10586002666665,170.49309714666666,121.18403208,123.00959730666666,150.89029709333334,146.09973328,187.58475496,216.75828906666666,179.14335029333336,202.62637997333337,199.92082048,186.45209341333336,234.68755997333335,260.78728946666666,370.1895454133333,403.04894,273.20093424000004,191.13425863999998,211.80232893333334,203.80155912,228.64104957333336,252.00969642666664,244.31489586666663,240.24772125333334,397.1951166933333,380.52434384,289.9490796533333,297.5373700266667,254.76056813333335,314.88464914666673,305.50999024000004,307.6555806933333,343.7606805333333,458.84054048,401.65351162666667,325.6258966133333,289.0414200533333,309.9478414133333,302.18224927999995,301.97712293333336,296.2027753333333,282.78986032,284.30099149333336,252.36103328000002,273.26648661333337,349.43231864,365.19552416000005,408.20254936000003,377.0488983733333,266.61482888,208.39399370666663,262.3163210133333,256.99473717333336,199.06388965333335,245.42282712,235.57740584,205.05391381333334,216.62195258666665,217.80193418666667,207.04303637333334,203.70713168,223.7782608,234.07881253333332,279.80638029333335,285.37523309333335,252.65668138666666,269.4083736,299.36498450666664,339.49972669333334,202.32695370666664,223.76866362666667,257.82677664,293.9369157333333,346.9956452,312.5110321066667,324.05981309333333,331.5642197333333,344.9006558933333,354.1341099733333,396.8417772266667,432.9412816533333,459.3472474933333,358.16494874666665,372.4006,397.4456079733333,415.20089695999997,380.50171216,363.9093654933333,349.85997008,380.1302458933333,359.4458438933333,349.9325987733333,380.0410179733333,399.9489589066667,366.53834983999997,368.20382954666667,282.6025095466667],"out_bps":[52.89618853333333,64.57466592,36.49447589333333,38.56064810666667,53.57650125333333,22.360013679999998,23.43328752,87.61145112,86.33054301333335,90.44914394666665,65.90303970666666,32.88777026666667,108.05322658666665,69.53543258666666,165.08531517333336,146.38525565333333,58.222746799999996,73.88265861333335,62.89140448,56.886222053333334,56.76641818666667,87.05875082666665,66.30603314666666,67.40155730666666,64.65812984,67.70352656,77.56421469333334,70.24295904,66.38789253333334,88.16807029333334,107.57581938666665,135.40539778666667,138.86170464,158.80978824000002,166.87400429333334,166.81671408000003,175.79258221333333,160.79087936000002,110.72030093333333,130.39636490666666,117.11012584000001,106.07559925333335,134.11004888,144.01114658666665,149.0112004,141.26932506666665,184.53307122666666,184.2458912,169.50501834666667,167.34909362666667,161.45674605333335,159.17215298666665,160.90950528,261.37479562666664,202.89016498666666,189.75748709333334,179.90766925333332,194.263482,176.04710666666665,208.03633805333334,177.4841844,183.72849589333336,209.40868050666666,236.54817943999998,190.78958565333335,174.93366765333334,210.76394197333335,283.83425501333335,221.16850424,214.28895928,183.63639146666668,187.12415056,194.48646616,168.71995442666665,175.33909696,197.06497141333335,149.06007957333335,149.26995416,181.68834504,196.01474626666666,183.476528,139.95028426666664,138.66961245333334,128.85852136,125.51934973333334,131.63525504,148.75430344,155.37017368,168.45847304,182.39636242666666,203.97339584,192.93848541333335,175.26527970666666,186.69328141333335,197.96616272,239.40136589333335,258.67614805333335,276.88780768,243.43661866666665,273.01802194666664,290.1109583466667,262.02683898666663,281.98735808,288.7134973866667,277.5354224266667,274.23728658666664,252.21546941333335,250.94655328,204.2550704,224.8627392,249.32064210666667,222.98593362666668,181.44052514666666,180.53195656,195.20406216,199.14352504,219.68995034666668,245.58319448,201.19373970666666,211.40945786666666,162.20676789333334,167.45740072,190.65796672,185.08468463999998,225.38849485333336,255.46434445333335,213.10677080000002,242.17171013333336,235.82898338666666,226.87243442666664,275.8256233866667,296.20603008,412.29442832,442.3056273333333,318.8691726933333,238.62628986666664,258.4528847733333,243.21089848,269.38848944,292.6759868266667,289.1752236533333,282.4921298666667,432.56545408,418.8868216,334.16441832,337.958434,294.73012983999996,352.0885030133333,344.31041205333327,343.5037797066667,375.27804888,496.8022729066667,444.48255944,354.2563717866667,319.49587098666666,351.42145952,336.08427768,335.95508349333335,330.7901375733333,318.6950009066667,320.67661362666666,286.61486941333334,306.6697822133333,382.97848239999996,397.80330968,439.6413917866667,405.0765072533333,296.25475269333333,241.79453576,289.6943003466667,285.70394301333334,225.85136488,273.18864685333335,261.9930720533333,232.05339906666666,243.17386624000002,246.24775024000002,235.73278224,234.54406272,253.06937274666666,272.69667826666665,315.1276152533333,322.0085762133333,280.49084746666665,300.29283096,330.3657286666667,373.8356805066667,234.86824394666667,254.47734301333335,291.42338336,323.27383669333335,375.29267744,348.01268362666667,358.1423872266667,361.53750344,380.8200973866667,388.6089020533333,427.72639906666666,461.57673439999996,483.5247711733333,392.21839069333333,401.8139858933333,428.89379362666665,444.8667853866667,417.7004292533333,390.7241637866667,378.6301508266667,404.0863795466667,385.7688660533333,376.77694824,405.36497986666666,425.8413572,394.79974362666667,392.9487908533333,306.3060159733333],"in_packets":[],"out_packets":[],"in_errors":[],"out_errors":[]}}