{"message":"Aggregated IX data for Perth IX","data":{"nServiceId":null,"width":264,"jServiceId":null,"start":1484496000000,"end":1484574900000,"name":"Perth IX","in_octets":[],"out_octets":[],"in_bps":[42.58798141333333,45.11274405333334,44.17018272,44.44598789333333,36.0543128,28.614890879999997,38.54954704,49.14131917333333,59.54497114666666,48.54964101333333,47.09172349333333,35.91565437333333,31.79474365333333,39.28931125333333,58.56869802666667,59.53507576,57.546972,49.69237650666667,59.63819568,51.414002266666664,60.35094304,50.19389149333333,42.59996861333333,38.051746906666665,27.95164112,20.981815786666665,18.113890480000002,14.966206826666665,16.226041626666664,16.192808106666664,15.709602693333336,12.244365946666665,11.865851306666665,7.4993764800000005,6.5625852,7.563275413333334,8.62130408,9.139769386666664,7.2446748266666665,10.356620826666667,17.34930512,15.041875146666667,14.83774048,14.174303413333334,14.372981786666665,9.632068960000002,9.963969039999999,12.079156880000001,9.084864053333334,9.430919333333334,12.18300936,8.782834026666665,10.24503536,7.813406293333334,14.73279776,15.529092453333336,17.200107120000002,15.764157733333334,16.64948392,12.414527973333335,15.966118506666666,13.933948346666666,14.02108864,17.819875333333336,16.71840832,13.430710293333334,17.743310346666664,20.38857184,18.5698672,12.97839208,8.67765168,10.96523688,11.29775608,17.477809893333333,19.202819706666666,25.766826213333335,15.665768773333335,18.68889944,15.297882586666667,23.705522933333334,22.800577920000002,18.272211946666665,15.355370773333336,21.027482933333335,26.842566079999997,37.83681250666667,33.39933882666667,33.449070613333326,33.27370576,47.14232061333333,41.22739634666667,42.804255600000005,42.0994472,39.57714936,40.57778229333333,40.29276605333334,29.856630186666667,60.80991978666666,78.51040845333333,64.18294290666665,77.38323434666667,85.05691144,39.951939546666665,67.24359941333334,68.35462344,45.24868594666667,53.123694560000004,59.73652576,49.10979496,56.97753154666667,72.38925376,58.0442228,40.211546266666666,30.410990506666668,26.969925120000003,54.47041141333333,99.77320456,89.04018151999999,61.75759784,60.338500853333336,62.35726832,70.23010005333335,66.28898552,73.31067623999999,78.30412728,86.82551130666666,79.86095544,68.34191728,66.84927461333334,60.786148426666664,62.185893973333336,68.90543069333334,68.63638885333334,74.67088021333333,69.44875061333335,77.67690512,93.68571421333334,79.81780959999999,73.18263741333334,63.268313973333335,61.105347413333334,70.94615722666666,60.15199245333334,59.47840845333334,59.280995413333336,56.221103813333336,61.08929392,66.12290501333334,69.17789557333334,78.46860469333335,83.15947309333335,91.30022296,57.13598312,55.60313978666667,51.48983410666667,79.56800082666666,65.77470120000001,46.48881704,62.98723578666666,46.85095130666667,57.896066,73.36681122666666,79.06062685333333,61.73095418666666,49.48568181333333,63.29148552,87.84998872,79.57656776,48.039965280000004,49.767275866666665,62.33400610666666,47.55000056,41.73565170666667,37.42097832,41.52907882666667,34.04974808,34.376746,56.590168799999994,65.33531922666666,71.71637461333334,79.25118608,94.67041152,85.69237159999999,56.61297504,70.08490186666666,92.19054045333334,83.74782549333334,57.73275536,36.57309805333333,52.66297986666667,48.34380354666666,59.64996221333334,67.42550461333335,62.96793824,48.26349058666666,49.01714464,66.13603378666666,70.20109629333334,75.10105541333334,98.88470714666666,110.1330832,109.02642042666666,104.52060877333334,102.40549029333334,57.821755093333344,49.57708021333333,52.000241466666665,55.50729818666667,89.20177592,76.26101895999999,63.87700250666666,78.01466192000001,88.86767687999999,108.26898061333334,128.97555864,115.59521744,94.88453522666666,74.25349677333334,74.18163016,76.89697989333332,56.24822112,43.58330274666667,53.76814293333333,58.59333832,62.82673096,78.54756272,65.97917773333333,53.75025386666667,52.93318906666667,53.48717797333333,62.674584960000004,73.69169586666666,69.03636928,64.47478893333334,73.40900287999999,83.44587034666665,105.67212352,108.80202695999999,146.23555509333335,137.14189122666667,117.30127085333334,119.18731346666665,152.90607394666665,145.54508384,100.87237885333334,107.23564687999999,119.98127189333334,126.87106623999999,129.20529746666665,132.0796512,111.30251104000001,133.35667261333333,137.16400973333336,142.97669786666665,148.95534181333332,153.17190493333334,161.89773344,136.98221957333334,147.75686408,134.10071554666666,126.36232528000001,137.77102501333334,130.46923645333334,148.21038213333335],