{"message":"Aggregated IX data for Perth IX","data":{"nServiceId":null,"width":287,"jServiceId":null,"start":1476590700000,"end":1476676500000,"name":"Perth IX","in_octets":[],"out_octets":[],"in_bps":[1.0470530933333335,1.25564856,1.0472254666666665,1.1828227466666665,1.5212925333333334,2.347384133333333,1.84399536,1.1539299466666666,2.10720648,1.46556576,1.0040393866666666,0.7654167466666666,0.9336422933333335,1.9109416799999999,1.5832461866666665,1.4286738933333336,2.3995589333333336,1.27765464,1.3100146133333335,1.5472131733333334,3.61514728,3.1274216800000003,1.9595028533333334,1.9336978933333335,3.063272586666667,2.516154,1.6645091733333333,1.9054705866666666,2.0229930666666665,4.063211226666667,1.6572733066666667,1.1383450133333335,1.30808464,1.64135616,1.9779844266666666,1.0491059733333334,1.7857552533333334,1.6527919199999999,1.35762152,1.33618912,1.2749022666666665,1.1319641066666664,1.1995750933333336,1.23019472,1.3953699466666665,1.20519944,1.7502736,1.6675452,1.2085879199999998,0.8951921333333335,0.8590158133333334,3.366302826666667,3.788310933333333,2.277107653333333,4.318041066666666,4.780586693333333,4.389576746666667,5.623029866666667,6.22644416,5.1115378666666675,4.8976165599999995,3.790193866666667,4.540686666666667,2.7852505866666664,5.442540666666667,2.1978323733333336,1.5859113066666666,1.5241968799999999,1.7841771733333334,1.6659931733333333,1.9951790933333335,1.9579232266666666,3.597942933333333,2.38340056,1.8967720266666666,1.9439791733333334,1.7894541866666664,1.56399424,2.0138128533333335,1.2777467466666665,1.7084486133333334,1.5301001866666666,2.2362291466666666,1.4314290133333334,1.2958022933333335,1.20493664,1.4095771466666664,2.0536413333333337,2.7898992266666665,1.71168568,1.3545297333333335,2.0911071733333335,2.3794518133333336,1.8550798666666664,1.15285464,2.36643288,3.42185512,2.2581617066666664,1.7790772,1.8321535466666665,2.1890782933333335,2.1379007733333335,1.91943792,1.7288218133333335,3.354859786666667,2.6240179466666667,2.281318613333333,2.897505546666667,2.4326553333333334,2.3484745866666663,1.8355028,1.7741647466666666,2.0039790933333337,2.6779187466666667,1.3474822666666666,1.9249139466666665,2.7970350666666666,1.1595239199999998,1.3504133333333335,1.3960963733333336,1.5462605866666668,1.3953027733333334,1.17382848,1.1881439733333334,0.9424299466666666,1.3213409866666666,1.61353144,1.43453944,2.0823591466666667,0.760764,0.8366555466666665,0.8689608000000001,0.5359450933333333,1.0076161066666667,0.7746705866666667,0.6062470933333334,0.68516416,0.6303606133333334,0.6687432533333334,0.6251026933333333,0.5099325866666666,0.7014075200000001,0.7053573066666666,0.7438134133333333,0.89377136,1.04164816,1.1706295733333334,0.67094952,0.92812272,1.1948927733333334,1.9242316799999999,0.7486652533333334,0.7746877066666666,0.5423405866666666,0.6728183733333334,0.8159585866666665,0.8073856266666666,0.7716672533333334,1.7305663733333336,0.51500696,0.16403397333333336,0.19550621333333335,0.29497858666666665,0.4485889333333333,0.64996784,0.4649446933333333,0.6220350133333334,0.51352944,0.46190768,0.5303025066666667,0.6655698666666666,0.38426578666666666,1.2331490933333336,0.5088316533333334,0.5485429599999999,0.57773584,0.3599730133333333,0.32445959999999996,0.6967045066666666,0.48957453333333334,0.45079528,0.4549435733333333,0.3759903733333333,1.0113697333333334,0.9537219733333334,0.4174136,0.42904656,0.38517877333333334,0.7638487466666666,0.36378584,0.3261465866666667,0.7959126133333334,0.8877341333333334,0.72883776,1.5872155466666666,0.9566905600000001,0.7816090933333334,0.74113224,0.9505734133333335,0.6520834933333334,0.4808929066666667,0.4786816,0.32114128000000003,0.36452456,0.43403304,0.5047730933333333,0.5705848,0.41639304,1.4208049333333332,1.0260672,0.82024,0.59469728,0.63276768,0.68723464,0.4948457866666667,0.6560606933333334,0.81221112,0.843874,0.73930608,1.2029049066666666,0.5553042133333332,1.1520585866666666,1.1527117866666665,0.5716862133333332,0.9740006133333334,1.3602698666666664,1.1872941866666666,1.3821462133333333,1.1837827466666666,1.0565808266666668,1.9121868,1.0971556,1.53346056,4.06969216,1.3615717333333335,1.9905298666666664,3.1116930666666667,3.631746746666667,4.69819664,5.45250984,4.514983946666667,3.584357893333333,3.395377306666667,3.2633636,3.382179893333333,7.586832133333334,10.030687386666665,9.895817413333335,17.832519013333336,13.200375386666664,15.670466426666666,8.85396552,10.028380293333335,7.2469511466666665,8.47544224,16.409706906666667,10.26712736,6.921222533333334,4.342220106666667,9.433276533333336,6.9661510133333335,7.541294266666666,6.170182666666666,6.0506595999999995,12.221225519999999,9.70490256,9.422544853333333,10.975648746666666,14.6183788,14.926360186666665,11.892679066666666,9.949226906666667,7.3253828,8.56789336,7.166105679999999,6.184410986666666,11.246928426666665,7.456459866666666,7.464582053333333,6.75492376,8.8360796,8.860293493333334,8.931942853333334,5.605330426666667,6.797758026666666,8.925086693333336,7.60649424],