{"message":"Aggregated IX data for Perth IX","data":{"nServiceId":null,"width":288,"jServiceId":null,"start":1481011500000,"end":1481097600000,"name":"Perth IX","in_octets":[],"out_octets":[],"in_bps":[97.47655616,96.23661437333335,112.73000733333335,140.14967592,133.79571325333333,87.24033232,78.30858408,75.20291031999999,68.14194445333334,73.49082482666667,71.72991661333334,62.706764693333334,43.20165504,35.126568373333335,55.676200906666665,66.29806458666667,57.89139408,50.32942346666667,47.557178453333336,61.046228799999994,54.924056,64.45630264,54.87346928,54.470959840000006,61.30855410666666,59.329809946666664,53.780733013333325,67.56450573333333,67.51198170666666,75.01995258666666,60.42201117333334,67.29640794666666,67.39599954666667,70.34447722666665,68.65214885333334,57.68292781333334,61.90455018666666,73.95977872,73.43053490666667,71.85440581333333,79.6715256,83.40314421333333,75.58577362666666,54.10407616,85.68404069333334,106.21516085333334,86.30313666666666,82.43800365333335,87.57028472,100.31796029333334,89.73842341333334,103.85272117333335,84.45660125333335,73.79274304,77.15990226666666,79.71804658666666,87.48544285333334,92.81767896,89.70512864,85.58769831999999,90.25367216,93.29183914666666,78.55759576000001,123.98066661333334,134.72312122666665,104.64652781333335,87.03795893333334,111.98211733333335,93.17487645333335,103.97812618666666,96.04459440000001,76.21064114666666,56.08776981333333,54.53847389333333,89.44007810666666,89.69598512,91.61425914666665,121.41239082666665,111.66608856,121.32186205333335,125.31922426666665,124.91234485333334,177.43687952000002,100.27299581333335,101.67679904,110.96409056,106.65409781333335,52.46078674666667,45.305588560000004,44.71483701333333,41.54782557333333,41.35657981333333,38.4868236,37.92974754666667,37.85098205333333,33.61032410666667,37.85674,42.34443072,55.652125520000006,48.99029045333333,37.695104906666664,26.192059920000002,27.085611573333335,22.392569546666667,27.010249013333336,34.722156240000004,34.22886752,27.027706186666666,37.54148562666666,47.30149501333333,43.20735642666667,43.14992706666667,43.63800112,27.25977952,26.269570079999998,25.410438266666667,24.529047866666666,24.372153280000003,19.87943392,18.248193280000002,25.855342986666663,24.102146266666665,26.367699946666665,23.95469048,24.363866186666666,21.777063546666668,20.653193733333335,20.925236026666667,46.67452653333333,44.50988810666667,35.31517496,30.89674077333333,36.16659338666667,35.752585200000006,31.31502114666667,16.49667512,20.048593066666665,19.023343813333334,22.589549440000003,17.42494352,18.931601546666666,19.293132506666662,19.542004266666666,16.414799253333335,14.823176106666665,54.62927690666667,63.036360880000004,47.32276602666667,47.318822880000006,69.53320002666666,61.76206992,31.377204640000002,19.106491920000003,10.783372533333335,9.04753816,9.312372266666666,57.987666026666666,92.06813944,64.27917789333334,21.88595352,31.06041973333333,109.98381869333335,79.91857621333334,63.37166466666667,53.500553386666674,52.27464792,41.45760546666667,28.334272640000002,37.897299600000004,61.53846338666666,51.71943072,58.5545748,40.23021576,47.92215189333333,46.283170133333336,39.640128159999996,44.54286314666667,35.91692530666667,47.60510472,90.47088122666666,46.22353834666667,57.94486432,54.98195549333333,53.74940336,32.69030506666667,37.712488906666664,47.922554399999996,51.33718221333333,44.929098186666664,39.932151946666664,41.85797,53.50707032,60.94777810666666,56.32909957333333,55.68459922666667,62.28556162666666,63.902479146666664,68.31852546666667,61.37659333333334,58.61625178666666,57.43216930666667,60.050883893333335,66.48811253333334,59.62777922666666,68.00545626666667,62.940290346666664,84.38652061333335,93.02146501333335,48.97364634666667,43.15951034666667,45.084073546666666,43.403885093333336,49.23665034666667,44.544292053333336,43.3996036,41.77151656,43.826834399999996,48.199384159999994,52.50600109333333,53.14101501333333,41.26223949333333,36.616160906666664,37.625288479999995,41.8462896,45.643124773333334,47.676156533333334,48.16117432,39.824418,42.32466925333333,47.487743546666664,56.75880005333333,68.45229872,54.63741946666667,65.19500245333334,61.30172245333334,49.15886453333333,51.24513672,52.02636112,40.69108450666667,34.30703986666667,34.87846133333333,38.5463216,45.66386781333333,52.15161634666667,51.81653,30.16335861333333,32.66005304,32.15631533333333,37.72686037333334,46.2621284,40.69329509333333,30.34784962666667,29.46888896,57.66277005333333,75.04814176000001,86.60626394666666,65.59068565333334,61.02471330666666,54.01005229333333,50.86177205333333,52.20352202666667,46.03724458666667,55.97087696,50.21500970666667,43.84902064,35.38492853333333,38.47777090666666,36.99220285333333,35.97582568,66.00108626666666,73.69782149333334,61.289770053333335,48.780072213333334,48.897040133333334,74.67934365333333,72.97727933333334,73.05893376,73.87045978666666,70.4003208,68.00707234666666,65.11060810666666,70.95004752,94.71831082666665,77.82359976000001,68.42571301333334,45.942966586666664,37.01596464,28.98343152],