{"message":"Aggregated IX data for Perth IX","data":{"nServiceId":null,"width":215,"jServiceId":null,"start":1501617900000,"end":1501682100000,"name":"Perth IX","in_octets":[],"out_octets":[],"in_bps":[77.90081021333334,79.45096104000001,59.38113082666666,41.72549709333333,54.381232266666665,61.40868525333334,89.55805144,72.22107912,47.21462104,22.719003920000002,18.069991493333337,19.041920533333336,77.95842546666667,37.73174376,49.78267645333333,90.14091282666665,89.108752,30.316929920000003,53.23361061333333,54.389549200000005,81.80567189333334,61.23551293333334,37.43984461333333,43.122583946666666,48.09651352,64.22166824,81.97402666666666,56.122080053333335,51.70744061333333,49.50965378666667,86.78250895999999,92.85323994666666,113.36635442666666,138.94071021333335,133.50881794666665,122.48140210666665,125.98925442666666,110.49940141333335,131.74368592,154.73420666666667,193.38465058666665,110.26320226666665,136.38476514666664,120.53555352,102.32821322666666,140.94883805333333,157.71155514666665,183.73126530666664,157.88112738666666,134.19952136,147.02718352000002,139.823108,92.69728050666666,85.23838973333335,143.87424024,203.17643237333334,133.70020936,223.78350061333333,274.9162461866667,245.95620549333333,267.34907309333335,211.95532912000002,244.57450338666666,187.44829978666667,181.99935333333335,237.66015389333336,243.55490373333336,204.72157040000002,171.55807615999998,230.47430618666667,234.36436392,193.92168290666666,170.75952605333333,191.24033653333333,168.16716005333333,155.07896010666664,147.73234114666664,144.90025194666666,137.52459088,145.57356010666666,181.20620616,174.14420168,182.89028168000002,177.34613626666666,170.73683082666665,125.67025890666665,131.74387258666667,142.86274472,127.10426869333334,180.20632682666664,233.30510541333337,165.12947506666666,169.70905549333335,193.03339245333333,195.93156234666665,184.08029618666666,143.07529938666664,234.45145066666666,199.37659586666663,239.64520170666665,246.72927458666663,254.24968647999998,246.33820357333335,178.85390808000002,153.13432242666664,233.46258914666666,261.63378837333335,318.8711822933333,308.0148251733333,315.79913141333327,337.4026570933333,301.3104063466667,289.36596424,304.40023442666666,347.4002174666667,340.9441875733333,319.10145632,246.62051645333335,224.85519088,190.74306034666665,206.28509064,248.91259586666663,265.55166432,187.36055245333336,240.74887472,270.52841434666664,249.22654578666666,202.561336,204.61729640000001,237.37698896,213.50996789333334,237.51898485333336,226.26211469333336,225.62294528,238.25903087999998,191.37256717333335,239.01994250666667,249.95617168,231.81378829333335,296.22225127999997,339.2366368,275.55019629333333,248.69137338666667,311.2388830666667,266.47442984,285.09924306666665,259.80903757333334,315.8926041066667,359.46722184,251.20640154666665,206.95992085333336,281.34837890666665,310.61661312,222.38403746666665,218.18100386666666,282.41242893333333,134.53322117333335,198.07521429333335,133.32847232,162.15524786666666,234.51866802666663,252.84806322666665,246.17308368000002,270.56988744,320.20934549333333,345.1363532533333,338.757346,304.63047213333334,328.0210552,357.34014258666673,419.2760072533333,465.4489396266667,379.11329088,413.12000656,341.55681018666667,280.6330525866666,326.77486237333335,311.0616137333333,315.20798728,333.9423069066667,338.46274936000003,417.60703893333334,472.9572710133333,536.20098128,615.5420961599999,601.8040865866666,561.0869313066668,492.2441442666667,495.9672006933333,515.3533350133333,441.00266330666665,529.7017041600001,573.2145356799999,510.84183376,530.2448310133333,440.09129952,458.8274548266667,451.62818968,463.7573470666667,435.03759178666667,478.54661581333335,508.2305079733333,463.0075710666667,458.72139736,463.2595421066667,449.3567398133333,417.0008238666667,462.68749784,462.0534227733333,510.33783608,484.4883441333333,419.20673639999995,394.23227144,355.158076,361.49310306666666],"out_bps":[102.25954309333335,92.96371359999999,68.68364653333333,51.45252298666667,63.196640560000006,74.09785976,102.29011437333335,88.49475840000001,63.69877032,39.93472296,29.946235013333332,32.25133834666667,92.27607749333335,49.94964608,63.05210149333334,101.66662042666667,101.35538434666665,46.8938472,71.91286344,71.70140930666666,97.19976464,73.41078754666667,52.938476826666665,56.596109119999994,68.40366586666666,84.09873797333334,104.58733741333334,93.35423482666666,87.52120125333334,67.65127186666666,108.31201688,115.87825666666666,134.64430554666666,160.09102890666668,157.51834733333334,147.84933778666667,154.72410976,139.4833416,159.87936136000002,187.09947640000001,229.38270901333334,147.45975613333334,179.6196968,162.75276408000002,146.86196544,170.872552,193.27748191999999,213.87479538666665,194.75556018666666,169.97033832,191.06983893333333,186.91219384000001,126.63358293333334,133.03190698666666,191.84694904,253.39075778666665,180.69270586666664,278.62271583999996,317.8246754666667,307.3758157866667,324.33383618666664,277.93833213333335,298.0563059733333,242.37418834666667,249.24308424,309.22220144,312.5342403466667,284.68878722666665,240.53978584,291.6063311466667,297.4818082133333,267.0159028,241.90837338666665,267.24045469333333,233.83534474666666,217.90876584,208.79553677333334,194.73320957333334,192.23760746666667,205.15781666666666,242.41890005333335,236.17486493333334,249.96537685333337,241.04498978666666,246.31934970666666,195.53352333333333,199.74514421333333,224.47746863999998,199.19813277333333,247.430928,331.2294148533333,227.04895818666668,226.39554314666665,254.64571568,249.49301805333334,244.68111984,229.01337912,301.7481817866667,262.62698312,306.1080595733333,310.40850605333327,318.9739788,321.46950392,244.46734824,198.07078914666664,280.4199800266666,313.40404893333334,375.58542954666666,357.22489517333327,363.66395768,395.7087445066667,351.45663608,335.04798095999996,369.02503416,414.48805005333327,402.5128045333333,374.77112093333335,301.5893973333333,278.17166469333335,247.95575045333334,250.91241554666667,295.5612590933333,305.15868730666665,229.65640824000002,294.98349536,335.8890568533333,315.0404638666667,252.72812141333335,258.86656381333336,301.5792969866667,270.62561437333335,285.6655952,277.54374893333335,271.86299317333334,289.44115039999997,240.30345706666665,281.4842965066667,296.99635469333333,286.80643277333337,354.3158763466667,397.20839704,325.6212218666667,301.4307659733333,348.30085888,305.11226157333334,324.19623330666667,296.5815806133333,359.5987430933333,396.2948516266667,291.7167031733333,252.71054469333336,326.88204530666667,362.51794149333335,265.58259021333333,258.31701706666666,322.2963694133333,170.53868173333336,235.75342106666668,175.72426450666666,202.72782472,277.9399140533333,291.59269416,278.38110717333336,303.5589689866667,352.89993504,378.8650855466667,381.98183864,343.3212237333333,365.4881056533333,402.4814982933333,453.8333394933333,508.32085872000005,415.2544819466667,445.9477033866667,382.7718089066667,316.6604886933333,364.13542384,346.67256738666674,345.95457557333333,382.4574505333333,381.7094825866667,462.0633364533333,506.91093608,577.0129359199999,652.8912939733334,635.6406257333333,596.41671904,533.1562066933333,543.4351842933332,557.3164097866667,481.7036167733333,583.2100481599999,638.63331504,578.0866034933333,591.4662279199999,489.0299565333333,505.5037429066667,501.2119205066667,518.5993036,483.6707325333333,520.388834,564.8798516,555.5942678133333,545.4201383999999,515.1625581866666,488.69817821333334,454.9260378133333,508.8266302133333,514.7982775199999,568.8387983466667,535.5030485333333,455.55048354666667,431.46925130666665,390.08365642666666,399.6601108266667],"in_packets":[],"out_packets":[],"in_errors":[],"out_errors":[]}}