{"message":"Aggregated IX data for Perth IX","data":{"nServiceId":null,"width":287,"jServiceId":null,"start":1487923500000,"end":1488009300000,"name":"Perth IX","in_octets":[],"out_octets":[],"in_bps":[50.718989119999996,53.95928592,46.84393424,53.45153016,46.03954672,47.41068056,87.56745816,138.16286536,112.61050538666666,112.26189504000001,76.01277469333334,62.53388645333334,56.45100024,52.00987064,54.109947119999994,65.46998394666666,70.11749384000001,78.47629176000001,58.26669749333334,58.58234173333334,94.22839981333335,77.77114328,104.40368330666665,108.45212442666666,110.59009309333335,92.01691287999999,65.22666136,55.365002479999994,60.98883941333333,72.6618328,81.62754632,75.54358768,69.76248226666667,83.36626248,91.29692544,94.82911789333335,103.41979621333334,99.19336869333334,82.89417112000001,74.15067528,90.86672034666665,87.22312109333335,76.64226586666666,69.72272672,66.80955408,79.65747602666666,85.01825944,53.17647264,41.70357197333333,39.40293130666667,40.47474173333333,38.97680448,28.215173493333335,18.80481984,15.245521866666666,34.79951445333333,35.3723916,25.725693760000002,46.75624568,63.014548346666665,74.91988709333333,89.38281778666666,84.81020816,78.91234594666666,86.42303408,103.01035285333334,101.12487789333335,91.10082815999999,77.13096002666666,59.63518986666666,51.48757666666667,53.83842042666667,45.73921248,53.32539810666667,59.2205212,65.83553618666666,69.42503287999999,68.28859701333333,60.50419970666666,58.24219728,54.017382133333335,42.65212138666667,46.91769848,44.08365674666667,54.252886266666664,53.27081226666667,45.50771266666667,47.477354479999995,49.55951506666667,57.27389661333333,59.20910464,110.13131013333334,110.87840946666665,169.87130325333334,179.44332197333335,170.15768645333335,159.75736512,163.42289008,172.19877573333335,189.32457850666665,158.48566661333334,148.47610506666666,109.8220112,106.52980773333334,83.78207687999999,39.958342773333335,17.880621920000003,19.099924106666666,10.031417226666665,9.454463039999998,15.407330400000001,9.631958560000001,8.194821546666667,12.84149352,14.44355104,9.168314026666666,8.439210133333335,20.243154346666664,60.45854904,57.52305728,59.88904736,34.506590880000005,13.958613173333333,8.875291573333334,9.874944106666666,10.323185146666667,10.490396933333333,10.109733253333333,9.709753413333335,8.13632072,3.171388293333333,4.3264500266666674,9.668787733333334,4.364608826666667,7.33042528,5.50779624,4.92287928,4.762256,6.09169096,5.2081046933333335,8.29965768,12.93839704,13.452907893333334,16.936996106666665,14.81280392,12.849521573333334,13.6518808,15.823556293333334,17.45906856,9.093655333333334,9.408807359999999,9.840014720000001,8.459340106666666,8.756253546666665,10.743869573333335,7.411041813333333,8.330458586666666,11.563506293333335,6.481584613333334,9.701810266666666,8.6537764,21.726032373333336,32.229298293333336,37.95767677333333,25.784044026666667,12.477421466666664,15.389416213333336,9.801347546666666,11.64637936,10.066817253333333,12.693553679999999,14.73409504,16.31670832,19.392251893333334,15.543114266666665,24.527115413333334,23.295970746666665,26.637461066666667,23.172573786666664,24.045069440000002,31.421149600000003,31.101492320000002,18.90972488,24.570670293333333,30.74039336,37.18306306666667,49.122203733333336,50.44431442666667,57.75041365333334,63.01026522666666,62.615544826666664,36.77112845333333,40.013213119999996,33.66960082666667,12.145312506666667,11.178029039999998,12.472146773333336,10.603718133333334,12.556472426666666,14.170830933333333,11.334048533333336,14.312096533333335,14.92095872,36.00215221333333,41.28672885333333,38.24978885333333,39.94088301333333,38.63801370666667,49.05312296,40.63497141333333,44.79351066666667,47.35301421333333,44.13136066666667,52.21449506666667,48.04175744,56.60023632,80.0304428,69.97892362666667,119.7988368,121.40492207999999,78.54603122666666,94.00135077333334,133.43710552,135.10768485333335,125.8226192,121.06767333333335,143.74849037333334,85.55269893333333,100.69892714666666,99.86240082666666,89.56573264000001,77.93146152,87.16033973333334,97.02483042666667,85.36562306666666,95.75874986666666,96.64903461333334,81.6684552,54.36770146666667,78.79146714666666,85.46280194666666,72.28289594666666,76.19585130666665,72.36023285333334,97.65395509333335,187.28388386666666,141.12750504,112.86297581333335,125.91590928000001,99.05592224,105.32423128,126.80387133333335,100.17738314666666,101.89755629333334,117.00432512,116.85680829333333,124.60650450666667,107.24919973333336,105.28451442666666,96.69394666666666,81.14959133333335,70.60711845333333,81.92623898666665,86.46837149333334,102.14406717333334,73.64160842666666,80.85191256,68.14739757333334,56.35924085333333,34.33271426666666,33.44316362666667,26.152190773333334,23.760601706666666,25.616637573333335,23.2321024,26.66444736,21.114037093333334,16.804153066666668,28.878451866666666,54.91858877333333,92.17841557333334,70.64186672,60.405765439999996,55.52801722666667,49.17880856,55.22817706666667,49.28018032],