{"message":"Aggregated IX data for Perth IX","data":{"nServiceId":null,"width":261,"jServiceId":null,"start":1490198700000,"end":1490277300000,"name":"Perth IX","in_octets":[],"out_octets":[],"in_bps":[32.327528693333335,34.20647053333333,33.4670628,38.39463170666667,36.53400944,42.31108853333333,37.67455162666666,34.677257013333325,25.305965573333335,34.79334784,39.298031146666666,44.302084826666665,40.463449493333336,30.007037280000002,44.73875285333333,48.894665520000004,43.880323546666666,25.594088346666663,33.44796034666667,44.84535168,20.911907199999998,25.3135744,17.867866746666667,17.657807493333337,17.668839306666666,25.326833866666668,16.833475013333334,13.114379466666666,18.23744832,16.15632072,22.626271813333332,36.627387520000006,19.58510138666667,11.328997333333334,16.92308802666667,11.268982053333335,22.983075466666666,13.925697573333334,11.007026986666666,13.19216584,9.390968293333335,15.908732213333336,12.34176472,11.887462613333335,13.848424,22.476949333333337,20.469385253333336,18.21834528,21.152897253333332,31.12125530666667,55.07065170666667,26.77427888,21.425641573333333,17.75211016,16.68693944,54.92097194666667,28.374974239999997,73.20075253333333,34.162498586666665,26.89279248,27.290275306666665,20.386505173333337,22.651059893333336,14.114506053333335,23.840766826666663,20.194619600000003,18.408010960000002,27.38961368,32.13385226666667,15.931859973333335,22.842557653333337,28.792204773333335,40.58504493333333,11.342737093333334,22.793156399999997,26.36147864,60.26894469333334,76.89804845333333,52.493640693333326,59.995965653333336,67.26047592,57.99559437333333,58.230845333333335,46.983779840000004,53.06729314666667,67.62363549333334,63.417835573333335,82.22454466666666,54.07828869333333,61.822704693333336,94.72324207999999,146.792416,89.68628709333335,89.20579210666665,89.97204978666666,81.06634736,99.3440432,97.76303888,76.33213746666667,98.19360258666666,76.33713944,73.67545354666667,76.03841093333334,137.58860312000002,86.16880936,82.18890712000001,48.95511421333333,39.48344696,0.0,55.45797592,64.76114674666667,77.35378645333333,66.48412496,105.34926058666666,69.88121341333334,79.87618802666665,88.78344362666665,85.63235690666666,101.96051792,119.22257954666665,112.3515968,96.53057237333336,97.52359770666666,120.84793807999999,121.37285650666666,112.59723677333334,102.92603221333334,106.54991730666666,140.54974968000002,145.26717874666667,125.39758738666666,90.95306837333335,116.85880853333335,91.88909394666666,92.46393962666664,116.98222909333334,127.77949949333333,138.11810778666666,120.49251034666665,126.55471509333334,132.79223669333334,45.52725245333333,45.140207733333334,67.26500037333334,55.611952853333335,93.62883778666667,83.19299368,79.01556530666666,98.47893269333335,84.81611466666665,83.16164514666666,135.09537112,148.44061549333333,119.41363197333334,117.22032397333335,157.38388794666665,155.59559901333336,156.42843391999997,140.63633608,155.13116394666665,129.18934218666666,91.82426354666666,126.94921250666665,128.15213221333335,86.16496157333334,94.40959466666666,96.97033786666665,80.63132354666665,92.54914138666666,101.37021248,110.62668026666665,98.08785968000001,117.39790709333334,125.56323528,79.59562736,70.01355653333333,70.16103402666666,77.64839554666666,80.27091021333334,98.13865474666666,96.71593104,148.34140626666664,160.84807762666665,152.28070317333334,122.01343661333334,166.75510474666666,123.72672005333334,120.777936,98.41076978666666,90.00698029333334,91.82768250666666,130.67388042666667,96.87012426666665,87.57813714666666,100.01623056,162.14969357333337,157.18633690666667,204.88407472,190.65792834666667,182.89100253333334,106.93300336,81.82019224,86.44865087999999,96.52375698666665,121.25739690666666,114.97863208,200.8544808,242.39375309333334,248.82880304,190.20464109333332,161.98454890666667,171.51582253333333,121.76795408,155.29599602666664,90.60673168000001,73.86843498666667,63.726836213333335,64.27655266666666,51.79605578666667,71.08266578666667,77.37797861333334,89.062044,96.76655821333334,127.55450525333335,112.64604090666666,159.28100229333336,199.17785717333334,199.06385781333333,183.61815112,163.23237104,168.85676205333334,100.92206904000001,57.49198317333333,48.31145138666667,51.83751493333333,37.32432888,23.221033653333336,24.889789653333334,29.84333109333333,28.172398426666664,27.485310426666665,26.299518933333335,25.822086026666668,34.14296181333333,53.136293439999996,96.53066642666666,98.80466797333334,106.98144650666666,97.94988013333334,85.66383640000001,95.25722808,115.12224386666666,167.81605322666667,166.65659408000002,162.73178584000001,176.69853464,116.76968229333333,112.78870408,98.67899253333334,96.48370872,95.63301344],