{"message":"Aggregated IX data for Perth IX","data":{"nServiceId":null,"width":287,"jServiceId":null,"start":1502064300000,"end":1502150100000,"name":"Perth IX","in_octets":[],"out_octets":[],"in_bps":[108.09135218666665,93.03182344,112.43677594666666,128.25972138666666,149.89582216,166.65114706666665,150.92083688,129.95027762666666,145.21934421333333,116.24349423999999,154.19272805333335,174.77018592,169.72093973333335,153.60386962666666,166.42756096000002,130.61522725333336,124.4211564,144.38972352000002,150.3027324,140.98716802666664,127.86133186666666,117.94414984000001,156.62204861333333,182.71630229333334,175.54821901333335,168.60602848,158.59221456,194.6093932,191.35145472,181.76353247999998,188.16824858666664,172.51103477333334,216.91607154666664,181.08801509333333,172.91796416,177.93530914666664,166.78589685333336,217.76064256,201.57903656,189.74923274666668,223.34478496,256.7254769333333,215.89615912,191.33147533333334,221.01666413333336,234.84500773333335,187.27342664,223.85380122666666,210.30273034666666,180.41005610666664,218.09429989333336,232.68599309333334,213.62047125333333,190.91470853333334,187.41896674666668,188.25993645333335,147.0270136,164.34221045333334,136.58902517333334,144.11918597333337,150.68867202666664,176.01471245333335,190.93831728,129.53192453333335,153.78022274666668,180.47841130666663,176.98444991999997,223.36802021333335,250.29106453333333,201.76179152,187.83385424000002,240.22276909333334,210.73531461333334,218.85043696,199.76780618666666,194.23024426666666,196.83930266666667,184.33741885333336,230.19778130666666,243.4865232,231.19296832,304.2364888266667,296.67606968,199.87786061333335,218.49312754666664,186.73995168000002,208.81742338666666,222.52536997333337,242.03447477333333,311.33523418666664,282.5138153066667,297.98441736,294.8023957333333,275.47186466666665,229.64616045333335,226.25547624,251.47247664,295.69531861333326,311.6181988,317.7983740266667,259.08630242666663,254.21848776,236.25793469333337,241.26376432,250.04811592,251.38563141333336,226.47940370666666,207.96983391999999,284.7613664533333,246.20564277333335,242.14084170666663,241.69350744,253.22386496000001,237.3462364,207.71112312,200.94170384,205.91454762666666,198.82411117333334,212.6203888,245.91984650666666,249.31460634666666,292.13693901333335,273.7337445333334,327.8885857866667,320.10901162666664,299.2501625333333,236.44526405333335,246.43945149333334,256.48260346666666,209.65849045333334,269.08574538666664,221.40871373333334,186.58309485333336,153.97033725333333,134.01994018666664,166.50528015999998,185.57561791999998,223.49890314666663,261.2310820266666,286.52771888,280.4495184,271.5869908,255.26607138666665,303.9089928,344.5471611466667,342.74330162666666,389.5980250133333,382.62480754666666,373.01956751999995,369.12658863999997,345.9031719733333,366.37584072000004,346.45289376,340.4705727733333,324.82894032,365.5322968266667,382.98332026666674,401.7193372,465.1644111466667,398.75367074666667,425.4972634933333,400.29780050666665,400.86743952,429.79208293333335,401.0825561333333,360.9202357066667,327.3507046133333,279.5108346933333,287.50911053333334,266.13375362666665,296.9088494933333,313.1236882666667,293.12914824,299.6137761066667,309.3349663466667,270.77941573333334,281.4001422933334,303.57438109333333,297.03823781333335,272.10661583999996,240.84543952,253.82843173333336,226.88357130666665,211.29530821333333,216.94920490666667,213.56518786666663,194.80022922666666,185.0351,212.35805296,228.95760501333336,177.89373104,142.45932602666664,135.81934189333336,160.69817018666666,151.35613994666664,110.74928856,139.88271776,247.52817485333335,226.10853405333333,229.51240343999999,138.95534616,96.37484234666665,73.97553386666667,47.91489466666667,85.55777696,94.08522277333334,78.74498797333334,77.25345264,63.01123717333334,44.08570741333333,60.98117106666666,66.76820333333333,57.63177373333333,56.40292978666667,57.97789472,44.308916186666664,32.34377549333333,28.88990656,33.28898469333333,25.734334213333334,35.22204778666667,34.883480133333336,32.094511653333335,34.49549336,33.84189485333333,37.941530560000004,38.6914992,33.44586541333333,28.803056506666664,34.85963173333334,28.070659386666666,21.547965413333333,21.947304346666662,20.6529156,24.526096853333335,14.244901946666666,19.696083493333337,31.29127584,22.526344666666663,13.00277936,16.864104613333332,23.379308213333335,18.73178704,20.041969893333334,26.26102816,20.329722826666664,29.81861234666667,31.46482688,35.08986496,33.21528509333333,32.94092661333333,35.39923370666667,64.96171826666667,52.25219968,45.30128586666667,33.69321618666667,30.72861941333333,27.455337946666667,34.14229488,40.696332133333335,48.021084853333335,39.7384852,49.35609837333333,106.86507018666666,77.19202834666666,51.30595946666667,44.1299992,50.97540829333333,75.63184914666667,133.12083034666665,180.43471781333332,164.27428106666667,98.27952416,88.78713690666665,87.25468746666665,85.41998037333335,96.57361490666665,107.46544895999999,108.70324376,67.45088528,61.74530093333334,60.05492725333334,63.61607322666666,68.07207677333334,67.15617253333333,92.65858424,106.44436437333334],