{"message":"Aggregated IX data for Perth IX","data":{"nServiceId":null,"width":288,"jServiceId":null,"start":1483531500000,"end":1483617600000,"name":"Perth IX","in_octets":[],"out_octets":[],"in_bps":[97.37391181333335,101.66293781333334,108.79715954666665,140.21644898666665,161.64785197333336,135.44195674666668,157.72734557333337,148.88178191999998,109.42591810666666,111.70932309333335,112.52532293333334,133.32148418666665,139.50775202666665,172.41117149333334,167.81263858666665,141.22723746666668,125.51041917333335,118.37710957333334,144.42436922666667,139.9686036,150.44208218666668,146.91632650666665,142.35919696000002,133.14916008,138.50201072,134.82015669333336,137.58305154666664,145.35383624000002,125.41948258666666,133.92892016,127.71029026666665,118.9151156,120.22812397333334,113.11885778666667,101.15062186666665,113.48132589333335,135.9293372,118.29966690666666,111.91613437333335,106.47116901333335,93.56311746666665,92.47801706666667,97.03689448,96.91606941333335,80.72102354666666,56.03065394666667,54.825049119999996,61.66778365333334,69.46321762666666,84.16063901333335,88.69175386666666,80.03809418666665,82.69129957333334,78.78968658666666,46.70150773333334,47.982640986666674,63.57942816,62.43585869333334,71.83946826666667,76.39826722666666,86.45517701333335,83.29683469333334,82.58160034666665,80.1164972,74.46087688,71.64554376000001,68.14889928,86.62719378666667,61.67211162666666,61.71837408,57.081292213333334,48.364052453333336,45.527834320000004,42.86579408,26.794229733333335,31.90798045333333,63.78319869333333,54.043986266666664,65.58380189333334,63.407281946666664,25.37190416,23.031462533333336,50.60057674666667,61.78646442666666,64.98318,63.729302159999996,60.84469408,61.54881378666666,35.804860693333325,28.476419493333335,33.124512960000004,33.73856944,32.90473365333333,29.279054,29.13058493333333,30.94901709333333,29.95006928,32.756467253333334,29.39571226666667,33.76700130666667,34.609668506666665,27.527426933333334,23.97749968,23.585281493333337,27.497886773333335,27.941691333333335,24.038624053333333,26.01154912,26.661363146666666,29.210086320000002,24.518543946666664,26.390968506666663,26.654217493333334,27.729053013333335,29.081830506666666,29.65281053333333,41.03853453333333,48.18668266666667,33.12609304,36.82537552,39.71165778666667,37.26057421333333,31.584433706666665,44.114234186666664,35.466191439999996,39.71207912,35.76841256,40.808710186666666,42.74017237333334,45.794133226666666,41.756981759999995,30.322937866666667,34.45067394666667,51.30381656,48.61554749333333,50.11268968,54.131280880000006,61.24836989333334,75.10209357333333,62.3188264,56.98681226666667,58.32619128,50.92865634666667,41.94457938666667,85.50820064,84.73903752,88.43672461333334,72.47590954666667,73.78853605333335,76.35130818666667,127.02975376,115.39669176000001,125.06245314666666,125.38269373333335,116.14516304,121.39032672,115.13318658666665,123.40545565333335,139.33089832,77.69569402666666,73.50844818666667,96.72742848,78.73963736,78.73627285333333,95.71801528,89.7970292,71.75938352,78.41199101333333,98.99781752,88.21599386666666,125.3577204,143.75180466666666,131.49739469333335,126.46354586666666,117.07954685333334,98.47147053333335,93.51821423999999,94.48626941333335,117.69845050666666,90.16070626666665,96.30847293333333,89.05764896,91.53580042666667,107.68191536,89.58926296,81.0502544,95.41399504,87.81570472,93.16930792000001,83.67197946666666,88.51260445333335,72.9667128,76.57555272,78.56753941333334,73.70827050666666,78.87976312,85.11276210666665,107.32883079999999,95.91991562666665,115.50222013333334,101.32991944,87.79254162666665,78.07758602666665,86.63493909333334,89.98606472,94.35438418666665,98.78985034666665,100.50345461333335,92.20402293333333,91.66266333333334,95.83423778666666,84.56883176000001,85.07573192,97.862732,103.23621730666666,98.45675450666666,79.97665525333333,81.59848224,74.35759714666666,74.8872008,80.55901154666665,77.12650333333335,94.69933605333334,76.06986613333333,82.42203122666666,75.99975328000001,79.46096341333335,72.42038562666667,81.29557431999999,63.88356634666666,78.06642634666666,78.31462141333334,81.36038834666665,75.7850748,80.17531744,65.47649711999999,65.03697312,71.50422594666666,74.39670968,76.92487546666666,82.54419805333335,67.13292461333334,71.78268159999999,74.85442074666668,65.8396868,66.02980546666666,66.00161,62.779593840000004,62.479862053333335,59.16092037333333,73.02737744,69.09875336,94.11226157333334,78.85302221333333,98.56218144,110.20988576,97.11551440000001,63.97093218666666,77.07781034666667,73.74272866666665,78.51827957333334,71.2665412,59.662903013333334,72.06418778666666,64.80317957333334,71.52706917333333,67.72919090666667,118.89224568,75.54762581333333,79.35716141333334,85.54438834666665,94.62799522666666,107.60138151999999,105.93870530666666,102.69565354666665,105.17920423999999,102.28160176,106.13962618666665,118.5310424,115.40212701333336,124.59282856,143.52688368,114.22837285333334,108.63391197333334,134.11472416,138.49130173333336,134.45332010666667,100.00963354666665],