{"message":"Aggregated IX data for Perth IX","data":{"nServiceId":null,"width":214,"jServiceId":null,"start":1513714200000,"end":1513778100000,"name":"Perth IX","in_octets":[],"out_octets":[],"in_bps":[136.43904991999997,133.79802522666665,165.5872444,97.88126877333335,89.55011754666666,112.11867392,112.01747928,91.60474928000001,99.06729605333334,92.71737066666665,103.761,108.93528474666665,117.82507559999999,118.60878226666665,106.02708298666666,70.87403301333333,95.09617066666665,165.19789296000002,181.20977586666663,115.26962877333334,80.06010266666665,117.39903981333335,137.99645378666665,143.21532797333336,106.86340765333335,98.35229079999999,103.66822856,154.18483863999998,153.31063298666666,167.92759466666666,191.65259319999998,174.00406952,187.88355426666666,199.89974314666665,214.18530456,206.09908528,204.93883874666668,224.62882808,218.93269632,202.24458869333336,210.36754498666664,232.78258119999998,236.88147370666664,264.45385077333333,324.5119555733333,430.57241330666665,558.0577124266667,437.59089504,367.9200202666667,303.00862392,268.23008928,346.79699504,363.9864037866667,395.51583832,371.7223119733333,401.87455157333335,372.33699816,322.87417344,382.23040509333333,353.98227688,409.17562752,356.5173006933333,369.10581872,399.21340789333334,336.62458512,366.3643473066667,365.7047297333333,375.26049783999997,530.2263719466667,549.2256228,532.9444550133334,599.72644184,643.8236605333334,586.5875366133333,471.49908192000004,520.811438,577.8444628,612.5741968,547.0276816533333,452.3831187466667,510.7950577866667,328.59124992,298.41581917333326,335.16869584,326.1041206133333,300.52809256,301.7512161866667,297.5417628,264.8876748266666,280.07922186666667,268.00383928,313.1453350666667,307.7669068533333,369.4777030133333,335.04554048,343.75054413333334,434.33830976,391.12795744,390.65118992000004,376.5775733066667,350.88206488,375.3157930666667,395.84280810666667,378.1591782133333,378.81072472000005,339.9734619733333,369.15237786666665,353.3996527733333,387.37648576,348.4417554666667,361.5517461333333,371.85894272,396.09274994666674,400.63603266666667,343.26971237333333,355.4348236266667,379.2267025333333,318.3991523466667,357.9321882666667,383.22328210666666,363.4555842933333,386.84679757333333,374.2722994666667,478.1315585333333,462.3894394666667,493.8621761333333,619.5869139199999,747.6524108533333,650.0294544,609.4831021066666,547.8542131466667,619.1587258666667,507.46444232,711.5824665866666,719.2050116533334,754.9867893866666,969.5141307733335,859.4759847466665,769.3739069333334,756.53401376,788.9535877333334,1016.2068657866665,1175.05484624,1380.0793206133335,782.3558428533333,1048.4516534666666,1187.8492205333334,1047.7615799466666,838.8802146133335,613.80914128,568.7899592266667,493.27880050666664,459.11985264,428.0719101066667,383.18690672,426.2689592,522.65785424,530.2861877066667,587.1470738400001,509.2230796533333,975.7070598133334,1118.5842137866666,725.1431826133334,789.9624677066666,665.775536,824.4951427999999,778.66544848,885.3022386133334,1038.95434792,813.6934261333334,733.3975395733333,934.66998768,963.14684312,1006.4948106666665,870.2391903733335,582.3332814933333,430.94954706666664,374.7206281333333,389.12646826666673,416.3960936533333,412.2298285866667,445.57842336,507.37998072000005,481.38232906666667,481.6452149866667,446.0992527733333,528.1970329866667,490.58451464,468.1227578933333,531.9178530400001,471.9203877333333,501.11306576,511.20457794666675,506.6907005333333,520.7745551733333,496.45736093333335,555.2882782933333,503.1621337066667,503.1715659466667,502.29826037333333,456.31267389333334,506.02693832,478.2462658133333,521.7354107733333,575.9090314666666,553.7568861333333,538.1469808266667,508.29931464,448.65533648,508.86707288,543.6388166933333,581.2421429866666,636.0067593333333,645.0547073333333],"out_bps":[136.82950277333333,134.20234202666666,164.12257170666666,97.55835210666666,89.97758541333334,112.25267688,111.94621304,91.04940296,99.32832589333334,92.18798317333335,103.94458058666666,109.53651162666665,116.67771765333335,118.44037114666666,106.37479098666665,70.68851231999999,95.19692936,164.16320509333335,180.72120232,114.66935074666665,79.50936592000001,118.01466272,137.27520570666664,143.29658813333336,106.27536770666666,98.95701912,104.04958581333335,155.52446728,153.4308016,168.19557973333335,192.54388826666664,172.87313301333336,188.52635253333332,199.42695066666667,214.10554986666665,206.73178528,203.76800663999998,224.46834976,217.11551845333335,202.06643016,210.08530688,232.44567016,237.25413432,262.51789888,324.7368839466667,431.35225256,556.1120641066667,435.45905698666667,365.8984100533333,302.5773324533333,267.18287714666667,346.4219912533333,369.35946287999997,388.5541577866667,370.3166947733333,401.9339671466667,371.3558739733333,322.0868546133333,381.86192583999997,353.04086792000004,407.3461705333333,355.11261442666665,368.4754004266667,397.52537224,338.28389104,367.45471712,367.6688490933333,372.35129192,528.1522941333333,553.0499858666667,527.6325589333334,598.9293621066665,644.88650592,587.2039172533333,470.62773637333333,518.85607464,577.2091683466666,613.6344004266666,545.7589294133332,452.82431472,508.52995416000005,326.63939501333334,301.55489368,330.6896534133333,324.395658,301.34919352,301.62834392,297.1394929066667,264.74177146666665,277.0137478666667,267.28969277333334,313.25331261333326,307.9176004533333,368.4872433866667,334.5271401333333,344.42614288,433.34116133333333,391.60948096,389.2042581333333,375.1341642933333,350.5655102666667,376.68128749333334,392.86562736,376.25757648,377.87312589333334,340.34742016,368.29991216,352.79656472000005,387.5646839733333,348.00986728,362.1287347733333,371.20825706666665,394.66336784,400.16592162666666,342.5000742933333,355.1292466933333,377.8915492,318.7147266133333,358.0732155466667,381.2879258666667,363.1016814133333,388.31956986666665,373.8127697333333,476.6504075733333,462.0791657333333,492.69147845333333,626.4342257333334,743.0052494666666,639.3098999733334,614.7657920800001,543.7009818133333,620.77036072,512.2578116533333,706.3625720800001,721.3284009600001,751.2556584533334,976.4679901866666,850.48216352,772.4369088533333,752.94937984,785.2537158133334,1019.4189663466666,1178.5271861600002,1382.79789456,772.2869809066666,1049.9475492533334,1188.4632962666667,1047.3928368266666,830.91815264,619.6391326133333,560.7980260266667,497.0154657066667,455.58722856,426.3712024533333,384.02098050666666,423.7344409066667,521.3634002666668,531.7184784533333,585.6334259199999,507.3023088,980.19620296,1113.77878616,725.3313468533333,788.5052984266666,664.89832224,820.3102244533335,780.30829344,882.2626584266666,1043.68568088,810.4252221066665,731.57292304,936.7667585066665,963.2593091733335,999.5433456799999,869.62577016,579.5447392533333,429.71902626666673,376.32460992,388.3387914133333,414.44029136,411.4409715466667,444.7002048266667,506.4558300533333,480.59794192000004,481.8257412533333,443.92007551999995,526.1971932533334,488.43437783999997,469.2920258666667,532.2521076,468.87024045333334,497.6197360266667,511.8687267733333,507.8401492533333,520.8316375733333,494.0245849066667,556.28502312,499.3941398933333,501.47241586666667,503.84062536,457.0434335466667,506.4292966133333,478.36653392,519.26959016,572.5687927466666,554.2936819199999,535.8092308533332,507.8584708266667,449.23695383999996,510.16002144,544.0176368266667,580.5101703733334,633.73942736,641.9043149866667],"in_packets":[],"out_packets":[],"in_errors":[],"out_errors":[]}}