{"message":"Aggregated IX data for Perth IX","data":{"nServiceId":null,"width":287,"jServiceId":null,"start":1476259500000,"end":1476345300000,"name":"Perth IX","in_octets":[],"out_octets":[],"in_bps":[7.295793493333334,7.007257733333334,6.30027032,5.841895626666666,4.905816026666668,6.3090056,3.803344293333333,3.7248387999999997,4.925758026666667,4.477432666666667,4.59442192,6.57303144,2.898892,3.1545663999999998,10.30348576,5.02280584,2.7490430133333335,6.781771306666666,5.549886986666667,3.393714293333333,3.0696802133333327,4.405438293333333,3.2134489866666667,5.54401832,3.592217813333333,2.5129391466666666,1.65820376,2.871209466666667,2.49079704,2.1522976266666665,9.60390448,2.7057030666666666,19.017892533333335,6.33799024,2.4892857066666667,3.053621093333333,5.610356266666667,3.12852504,1.9966075733333335,1.3232696000000002,1.8721164533333334,2.2294001066666667,2.6279998933333335,2.522552533333333,4.3058392266666665,2.7124898666666666,8.77697992,5.887008613333334,2.72218552,4.02498776,2.1261320533333334,2.1676477866666666,2.02439216,2.78156408,3.803715973333333,2.94622992,4.989929573333333,3.3421548,2.8330030666666666,4.478160320000001,4.715904693333333,3.2181328,2.8493803466666665,2.7098781866666664,2.3586376000000002,2.4525172000000004,1.5679859733333334,2.4851013066666665,1.1771901333333334,1.4494120533333334,1.80304328,1.3754040533333334,0.8790647466666666,0.95074072,0.7274249066666666,0.6768433333333334,0.61940368,1.1138316266666666,0.9117632,1.1684281333333335,0.6072012800000001,0.68817072,0.7696742133333334,0.8105893333333335,0.7657982666666666,1.1567679733333334,1.27086128,0.9615567733333334,0.7534734666666667,0.5564551733333334,0.4898777066666667,0.8730807199999999,0.47494970666666664,0.60442648,1.0785865333333335,0.6461478399999999,0.4958584533333333,0.3244865333333333,0.6338921333333334,0.4004590133333333,0.41835952000000004,0.3479914666666667,0.3326183733333333,0.61245704,0.44411328000000005,0.6726106133333334,0.5410022666666667,0.8201553866666667,0.43847872,0.6564467466666666,8.108630986666665,15.538733866666666,6.122941226666667,0.22649207999999998,0.22419538666666666,0.3106004533333333,0.21211493333333334,9.076565413333334,5.628438693333333,0.5875524266666666,0.41347912,0.3623902666666667,5.598437946666667,0.6957714933333334,9.001892373333336,0.4168636266666667,0.465602,0.20518445333333335,0.3326903466666667,1.1913484266666665,1.02558264,0.4021483733333333,0.16793810666666667,0.25250066666666665,0.4722029866666667,0.2928070933333333,0.8005462933333335,0.44234312,0.36257536,0.5000257866666666,0.5227991733333334,0.17954112,0.5391798933333333,0.18177754666666665,0.25826528,0.27115053333333333,0.2253704,0.37447685333333336,0.30902704,0.29285488,0.2659851733333333,0.28833688,0.18584378666666665,0.3953621333333333,0.62781184,0.5239901066666667,0.6615492266666666,0.56300792,0.38072768,0.43288384,0.3765813333333333,0.22496439999999998,0.2865354666666667,0.3857319466666667,0.3622224533333333,0.4476985333333333,0.95000096,0.9719328533333333,0.85413264,0.4166286666666667,0.61392496,1.4045872533333335,0.4686472,0.9375752266666666,0.7852198133333333,1.0149125333333335,0.8584338666666665,1.6046319199999999,1.0330186666666665,1.3677007733333335,1.78696736,0.8495662933333334,2.7339523999999997,1.5642140533333335,1.7813641866666665,1.6641898400000001,2.3533897066666665,2.25405232,2.8757198933333337,2.46294232,3.6979116000000003,4.68501752,4.98728696,4.09596112,7.283868213333334,5.614409946666667,3.416358773333333,6.290013839999999,13.668460693333335,7.305859866666666,6.825627333333334,11.386674693333335,7.14300536,7.419789253333334,7.7856899466666665,10.289630826666667,11.82470744,10.43191952,9.54921304,10.334139253333333,10.287279066666667,10.861626933333334,14.673197866666666,5.973660506666666,8.845627253333333,6.634880613333334,7.170886586666666,13.963387173333334,8.226627626666666,8.218315226666666,6.810631653333333,6.2646082666666665,4.21272832,5.970819813333334,7.28937952,7.48730544,8.502163546666665,6.846491013333334,7.143546106666666,8.986964346666666,5.60661864,8.69893408,6.598488213333334,5.10261064,6.673390506666666,6.304996053333333,7.477503546666666,6.841850213333334,6.95590464,8.763110613333335,6.881657706666666,9.241834986666666,11.684360453333335,5.471718,12.035588133333334,7.727852986666666,5.616133546666667,8.685102933333333,11.255389333333333,9.797556986666667,9.502206613333335,8.658604186666665,7.823416933333333,8.433678853333333,13.25493192,11.470687066666667,12.901116986666667,10.873267493333334,11.000227546666665,11.633829493333334,6.85413344,8.53895168,9.037221626666666,8.694823813333334,8.6986744,9.90228608,20.40905992,21.970854506666665,18.842792026666668,9.830537893333334,8.136967226666666,9.451032773333335,9.708541786666665,8.95256032,8.536702533333335,7.717949253333334,5.438350693333334,8.58150064,8.572290426666665,7.71851272,8.556307519999999,10.8707616,9.047153119999999,9.199463973333335,10.395492346666666,10.601919493333334,11.365186053333334],