{"message":"Aggregated IX data for Perth IX","data":{"nServiceId":null,"width":286,"jServiceId":null,"start":1498910700000,"end":1498996200000,"name":"Perth IX","in_octets":[],"out_octets":[],"in_bps":[336.59541351999997,321.8716549066667,264.13432056,294.6305709066667,283.83352114666667,317.4371673333333,343.67796952,377.48161519999996,423.54065650666666,399.0120772266667,378.7403399733333,377.85791488,338.79857856,392.0236979733333,364.65409757333333,305.79457904000003,223.72220554666666,221.74134402666664,198.71139357333334,202.00752410666666,185.48488392,192.18741229333335,217.31140952,259.98241181333333,300.5824462133333,263.3772783466667,327.9832677066667,313.55759664,308.7416015733333,305.1026867466667,324.1402030666667,416.74712901333334,310.55597904,279.3366313866667,233.86261474666668,257.78841522666664,309.32292325333333,237.51369381333333,252.89636669333336,270.98781805333334,191.76807621333333,246.51791568000002,206.68389815999998,293.85642127999995,258.95872280000003,274.88873405333334,207.28106952000002,223.74261834666666,291.4068272,225.59408768,218.97838757333335,187.93908285333336,203.18534802666665,223.71551989333335,197.07920170666665,176.17956085333336,278.40157839999995,215.68229896,223.08362834666667,195.40022618666666,136.43458162666667,116.10444725333335,244.79747472,293.14457301333334,291.18079872000004,288.9010826666667,299.25840624,234.09606914666665,213.50798005333334,185.37497008000003,172.72481904,164.21554952000002,171.55588285333334,150.30724778666666,172.37687714666666,155.22713416,160.18103098666666,140.30915085333336,142.89937408,120.98680090666664,109.06847890666666,82.99386181333335,61.885467119999994,86.66615053333335,85.36059274666665,70.79008818666667,98.46516234666665,58.613857759999995,56.52086506666667,40.42424568,21.962472026666667,31.84354837333333,25.296251466666664,32.62884674666667,30.882918826666668,41.90601930666667,60.09317613333334,69.64960882666666,105.62568261333334,116.37077976,129.43907242666666,135.63128402666663,114.87169328,68.62453453333333,69.65778664,85.31837386666666,78.74102021333334,48.26454816,44.35639658666667,54.98628770666667,48.72240725333333,44.100192453333335,41.92581906666667,44.36470264,47.18759485333333,62.50558682666666,48.02209464,129.79224008,165.27803216,149.48386082666664,82.37185416,87.05126058666666,158.44695981333334,127.72904706666667,83.68180136,103.11225794666666,113.26941250666665,104.24303266666665,116.09631925333335,108.47158624,107.82186874666665,120.91295581333334,104.42716058666666,107.77204581333335,129.59842416,128.13820968000002,119.46620448,126.29749423999999,171.74956391999999,196.53869962666667,138.11156989333335,161.45395274666666,188.73525373333334,110.71715138666666,111.96859184,114.76868712000001,113.05406770666666,106.57826872,105.93752698666665,104.16679693333333,109.57315890666665,127.21722458666666,168.09862959999998,171.32638816,154.28610504,118.98107962666666,124.68321709333335,140.25235037333334,130.78705704,156.86031802666665,154.7689376,92.52644848,79.92973429333334,61.88171912,75.334784,85.31128626666666,94.83360464,86.451868,99.64133525333334,160.52189666666666,167.89331226666664,155.01323378666666,224.42176786666664,204.32012637333332,226.49724616,264.1559166133333,227.93363821333332,203.50760549333333,237.94442432,240.15285530666665,247.98828050666665,250.33643861333334,284.58958573333337,268.79994792,288.3644884533333,242.28187736,253.04619946666668,298.58578224,253.18779447999998,268.55263885333335,272.56305352,247.43102357333336,286.2361181066667,279.32261976,319.4507239466667,216.58200925333333,199.72041253333333,211.48876554666666,225.7617752,230.62411680000002,199.16642016,255.25155101333334,270.51041951999997,265.8760216,288.4490844266667,232.25507578666665,260.27531189333337,296.43726624,335.3108600266667,307.7466202133333,305.3334127466667,293.0158619733333,326.96357050666666,346.634902,369.25761072,381.87850314666673,339.24822072,332.3214694133333,311.01030578666666,342.7127459733333,303.3944165866667,291.61417893333333,354.2166104,371.75051861333327,341.31395848,349.78205933333334,366.1301353333333,378.1683738933333,336.2568032533333,298.05369784,302.49515786666666,296.6122930933333,217.85116944,228.19279047999999,217.94213216,172.97828432,168.32633106666665,176.02477290666667,168.75786338666666,172.92274408,177.23881437333333,212.53773789333334,168.50322986666666,148.95450975999998,168.39131346666667,226.11427384,191.29384501333334,227.08084450666666,226.79214138666666,274.0381849866667,272.08631576,263.82571477333335,236.30214562666666,249.72156632,284.55721717333336,314.9195273066667,314.46300048,273.19505968,312.2462537066667,307.9395606666667,350.5891172533333,343.76686944,330.08399887999997,298.21141061333327,236.97785890666665,212.02549394666667,253.25509002666664,296.6635478133333,274.3055686666666,266.96715392,285.68626744,296.8479130933333,271.6542869333333,277.92304178666666,341.83567168,318.19893869333333,277.14655776,318.6732989066667,333.09835645333334,360.95193050666666,349.97793333333334,305.5438913066667,309.45783792000003,329.0766999733333,418.9800262933333,450.1076369333333],