{"message":"Aggregated IX data for Perth IX","data":{"nServiceId":null,"width":285,"jServiceId":null,"start":1512461400000,"end":1512546900000,"name":"Perth IX","in_octets":[],"out_octets":[],"in_bps":[352.1377219466667,315.63191664,355.007578,359.94971984,395.03249048000004,481.2813659466667,560.2251809866667,577.2444761333334,469.8512626666667,489.40957869333334,468.1639306933333,542.2923427733333,453.53769549333333,424.6430912266667,538.14206352,522.7091528533333,553.8805346133333,643.16848928,682.7827506933334,571.9994,480.76040410666667,523.56125528,493.78949168,422.33008848000003,411.0681978133333,564.0885123733333,691.9677020266666,687.1886039466666,760.5989659466666,791.6263371733334,725.4027815733334,644.0324526666666,559.1318910933334,591.2373772533333,565.2419133866666,552.5980623733334,555.1763807466667,580.6688816533334,453.12822896,383.51112088,389.83747490666667,374.43590351999995,345.42394189333334,397.51927495999996,412.62957968,500.02183192,557.5463131733333,529.2581647200001,523.0828417066667,513.7589348266667,514.0180128533333,480.8368646666667,481.87917,478.5924202666667,432.78393816000005,468.11714408,513.0034041866667,486.97300432,481.0417086933333,460.4593697866667,514.2011216000001,420.0501261333333,452.62831472000005,478.3134446133333,455.26507032,455.6089461866667,467.29353664,488.14798069333335,500.4522082933333,519.4392917066667,559.2111953066667,591.1699546933334,463.55126127999995,416.1326332,466.422744,445.71554549333337,427.99008245333334,418.1714175733333,458.4590939733333,520.75409488,433.39907328,415.7347242666667,414.45691696,460.4340873866667,468.0213865333333,460.28302688,400.4500139733333,462.05263512,407.4322462666667,411.1257471733333,342.8538872,364.29863837333335,326.25834807999996,343.7477586133333,293.09069685333327,326.6980508533333,344.7488426133333,317.61776592,394.41647216,557.8161376,533.6839603466667,283.31304938666665,261.61838712,221.05031034666666,298.5347032266667,389.0859670666667,389.76744786666666,319.5202298933333,272.8946600533333,257.58110874666664,435.27681416,397.1701284266667,288.03702232,368.74166376,280.35550930666665,393.4226518933333,275.57400930666665,196.36569152,220.70984368,239.30066792,183.64936784,204.80698746666667,195.01540954666666,137.53743072,138.35358365333335,134.15343384,126.19292245333335,126.12151682666665,151.47388415999998,91.97280146666665,144.04532077333334,140.81805898666664,241.76119589333334,351.6599002666667,390.7791870933333,561.57106032,390.90188282666674,291.8857236,394.21162776,264.7662973066666,276.6649282133334,270.81947146666664,309.9020452,249.79997858666664,102.61905762666665,107.01996901333335,91.1919748,296.2774917333333,384.6121349333333,255.88069594666666,140.23373642666664,167.61225786666665,205.66612536000002,159.96505263999998,185.65346866666667,133.90569565333334,161.99552130666663,219.71026653333334,398.71880104,616.4870696266667,427.16102136,339.1415112533333,447.98026024,837.41691752,634.2705646933334,631.3187561866666,996.6753764266666,797.3637085066666,797.28496064,772.0545617866667,529.8334229333333,440.4278768266667,461.6049410133333,448.44387112,644.8057926933334,626.9266036266666,690.33642136,607.6870001599999,560.3751533066667,617.18402792,676.9219752266665,656.9858366133334,605.9339576533334,609.4993814133334,576.63586208,285.11633722666664,318.93802568,324.45827269333336,447.3764453333333,394.88526792,488.73147117333326,559.1767321066667,547.8363151733333,611.8195180266666,618.4723292266666,528.4495481600001,436.6216853066667,425.6970258133333,395.2830142933333,568.71985952,461.62934333333334,542.8447961866667,546.3596115199999,560.95121472,594.02853496,548.6227009866667,664.2456182933335,529.1238490666667,511.4179975466667,423.8560704266667,376.0399224533333,330.00294464,316.68761474666667,257.7509804266667,304.4622807466667,300.22105026666674,289.5019247733333,361.8939408533333,371.7357223466667,420.30017239999995,467.42123383999996,592.1248251466667,612.5043561066666,506.9609596266667,514.1765873066666,622.84142712,529.0362604,503.36569024,513.4007669866667,540.3352784533332,699.0008370933334,861.2379141066666,723.8976783733333,569.6670305333333,684.9038114133334,734.83572672,691.4709924533333,748.3632502933334,770.4714193866666,788.5754705866666,649.0250755466666,740.7236281866666,785.0118324,711.2959573866666,635.35529152,574.1603890399999,584.6067398933334,520.2218289599999,487.0145102933333,482.92838912,466.91647138666673,429.71188664,468.63609106666667,475.77491048,507.3199091733333,507.1392420533333,531.1746123733334,501.55752730666666,691.8791547466667,664.5764152,660.1718525066667,590.4925626133333,550.5969739733333,586.91218784,541.74570448,460.6634254666667,379.9080850666667,426.33326232,571.4528113066667,577.20931424,476.24060581333333,559.31354776,560.1477345866667,611.9732098933334,569.1042976,614.8381072266666,651.8837792,722.2635564533334,792.8681446933334,705.06355984,657.4219739466666,784.48581776,746.09189688,855.9335467999999,868.38338688],