{"message":"Aggregated IX data for Perth IX","data":{"nServiceId":null,"width":262,"jServiceId":null,"start":1503245100000,"end":1503323700000,"name":"Perth IX","in_octets":[],"out_octets":[],"in_bps":[199.72730144,192.85952437333333,179.52079981333333,161.39105165333334,215.83815378666665,207.84748810666665,171.89703181333334,180.78963144,196.01888909333334,167.78090165333333,173.12110330666664,199.29132890666668,132.36504216,111.46314970666667,146.58086216,170.04740773333336,66.05889610666667,126.48547173333336,58.04536909333334,52.17041901333333,51.84238888,54.43418229333333,69.53744016,131.35010722666667,78.07437146666666,40.167438159999996,55.231849306666675,57.92164165333334,59.79942392,63.93665032,72.44226448,64.27835586666666,60.79626896,73.21566106666667,74.22983922666666,81.53179213333334,74.34037168,75.65398087999999,53.658500186666664,37.12130682666667,40.676411546666664,58.34132394666666,53.727594159999995,61.69631298666666,59.098785119999995,75.78921936,84.01551336,148.71343621333335,90.42943104000001,129.66551085333333,115.42582957333333,129.95103946666666,109.34056714666666,130.89163592,112.05262658666666,73.14046776,84.14363874666665,77.86680965333333,63.426720986666666,89.83357946666665,44.121056773333336,43.77890336,45.465669866666666,76.22828984,83.17701029333334,69.65551722666666,63.321096159999996,58.60751717333334,58.21900725333334,67.40888168000001,73.96747213333335,71.02481845333334,66.23124325333333,76.84400125333333,83.77162306666666,95.58724992,108.39038333333335,103.56953898666664,112.57714282666666,125.86913746666666,107.48774114666666,113.20874149333333,85.70626042666666,108.60784282666665,104.63562682666665,148.17346677333333,159.38409378666665,177.67683962666666,154.68153130666664,155.06521530666663,138.72159391999998,169.70985429333336,227.51146898666664,184.84445389333334,170.75289485333334,267.85855319999996,258.1801141866667,259.92132501333333,270.89598488,240.56907178666665,206.25528181333334,193.74871581333332,180.28137386666666,222.69449842666666,216.83434154666665,195.38143293333334,199.24389709333335,243.09262741333336,297.31187,289.6129489066667,250.26509184,202.44480887999998,207.6890548,239.30827765333333,272.66421016000004,289.4549826133333,258.1028173066666,265.3877770666667,272.58585496,210.50603013333335,228.81964125333332,273.6474493333334,258.57020176,229.79618210666666,255.93327698666664,201.54787738666664,270.49175376,210.48286450666666,131.77170024,133.76848485333335,130.93228064,147.84708349333334,171.03186221333334,236.28052528,229.77435378666667,254.66165143999999,242.83408685333336,223.24770261333333,289.85327138666673,249.60947872,230.96157477333335,214.80833608,240.18205733333335,241.22880098666664,220.54477706666665,230.17065152,259.19204080000003,187.77455517333334,220.95172674666668,267.87129626666666,275.9466278933333,294.2750494666667,255.4711184,280.44255666666663,271.72780295999996,277.00836506666667,302.79023328,326.4603232266667,436.41904088,499.95636602666673,379.39972952,326.4308622133333,314.08839992000003,379.2870204266667,407.78299368,369.18846544,366.8304034666667,302.86494634666667,309.00322112,361.5902853866667,284.02002866666663,196.68676314666664,188.47997026666664,244.18927784000002,282.90778205333334,258.3255324533333,236.64753824000002,214.96337653333333,216.24920626666665,189.81675706666667,217.39791901333336,224.8436332,230.63825749333333,228.38299136,199.20735293333334,213.97193736000003,270.08824274666665,267.18876069333334,393.2232803466667,327.3216514133333,235.44631005333335,266.63154413333336,271.5335143466666,261.52544245333337,309.3111039466667,317.7463576533333,285.09851525333335,291.8127801066667,304.29121786666667,408.29643112,266.0136332266667,277.94668605333334,296.92868021333334,334.6188013333333,434.62701842666667,552.6395476,406.23766437333336,344.8516005866667,459.69376618666666,374.2044357333333,304.0422213333333,328.9825194133333,367.3174951466667,334.78958413333334,321.21766192,371.5782349066667,409.72409336000004,405.3539921066667,451.70445048,481.03548818666667,585.5903139733333,693.8255915733333,566.5011895466668,364.26663544,431.4157221333333,478.17327893333334,450.2014038666667,439.7534076533333,466.49825285333327,427.0152176,555.87526864,572.3960102666666,656.3991790666666,591.8694592266665,535.7238879466668,611.7975741866666,522.3712265866667,477.74424274666666,487.83239463999996,515.5085061866666,456.60177752,438.8556912266667,443.47076445333335,400.29623642666667,435.4093505333333,448.3648568266667,509.6636471733333,452.99703927999997,421.64398901333334,469.0044579466667,462.2087697066667,414.08850336,493.8651547733333,461.38395029333327,550.4192539733334,512.3071052,446.5681558133333,514.7432647200001,483.4901041333333,441.2639137866667,494.2924002933333,518.3348019466667],