{"message":"Aggregated IX data for Seattle IX","data":{"nServiceId":null,"width":287,"jServiceId":null,"start":1482020700000,"end":1482106500000,"name":"Seattle IX","in_octets":[],"out_octets":[],"in_bps":[3284.75798992,3292.22818696,3373.855588746667,3410.733381306667,3731.80469992,3604.18646832,3415.47343568,3312.487021333333,3353.9454022933332,3365.357820133333,3249.7497293066667,3353.594198853333,3348.72862144,3206.0442800533333,3342.34528448,3334.9852280533332,3347.206983146667,3267.908125973333,3336.963797333333,3342.4603838400003,3486.5885859466666,3564.7833673866667,3384.6266892,3550.8104124266665,3816.574206426667,3798.9549453600002,3691.3091902399997,3632.7920691199997,3603.9262172800004,3226.518042106667,3343.769352426667,3414.97064136,3379.7785722666667,3421.702946186667,3273.087695466667,3321.46494816,3345.084638826667,3362.807332453333,3444.8252670399997,3327.50088112,3416.063351973333,3337.27588856,3536.803200773333,3394.5468359733327,3385.486784106667,3363.4199816799996,3350.935033066667,3428.3846285066666,3520.10829912,3570.518790773333,3638.462523893333,3660.50190232,3710.90738952,3591.930084186667,3540.5866254933335,3341.194766586667,3318.81615264,3252.1971394933335,3242.480551626667,3271.8305232800003,3271.1769182666667,3332.49372832,3581.935588853333,3570.1121814666667,3492.325071706667,3522.870946773333,3480.694393546667,3674.193833066667,3594.263377653333,3655.977737466667,3445.301243146667,3584.32591464,3463.25853512,3372.8934149066667,3397.20073008,3513.332443973333,3507.682651493333,3557.123199733333,3440.302275893333,3428.2193550933334,3466.5134616533333,3497.9226538666667,3508.394524933333,3313.5526789066666,3369.2302175199998,3432.9384035733333,3377.0091332800002,3382.834402186667,3284.8205847199997,3208.2924744,3348.9413905866672,3230.208053786667,3101.647406666667,3152.3994616799996,3113.30523448,3080.850870266667,2939.09895984,3083.199090186667,3019.26856144,3068.09270104,3119.3748048,3140.017525946667,3189.9478337866667,3096.05843024,3075.322533493333,3074.7705152266667,3070.6294496799997,3174.265715626667,3201.975826693333,3190.054933893333,3177.9334701333332,3148.230273626667,3211.95009096,3165.4793736533334,2944.611157413333,2909.139510453333,2873.58558088,2764.2907463733336,2679.942901573333,2844.12839808,2854.2145148266663,2860.149103946667,2793.0738474933332,2775.5930137600003,2687.3822747466666,2846.1701433066664,2820.7578878933336,2856.8058513333335,2916.447790853333,2967.1000994666665,2924.08541144,2903.64139832,3053.721326186667,3060.1934919200003,2935.6299538400003,2780.88849952,2809.9627932800004,2878.2991181866664,2864.91264352,2859.6943046666665,3014.417595733333,3020.408528133333,3027.7096600266673,2932.55360736,3008.523697146667,2980.84770312,3027.76171488,3002.5874945066666,3105.9817995999997,3088.632566026667,3036.614599493333,3105.35222064,2987.9439876,3007.706593306667,3031.619206026667,2863.55137072,3063.22676904,3046.0718727199996,3012.09998888,3005.31479872,2959.948409333333,3073.412254213333,3007.540943093333,3097.586743253333,2992.8818785333333,2982.7811366133333,3000.518327413333,3048.370529093333,3037.451003733333,3048.492288026667,3037.6229766133333,2936.910841066667,2960.43001968,2994.420185893333,3051.499835253333,3071.1519828,3170.246348693333,3164.79835288,3207.846119093333,3186.998711813333,3296.54897752,3277.4814280533333,3305.17706848,3302.6437403200002,3141.912776666667,3165.318431733333,3155.04747984,3054.11570408,3086.5933939466668,3075.142659493333,3042.282059333333,3046.66917768,3203.506611546667,3154.31428848,3219.920825893333,3270.0542334666666,3340.469350666667,3186.0569912533333,3244.62078552,3375.73922272,3355.262544106667,3462.552839333333,3438.709904346667,3498.0767423733328,3553.07523112,3569.426299813333,3589.3973115999997,3690.196057386667,3820.435763973333,3721.2991686933333,3727.95056296,3656.627184,3651.9683424533328,3740.3062236,3768.091212133333,3803.853916106667,3818.5797526399997,3693.9760476799997,3584.8618162666667,3711.602010266667,3708.453741626667,3741.782347386667,3675.4279897600004,3578.9684304,3516.4158784,3412.1882880533335,3415.0253333866667,3454.492666986667,3421.15722584,3444.506645306667,3372.24667528,3327.525011146667,3428.687958613333,3320.4472383733328,3288.0075232266668,3299.185004053333,3335.06186368,3180.70287096,3226.21321456,3329.745631253333,3482.573496373333,3482.3296519200003,3540.231559306667,3376.47551536,3376.991111146667,3292.549496026667,3348.601042026667,3197.271617146667,3205.52212632,3253.312901226667,3270.935305093333,3171.95445264,3159.5683778666667,3077.810475813333,3131.414592026667,3327.46422392,3345.140419066667,3221.719314453333,3380.00395832,3254.979130693333,3406.6065364,3361.924948186667,3235.862556213333,3143.6386149066666,3108.49177264,3399.31884464,3514.023872373333,3540.782514853333,3398.503784266667,3108.128240746667,3231.279592133333,3211.004792426667,3227.760711786667,3245.8434536,3237.181261306667,3224.210546293333,3180.11634112,3133.230088693333,3215.6147852266668,3357.506811253333,3306.6305715733333,3271.387448666667,3392.088670426667,3208.034006586667,3072.8674001333334,3079.210478186667,3097.568992053333],