{"message":"Aggregated IX data for Seattle IX","data":{"nServiceId":null,"width":286,"jServiceId":null,"start":1496145900000,"end":1496231700000,"name":"Seattle IX","in_octets":[],"out_octets":[],"in_bps":[4627.35785032,4512.342980693333,4632.157483520001,4456.854774586667,4406.758407493333,4527.8982924266675,4740.21042632,4812.604317893333,4735.395306933334,4901.879223973333,4624.198982346667,4667.391911600001,4747.637252426667,4441.341368693333,4385.65107168,4240.236210213333,4333.4335356,4184.95149056,4261.4454364,4330.0378173866675,4241.883875386667,4006.427894106667,4088.3900456799997,4050.616451146667,4286.558139493333,3983.8808301333333,4139.933750293333,3929.0121020799997,3994.817240373333,3898.5273025866672,3930.3036258666666,3975.7608012533333,2869.5663439466666,2716.7975101866664,2725.61600672,2771.7683823733337,2772.3407168266663,2648.4762506666666,2789.352631386667,2727.49108072,2688.45785744,2619.6380320266667,2807.9246888800003,2718.9173028266664,2672.1596835466667,2686.200030053333,2554.20538552,2721.7287116533334,2591.1737501866664,2604.3230060533333,2567.648150213334,3915.69182448,4071.869690773333,4030.682475493333,4061.768148773333,3954.1126271733333,3820.6088396799996,3847.5955613866668,3859.5527808800002,3870.586906266667,4110.078334026667,4004.649937946667,4082.858644133333,4002.5275334933335,3903.4344452,3946.775167946667,3955.5470313066667,4036.167647866667,3923.9377424,4057.648155893333,4023.302190933333,4012.80714344,4343.3660842399995,4372.453622533333,4278.2663659733325,4215.457352853333,4097.665442213333,4114.119052053334,4050.39771904,3936.03310056,4118.4874156,4167.6425993600005,3907.11911232,4000.6543352,3989.14591768,4070.882081253333,4066.2059583200003,4308.608521706667,4052.6028877333333,3921.773666533333,4059.47023136,4100.105816613333,4362.474793413333,4212.178161173333,4220.3584672,4348.459524399999,4410.799795546667,4539.116322213333,4333.0275902133335,4215.954329466666,4494.93685512,4421.648500560001,4492.7993368,4319.496386986667,4426.860019786667,4523.177009013333,4458.634906213333,4526.150908106667,4335.649715413333,4372.259512186666,4442.963564106666,4294.213861733333,4436.113397653333,4306.691220266666,4197.852242053334,4368.803848933333,4127.639567973333,4066.9054793866667,4124.716670826667,4236.389196373333,4159.168265413333,4284.974247013333,4375.821938346668,4568.685384373333,4810.274952479999,4738.00371344,4486.007985893333,4477.663902826667,4570.748013333333,4664.836409333333,4581.366468933334,4367.3987204,4413.6082388800005,4396.398335173333,4420.256227413333,4454.074323733334,4498.400417146667,4699.236441573333,4414.82579864,4452.39921832,4483.070589253333,4623.3288124,4428.819295413333,4498.520820053333,4446.109917413333,4618.800983573333,4556.356419546667,4711.812946133333,4582.698370373333,4695.804641600001,4386.236071493333,4432.0950469066665,4472.214864586667,4532.8292902133335,4648.604253893333,4592.130840773333,4560.085628373333,4606.472217866667,4652.059253333333,4587.133413013334,4625.3644452533335,4578.858190479999,4543.89020984,4719.046486586667,4546.146276853334,4765.293317226667,4483.785330426667,4561.602723386667,4582.695238586667,4510.767609813333,4666.766551893334,4554.687830533333,4598.3376068,4557.07186608,4517.9663764,4598.177622186667,4498.009502533333,4309.33206088,4604.881624426667,4814.364012826667,4811.953096186667,4817.56554856,4625.614810746667,4858.455515386668,4951.952196053333,4840.068047786667,4758.8701459466665,4731.320672,4672.30910272,4785.47636872,4680.504651706667,4840.692720213333,4876.016745973333,4987.691040026667,5143.97939824,5100.462896746667,4727.773575973333,4666.755317573333,4732.58200384,4626.363476586667,4789.909724613332,4927.856662853334,4723.5358622133335,4682.409737866667,4977.48529288,5033.335041706667,4946.830374826667,4860.394996853333,4755.02630808,4807.852300853334,4790.274647786667,4809.0856700799995,4670.367345546667,4496.358557066666,4482.9041952,4387.406796133333,4381.89874616,4534.776217600001,4408.0440636,4554.538450453333,4458.238909626667,4481.946241333333,4674.077036666667,4587.196592560001,4408.30968464,4524.490625706667,4477.472465866666,4465.242718213333,4484.979486053333,4412.129409813334,4473.867280213333,4522.715915706667,4665.93358536,4466.007752373333,4432.18290128,4639.59748072,4710.836913733334,4732.1939194666675,4439.90687472,4430.343229946667,4560.441926506667,4672.161493573332,4702.52848544,4402.860003866666,4634.6269809333335,4513.141461653333,4545.253010426667,4486.575451626667,4619.874186773333,4425.136160773333,4337.651739253333,4444.451527626667,4470.679114613333,4426.93277616,4344.102169173333,4328.174953706667,4203.228446666667,4233.436356293333,4009.970677146667,4156.14331152,4099.848304239999,4071.1721962133333,4153.878840826666,4137.738286666667,4038.6742926399997,4024.2284671733332,4150.337530853333,4083.4077757600003,4185.007437386666,4185.158945813333,3997.35943264,4085.2456085066665,4144.933755226667,4002.946026773333,4028.67796112,4024.20833304,4044.6352596533334,4077.6367943466666,4017.435200613333,4086.288105226667,3956.88029744,3790.028289893333,3685.3927846399997,3706.0366812800003,3859.451209893333,3838.3174202399996],