{"message":"Aggregated IX data for Seattle IX","data":{"nServiceId":null,"width":263,"jServiceId":null,"start":1479139500000,"end":1479218100000,"name":"Seattle IX","in_octets":[],"out_octets":[],"in_bps":[2738.6529871466664,2596.5183996533337,2713.8078901333333,2660.2492035733335,2817.3089254133333,2719.0178350133333,2741.6782027199997,2793.79581544,2855.375227013333,2700.54444,2659.6173626933337,2710.0055598933336,2725.61099352,2652.4933761866664,2666.2053600266668,2593.98160664,2635.51932448,2607.34800912,2606.9115152266663,2484.2582427466664,2459.3885871733337,2565.51445656,2581.064369413333,2566.4080642666663,2629.611077573333,2758.922033093333,2847.8216557600003,2838.1208070133334,2956.4764082133333,2913.8968084266667,3040.24867624,2980.21051456,2890.91326376,2913.647298906667,2770.36170896,2995.3252096,2719.5521549333334,2718.4833701866664,2595.6580082133337,2747.8957653333337,2782.8935665066665,2787.8567971999996,2810.4508406933337,2802.70739584,2705.5035636266666,2733.65674312,2711.9672911466664,2680.77941496,2836.48929056,2749.9882872533335,2760.37950112,2716.4756397866663,2615.99662312,2674.8384772266663,2768.7930866666666,2688.8441650666664,2533.1448620266665,2569.2554009066666,2494.8945245333334,2492.814909653334,2580.08597896,2595.1186171466666,2738.364201573333,2590.1456428533334,2529.0087772266666,2395.169447946667,2555.2127926666667,2522.9405731733336,2590.245883493333,2602.3221608533336,2622.6203961066667,2529.120381386667,2620.70728528,2584.7285536,2704.89950152,2657.4679643733334,2701.1622431466667,2511.5076727733335,2496.392089253334,2546.4569967733337,2468.5833389066665,2659.75132208,2624.9893831199997,2559.5657231733335,2607.7044541066666,2516.8215432266666,2482.6190688266665,2380.0686722933337,2492.7741386133334,2452.8225903733332,2361.37374736,2342.0527770133335,2383.8861641599997,2368.2115932266665,2445.41461112,2432.5138462666664,2300.8439940266667,2257.5151573333337,2370.0550215466665,2403.1393324533333,2345.42758848,2246.14255592,2177.2026092266665,2207.23287856,2128.3169363733336,2251.7982360266665,2252.495240986667,2261.602892,2111.3343257066663,2115.4988226666665,2031.4391658133336,2075.1477325866667,2113.4241017333334,2034.5406664266666,2006.84798,2114.3015956533336,2039.2653727733336,2011.0773022133333,2190.7061764,2174.0115030933334,2192.0374967733337,2258.7928105866667,2218.1701805866664,2350.0843624533336,2319.02762544,2199.132101786666,2123.71304272,2265.406006933333,2096.7541733066664,1975.1698930666666,2303.9082254133336,2066.7126037866665,2052.2709181066666,2281.7888577866665,2401.1864791466664,2393.3904992266666,2571.7492640266664,2451.4816016266664,2237.3645224533334,2312.7085787733336,2409.1899658666666,2431.61028744,2511.7412158666666,2412.0025952266665,2430.8821590133334,2503.27015816,2393.61297736,2490.4079892,2571.8594761599998,2575.5892280266667,2733.7146096,2614.5162177333336,2660.3633157333334,2678.9778729600002,2865.705524053333,2767.76792016,2860.9513746933335,2695.2613114666665,2659.3477757333335,2643.1701514933334,2634.54005608,2577.25699408,2669.98369936,2664.2004942666663,2655.7104776,2834.9956021599996,2975.9296845333333,2957.3133100266673,3068.130328,2930.531897333333,3000.0565400533333,3007.4027642133333,2885.55033672,2672.29025856,2770.70366912,2712.6216916,2722.0553747199997,2676.32535152,2804.2633475733332,2702.64760208,2825.04049008,2845.2470432,2831.9091283733333,2829.24466088,2833.3472288533335,2702.2493650133333,2595.68033072,2645.9864933866666,2642.8709698400003,2500.90702512,2542.873527386667,2556.3551738133333,2594.5497063733333,2516.6013867733336,2361.8912366933337,2385.102013413333,2531.0145413333335,2471.3079906666667,2407.7716873066665,2349.7135362933336,2351.3713035466667,2281.556829386667,2266.6373243466664,2220.511969386667,2146.6134449333335,2188.44770048,2138.0517510133336,2207.433464426667,2178.0641973333336,2312.138792906667,2230.7003428800003,2220.38296832,2180.1048519733336,2260.85679008,2218.98388392,2203.53171048,2232.9560953333335,2242.71479128,2150.9695793600004,2324.7738142666662,2127.6072052266663,2170.4975554400003,2098.78811968,2187.8661356533335,2110.7462049066667,2179.22496168,2151.540646053333,2242.78659792,2298.6166888533335,2266.1386113333333,2284.7372060266666,2426.74231616,2415.25839592,2410.760521413333,2305.3007101599997,2402.56628304,2298.91002944,2559.5671976533336,2733.3789577333337,2755.332464266666,2690.3172958933333,2660.1379313333337,2536.2688551733336,2796.60477408,2657.46252184,2495.8815799466665,2605.204744,2663.71276192,2816.96279672,2693.811112053333,2680.3144784533333,2595.6867813333333,2611.45775232,2635.0386296799998,2450.9590031733337,2549.0508868800002,2613.448316053333,2746.3173324,2649.9795893333335,2660.41167216,2638.03611336,2581.47811288,2615.950821093333],