{"message":"Aggregated IX data for Seattle IX","data":{"nServiceId":null,"width":233,"jServiceId":null,"start":1474396500000,"end":1474466100000,"name":"Seattle IX","in_octets":[],"out_octets":[],"in_bps":[2028.0038656266665,1869.1492258933333,1910.5109363466665,1937.6159499733333,1938.3185214666664,1967.54042704,2092.0674840266665,2161.3364463466664,2092.7063691466665,1919.39114656,1803.2736645333334,1674.8543750933334,1643.71895432,1644.1409927466666,1682.9422848,1821.1373104266665,1758.5818121866664,1856.0596086666665,1759.7205666933335,1760.870884,1732.9745779466664,1700.8328362933335,1731.2823922933335,1570.9371004533334,1560.96581648,1613.6639496266666,1748.9581133066665,1823.42414544,1814.2553987733336,2010.5439192266665,1908.2031771733334,1812.3537973866664,1634.53839656,1643.5876896,1725.08555088,1771.77598728,1835.2647225333335,1953.7806688533335,1954.13627896,1908.9091426133334,1776.1923502666666,1725.5444119733334,1718.0965966933334,1945.7654978933335,2219.8569092533335,2086.917454,2355.1616590666667,2429.1241436533337,1969.217228,2124.1096642933335,2125.04293568,2081.1907190666666,2319.971450533333,2287.5859324533335,2213.720377493333,2199.589846906667,2277.194350426667,2355.8494547466667,2369.2363947199997,2206.8343861066664,2291.902332453333,2270.801281173334,2238.029003786666,2456.7923797866665,2513.7419547199997,2497.2346322666663,2620.3870024533335,2619.03295408,2658.9857696,2454.8902854133335,2504.8107418133336,2532.946584133333,2546.484991866667,2466.7031269866666,2545.19092848,2439.9821297866665,2362.9179327733336,2403.8396829333333,2425.76904952,2373.6164405866666,2613.5234046133332,2486.2430789333334,2553.14060456,2678.72638112,2621.9926808533337,2696.83662744,2528.44058632,2545.5713843733333,2514.72025752,2790.623105466667,2916.48147232,2790.3105984266667,2945.87786296,3122.66746616,2973.608123226667,3011.947285546667,2809.70530496,2647.8902622933333,2795.44094152,2645.1034661866665,2595.9372981066667,2700.91096976,2728.4238536266666,2660.2915507466664,2518.06879752,2552.9166036799998,2521.6168927733333,2722.49011152,2822.1918265066665,2798.948743573333,2598.7850206666667,2411.1022101599997,2471.4036246133332,2431.226490506667,2571.4718969866667,2715.3329372533335,2637.6960450133333,2755.986272,2819.5441148533337,2752.1475346666666,2564.0952206933334,2530.13621952,2476.5265857866666,2586.8851551466664,2562.8129437866664,2586.2310250666665,2557.1401797066665,2680.2937914133336,2663.0934236266667,2638.83842352,2425.2697662933333,2568.63785928,2338.7258716,2392.9951168533335,2260.8059348266665,2323.3352931199997,2293.70590232,2269.7127723733333,2143.72550344,2246.607093653334,2332.9684176799997,2413.2848440266666,2438.0157584533335,2611.09891256,2742.5677782933335,2757.39823848,2690.409966746666,2576.44332816,2585.4028558933333,2351.735241093333,2326.44628664,1991.7447888800002,1841.0391978133334,1970.6277083466666,1826.5950778933334,1896.7416413866665,1947.0948058933334,1975.1003028,1698.83721816,1687.5149918666666,1625.89376776,1618.7377228,1605.1277957866666,1564.6505405066666,1564.6307087466666,1594.2130102666667,1477.1166490133335,1380.7710688266666,1343.7437022133333,1381.7096330133336,1362.2045188,1395.0625243733334,1335.8653148800001,1365.16980384,1364.0098705333335,1437.1342295466666,1400.90537232,1502.4910545066666,1540.46111896,1476.59859072,1621.90766344,1499.6955579733333,1453.8010786666664,1463.8888780533334,1481.5281865066668,1472.4728652000001,1500.6093126933333,1535.0551509333334,1542.39883128,1484.63267544,1591.2355602666667,1592.0124297066666,1514.9236425066667,1567.7641128,1723.5025948533334,1765.3065654666664,1680.3964490933336,1602.1324839466665,1631.2097074933333,1544.7334862933335,1665.41486808,1605.5145827200001,1648.5693522933336,1582.0259351733334,1562.5011035733335,1620.2411898933335,1519.15546072,1677.0001562666666,1745.0059690933335,1724.28107872,1562.3636793866665,1619.5175358133336,1467.2862382133333,1438.7134633866665,1498.4614518399999,1486.3790166133335,1488.1965993066667,1499.2083307999999,1508.8346544266665,1557.0829269866665,1629.6317456533334,1828.84850392,1702.5319850133335,1811.01971184,2030.2918817333334,1900.9344485066667,1891.3134992799999,1887.8134612533333,1977.4631710133335,2013.63512608,1893.3185553866665,1820.2086117866666,1900.85795584],