{"message":"Aggregated IX data for Seattle IX","data":{"nServiceId":null,"width":16,"jServiceId":null,"start":1481760300000,"end":1481764800000,"name":"Seattle IX","in_octets":[],"out_octets":[],"in_bps":[3701.28699096,3449.824250933333,3552.1824598666667,3573.6625865066667,3769.6595092,3538.714776426667,3561.5657274933333,3478.805335333333,3376.733164026667,3509.751721626667,3474.27587672,3474.749254213333,3090.048885706667,3346.2493181333334,3317.9188796,3466.2007015733334],"out_bps":[3660.8797009066666,3428.470038293333,3541.62787888,3597.6983852800004,3747.201720853333,3569.8033438666666,3532.295253146667,3461.628668346667,3382.03282192,3495.8382552800003,3487.8548861333334,3459.597860613333,3102.826766933333,3339.49991624,3318.9831616799997,3460.82495688],"in_packets":[],"out_packets":[],"in_errors":[],"out_errors":[]}}