{"message":"Aggregated IX data for Seattle IX","data":{"nServiceId":null,"width":287,"jServiceId":null,"start":1481329200000,"end":1481415000000,"name":"Seattle IX","in_octets":[],"out_octets":[],"in_bps":[3664.758768666667,3971.908760586667,3747.19646712,4152.62831232,4037.256068453333,3989.992238106667,4191.83486696,3974.039248186667,3904.3072007466667,3981.311054853333,3795.17944728,3669.81569584,3635.8420676799997,3740.06241296,3828.4199479466665,3904.40767912,3872.3920762666667,4086.761111866667,3989.8537530133335,4289.457618506666,4155.57226144,3815.2343396,3829.2171665333335,3726.6504553866666,3741.61906096,3674.9628814933335,3770.5394924266666,3869.7465357866668,4116.854612826667,3846.974089333333,3554.136948693333,3423.7281178400003,3578.3131773866667,3570.61212952,3645.047588373333,3359.207038106667,3528.244896,3392.419657866667,3804.71578184,3580.8335564533327,3491.221115973333,3636.617493733333,3543.5622934933335,3538.35382,3652.6992786133333,3587.25467032,3583.027051973333,3478.61886712,3591.4336193866666,3544.95432888,3476.8866921599997,3492.001018853333,3538.662658026667,3584.0200383466668,3457.055046666667,3477.3311506933333,3374.33612,3429.8235049600003,3478.170898666667,3446.94956,3495.408057466667,3474.225945733333,3276.20948008,3478.570115306667,3448.4722302933333,3656.741034586667,3569.241889653333,3583.0671338666666,3598.506557706667,3447.4623798400003,3355.38836088,3340.724375706667,3452.734535466667,3332.0705766399997,3303.98837048,3317.7750725066667,3176.0749713600003,3202.69806944,3222.885895573333,3277.4247170133335,3350.79391464,3280.3979539733327,3183.948355813333,3170.604810453333,3183.7212316533332,3094.580709733333,3100.78067856,3093.11889312,3019.5715598666666,3006.0034823466667,3119.4717406933332,3181.719922346667,3164.84290392,3056.69980224,3036.036684293333,2961.3052967199997,3034.903212133333,3032.678253626667,3035.285958746667,3046.6269243200004,3100.618189146667,3212.400993253333,3090.3900204,3077.165145413333,3222.007381066667,3022.51788256,2870.34661976,2959.0420408,2928.885000853333,2873.2628382933335,2910.826938986667,2685.3395877066664,2609.0568505866668,2530.7693443733333,2590.5890329866666,2555.57109896,2648.530954,2613.0105680533334,2579.63287496,2520.3510871999997,2586.654153253334,2749.5904887733336,2783.28946912,2603.77071664,2897.8407055733333,2758.4606722133335,2841.1819586133333,2833.5275779733333,2784.6272402933337,2685.8365292533335,2630.2644272800003,2536.7769323466664,2568.4695562933334,2483.5480632533336,2531.11408448,2463.7033127199998,2577.4154351733337,2398.8255457600003,2410.7058727199997,2362.92243544,2461.949585093333,2450.3994842933334,2430.04192616,2472.3474953066666,2361.049460426667,2435.7615662666663,2426.3315167466662,2458.3070838133335,2428.6081237866665,2438.809999493333,2506.609536533333,2530.9593697600003,2597.1863663466665,2561.3687612,2521.3707618666667,2574.247662,2600.0385994133335,2580.1749316533337,2660.049915306666,2735.8332448533333,2637.7352651466667,2699.37210264,2648.47460624,2627.5778900533332,2652.10220152,2566.036955733334,2660.2945986666664,2690.3387385866668,2692.4715473066663,2632.0785858933336,2791.9513060266668,2759.3981888266662,2678.43580352,2746.64220096,2776.6706395466667,2917.299673413333,2899.1580106399997,2904.22480592,2822.4440415733334,2776.0465818133334,2831.3848002666664,2937.972266186667,2849.58175912,2931.810207813333,2883.451464133333,3056.094995786667,2999.2944414666667,2944.746183253333,3097.27534472,3214.475244666667,3378.8315659200002,3186.2711758133332,3089.73103096,3159.5716286133334,3096.848888826667,3080.016875306667,3079.354715813333,3250.2823950399998,3355.389894933333,3285.38165376,3358.080717253333,3170.109440346667,3230.146189706667,3380.0918718666667,3209.581103066667,3265.0772612533333,3229.924729386667,3379.915138666667,3221.512112693333,3321.868096346667,3368.303518186667,3224.786535973333,3269.2014066133333,3310.545240053333,3343.838980826667,3382.9462531199997,3388.170025546667,3290.116778293333,3441.884303813333,3507.8262853866668,3399.2854009333328,3374.2350520266673,3487.408365973333,3475.169762666667,3307.93451272,3293.689772586667,3251.2362272533333,3239.736810293333,3394.153602906667,3407.638133226667,3364.469351733333,3254.930245706667,3217.5703589066666,3194.08989016,3266.5965523200002,3178.3970612,3190.672538266667,3118.083069146667,3221.62835928,3037.435863893333,3143.85777024,3124.793530053333,3115.1851451999996,3218.149589226667,3086.245653546667,3138.425942933333,3246.932247333333,3122.291063706667,3130.704612853333,3172.637735973333,3196.76208528,3146.153727733333,3175.46591352,3238.4327373866668,3305.83897816,3274.222428213333,3233.417533546667,3266.3086822399996,3165.6944070666673,3252.309174533333,3265.6527692,3211.819084426667,3257.652199893333,3123.35164992,3287.3775346133334,3349.92830064,3275.8367637600004,3034.878569226667,3130.6522262666667,3189.240418266667,3086.607198213333,3056.6324389066667,3064.5597165599997,3142.742058613333,3299.1365654666665,3192.639088053333,3548.725667946667,3382.79721576,3225.766080613333,3356.960325226667,3262.3220329866667,3511.2230096,3107.381804106667,3229.5175007733333,3253.81638416,3182.2349383200003,3226.98989112],