{"message":"Aggregated IX data for Seattle IX","data":{"nServiceId":null,"width":287,"jServiceId":null,"start":1497153900000,"end":1497239700000,"name":"Seattle IX","in_octets":[],"out_octets":[],"in_bps":[4125.556921146667,3915.8776031999996,4144.858398773333,4250.301104426667,4318.725880053334,4282.820983226667,4115.57768184,4217.2385054666665,4354.97140144,4213.395062586667,4166.0487968,3979.9320985599998,4063.222392666667,4138.827137973333,4214.327541253333,4158.456462933333,4407.14543408,4397.232078666667,4499.556779253333,4283.618583760001,4308.921349626667,4445.466369466667,4369.423405066666,4363.040120373333,4378.388370133333,4392.247416906666,4413.066171439999,4240.497060106667,4201.412993173333,4124.2738404,4221.451379173333,4090.556602426667,4078.4733842399996,3999.0418118666666,3969.760313173333,3933.215535173333,3771.289821226667,3811.89456456,3760.3293790133334,3762.4153043466667,3724.289217973333,3972.482921386667,3787.828993173333,3757.9870049066667,3638.144722453333,3894.8472792800003,3799.805775333333,3780.666564,3687.887587173333,3722.380395946667,3750.721541173333,3935.175547893333,3795.9705644,3680.8405352,3616.099531253333,3661.41286552,3576.102823333333,3534.2155610933332,3525.7041016,3544.825739173333,3533.581617386667,3645.2631908266667,3557.7027902399996,3699.90968376,3666.1325871733334,3700.7072830133334,3587.60695608,3460.563042186667,3595.0745330933332,3592.03207944,3632.006418746667,3560.11691656,3456.5016602399996,3412.4052718666667,3321.271145173333,3313.11620304,3241.3616521333333,3271.4169352266667,3326.407307093333,3349.41293304,3317.2917029866667,3375.8078164000003,3108.0684625066665,3172.4594712,3220.03852024,3151.4607903466667,3090.8952069066668,3063.438999413333,3075.030593546667,3114.6462639733327,3030.15310176,3106.4720436,3119.305492933333,3184.569497226667,3039.466206213333,2998.45344944,3021.5536018400003,3094.513621813333,2991.8435557333332,3074.351021973333,2969.40417808,2961.6409309066667,3017.3805075733335,2998.81818064,3130.128758453333,3135.456860293333,3149.216701146667,3111.584940026667,3063.07348976,3139.5703492800003,3104.637187946667,3013.794332053333,3123.56424576,3093.8692037866667,3042.007762773333,3026.79274712,2997.9433731733334,3092.115807706667,2991.6938856799998,2921.020833573333,3082.6162962666667,2948.8497761599997,2990.433846266667,2924.4210920266673,2919.0577370133333,3008.227841866667,2921.765489573333,2958.5046834933332,3082.5649685066664,3070.57281544,2917.345799733333,2906.181285253333,3019.707132533333,2987.35718512,2927.04219072,3020.722398453333,2953.174938853333,3047.609700933333,2939.14716624,2936.017532133333,2859.6464953600002,2835.15677256,2889.3009170933333,2843.1254920799997,2976.0532178400003,2960.48842256,3017.9330514933336,3027.39282648,3014.79344584,3112.68922192,3000.8027162666667,3089.8034799733327,3076.72983832,3087.92315112,3108.1426790133332,3071.45490976,3121.969647973333,3116.56223688,3128.97804192,3102.362123306667,3187.363323413333,3075.8040062399996,3265.5738916799996,3125.926859226667,2989.97947848,3021.2934054666666,3223.4085416,3040.171333253333,3113.0084672,3080.062091173333,3219.6507185066666,3247.3348386133334,3198.653601333333,3218.820142373333,3224.908231413333,3228.949725786667,3240.193212186667,3188.311480186667,3286.521127653333,3238.690699173333,3259.9966346933334,3228.63382456,3146.35063688,3134.44066448,3198.3667890933334,3196.650020933333,3429.01654184,3377.4587800266672,3456.3033772,3543.977226666667,3363.705542293333,3444.983995066667,3374.994794106667,3430.27897488,3553.201030693333,3597.4520774666667,3660.361862906667,3560.890846693333,3595.91653448,3458.394378053333,3531.837112746667,3611.0835403466667,3541.1278235199998,3516.329996746667,3479.949960053333,3403.96133896,3433.858884906667,3465.401943893333,3444.57379128,3438.711295973333,3513.1964654933336,3549.60407064,3683.4324000799998,3721.40588648,3678.471505786667,3594.6590123466667,3583.81056096,3544.3880044266666,3625.58594272,3508.74117944,3718.4496415999997,3676.5380663200003,3653.315889653333,3541.318001813333,3594.2435188000004,3755.737581866667,3640.2588140533335,3415.7899069066666,3597.2181746933334,3663.2242163466667,3781.853444773333,3768.339627866667,4022.7756828,3694.6996725333333,3722.0305557066667,3714.826020853333,3774.419295626667,3730.23423136,3737.7248415999998,3663.190298053333,3680.4886893333332,3536.275531866667,3586.140072853333,3569.2696932266667,3684.453016826667,3574.0088322133333,3671.6365649066665,3644.845272453333,3667.02784088,3523.6547016,3661.10848464,3559.314114666667,3624.1534798666667,3514.79249504,3607.28173896,3662.83104344,3624.626061413333,3686.2347615733333,3813.940654666667,3851.50472536,3996.029102826667,4009.639950853333,3707.9203248000003,3638.754432666667,3684.28280968,3705.8544504,3752.44314168,3692.822538666667,3735.42613392,3835.3206599200003,3843.9473534666668,3800.908549973333,3624.5231851999997,3776.984961466667,3788.66642848,3882.89134888,3916.103212933333,3778.6001010933333,3868.195793866667,3923.0723933866666,3968.492684346667,3990.751219706667,3911.33149136,3972.0106436,4033.254302746667,4058.05838624,4131.226181333333],