{"message":"Aggregated IX data for Seattle IX","data":{"nServiceId":null,"width":286,"jServiceId":null,"start":1503273900000,"end":1503359700000,"name":"Seattle IX","in_octets":[],"out_octets":[],"in_bps":[6703.323828986667,6678.483035013333,6509.25137952,6406.8471755733335,6442.8719687466655,6527.417085306666,6776.96771224,6496.816465386666,6743.9770301066665,7066.340844373334,6561.19492008,6561.289688986667,6758.048740666666,6502.274873146666,6441.028744640001,6498.99089304,6384.945840586666,6428.055983386666,6274.406283013333,6396.172588826666,6534.2972652,6860.842246693333,6361.8359090933345,6309.3593707733335,6179.291328133334,6437.688449573334,6821.17772032,6480.52424208,6622.730144133334,6682.759479653334,6576.95505512,6626.437578319999,6603.62056392,6739.774904426667,6839.364060613334,6814.924429786666,6812.2437496,6839.529335146666,6714.449511253334,6684.933842266666,6677.166424026666,6872.04883512,6600.3191668,6738.159874,6498.071730266666,6602.354179013333,6414.6236687733335,6447.76442896,6398.678705439999,6414.276348693334,6419.918977146666,6536.667429173334,6520.14065008,6716.106864,6657.34840968,6422.00376016,6579.3008220266665,6362.9312204533335,6596.138977733333,6400.661603653333,6707.647133626666,6606.34142072,6675.45964792,6669.848609279999,6597.16162256,6637.666199813333,6522.987310933333,6842.707305253334,6669.3586728266655,6768.669620933333,6633.644474026667,6733.64226864,6701.63060032,6502.06716664,6741.504442506666,6646.3353908,6454.46082632,6713.148363413334,6581.19175704,6227.03292392,6331.987166853333,6294.348396426666,6202.082225733334,6226.737621013333,6729.839855706666,6475.737320640001,6292.847861706666,6671.09500328,6674.237001386667,6427.307946853333,6428.265392426666,6305.3324905066665,6178.71909144,6193.53731728,5847.99044192,5927.26678424,6036.7737452266665,6104.384758666666,6159.5831679466655,6324.765109866666,6162.72834584,6132.970511893333,6067.170479226666,5982.43964376,5938.289931893333,5989.94131504,5894.848650186666,5882.081870426667,6094.225646373334,5945.75259264,6002.54495312,6108.125550693334,6018.346157893334,5942.418242266666,5771.13987448,5837.39137296,6096.778358,6301.00759664,6176.093131866666,6049.82606464,6056.0714061866665,6258.143674800001,5961.67952128,6028.164705653334,5980.115494773334,5801.678984533334,6470.0468868,6018.642236346666,5748.584127733334,5674.769775093333,5837.654672533334,5770.565945946666,5991.839012133334,5941.617542773333,5934.472929706666,6061.84944104,5982.56393312,6171.65166392,6269.703071333334,6420.521172133334,6307.1682879733335,6130.491971066666,6671.333565973333,7041.55233992,6590.40113608,6694.313669866666,6678.230927279999,6609.968244826666,6805.533706506666,7125.43377176,7385.105786933334,7215.363315413334,7255.85660432,7449.508510986667,6852.734894933334,6598.916358,6603.972536426666,6827.569279333334,7057.676430986667,7598.3585643199995,7222.344926106666,6838.33902768,6706.098039066666,6750.333293306667,6735.409841893334,6719.619589173334,6852.22751504,6499.359596346666,6425.840356666666,6730.62431192,6800.670804186667,6997.384170746666,6975.117737066666,6849.132914906666,6920.824978479999,6937.05180224,6615.807414479999,6947.558817973333,7050.537572906665,6826.513524853333,7160.68089912,7090.194670693334,6783.67879792,6732.114431786666,6732.138936453334,6851.844467413334,6839.641849173334,6982.9490372,7040.750530453334,7244.320210479999,6831.665490986667,6914.868981866666,6693.133386666666,7074.410741146667,6652.2394524266665,6659.3754126133335,6704.035701733334,7006.2955566400005,6887.572411386666,6993.84917624,6486.971895786666,6633.526355546666,6602.575837493334,7138.380259946665,6689.894437306666,6462.330425546666,6622.624288800001,6688.4138075733335,6469.6519840266665,6385.212278026666,6961.70354408,6629.637818293334,6606.947385093335,6678.002442826666,6634.997957386667,6700.8205195733335,6876.4815997333335,7137.57776432,6819.653318906666,6952.34031776,6766.915796293334,6644.891788773333,6997.724823733333,7189.450857333334,6783.54344776,7011.0033099466655,6973.73089024,6696.965792666666,6849.06451288,6849.616197333334,6935.1435245600005,7235.41337904,6903.611201226667,7521.3176536,7562.02060408,6998.495743866666,7384.48867768,6951.549622826666,7432.56501896,7844.71532984,7367.918435386667,7374.2581815466665,7432.214621386666,7377.709744906666,7001.03895112,6987.088869973333,7048.271936239999,7261.88155128,7234.216451066666,6978.79453992,7334.282821013333,7200.73204256,7133.809212666666,7511.104396426666,7158.79679416,7448.396799653334,7414.655781573334,7047.133139066666,7066.442198533334,7505.427549066667,6979.307446586666,7457.21156864,7001.27365568,7258.325567093334,7434.466357413334,7651.41490968,7484.7958156,7406.8549568533335,7608.96325576,7202.713921653333,7374.52280248,7703.104229333334,7305.37729456,7438.660416906666,7632.256742506666,7031.45054904,7192.50636112,7242.025196106667,7426.67115216,6961.805244213334,7440.35843464,7270.80483696,6705.205427306666,6668.592358453334,6502.671274853334,6797.346066693333],