{"message":"Aggregated IX data for Seattle IX","data":{"nServiceId":null,"width":287,"jServiceId":null,"start":1487563500000,"end":1487649300000,"name":"Seattle IX","in_octets":[],"out_octets":[],"in_bps":[3819.713896,3872.2502679466666,3936.821292106667,4058.93070584,3942.431746,4021.638985626667,3939.231057653333,4064.18779128,4028.408338773333,4014.756369253333,4037.398556426667,4081.177916106667,3853.890397893333,4052.412468053333,4062.912685813333,3986.3109728000004,4022.35329552,4180.57945328,3931.612014346667,4165.69276792,4152.164606746667,4076.98559872,3874.1603065333334,3967.926029546667,3965.766000773333,3979.7985288,4050.902236586667,4071.2745978666667,3878.8878115733332,3722.7540865066667,3792.2118424,3736.3174464266667,3658.727486346667,3618.1791809066667,3570.4583344266666,3674.32172032,3698.199446106667,3738.259206453333,3691.312774266667,3673.3816059466667,3505.477351813333,3518.0512501333333,3603.974543173333,3440.0560917333332,3574.776172693333,3713.9091778666666,3735.7825409333327,3727.5326940266673,3604.618091893333,3584.259090266667,3688.16575544,3551.0328739466668,3682.0905874933333,3779.19562104,3682.166886746667,3566.448951146667,3583.268742106667,3598.02796104,3532.9238136,3679.12305152,3533.94189048,3585.13502232,3419.775465146667,3305.7951245066665,3412.151885813333,3417.045789733333,3395.59777704,3358.7023727466667,3235.55369256,3493.9917597333333,3243.391635093333,3336.59605128,3390.4943825066666,3266.422722426667,3397.78820208,3281.4940334933335,3194.0897080266673,3234.6830369866666,3325.0064034666666,3420.516988053333,3323.336665946667,3458.898258213333,3317.636745973333,3280.93869656,3366.0289018400003,3302.893178186667,3484.1357742399996,3358.518598506667,3354.604580986667,3304.771224586667,3380.81519792,3348.5461362133333,3375.7361836533332,3366.4288389866665,3427.91736968,3416.1425538400003,3381.2485424,3482.7028462666667,3337.1360671999996,3342.6170145066667,3465.827164773333,3460.011944186667,3385.227521093333,3335.8034774400003,3281.7156631733333,3318.902972853333,3309.5039200533333,3369.896797226667,3290.864301706667,3428.8641211733334,3338.343433573333,3454.126614693333,3549.117558346667,3507.61392368,3346.272515733333,3284.75853496,3421.3865312800003,3363.418413066667,3282.492731653333,3334.804938426667,3339.033449226667,3462.8283396799998,3526.8623916533334,3443.1807282399996,3414.161312426667,3377.7370455733335,3472.041389813333,3417.232137333333,3446.92576768,3510.5301904266666,3619.8459609066667,3496.6501909866665,3606.7130484,3567.1298192,3582.88484392,3646.010650026667,3449.149524933333,3286.5692250133334,3412.237081973333,3482.5353391199997,3421.1640211733334,3298.1679902399997,3458.12610272,3467.8659962133333,3455.4836041599997,3472.62675912,3411.722211306667,3517.369154,3592.8774611733334,3658.809385146667,3738.016100853333,3769.8073850933333,3683.2566470933334,3686.1647847199997,3761.4505674666666,3840.10272912,3878.5422367466667,3935.9916689066667,3869.28904368,3973.678035866667,3993.262711733333,3936.1154044,3796.52020512,4036.974722853333,3858.756860053333,3918.867483626667,3973.761953733333,3939.180274773333,3962.294216933333,4034.5529469866665,4114.83070968,3900.857352773333,3701.606588773333,3608.19045768,3679.148354453333,3847.5235061599997,3935.794056346667,3971.1566215733333,3949.442352453333,3924.613318666667,3833.0145090933333,3586.570994586667,3363.313104746667,3445.1119484,3424.984051893333,3402.21739424,3395.77127824,3449.8760250933333,3524.985805866667,3419.7681293066667,3449.03114896,3344.959785893333,3333.8127782133333,3305.558938186667,3328.83730088,3282.445923173333,3220.5243068,3329.5032238400004,3411.117593813333,3555.21487024,3610.376069013333,3481.1465316,3562.682593573333,3778.397198693333,3678.7715328000004,3791.695743973333,3482.014930133333,3520.981667573333,3589.5519057600004,3634.97554104,3571.9707149066667,3867.943265786667,3815.59619072,3683.723953333333,3674.0744398666666,3588.241395413333,3538.6355676,3553.84664792,3617.252334453333,3660.5296655466673,3470.52327856,3483.646225413333,3360.089791093333,3422.242401893333,3386.7278237600003,3613.817035973333,3399.039528,3464.905527573333,3381.084177546667,3497.6872662399996,3552.9069618666667,3587.10600696,3554.665033866667,3588.0852905066668,3523.274918933333,3398.9198510933334,3477.7331025066665,3536.969271333333,3444.84264456,3442.48790552,3477.788201786667,3416.287253226667,3437.329053013333,3577.1855468266667,3532.02592856,3512.901726666667,3576.6978042399996,3452.40322216,3509.1237224,3496.437252293333,3430.012135146667,3542.407321066667,3582.47029408,3482.007599626667,3480.7358503200003,3713.990151013333,3748.278446933333,3790.747057733333,3455.447281146667,3427.4339772800004,3463.88544128,3407.09736896,3421.054038213333,3263.0768566133333,3354.8565533066667,3338.989633226667,3388.4557102666668,3364.603189333333,3382.970511253333,3579.85135552,3606.965132666667,3557.146191306667,3531.665687066667,3632.78418504,3675.4754727199997,3627.55971352,3671.5008332800003,3719.73516056,3802.727172346667,3902.284100613333,3706.14504656,3833.623484133333,3803.820687333333,3728.350827413333,3864.26292704,3467.803198746667,3596.9146706133333],