{"message":"Aggregated IX data for Seattle IX","data":{"nServiceId":null,"width":214,"jServiceId":null,"start":1510949400000,"end":1511013300000,"name":"Seattle IX","in_octets":[],"out_octets":[],"in_bps":[5808.2111982666665,6071.006203253334,6068.870281386667,6169.5115016,6557.654873253334,6784.508329813333,6321.742488773333,6770.205049146666,6617.528950426667,6662.391193386667,6535.64204064,6873.7787620533345,6632.458609733334,6906.929028853334,6534.280640319999,6566.871947413334,6471.817521626666,6688.089532026666,6448.31118392,6491.709486026667,6426.244664746666,6803.375921066667,6892.4369932,6944.583079013333,6765.91396512,6819.433813413334,6268.84434392,6446.773356773334,6534.089877946666,6536.013852319999,6381.574296106666,6540.761285359999,6545.604366106667,6406.000967573334,5053.74197648,4517.081626720001,4650.933961626667,4459.385530453333,4622.410582853334,4523.0605206400005,4378.464898586667,4150.872247493333,4347.380523253333,4506.399932266667,4466.606926906667,4427.504451866666,4326.910782853333,4636.040543093333,4564.0493916000005,4528.8361848800005,4403.902381653333,4612.863798586667,4775.079202853333,5049.896852399999,4677.787697146667,4620.703918213333,4461.2317728533335,4435.586198933333,4497.841722666667,4466.6190593599995,4512.809136853333,4583.826404293333,4474.065584106666,4276.696484693333,4291.183097573333,4267.5024605066665,4615.566345493333,4637.824848346667,4296.5214059733335,4375.86375696,5774.539021359999,6435.919688613334,6378.942606746666,6175.607319386666,6543.8503881333345,6190.605982453334,6559.362961946666,6634.905993493334,6593.532794693334,6415.040950106667,6762.098692,6402.43716184,6781.6610956800005,6527.674576506666,6470.231413333334,6490.48902896,6658.278009493334,6465.735293653333,6934.09099176,6175.83256096,6364.666216373334,6203.824042373334,6587.70713928,6362.688214186666,6647.693460266666,6320.865914933333,6229.457032533333,6338.095231013333,6621.15081456,6478.989046506666,7043.885217733334,6737.705739573334,6868.35127696,6377.62693496,6544.857033706666,6439.21191288,6920.182490426666,6706.552343706666,6718.862699653334,6354.44518,6608.6553988000005,6479.870856586666,6773.84236032,6400.819796586666,6923.654846453333,6243.802722986667,6424.491500133334,6061.2178437600005,6287.710123893334,6351.781771653334,6209.9264322399995,6319.477122,6515.445373653333,6244.076925333334,6381.909904426666,6151.286944373334,6140.16875728,6493.190501946666,6330.530502666666,6316.073651573333,6358.052443760001,6203.922481386667,6001.816937706666,6069.80870024,6086.508698053334,5741.74892904,5903.262698133334,5920.09372584,5933.987056666666,5579.051400773334,5786.492334986667,5670.713773760001,5908.831466506666,5928.624099306667,6081.958512906665,5796.631867173334,5876.6872500533345,5632.276905946666,5873.899449493334,5646.225603386667,5792.179034986667,5668.423330106667,5807.258462453334,5546.035032693333,5966.016521066666,5756.7660133866675,5747.440084746667,5513.1818318666665,5740.241381546667,5352.261160613332,5565.586089626667,5428.736515813333,5537.38830832,5453.506253386668,5512.972620426667,5416.09552448,5376.926333439999,5358.212537439999,5573.373858479999,5242.248858933333,5323.40843064,5490.038814826667,5319.343772853334,5476.111656,5262.85844232,5289.399135199999,5295.546492746667,5427.1728176533325,5464.92374208,5583.1040563199995,5660.95804024,5423.81146472,5430.76909856,5484.63897168,5394.83794176,5655.574919146667,5310.612226,5108.184195253333,5151.826818266666,4911.7344377066665,4958.438462906667,5069.2513405066675,4955.970481866667,4817.5442101866665,4984.396699386667,4863.309326026667,4984.224438640001,4766.449347333333,4714.373600826667,4607.302365706667,4854.488181173333,4819.433876720001,4949.53233328,4871.907768586667,4764.829166106667,4805.294058986667,4900.396994933333,4808.403792346668,4980.17038712,4944.855650453333,4783.640182239999,4522.35226264,4591.752507706667,4799.037337946666],"out_bps":[5805.744021333334,6067.478187626666,6037.775854506666,6151.995757706666,6537.866892906666,6773.1225448000005,6319.677583946665,6739.683104213334,6623.589981866666,6626.415927653334,6518.2066280533345,6835.6967877866655,6675.838394106667,6849.433364533334,6514.208089706666,6579.642120586666,6450.218533146666,6664.43250784,6443.831835333334,6446.388385173334,6448.299791493334,6775.96822016,6878.00465328,6916.921727253334,6772.28092256,6778.434882826666,6274.24886768,6424.21876224,6517.79308744,6547.176371546666,6323.936132906666,6537.73651264,6520.456486906666,6421.070580933333,4987.874655866667,4507.523665173333,4625.512582426667,4462.310781786667,4602.369383253333,4477.343146586667,4380.457994213333,4131.9280397600005,4351.654986053333,4471.269015306667,4451.845866453333,4424.3748216,4302.9114744,4645.35152352,4551.134048666667,4510.701647600001,4390.546374453333,4578.6734460533335,4775.37660296,5039.24181528,4663.404773813333,4594.040948453333,4474.5335808,4402.326056053334,4487.396702133333,4441.342960853333,4507.483124373333,4561.073751466667,4461.052747306668,4245.3427115466675,4290.666402586667,4255.91244872,4576.779204586667,4644.42083272,4282.520520266667,4346.7804616,5791.935943786666,6439.076644746666,6353.7714438933335,6276.8969856,6407.56416448,6107.323048533333,6621.244317253334,6625.096083546666,6584.476044586666,6262.747197253334,6909.119422346666,6351.032114933333,6776.9374824,6441.945834239999,6520.08208376,6463.8283221599995,6658.2490358666655,6473.153933093334,6889.501229439999,6151.46977688,6348.981098,6202.126161946666,6562.287963173334,6383.0466186133335,6615.279071253334,6303.315647840001,6206.692257653333,6355.79849768,6601.098483013333,6502.482885146666,6999.6577849333335,6725.101348266667,6851.645729520001,6432.510093146667,6469.183927146667,6416.96930088,6919.0650257866655,6682.74268072,6698.222580293334,6368.594034426666,6592.933856373334,6468.061505680001,6780.5339424799995,6371.898171733334,6935.64038256,6202.766180533334,6428.58035072,6043.867511626666,6245.002596133334,6376.50239592,6195.96473168,6309.84390448,6515.298103546666,6230.693020266666,6387.052713946666,6152.864192586666,6108.730450293334,6488.786854026666,6317.100467706666,6304.852906319999,6364.280902746666,6180.458560399999,5999.20731472,6062.26872216,6050.09315512,5758.2206644,5906.181658853334,5921.463579333334,5904.391539626666,5553.832865546667,5798.42444696,5667.41713704,5897.071980346666,5931.683663013333,6060.606817333334,5787.776727626666,5869.248960853333,5612.7091124,5872.958958239999,5633.795266720001,5804.581332853333,5627.152995840001,5800.533398,5545.618739866667,5959.57432168,5735.685565466667,5757.355727173333,5501.60304808,5722.186427973334,5346.6269116,5555.26521728,5442.871897546667,5509.648018933333,5449.367075146666,5536.83192112,5405.46833624,5349.981504346667,5383.21258776,5566.003737466667,5198.30848976,5325.068752239999,5491.26156088,5288.89163408,5471.935954426667,5252.517481466667,5274.642430106666,5297.71614496,5408.6640108266665,5468.74220616,5581.78641416,5629.066235386667,5442.904933386667,5423.00012904,5474.760234,5393.005491066667,5647.089590773334,5283.633024213334,5135.410589546667,5120.89500168,4909.3667947466665,4953.91753608,5063.523197706667,4934.665972666667,4817.549253093333,4967.750251359999,4883.570511466667,4946.299775546667,4755.691238053333,4725.412649600001,4587.364192773333,4844.970292453333,4812.705893973333,4948.280880773334,4877.796172560001,4738.350690773334,4803.706083733334,4868.2503054399995,4827.030785093333,4986.730898106666,4911.4994425333325,4782.1131164,4504.82751216,4593.2262816,4779.81345672],"in_packets":[],"out_packets":[],"in_errors":[],"out_errors":[]}}