{"message":"Aggregated IX data for Seattle IX","data":{"nServiceId":null,"width":282,"jServiceId":null,"start":1513757400000,"end":1513842900000,"name":"Seattle IX","in_octets":[],"out_octets":[],"in_bps":[5789.089413146667,5939.36563552,5807.8348640799995,6065.1806900266665,5750.2682148,5566.454215413333,5890.866032399999,5834.522373520001,5735.39246592,6550.346606293334,7230.71486464,6990.172915786666,7071.247418373334,6946.59019112,6679.891487626666,6586.293637680001,6701.97969816,6869.203218533334,6900.544636773334,7113.332141173334,6968.267313893333,6808.378756666666,7243.199238106667,7212.996509413334,7670.40132104,7184.068086853334,7300.8845181333345,7154.31751016,7904.60968904,7555.205542773334,7049.012467226667,6813.218408186666,7199.519595146667,6478.8471632,5792.194519600001,5465.812950986667,5538.014417066666,5414.666215653333,6388.047572506666,7888.345138533334,6972.571283013333,6191.5073985066665,7498.274482613334,6179.114579493334,6415.429242106667,6660.047397493334,5868.0172340533345,5907.7433604,7135.162709813333,6257.1220208,5820.210220613334,6570.237546666666,6479.193042293334,6063.181307386666,5704.477329066666,5949.304646346666,5553.1515022133335,5480.971248213333,5631.571016293333,6374.011098399999,5726.524166053333,5394.800130266666,5359.326884319999,5539.18989656,5143.545426506667,5219.909747386667,5154.817270773334,5174.633163706667,5409.8857374399995,5484.495251146666,5482.475561013333,5541.400176266667,5511.267896213333,5495.055595413333,5465.3861311733335,5358.747595813334,5280.795905520001,5391.504982613333,5417.8525964,5306.060300586667,5293.244298106667,5485.51528192,5318.82134512,5524.6321446133325,5511.708449520001,5607.0722786666665,5492.26949992,5569.383704693332,5555.223899546667,5582.14255784,5693.0925199466665,5784.3411269866665,5899.193711413334,5769.832694293334,5741.17966976,5757.36784392,5673.864161066666,5813.803286506666,5653.220146533333,5754.9094784,5712.486054586667,5610.601784186667,5679.233313786667,5687.348223706667,5730.749866053333,5834.131245680001,5950.843997306666,5761.10611024,5806.074112826665,5888.32404072,5833.392013573333,5982.2221484266665,5848.901424613334,6163.42749808,6524.28463576,6412.807482986666,5991.007430346666,6018.210463893333,5794.71198104,5773.541940293334,5795.306381893333,5838.3381211999995,5693.242251893334,5835.06465944,6197.089169653334,5577.260399946666,5801.76309032,5667.365554053334,5548.941391973333,5552.291260773333,5537.751213439999,5810.705394933333,5671.74088832,5483.339626826667,5568.60067096,5652.032833226666,5672.281429546667,5765.7397604533335,5705.0204468,5419.288139733334,5503.4080922133335,5590.695439653333,5507.074020506667,5620.293779013334,5511.100973706667,5522.339173546668,5654.662543866667,5615.826392186666,0.0,6013.159840506666,5914.063240186667,6083.8380684799995,6009.2471075466665,6068.186927680001,5856.679259573334,5966.572187146667,5806.8330759733335,6099.558023013334,6168.242935573334,6008.13213208,6033.239328213334,6050.831849973333,6037.44967168,6150.834007413334,6115.06548912,6087.458662506666,6092.63597768,6033.5458496,5962.578474293334,5994.902787706666,6083.110505253334,5885.926789706666,5647.906082613333,6036.66708296,5719.834181573333,6186.966967706666,5955.2933961066665,5682.254287893334,5702.352040399999,5998.593505813334,5782.56340576,5836.978022186667,5912.611624106667,6088.151771333334,6000.0364392266665,6041.352755253334,5840.296202746666,5870.340870906666,6015.007176239999,5950.28168528,5835.54588968,5982.86877296,6091.084138426666,5995.43307376,6067.602507546666,5983.113301653334,6117.964242319999,6064.29175184,6064.984894213334,6070.347414853333,6036.878271653333,5785.569500693334,5793.4021089066655,5772.0639032,5758.40689888,5817.437973893333,6379.321874053334,6115.967327306666,6016.93494928,5865.676780693334,6059.48251752,6157.150829333334,6287.842092266666,6134.161724,6184.1077694666665,6245.305252426666,5982.451125013334,5787.0184736,6097.67860552,6059.152990933333,6219.247872773333,6117.109162266666,6005.688720693333,5977.528984426666,6184.642769466666,6041.474645546667,6367.047681546666,6028.283167333334,6313.6957612,6204.316473493333,6407.628235973333,6190.151967893334,6110.1486362666665,6182.669931413334,6280.19176168,6570.199173493334,6502.047506746666,6269.213727306666,6240.267955066666,6343.367841546667,6262.682395600001,6257.38520728,6230.228481093334,5915.1482533866665,6125.209508906666,6063.882269146667,6113.409836506667,6024.595113653334,6113.466405786666,6107.763384906666,6286.96681296,6164.188738986667,6260.06709608,6102.477231413334,6169.128740266667,6107.98343688,6117.30787936,5911.675043946666,6095.137174266666,6258.168274506666,6388.269660186666,6260.52289048,6533.714143706666,6142.021976826666,6043.574978293334,6021.185583146666,6091.18318688,5831.876510239999,5851.995311333334,6049.305070906666,5749.664967680001,5806.283162426666,5810.88180904,5602.791783973334,5617.301112773333,5436.871844346667,5439.71300392,5390.748210186666,5598.713578479999,5591.0170230133335,5441.579852106666,5378.363937893333],