{"message":"Aggregated IX data for Seattle IX","data":{"nServiceId":null,"width":288,"jServiceId":null,"start":1478304300000,"end":1478390400000,"name":"Seattle IX","in_octets":[],"out_octets":[],"in_bps":[2918.318587733333,2766.0039950666664,2825.9720050666665,2686.0945327733334,2937.976480133333,2882.2337275733335,2968.552846106667,2954.08838976,3011.5999114666665,3143.994384266667,3113.721528666667,3034.022082933333,3040.6930443200004,2958.0070323200002,2921.87523456,2908.6316591199998,3263.45508904,3396.228726613333,3590.2974284266666,3614.999860586667,3509.7653242399997,3493.3825125333333,3286.136250106667,3286.7076326133333,3389.6585585333332,3235.779962586667,3221.755012933333,3081.285642106667,2973.54690664,2984.6248202399997,3049.0276552,3057.852420693333,3054.2011052,3038.940581386667,2874.717416586667,2824.1322386666666,2846.309898586667,2739.2547004000003,2771.8188393333335,2692.2733986666667,2780.13685312,2836.3513984,2790.33190944,2981.044864053333,3036.767111813333,2899.0399796533334,2967.4616561333332,2930.8708154933333,3040.243929333333,3039.080915626667,3093.039947386667,3005.7931404,3092.07749928,2971.7700848000004,3092.483716666667,3262.169229546667,3302.98982752,3233.12927872,3101.395183626667,3257.825672746667,3121.7979954666666,3275.81944736,3116.4621524533327,3258.893068373333,3205.382119653333,3184.8723455733334,3215.470657333333,3347.178932826667,3289.1140548000003,3329.3321685066667,3318.02709168,3301.05121288,3268.3169477600004,3300.867086666667,3303.366397386667,3285.37642856,3423.1973309066666,3335.464985893333,3448.69365056,3164.70445896,3370.176488186667,3347.82732048,3417.867843813333,3355.98360624,3491.779533093333,3459.0896920533332,3242.126409973333,3206.440885573333,3296.0444280533334,3071.977888693333,2966.129808026667,2978.8405904,3010.5022036799996,2962.4419712,3000.652738346667,2875.8265080533333,2948.419940346667,2970.873803706667,3065.6342816799997,3171.258557386667,3127.238283386667,3026.12664624,2909.379171733333,2789.9966867466665,2773.025795173334,2722.8819332800003,2812.6743879466667,2909.8436574666666,2843.6827880533333,2932.9596360266673,2943.6409444,2890.933855973333,3021.6764017866667,2984.0845490133333,3040.167756373333,2950.313728586667,2916.909620186667,3019.61134864,2816.1163288000002,2879.5070928,2596.5731928533337,2562.56389816,2713.4431401866664,2746.8258552533334,2635.085949946667,2614.4524446933337,2640.4297186933336,2582.63541544,2655.5750534133335,2571.51333936,2705.242352426667,2713.9854775999997,2917.991226186667,2866.9595688266663,2685.3221967199997,2748.7891012,2735.4284316266667,2771.5323536,2660.5652007733333,2640.167953466667,2524.612725013333,2507.512936453333,2610.7470697866665,2585.8411001066665,2610.2075629333335,2452.9403733866666,2547.0841901599997,2531.3378015466665,2569.7916170133335,2667.767727066667,2702.650770906667,2570.49073216,2632.52501152,2621.22358224,2688.4359151199997,2599.2057481866664,2582.988264,2639.5476642666663,2650.19728144,2617.24125448,2604.02483408,2757.4776133333335,2719.1708830666666,2811.791889493333,2828.67012144,2860.5485508533334,2766.7900639466666,2716.2447048533336,2753.1087324533332,2813.8497683200003,2824.94328064,2847.55865672,3012.199774853333,2756.403346693334,2705.0996901333333,2836.0858507466664,2843.1110977066664,2834.0490703200003,2773.23270352,2761.04465456,2799.1809242666664,2844.1910318133337,2946.8075592533332,2857.33617592,2932.9528176,3031.5607265333333,3114.468959893333,3086.37779632,3200.198642906667,3115.594608586667,3071.0289245333333,2977.3487809866665,3005.91752544,3045.6100691466672,3105.52853176,3126.565403706667,3188.964752826667,3214.366385226667,3033.8937406933333,3111.866122266667,3189.521107573333,3134.026174773333,3063.71651552,3049.728518053333,3218.150768053333,3147.7112646133332,3183.5960937600003,3316.0838869866666,3390.24769504,3238.1136110133334,3103.1301992800004,3166.084801973333,3024.36680816,3100.389832613333,3078.452052106667,2896.5860336533333,2884.4832749333327,2859.6906241866664,3045.982544266667,3312.2395531999996,3597.0351794933335,4003.01718896,3594.120408933333,3553.560028133333,3531.0783836,3302.6670429066667,3337.321845813333,3221.04338696,3128.671145733333,3147.024500613333,3100.1592827199997,3077.496093973333,3016.158316,2912.7848259733328,2969.528071413333,3147.9583795999997,3132.960320186667,3071.8984465066665,3097.8514472800002,3133.039284106667,3163.47222024,3110.85650648,3095.13854288,3107.197826373333,3116.8708355733334,3028.6201648,2842.0480556533334,2938.6999372,3158.207144266667,3042.486718373333,3187.400876693333,3073.4998330133335,3137.2761358666667,3095.8676313066667,3225.7255249066666,3477.954935386667,3814.8962977866668,4137.640795173334,3937.845904826667,3742.9951905333332,3831.552750026667,3661.983327573333,3658.101565893333,3564.669548026667,3577.223527226667,3471.221365733333,3540.003411546667,3498.362683253333,3409.07387344,3540.8860361066672,3559.532262773333,3372.6790232,3361.926270533333,3224.68940104,3161.56430008,3120.69188304,3331.7251248000002,3377.30660784,3310.7718852800003,3226.47406848,3118.2539164,3028.19418832,3066.01839008,2968.9583912800003,2999.815707893333,3222.83151832,3291.93478504,3215.8843688],