{"message":"Aggregated IX data for Seattle IX","data":{"nServiceId":null,"width":269,"jServiceId":null,"start":1475681700000,"end":1475762100000,"name":"Seattle IX","in_octets":[],"out_octets":[],"in_bps":[1995.5867538133334,2071.1863641600003,2168.5093542666664,2169.9949445866664,2144.0600466133333,2092.0175295733334,2148.3564654133334,2292.32674128,2185.379509093333,2243.360826506667,2280.08633824,2261.3190394933335,2220.4874346399997,2213.416480906667,2314.2777174133334,2345.02860576,2228.2768198133335,2173.7061982666664,2208.0540096266664,2082.4611128,2120.2548766133336,2049.064059786667,2150.2520099733333,2178.66647384,2083.1127191466667,1972.93400816,2009.2750379200002,2015.7077828533336,1904.6788422133334,1862.1301216,1942.5362163466666,1990.21843152,2005.92562272,1944.3629201333335,2064.2483691466664,1880.4673406133334,1865.1086374400002,1878.7115293333336,1988.784236,2011.34245048,1950.5721380266666,1930.3477004533333,1882.3882796533335,1890.0278931199998,1937.27449432,1834.5435886666664,1978.8513823733335,1921.18756792,1948.4221066666664,2011.44906008,2009.9324103733334,1928.0463998666667,1988.46011608,2005.5807172266664,2008.28111944,1952.2888146666664,1999.04222888,2017.4468335733336,1942.54805344,1931.8836973066666,1969.1948245866665,1851.3350471733334,1893.9874779466666,1855.6113942933334,1825.9990120533334,1736.95576176,1722.47863472,1707.1023994133334,1889.0155044,1785.4042050666667,1753.0404310133335,1802.07838992,1817.0644247466666,1791.09425408,1918.87968656,1928.4673445866665,1954.7532609866664,2134.4720603466667,1982.3064910933335,2145.86370816,1993.11770256,1954.2768769333334,1968.71053976,1948.7758078133336,2004.2862823466667,1989.9383815733336,1928.7960136,1852.3519790133334,1801.29060128,1882.7568803466665,1934.55546392,2065.40172328,1894.1296025866666,1873.1178793333336,1767.5302692,1826.5665231199998,1806.3758533333335,1740.4415396533334,1797.8201765866665,1776.3032722933335,1728.3936237866667,1659.7182739466664,1684.4093454400002,1744.90460328,1800.40419824,1898.7031431466664,1810.9065281866665,1953.3200502133334,2018.6498548266666,1779.56696472,1831.1952312266665,1965.42896152,1931.1164260799999,1935.4880038933334,1888.6687630666665,1894.87740688,1971.5263560266667,1935.3160772,2055.6808407733333,2014.6407805333336,2086.2738526133335,2093.4774240533334,2061.4479427466667,2059.6207829066666,1984.3658841866666,2009.2731335466667,1991.7683590933334,1924.6494794133334,2071.8965300533337,2062.8930892533335,2150.7620699733334,2086.3424070666665,2200.204683093333,2163.7399935466665,2190.55698896,2217.3180002133336,2352.15527656,2267.28615112,2276.0044089866665,2239.791861653334,2161.5152979733334,2269.1750835466664,2562.28736824,2135.466822746667,2540.2926316533335,2035.5205624533335,2145.515601493333,2170.7572934933332,2117.4148858666667,2129.83592296,2106.6568813866666,1971.9904096266666,1956.4109260533335,1896.6658629600001,1894.6322841066665,1855.4379439733334,1879.7409016533334,1791.3060081866665,1833.3241723733336,1857.4384010666665,1844.9070260533335,1855.79128296,1894.9031068266665,1830.5620924,1914.4008323733335,1890.5385874933334,1936.5572785333336,1907.1369204,2020.43322168,1951.5759621066666,2020.8858638133336,2052.2709317866666,1974.7912662933336,1961.2168065066667,1878.1593336533335,1798.6871732266663,1774.5715605066666,1783.7317126133335,1803.6780973599998,1760.9507409866665,1767.21998104,1710.9150643733335,1732.5566740533336,1724.6327360266666,1688.7235353866665,1637.8042411733334,1775.5567475466667,1627.8732298933335,1681.1352863466666,1690.1631425333335,1672.85693808,1565.8836838133336,1606.1826884533334,1538.6482328,1405.5337983733334,1525.1517347733336,1533.45784336,1515.8038902133333,1505.8573302666666,1444.8083026933334,1479.75992696,1390.34693704,1413.4557121333335,1416.3205965866666,1434.5705396533335,1342.6097405866665,1348.6181521600001,1404.0657726133334,1410.5973477333334,1440.1095086133334,1416.4668356533334,1389.2169313066665,1451.1387906666664,1543.6247985333334,1519.1004583466665,1499.0096213333336,1517.1718415466667,1461.7614854666665,1471.9205137066665,1389.96213216,1514.7116289066664,1460.1546698933334,1462.7476778399998,1406.98310408,1383.6491359733334,1357.83000768,1314.2228014666664,1405.33398328,1298.58083408,1306.11402712,1370.3885682666667,1238.0786830933334,1284.75834104,1384.7738498933334,1405.30984424,1374.2291078133335,1394.54348424,1475.7894812266663,1476.86493944,1436.5295458666665,1407.2861730666666,1391.2740537333334,1353.2554829066664,1343.3480061333335,1391.61873456,1360.08350264,1329.7660670933335,1374.05922424,1305.0395831733333,1342.0917741333335,1385.6196140533334,1303.4139358133334,1367.8404052266665,1323.59712424,1406.1842330666666,1436.1240400533336,1432.42077408,1389.86784752,1485.8142282133333,1543.7381031466666,1530.2608091466666,1537.2674107999999,1587.1221485866665,1614.1620662666667,1640.9015073066666,1686.5049242666666,1807.56789968,1653.9382724533334,1622.7594320533335],