{"message":"Aggregated IX data for Seattle IX","data":{"nServiceId":null,"width":287,"jServiceId":null,"start":1476072300000,"end":1476158100000,"name":"Seattle IX","in_octets":[],"out_octets":[],"in_bps":[2103.76541392,2057.4857604533336,2156.4708269333332,2155.9847436266664,2135.3668420266667,2254.372618613333,2191.4084314666666,2022.54115552,2218.81746344,2208.2880586399997,2145.5246341866664,2109.9731161600002,2092.6810519733335,2234.5322288800003,2335.5047626133332,2218.3158523733337,2299.2782145866668,2189.9426841599998,2235.271204453333,2164.4276289066665,2122.7102371733336,2165.2235405066667,2124.5504958933334,2054.3055228266667,2096.69266096,2097.4303138666664,2055.0114312,2130.9667583466667,2059.251775973333,2040.9371680266665,1874.8639948,1894.1111644,1957.4580894666665,1932.9826041333336,1896.4000286666665,1907.3046503466667,1980.1804651466666,1900.0747905866665,1879.5739106400001,1837.0594745066667,1783.1611996533334,1769.5641925866666,1792.07867032,1725.6761656266665,1683.9665717333332,1723.7476717866666,1705.8347558399998,1856.4939275466666,1769.99294048,1735.4287966666666,1749.5411157333333,1700.4942565066667,1686.1637214933332,1740.3984610133336,1777.8887242133333,1770.3268521866664,1718.1519221866665,1817.3770169333334,1777.6122617333333,1764.5782759733333,1784.2598836533334,1745.2659453333335,1783.93612752,1739.7536758666665,1778.4000549066666,1762.08345504,1807.1569407466666,1719.04872896,1752.38944016,1705.2844354666665,1824.3474090133336,1814.9644954933333,1892.2325473066667,1793.14918224,1911.4610238133334,1805.7731126133335,1855.6040180533334,1870.2377605866666,1753.6514146400002,1886.3767402933336,1873.0333238399999,1899.3683476800002,1857.2527100799998,1946.2779745866667,1950.62427776,1862.34388608,1950.0500066666666,1954.7888288,2016.1829642666667,2081.1986546933335,2083.6821908800002,2067.9876706666664,2193.751180133333,2333.5157892266666,2418.6325683733335,2091.1562468266666,2128.3756251466666,2064.7510590933334,2182.2440978133336,2200.886497866667,2148.899315973333,2100.630154586667,2167.8406063466664,2164.4936368533336,2200.88978288,2300.11034856,2295.4226170399997,2371.8482922133335,2334.7899627466663,2243.4066227733338,2159.46628768,2246.9144062399996,2180.05744128,2194.1452383466662,2211.53111624,2300.4563145866664,2276.3433998133337,2207.5728583200003,2159.0199158133337,2036.6071080533336,2074.56330448,2073.1514226133336,2042.1146915733334,2264.935959093333,2131.4233391466664,2145.6247999466664,2166.2644943200003,2294.2715594133333,2237.15645648,2303.8557861066665,2284.9188072266666,2344.3475990399997,2244.3626391999996,2305.2643838933336,2211.06954,2144.7109149866665,2187.1082782933336,2207.6082372266665,2119.8700906666663,2086.4337506666666,2092.2466434666667,2104.06916528,2094.5802326666667,2113.5919782933333,2130.7351626666664,2162.7623020266665,2156.76397336,2271.1135274666667,2259.86156696,2216.9557904000003,2246.38049688,2194.1435281066665,2244.0066769333334,2181.198883733334,2135.8283041066666,2270.37315968,2308.9186976533338,2224.9073499466667,2287.5505428,2256.27053832,2367.22353792,2355.685835093333,2314.5411396,2322.7667668533336,2325.3451989866667,2273.4188224,2202.1937578133334,2264.4803738133337,2218.2295534933332,2202.9091455733333,2293.7188542933336,2398.9678578133335,2398.5207848266664,2308.4377204,2289.1867131999998,2335.6777827466663,2278.12543096,2207.5599933066665,2278.4298645333333,2261.310926453333,2362.9788954666665,2421.733994933333,2307.14089048,2314.7989357600004,2325.22682968,2233.4751762133337,2182.8464193066666,2148.48173032,2152.71428896,2121.67583512,2049.84732496,2032.78049568,2135.2569046933336,2054.74806648,1965.7476020266668,2109.1420116533336,2119.5048092533334,2112.1106707999998,2067.2512181333336,2097.9982797866664,2145.30509152,2069.4137230666665,2087.7590931466666,2029.48688256,2037.1007154133333,2005.0819082933335,2106.52058504,2187.984771573333,2100.6885944533333,2004.0485469333335,1977.54820528,2122.60116392,2137.9172596266667,2153.313692933333,2053.9473112533333,2136.1474288533336,2078.4554027466666,1950.1464464533333,2011.9581614666665,1933.2494106933334,1948.2353995466667,1965.08852232,1954.7414569066666,1861.5511215733336,2014.6778338133336,2003.1149910133336,1897.6535681066666,1910.3211026666665,1949.12616064,2051.0569988266666,1938.0116520266668,2012.1395783199998,1970.0332287466667,1757.7726916533334,1846.7332657333334,1798.0714538666666,1914.3034607733337,1815.0282738399999,1789.2691906933335,1824.2311751733334,1797.33436968,1908.34949576,1990.5080280266666,1955.94946672,1989.5973063466665,2056.8495650666664,2138.69586928,2210.5047855466664,2250.08847048,2167.5357742133338,2198.336298426667,2233.99691136,2265.0243113333336,2250.1630861333333,2187.357039546667,2153.754563866667,2239.5263412,2340.48010088,2431.4108229333333,2346.4994768266665,2365.5591773333335,2323.408577413333,2347.68097376,2296.9774086133334,2341.0241573066664,2358.390298,2298.3679034133334,2299.0329174666667,2286.5869435466666,2319.5920947466666,2224.6956864266667,2335.60972304,2154.28269664,2183.9481949866667,2128.6848334666665,2050.7898231466665,2040.4367096533335,2037.9000043733336,2031.97594296,2097.80808768,2127.4806161333336,2177.460043546667,2094.1015465333335,2112.72631384,2058.5133508266667,2043.3298622666666,2113.4908685866667],