{"message":"Aggregated IX data for Seattle IX","data":{"nServiceId":null,"width":287,"jServiceId":null,"start":1478822700000,"end":1478908500000,"name":"Seattle IX","in_octets":[],"out_octets":[],"in_bps":[2493.8116528,2522.5773382133334,2498.2886373333336,2478.7317696266664,2613.4077740266666,2624.7696872266665,2490.5851143200002,2800.58173032,2719.3223196,2624.6425662933334,2496.93721096,2536.1790585866665,2581.3320428800002,2476.278378613333,2426.5934871466666,2575.20414888,2600.7105574933335,2545.8919484000003,2585.6318888533333,2576.863518506667,2554.70490232,2495.531876,2361.1580120266667,2529.5993352266664,2552.53879696,2680.6823205066667,2700.96213072,2666.9899657600004,2693.452833093333,2631.8050472,2676.4516897066665,2719.0293964,2728.3169360533334,2766.68667312,2754.5373490933334,2769.0400514933335,2773.2538538133335,2682.97453776,2788.5570862666664,2841.94638384,2790.8337882133337,2820.07310896,2722.9168639733334,2758.7659423733335,2677.73587496,2719.770477733334,2779.7379826399997,2869.0754969866666,2859.76285256,2783.02819744,2829.3609737066663,2593.2063122933337,2736.4826430133335,2765.5039416266663,2841.37245368,2956.57437168,2919.2949154666667,2951.26657816,2955.603564453333,2868.5253808,2856.6987696266665,2811.5737417066666,2957.9479995466672,3089.991587013333,2941.85437224,3052.376749066667,3355.46639992,3062.70705464,3169.7148299200003,3005.58114944,3044.039454186667,2897.400083626667,3003.475015573333,3052.04921728,2938.3639924266668,2846.5741331466666,2807.1300590933333,2735.3787745866666,2822.789774,2795.9589459466665,2971.36398552,2894.939257013333,2909.259154026667,2920.3551498666666,2827.8843838933335,2713.7828357333337,2696.5248921066664,2712.4546765866667,2760.8072616,2735.1393392,2701.2538116266664,2704.439723253334,2545.576133306666,2659.1071916799997,2658.0416485066667,2594.4130770133333,2590.0057202933335,2672.2108502933334,2777.9656692266663,2850.821438533333,2526.1836547733337,2513.5251791466667,2576.9810533600003,2527.7898997333336,2537.78506664,2466.6678024533335,2386.593914,2288.7090600266665,2374.55472512,2343.1213104000003,2358.62229096,2374.5321311466664,2343.0502818133336,2283.9952625333335,2206.3960656533336,2143.6223876266668,2112.7176032,2126.1141762666666,2244.6920962666663,2194.6016876266667,2185.2890616533336,2212.5882493333334,2228.00364928,2253.66597648,2443.8331023200003,2260.6915186666665,2321.78586624,2315.8123299733334,2331.754770506667,2379.979083386667,2349.03517944,2470.9109337600003,2424.5857622666663,2373.6248188000004,2449.2162133066663,2387.2291271199997,2417.39977808,2411.0486903466663,2370.7579697333335,2386.7622007733335,2366.4685377066667,2347.28672616,2458.2423257066666,2500.8108146933337,2506.8191311733335,2428.3694295466667,2375.77812136,2470.4802769866665,2469.659460906667,2366.8558946933335,2373.4508054133335,2361.71208736,2397.4526537066663,2408.4556366133334,2443.9152791733336,2546.7757913866667,2600.5202234666667,2587.988840613333,2404.0068197066666,2473.4647115733333,2552.34031336,2545.123614453333,2458.7369602133335,2442.8356605066665,2464.189558346666,2629.73680632,2655.6253031733336,2484.3481070133334,2499.26762616,2501.5033903466665,2527.2307801866664,2585.96119096,2486.9349443466663,2636.8238601333333,2544.5128387466666,2489.1931952533337,2553.59554792,2528.6404293333335,2458.124013386667,2607.37063696,2594.1451866666666,2594.12374128,2763.75019552,2975.254748373333,2866.9432913866667,2897.17430368,2836.3992157333337,3011.156696186667,2942.194884,2965.9293688800003,2863.8161035733333,2852.688986826666,2835.9895857600004,2838.3517238133336,2866.38228832,2673.2741632266666,2853.72784264,2737.920708453333,2772.8004458133337,2720.1188726666664,2783.2235952533338,2868.44566312,2865.924790506667,2891.266007893333,2952.4829113600003,2998.434128453333,2997.21563704,3096.255425546667,3114.36872248,3197.690661893333,3087.257214986667,3086.642218746667,2964.80542576,2932.415822266667,2913.7827218400002,2995.212957333333,3051.92431896,2916.298578053333,2923.000670906667,3117.84240008,2993.5896795733333,2930.417352693333,2840.4629422133335,2770.0380821333333,2764.6747138933333,2810.19997648,2780.5709687466665,2701.91376928,2694.75711744,2803.9009951999997,2731.0140964,2793.9519506133333,2617.78702,2703.4709748,2709.2443130666666,2671.864466213334,2593.218384613333,2709.767377466667,2569.24057224,2676.0811778133334,2633.2037856266666,2646.1261481866663,2671.6805231733338,2556.8884504533335,2680.7805705333335,2660.3721926933335,2790.62143176,2732.3917469333333,2834.2542726933334,2837.0403270666666,2797.8673982933337,2881.74209264,2820.9086808800002,2833.0182808266663,2904.48715496,2861.6315142133335,2858.2124566133334,2788.1672778666666,2828.61602528,2853.8291261333334,2711.9642084533334,2714.5750756533334,2922.9092642399996,2993.471511173333,3023.8435156799997,3000.119475786667,2976.828106186667,3083.37876232,3070.4432328266666,2947.187672,2911.847369226667,3019.6247024,2990.46928496,2906.1236375999997,2901.549224586667,2953.0256690133333,2923.79780912,2845.54902008,3003.3253861333333,2915.367547093333,3061.565497333333,2982.8737344,2928.1694128000004,2830.7340034666668,2696.8674501066666,2633.4638398133334,2615.12851528],