{"message":"Aggregated IX data for Seattle IX","data":{"nServiceId":null,"width":287,"jServiceId":null,"start":1497528300000,"end":1497614100000,"name":"Seattle IX","in_octets":[],"out_octets":[],"in_bps":[2685.979944426667,2639.702996,2542.070994,2377.7033026666663,2486.9871462399997,2435.2896885066666,2427.277489306666,2482.1018477066664,2546.8900615733332,2482.7632881333334,2607.2760079733334,2620.0958211733337,2680.0160314133336,2726.6605111466665,2875.9502654933335,2743.48828512,2921.318011333333,2987.6405743200003,2976.888104586667,2840.1222109866667,2707.9075365066665,2762.3546195733334,2771.81298912,2927.502722373333,2760.3976095733333,2760.7342042133337,2865.8325290133334,2826.0084896533335,2829.7470037866665,2719.6989883733336,2950.874133413333,2806.1782893866666,2808.679070986667,2771.96323592,2870.4699902666666,2846.3445327466666,2985.548001946667,2758.1295530933335,2734.5947364266667,2735.8236292266665,3283.5151039733328,4207.4119769066665,4229.939363493333,4369.713158,4372.657907786667,4153.31779848,4185.142040186667,4284.757271706667,4395.174216746667,4357.066770746667,4472.906126533333,4433.495642213333,4413.684212186667,4403.436496586667,4404.707173866666,4510.810193306667,4553.875305253333,4664.2509998666665,4448.082769706667,4286.45361848,4314.0242832799995,4321.978531946666,4404.459209786667,4296.6907943999995,4274.370527813333,4343.8834248,4359.61290272,4330.0668308,4405.50778448,4439.3389686400005,4433.821884133333,4280.395627333333,4133.01879128,4268.179835973333,4208.369933733333,4118.281733733333,4239.997967013333,4186.734578506666,4371.834137386667,4170.67599184,4186.145629706667,4025.131131813333,4165.251418773333,4081.372276026667,4277.062402586667,4159.792316453333,4217.1958096,4357.70978192,4283.22291496,4421.839676053333,4586.286863946667,4708.952209173333,4664.168654186667,4753.8569656,4851.877098319999,4654.084057333333,4586.8094872,4570.477764533332,4677.671546213333,4651.937663253333,4787.195493573333,4740.5720224,4701.712356613332,4800.911757893334,5291.766871386667,5454.539965946667,5266.74427048,4661.555410506667,4699.5182605066675,4636.631766053333,4640.2144612,4603.027910826667,4671.261983333333,4600.71971,4525.130424826667,4752.82905312,4645.245194346668,4463.2372480799995,4565.450286506667,4598.9390288,4833.528218373333,4620.155008506667,4779.738421706667,4547.494592986666,4606.351701946667,4685.0378632,4850.670511786667,4544.71027008,4741.7785329866665,4728.380632373333,4558.281754053333,4592.945126586667,4664.569779733333,4381.819452906667,4819.29971792,4618.7048648,4610.825962293333,4652.933081093333,5002.520213733334,5055.24702176,4822.227864133333,4948.970966373333,4945.775979306667,4938.6481646133325,5131.898751226667,5073.93662016,5156.213563493333,4946.461249093333,5013.092324853334,4833.9966080799995,5198.159599173333,5382.298689226666,5026.986316853334,4966.7951258933335,4815.49124288,4804.15969616,5065.684310106667,5171.922874586667,5082.145407573333,5382.9641431733335,5051.21159432,5367.016134453333,5248.6726606133325,4987.342240506667,5063.635833146666,5124.720940239999,5101.205328586667,5247.542817173333,5023.8097208,5116.195985733333,5421.55958112,5237.018111226666,5361.627669786667,5637.370147146667,5197.855930106666,5174.1675696,5247.734909253333,5193.381054986667,5080.787458453333,5188.015976613333,5206.846979466667,5339.182410293333,5273.153072986666,5248.65810192,5155.839670293333,5574.54200296,5404.655325093333,5200.917040026667,5202.164850666667,5208.0231089066665,5373.250624906666,5914.0334244,5701.506341706667,5819.969714453334,5880.946780613333,5744.967054479999,5574.23049568,5702.113255306667,5578.793225946667,5580.644908906666,5565.728313973334,5830.848877840001,5648.820915813333,5584.746197466668,5342.1631628800005,5245.227981546667,5775.198795733334,5422.821100239999,5471.250096293333,5610.068750373333,5402.4632730133335,5833.19554736,5531.3394245066675,5446.784187973333,5611.976138373333,5284.875060933334,5226.59599008,5082.171774346667,5055.06426776,5365.205440293333,5071.4212475466675,5344.625830133333,5162.656400933333,5280.779163706667,5227.095937973333,5423.057424533333,5448.372640933333,5381.38639632,5550.693561520001,5431.858987786667,5084.403274933334,5338.485294346668,5313.919798293333,5285.861735733333,5051.954228666667,4883.755013813334,4820.0565705866675,4912.969247413333,4837.860616106666,4725.3912065333325,4843.005999333333,4557.70258152,4445.374707653333,4581.981522853333,4636.0341848,4495.280737733334,4596.053984453333,4638.013428746667,4547.496139573333,4489.901300133333,4498.667059359999,4574.08685368,4596.401316426667,4717.6196636,4661.033712346667,4571.741128479999,4517.650525546667,4468.04818592,4282.215713413333,4351.966910426667,4328.018020506667,4463.354465359999,4475.031760399999,4502.21878424,4734.496454640001,4792.79064632,4384.885564906666,4446.093829626667,4324.544947653333,4367.453117146667,4375.59112808,4124.496233386667,4198.74440504,4127.500019786667,4114.383130613333,4138.093079306667,4297.422783573333,4121.26660224,4229.77657112,3967.044112933333,3918.620061546667,3930.3831593600003,3971.17901376,4253.38473472,3924.1730212800003,3888.2447710933334,3821.1349132533333],