{"message":"Aggregated IX data for Seattle IX","data":{"nServiceId":null,"width":214,"jServiceId":null,"start":1505937900000,"end":1506001800000,"name":"Seattle IX","in_octets":[],"out_octets":[],"in_bps":[5247.2807873599995,5141.200334640001,5164.990096106667,5451.509303173333,5326.491403973333,5284.222757626667,5143.887478826667,5195.12311144,5180.6446648266665,5241.585797386667,5315.163272773333,5513.23353488,5279.450204479999,5213.41234616,5012.433145520001,5201.925040293333,5199.998886853334,5126.080670106667,5203.014677866667,5274.752998506667,5165.220495546667,5367.457668213333,5449.643371546667,5373.13000664,5264.997034053334,5256.053272373333,5264.147191813334,5456.741281760001,5449.769213359999,5509.312606346667,5213.56709456,5402.932909786667,5517.98607136,5319.089363013333,5194.234657386667,5171.23882504,5347.9216213066675,5281.963352479999,5350.346090453333,5544.526649706667,5591.038684133333,5645.2775436,5225.150742853333,5368.125293786667,5382.873645173333,5636.828371359999,5534.305878986666,5822.128372133334,5397.870570986666,5363.476492373333,5453.7555332,5547.9806856800005,5273.572901359999,5586.680300399999,5463.737815733333,5583.5186976,5136.492168293333,5535.7359908533335,5680.206012453333,5584.31112288,5353.56340904,5359.858684,5153.3147835733325,5555.300344826667,5335.770271413333,5413.9278432266665,5532.802965093333,5391.109527386668,5203.626127786667,5360.83027712,5167.696781973334,5521.741272640001,5351.375242533333,5544.777702346667,5475.952134826667,5433.396891893333,5422.200893493333,5555.30155304,5307.1660635200005,5545.111429173333,5508.376631093333,5318.9826045066675,5382.011667546667,5342.855689546667,5314.177956506667,5190.712609093333,5130.40395264,5347.334083413333,5389.611179813333,5341.38459088,5080.571317146667,5108.7399745600005,5029.882149893333,5121.778564826667,5176.27133624,5368.970847013334,4906.8872508800005,5156.614377653333,5322.876121813333,5107.46481632,5051.3815990133335,5075.750826106667,5271.471135946666,5257.55108624,5210.768507306668,5267.258793093333,5106.130103359999,5161.912550826667,5344.993229600001,5153.160473066667,4834.51956592,4975.45230928,5028.025705013333,4879.451933066666,5004.080365146667,5084.524924346667,4818.032428,4899.848150399999,4663.0330864533325,4923.594212026666,4636.261631413333,4632.64969792,4631.01097,4626.80963376,4495.806539093333,4496.274815786667,4751.711928693333,4775.398076133333,4692.195924506667,4760.13274952,4550.268944373333,4701.035628,4553.133603466667,4715.479980426667,4624.825158266666,4669.1728532,4532.0791934399995,4543.3011128,4637.344741306667,4712.5364545600005,4517.798611439999,4263.614485413333,4114.348709466667,4397.498500906667,4370.4774692,4321.923817066667,4139.318408266667,4302.943883173333,4165.30746016,4277.00790656,4155.67855832,4178.830165493333,4229.56596144,4206.595802533333,4122.879374773333,4161.546560906667,4164.03438816,4377.659244053333,4194.3614200266675,4262.683581386666,4099.129135386666,4218.60287064,4121.87457912,4333.696395146667,4231.615627493334,4395.028865439999,4575.044890640001,4749.461906026667,4196.67369056,4446.08910952,4256.9218688,4100.651299733333,4095.973180053333,4271.83966056,4200.5706659200005,4319.9208690666665,4351.67706128,4434.432154426667,4409.253037973333,4558.138778186666,4670.369735813333,4752.94386944,4682.04473736,4942.3371366933325,4973.620099413333,4876.3142630933335,4706.5451430933335,4580.297659013333,4518.84007464,4619.247399306667,4435.025211653333,4521.455448266666,4578.199835626667,4585.250337413333,4276.80871616,4197.471885253333,4070.956334053333,3983.230017706667,4179.6017542399995,4017.00551488,4020.371640613333,4001.065438506667,3953.114617866667,4210.782206213333,4254.408080346667,4281.3041772,4057.729786693333,4150.682422906667,4069.46138744,4194.096778186667,4119.9627332,4505.69237808,4358.60656552,4359.711286426667],"out_bps":[5246.929132640001,5085.529309173333,5164.77693216,5447.135562586667,5304.35529272,5290.616018106666,5109.525220426667,5183.641734,5167.474687946667,5209.37739104,5331.308329439999,5481.311446453333,5250.315003706667,5210.843361493333,4990.32506528,5219.941632319999,5152.451216426667,5131.438037093333,5168.153754853333,5296.55668552,5140.86374032,5369.4857355466675,5424.734021973333,5358.738722053334,5245.579555066666,5238.830237066667,5274.055669786667,5426.64748864,5415.67093088,5518.951226560001,5180.34302296,5435.793646,5516.3801344799995,5287.7661252533335,5186.088015573333,5175.975916533333,5278.374688399999,5287.70037784,5337.60495464,5511.341220213333,5602.385738133333,5631.31132328,5195.61593896,5373.523967866667,5373.954242773333,5631.603296053333,5523.192283786667,5803.736335386667,5406.373327386667,5348.225436693333,5424.84705832,5513.226102746667,5284.447653439999,5556.812836293333,5473.72487304,5546.928504933333,5183.175668346667,5487.116864533333,5687.883693546667,5552.661407466667,5349.670586106667,5363.864267946667,5208.958523466667,5452.523704533332,5315.82768048,5390.189522266666,5543.819839306668,5348.442180346668,5253.723879066667,5292.328439066667,5173.8847616,5541.595183359999,5315.267411973334,5578.94212912,5414.74837944,5411.164016826667,5426.271142826667,5553.619934586667,5270.008390506667,5547.355731093333,5498.915388106667,5335.94028096,5336.7891432,5338.570735813333,5307.892183146667,5172.798724053333,5123.68390088,5336.8262841333335,5375.310468506667,5337.21165192,5072.20591584,5102.12474664,5011.065750479999,5125.341396293333,5137.553106373333,5442.869955173333,4838.62124168,5136.6446957866665,5318.362207973333,5123.368941600001,5025.867041786667,5065.334188479999,5254.9673468,5256.4756053599995,5227.647761333333,5228.521776666667,5077.647360373333,5162.747362666667,5328.230048933334,5144.9833032,4838.9585176,4981.456596373333,4994.168029893333,4867.461294293333,5027.252509813334,5065.5364549333335,4796.894021546667,4890.359864026666,4655.377112293333,4916.297220186667,4640.648242853334,4598.8622053866675,4657.723175066667,4620.6446385866675,4494.88316416,4466.256501226667,4749.028967813333,4752.326322773333,4704.72508688,4729.9388892,4579.42891304,4654.490233866667,4556.83025216,4698.897138506667,4647.457555626667,4634.800785226666,4527.284404693332,4542.515809253333,4638.710424479999,4680.171725706667,4517.3193252,4272.234091253333,4107.98166896,4403.11200544,4337.320526853334,4331.78045456,4137.136022186667,4282.9866709866665,4173.177367706667,4253.053340746667,4154.262621973333,4184.477490213333,4242.869909333333,4185.247264,4101.942290026667,4182.831216026667,4127.099322106667,4372.964088453333,4271.462992213334,4081.051754853333,4210.9145362399995,4127.21483224,4316.6855925066675,4226.432199386667,4402.0762340266665,4523.982537706667,4790.717504933334,4171.6173584,4455.357572826667,4243.715111626667,4100.737508186667,4089.928943546667,4276.492191786667,4182.94100552,4298.867924346668,4377.448655546667,4424.8692217866665,4403.262256986667,4556.304670586667,4662.93696912,4755.21557464,4631.536284826667,4987.07388128,4947.395109146666,4878.99478488,4683.255832533333,4609.282369333333,4494.910268506667,4598.6132876,4439.683290479999,4519.724130933333,4573.568834906667,4568.794812346668,4268.032347706667,4190.283605386667,4078.031881733333,3978.09270944,4181.672740293333,3984.0058399466666,4060.588255813333,3973.7378414933332,3935.105588693333,4215.00958368,4248.198602853333,4269.817742346667,4080.353381653333,4115.361677653334,4064.87994248,4177.13509176,4135.600522186667,4492.06135112,4344.07233112,4357.73868072,4251.198222826667],"in_packets":[],"out_packets":[],"in_errors":[],"out_errors":[]}}