{"message":"Aggregated IX data for Seattle IX","data":{"nServiceId":null,"width":287,"jServiceId":null,"start":1491480300000,"end":1491566100000,"name":"Seattle IX","in_octets":[],"out_octets":[],"in_bps":[4023.477653733333,3886.3062522933333,3869.22322352,3898.9324388,3924.482133226667,4013.2426321599996,3935.7141144,3897.90566352,3853.336090213333,3812.226498773333,3815.570592933333,3796.6197557600003,3824.794881253333,3854.14184712,3971.8625606933333,3955.7028148000004,3883.436840026667,3830.302588453333,3845.1074822133332,3750.910286186667,3808.50705328,3742.3054686933333,3838.0193473866666,3936.29066856,4056.793843653333,4159.47278496,4220.0346592,4108.52531152,4144.418698533334,4103.96531152,4081.5960765066666,3938.408922853333,3806.331113386667,4114.4052768266665,4054.1685165066665,3996.967818213333,3955.5239174933336,3993.88543504,4085.342901626667,4014.878239333333,4167.744741546667,4186.9219510133335,4121.107409226667,4151.332718133333,4327.513673173333,4210.5804268,4239.933502373333,3998.144766293333,4253.18361152,4229.720004693333,4140.39419008,4147.129696800001,4170.84757912,4221.826480026667,4362.630690773333,4087.9817904,3963.98949128,4162.859539173333,4076.04630056,4133.618089706667,4005.4219641333334,4084.21592984,3909.21657688,4174.87346304,4105.240190426667,4082.937152666667,3941.418009706667,4033.288392826667,4001.5606200533334,4024.695362826667,4019.455658906667,4108.22702664,4061.3779303466667,4104.624506026667,4104.40698472,4045.5750561333334,4038.639952613333,4110.071605306667,4093.3394875733334,4016.588589706667,4073.752621253333,4099.19577848,4076.908420853333,4119.122124693333,3954.139592773333,4028.347815893333,4022.669785626667,4065.22965392,4142.934213333333,3957.964856026667,4069.052405626667,4186.896030586667,4186.547384,4375.749970266666,4176.115564346666,4343.682315786667,4185.9210276,4083.2511690133333,4077.571233893333,4166.577166773333,4022.37764216,3986.335962693333,4040.719006826667,4151.630954373333,3848.745446826667,4074.8673627733333,4032.563878826667,3852.33386944,4134.1261360533335,4018.7388852800004,4052.493161413333,3978.718314853333,4053.5538760266672,4041.2677584266667,4184.810070773333,4099.313134613333,4202.95447368,4261.726491786667,3963.652280106667,4040.58316848,4453.4012682933335,3744.60003424,4116.024978506666,4209.871288693334,4107.651938106667,4036.7692491733333,4115.811155493333,4015.336560106667,3966.4315168000003,4104.811234906667,4020.6582785066666,4058.677112773333,4281.006592906667,4066.4202921866668,4013.995905413333,4020.0391433600003,3966.072548373333,4097.982432506667,4101.563786666667,4093.9349729866667,4153.446078773333,4031.1947596799996,4120.18678104,4009.887952933333,4241.302281733333,4078.9843317866666,4135.522453466667,4161.6085239466665,4368.3615778133335,4305.82605896,4082.986247333333,4212.830240506667,4250.2007048000005,4266.917828986667,4210.341379013334,4101.67370592,4084.302573306667,4218.63500152,4396.71155816,4390.32669976,4269.324678666667,4571.190670586667,4273.798674426666,4188.1955757333335,4327.6324883199995,4279.463744106667,4315.441758533333,4335.7408840533335,4351.491400613333,4136.03200056,4403.42663616,4306.749053493333,4298.979923626667,4161.15596368,4274.716919626667,4263.58712432,4320.908580053333,4170.6070950133335,4462.340618933334,4466.888382746667,4214.92787168,4364.578184373333,4360.824052986667,4420.19273224,4232.814002853333,4339.138195653332,4474.904857386668,4292.1831984,4345.8006944,4479.582080239999,4565.4422925866675,4677.7128132533335,4904.009978186667,4601.301389333333,4481.27586856,4507.366970693332,4749.7599487200005,4739.346054986667,4620.686535626667,4621.415688666667,4380.477564986667,4453.760945173333,4352.763033733334,4477.727502266666,4283.708084693333,4401.401510426667,4440.5600733599995,4497.109611146667,4493.835766,4354.466626053333,4470.4417318666665,4515.548320266666,4274.762997573333,4078.951142186667,4195.773749893333,4365.182927973334,4324.863189866667,4524.774707013334,4523.480938666667,4207.804569893333,4290.32095224,4321.096114746667,4367.771769466667,4241.339208933333,4282.1407648,4192.389993573333,4398.556462453333,4365.082442399999,3996.78930352,4170.477856586667,4161.458052133333,4110.030127626667,4055.6740868,4226.459052053333,4199.771035226667,4081.035451893333,4179.522621146667,4054.3101857066667,4072.00441352,4118.28934576,4153.900688986667,4053.22665592,3736.42624472,3960.347013973333,3865.2011240799998,3890.487421546667,3728.9397335733333,3654.605761946667,3515.529942,3559.2154819733328,3635.7663015733333,3615.171117146667,3822.955526133333,3706.515740186667,3835.6557650933332,3724.777366266667,3630.654106933333,3584.910186106667,3456.85890824,3566.61538504,3591.221335653333,3655.48829904,3738.567219973333,3588.1851048266667,3654.534990746667,3719.042102346667,3708.665288426667,3695.546174933333,3601.12451424,3712.44885736,3663.497096586667,3503.397701973333,3621.081916,3661.4957962666667,3703.120777226667,3825.11683936,3593.307071466667,3723.2255457866668,3698.611368453333,3676.483839226667,3676.211775813333,3730.9007474933333,3648.15259544,3594.6489776,3544.6753610933333,3725.8525484266665,3630.98759856],