{"message":"Aggregated IX data for Seattle IX","data":{"nServiceId":null,"width":284,"jServiceId":null,"start":1496030700000,"end":1496116200000,"name":"Seattle IX","in_octets":[],"out_octets":[],"in_bps":[3892.948999173333,4062.364510453333,3870.1040458666666,3856.551608,3902.751919786667,3982.0166709866667,3834.1162391999997,4000.562945706667,4009.0359222399998,3910.713275146667,4017.72856568,4029.95139832,3827.35151616,3920.854872346667,3883.29200496,3900.1735787199996,3883.834101546667,3955.873260186667,4094.444743786667,3971.191514186667,4223.8400415999995,4087.7915873066668,4159.983433386667,4187.850081466667,4235.594311893333,4133.152593253333,3974.364969546667,3983.8237214666665,3915.911851413333,3839.8102973600003,3945.9848486133333,3817.81251384,3809.822399146667,3708.38768352,3696.36971456,3589.536477253333,3786.924217626667,3889.880530613333,3760.9883334666665,3835.04085784,3763.102810773333,3644.5179662399996,3661.2126928266666,3715.247548453333,3680.549974746667,3558.2795449866667,3933.0672134666665,3621.264058373333,3552.5806768,3560.549342346667,3483.53017968,3689.987124026667,3660.76410152,3443.153569146667,3615.65499208,3403.7724688266667,3351.19737992,3369.01512336,3331.73493784,3415.020251146667,3278.082046826667,3375.64902088,3446.211241413333,3317.159737093333,3262.9201092800004,3345.8325319200003,3270.4889208000004,3244.228367546667,3204.5223152266667,3254.1591584000003,3141.924061813333,3149.827311626667,3055.8302546933332,3182.1902316799997,2971.6321292,2970.8922074933334,2908.7006995466672,3324.88927176,3103.3129261599997,3223.48675656,3016.662227226667,3026.51206104,2912.2919147199996,2945.2143427466667,2950.953009093333,2951.777153813333,2933.725725626667,2958.4210352,3003.21789512,3051.964307546667,3053.226882533333,2972.5766571199997,3011.084590373333,3049.8100001333332,3085.75832496,2932.0361557866668,2919.9516979200002,2961.8219330399997,2996.134904826667,2928.733544453333,3140.912373706667,2966.279977333333,2849.6892554666665,3147.244178666667,3075.283475813333,2807.302299013333,2931.574311173333,2853.7405919733333,2981.918976853333,2932.6771565066665,2910.835321013333,2890.4585897600005,2876.537064,2868.3511533600004,3081.216176133333,3037.100856933333,3223.9299906133333,3004.642105066667,2975.036147333333,2961.9808298666667,2947.631161786667,2992.1819694933333,3066.625737226667,3003.325988266667,2997.17935256,3027.9025470133333,3065.510149066667,3153.8520744,3000.6864608,3014.3412675733334,2978.02314544,3260.5329320533333,3088.6699696799997,2987.015280106667,3315.42911152,3140.196198933333,3065.872613813333,3061.75556976,3094.994144453333,3049.000922746667,3204.899473146667,3257.1814776799997,3276.944297973333,3095.156275866667,3087.032182586667,3176.838933573333,3269.811141626667,3235.0646745066665,3194.3012108000003,3198.268615866667,3218.908141786667,3312.168464266667,3368.6436805066664,3281.603664213333,3368.268400293333,3291.7552305066665,3221.4572259733327,3300.4028193866666,3286.271706533333,3240.042338906667,3246.8734758133332,3240.949057253333,3245.9182772,3250.0381143466666,3284.3830445066665,3289.2201587199997,3302.416266426667,3310.1539110133335,3431.450896213333,3232.3647320266673,3102.7518375733334,3224.392425333333,3207.356743786667,3173.852751146667,3264.2558493066667,3217.242116186667,3220.286350133333,3462.4877922399996,3248.5545130933333,3228.2412010133335,3091.591201253333,3158.3913348,3146.115662346667,3041.01115048,3285.193063946667,3298.950863973333,3643.172844693333,3973.721049253333,4143.3676730666675,4166.337420293333,4093.93399584,4113.186613466667,4015.442256346667,4023.7892531733332,4498.8931334399995,4389.655718453333,4271.127271626667,4228.1308481333335,4320.671444453333,4241.768974693333,4241.9305993866665,4246.908919146667,4241.674176853333,4234.16088912,4229.69833752,4532.586709706667,4413.04454512,4333.5123324,4367.057179973333,4285.528360346667,4247.501228746667,4247.4848936,4203.224598346666,4155.581189733333,4177.743313626667,4009.296720586667,4209.16883552,4202.341786453333,4240.893006213333,4349.071065226666,4287.028481066667,4269.020531946667,4133.72609088,4170.0331855466675,4224.298109306666,4096.025627973333,4217.282706826667,4399.566504026667,4110.19224792,4252.089670293333,4286.450878533334,4283.5199496,4170.876636746667,4303.785812586667,4308.125788373333,4289.862874746667,4277.018509253333,4216.539307093333,4276.06698488,4387.522193253333,4365.3438164,4256.615121493333,4227.27381856,4283.589698186667,4381.923181386667,4242.11202392,4092.84306616,4243.232006986666,4137.862269626667,4197.524952719999,4268.41893144,4421.94170208,4282.97258224,4307.621610346668,4301.711213573333,4431.6583764,4251.990360586667,4288.47435592,4485.981306613333,4494.9751944,4367.036781466667,4568.5356436,4368.16323264,4371.495273733333,4373.204332426667,4631.80140776,4603.61077904,4553.122765866667,4470.297230506667,4523.043972693333,4461.668035013333,4592.4683459200005,4644.2726246133325,4695.771471306667,4674.57348992,4711.248072373333,4658.1866472266665,4589.182050746667,4496.0809536533325,4547.944168,4292.791778506667,4699.257846026667,4520.48258472,4572.928117306667],