{"message":"Aggregated IX data for Seattle IX","data":{"nServiceId":null,"width":215,"jServiceId":null,"start":1490990700000,"end":1491054900000,"name":"Seattle IX","in_octets":[],"out_octets":[],"in_bps":[3516.889138853333,3464.887525786667,3344.263107146667,3364.33082648,3463.800083173333,3580.477506746667,3707.752583866667,3704.014907546667,3566.82448824,3718.922042133333,3695.776603226667,3809.1981274933332,3725.540073066667,3750.9665080266673,3782.809934773333,3780.8471033866667,3808.1904863466666,3865.368360053333,3926.4892151733334,3834.3841122666668,3611.975826186667,3552.096282053333,3448.0477937600003,3508.8732834666666,3367.682774773333,3405.711809013333,3366.5916945333333,3524.352512186667,3507.6780264533327,3486.68300224,3433.95398992,3445.55442056,3451.3369354933334,3481.6155349866667,3329.935151733333,3487.8554221333334,3745.17501032,3860.4820026133334,4038.438505173333,4172.11265344,4238.03485208,4138.2651064,4143.242261173333,3823.86699512,3919.540621786667,3904.9418906133333,4054.68536112,3885.956064773333,4046.877172106667,3811.321486693333,3792.523937546667,3847.414226373333,3849.0681748800002,3946.66303096,3951.921814453333,3922.942847813333,3948.9113600533333,3785.325399386667,3954.50708968,3777.939886746667,3889.60356288,3724.3852085066665,3704.813619146667,3942.038463866667,3952.7921315733333,3945.3804019466666,4099.58008104,4206.4016745066665,4322.860405706667,4187.257755973333,4266.098249813333,4126.06068264,4133.717226266667,4266.8681928000005,4113.551543866667,4253.977319093333,4102.733795546667,4398.221022693333,4090.896559786667,4208.911287013333,4063.3054909333327,4492.098834293333,4289.101906986667,4265.780608586667,4223.1621267733335,4052.7115704266666,4330.06366,4257.686897306667,4061.376544986667,4046.4085569866666,4072.0462669866665,4037.5907963466666,4170.924227173333,4384.743036106666,4553.483026853333,4710.077939306668,4335.861734506667,4255.66430512,4212.394246213333,4474.594080106666,4274.998765413333,4098.670828266667,4202.28329496,4214.01141056,4499.051416186667,4405.087168293333,4279.319863866667,4198.528084,4223.057959866666,4242.672391493334,4366.416053386667,4239.4246316,4365.11181,4238.164660693333,4174.007231893333,4214.3678315199995,4098.255829146667,4204.950135226667,4115.913770613333,4283.65189816,4290.556207253333,4263.4668461599995,4296.089034826667,4086.83335704,4180.723088533333,4184.430805573334,4181.312540853333,4143.867719546667,4052.697998853333,4074.3523340533334,4135.114789013333,4109.785388213333,4012.27802656,4036.3778987466667,3965.51155488,3958.8246314933335,4102.226673546667,4181.4928255466675,4033.22066552,4026.08687392,4012.9661631999998,4158.9737213866665,3877.13667432,3959.254196906667,3893.3499882133333,3868.099112453333,3793.3001835733335,3880.3091817600002,3843.0514349066666,3912.8352402133332,3731.65062376,3711.874771653333,3870.1373389866667,3742.4761373066667,3678.00073448,3744.8960761599997,3738.9912032800003,3812.32577552,3918.2546915733333,3796.592686053333,3651.50403752,3649.885897226667,3755.696531226667,3574.927476746667,3619.186557973333,3911.4226244,3770.2897458666666,3899.346882026667,3923.43985696,3927.591546506667,3739.666780266667,3638.2354599466667,3816.5635330933333,3881.197361226667,4035.7553378400003,3779.438559893333,3670.807297626667,3759.0542701599998,3823.2628780266673,3667.01513344,3753.21947944,3783.1391445066665,4081.6272565599998,3835.806222986667,3530.242576186667,3666.9114556266672,3747.639444346667,3662.14771576,3585.579899386667,3688.888758026667,3592.0066050133332,3893.472071813333,3638.885648693333,3681.4854941599997,3602.36871792,3682.8603646399997,3464.0455144000002,3782.632870133333,3690.1851854933334,3750.813570213333,3646.734238373333,3565.083942373333,3719.0685432,3725.182807066667,3628.9735288800002,3640.067737653333,3565.782428853333,3596.221023893333,3374.472522106667,3440.94475944,3451.059055306667,3462.495976,3522.805915653333,3476.541496613333,3389.639589706667],"out_bps":[3519.133809146667,3474.106229013333,3297.7408925066666,3403.9939652,3493.926700746667,3557.3471134666665,3702.251753306667,3709.57259816,3584.006878346667,3687.5755979200003,3706.3698442933332,3801.0154028,3703.2278645866672,3776.351679333333,3773.785579333333,3786.4676978400003,3792.819318773333,3875.6096364,3945.96621616,3819.046802,3601.882071146667,3567.952912906667,3441.1113136,3511.290145866667,3360.1112912266667,3374.9396836533333,3385.0297006933333,3524.4324259466666,3494.56131864,3562.840448666667,3366.702863706667,3461.0923247466667,3435.250172373333,3475.811086133333,3333.51561128,3493.379074746667,3776.526341173333,3868.575309546667,4035.6284353866668,4146.98603728,4224.055088693333,4135.379018426666,4119.026177706667,3865.508077226667,3849.436040746667,3962.651384933333,4065.299681866667,3891.5056068000004,4011.888847706667,3830.773327546667,3770.363442746667,3892.375334106667,3810.81210928,3984.433200186667,3939.403879573333,3908.90642448,3957.30002672,3781.2203072800003,3952.7563336,3767.11090088,3890.652616746667,3745.843081253333,3683.514886133333,3985.4325258666668,3891.67564696,3962.7542099733328,4087.8643694400002,4217.26671008,4354.00328112,4150.758806133334,4250.012513706667,4177.540643493333,4066.688884666667,4350.9224979733335,4078.706618026667,4164.606150186667,4180.46706792,4330.004561226667,4163.478582986667,4181.788825573333,4066.348973626667,4509.040566453333,4286.204286693333,4225.152682,4252.759079226667,4099.364152133333,4284.227493893333,4287.965410266667,3997.6088670666672,4042.2770556,4087.025559546667,4062.87383904,4161.60587432,4402.627664106667,4536.718343253333,4679.614434293333,4360.50256256,4246.57737896,4215.093160426667,4474.8806116000005,4274.180634826666,4082.2302325066667,4184.142054373333,4255.982676346667,4434.245709733334,4475.218411786667,4274.54032216,4195.728699626667,4234.123650613334,4219.442374133333,4364.68461192,4239.169448986667,4375.9363045066675,4257.179591146667,4160.250825893333,4205.620750026667,4079.954294586667,4178.03764104,4116.57765216,4264.722227066667,4338.48515976,4266.10199,4309.494915066666,4078.344938693333,4167.678510346666,4184.50124968,4136.88995896,4152.91184472,4063.563354373333,4090.8417514666667,4137.8467875999995,4073.491686693333,4034.970693253333,4023.82345656,3994.32393256,3981.678685573333,4073.748295546667,4169.0329952,4053.31416256,4043.6870418666667,3984.14029136,4133.0742428,3898.9701668800003,3981.988332693333,3876.382644,3876.696091813333,3785.3536974666667,3908.838632053333,3801.2596587733333,3917.130868186667,3757.064789333333,3708.9895484266667,3843.693611226667,3734.4212200533334,3709.9897164,3680.100860453333,3787.5234009866667,3786.1371487466668,3953.74169056,3746.935626933333,3674.907313253333,3668.791900906667,3749.53542544,3586.132460586667,3617.635589066667,3870.09769968,3746.1475242133333,3962.1959799733327,3895.3295988,3959.826261333333,3686.3426498666668,3666.8990048,3822.759473253333,3874.1114690666673,4031.030371066667,3796.45695464,3660.9302745066666,3749.7469368800002,3858.545704026667,3624.732686373333,3758.08509256,3784.812257466667,4104.344131493333,3826.5867963466667,3545.21391624,3660.9657305333335,3719.678588426667,3672.562363013333,3618.91522256,3673.6084916,3603.5858670133334,3911.724018373333,3588.99310344,3697.921356026667,3578.0542708266667,3688.22017664,3493.15032288,3771.923275546667,3643.497772346667,3799.661758773333,3627.219530746667,3567.375401626667,3713.77873856,3741.9292762933333,3613.529155173333,3633.4632833066667,3608.99758608,3608.1920954933335,3367.0240103466667,3406.0095284266667,3457.186184346667,3469.706005226667,3479.216825626667,3490.60264568,3390.29983744],"in_packets":[],"out_packets":[],"in_errors":[],"out_errors":[]}}