{"message":"Aggregated IX data for Seattle IX","data":{"nServiceId":null,"width":287,"jServiceId":null,"start":1475021100000,"end":1475106900000,"name":"Seattle IX","in_octets":[],"out_octets":[],"in_bps":[1513.77061768,1486.6498732533332,1510.7394032533334,1509.8963235466667,1579.4555592000002,1617.6242731733334,1638.9828709866665,1550.1683456266665,1565.3087080533335,1692.8041311466666,1676.60382944,1677.4026288533335,1661.68994296,1605.3058226933333,1542.34905088,1459.0456913333335,1522.78203592,1534.58178512,1550.4136648533336,1483.08068368,1532.6742987733335,1517.4843271466666,1497.709086,1540.3348824000002,1550.2647641866665,1562.5395632266664,1583.9888070133336,1655.1567017333334,1724.09210776,1766.3628014133335,1773.8973555466666,1727.3596681600002,1688.11831624,1697.7437664266665,1693.6949816266665,1669.67118264,1776.5654084266664,1894.9683231466665,1817.1397248800001,1823.7538570133336,1773.5794648266665,1771.7864037066665,1802.2339432533333,1753.8682401600001,1665.8254231466665,1775.2521521600002,1699.54651584,1832.7424124533334,1839.9944224266665,1865.1032721866666,1852.9358018666665,1797.3954418399999,1825.9837937066666,1806.253054,1730.0311505066666,1716.9345142933335,1731.2606885066666,1721.2296226666665,1676.2526624533334,1622.26364648,1658.8671329866665,1656.8055464266665,1730.0465185599999,1663.5549119466664,1718.1397468533335,1793.8623690933334,1738.5619005866665,1762.3981500799998,1811.93154,1802.4961270933334,1790.7309992799999,1695.19797976,1716.0326984266665,1694.63666624,1706.67948144,1719.4489590399999,1708.56930792,1733.0250352,1694.0263659466664,1655.1877863466666,1575.3860410933335,1620.8372659466665,1713.8466794666665,1592.5503456266665,1651.5288034933333,1586.2170986133335,1634.9120419466665,1603.3857920533335,1525.6118026400002,1421.6284311733334,1486.3468741333334,1556.7055886133335,1455.4220821066665,1392.4727975466667,1429.0555713333335,1491.3741136266665,1453.0926192533334,1437.2356924800001,1437.3649989066664,1481.5819521866665,1427.3001010933335,1435.1058868,1321.2870171733334,1246.4341630933334,1375.6977159733333,1351.7043975466665,1340.1662968800001,1304.3750215733335,1283.7840504800001,1297.2808414666665,1370.30484704,1452.15294912,1440.581888,1456.4555430133335,1452.3620601333334,1446.7071851466665,1385.9888670666667,1412.9054068266666,1467.2488435733335,1425.4226678666666,1369.5533184,1401.4051528533334,1420.5264207999999,1397.0600165333335,1475.7742191733334,1432.33577992,1406.5627609866665,1418.0876721066666,1354.2408544,1353.8188097066666,1413.1615574933332,1409.05329936,1317.3003016533335,1361.3663203733336,1403.30971912,1363.78420872,1257.7595988,1223.5710234666665,1259.5442513333335,1195.3714473066666,1237.75553128,1187.2195143466665,1232.5407525599999,1224.5968905866666,1258.4713779466665,1238.2670059466666,1228.3368787733336,1262.8149937866667,1252.1786111466665,1221.2826392266666,1198.8522105866666,1217.2641341866665,1227.632324,1217.2607284,1271.0650822133334,1262.9123957333334,1306.95314424,1305.9062007733335,1346.0370385333335,1431.6253165066666,1386.8178213066667,1432.9250616,1422.5899134133333,1415.46412344,1444.4043661866665,1475.8257313066665,1422.7164097066666,1485.6772729066665,1495.4138761866666,1408.1103485066667,1581.6367957066664,1406.3881283199999,1460.1473957333333,1564.6286656266666,1463.8389046666664,1443.5066964,1492.6017203466665,1553.11969448,1484.4768251466664,1520.6697232266665,1544.3644224533334,1532.6251058666664,1626.51572296,1555.7702152533334,1619.80501248,1656.8599132,1656.8902693599998,1666.5434146666664,1694.9169385866667,1659.1091417333334,1733.25374624,1778.3062157866666,1746.3400273333334,1731.8811086666665,1727.3044247466667,1676.35915248,1705.6545396,1738.4877053599998,1719.2197696533335,1782.20743008,1753.3544985066667,1808.95851016,1870.2567997066665,1843.3393315733335,1783.63263392,1766.4490769066665,1770.26299704,1834.41430384,1833.193676,1879.7729403733335,1793.9008968533335,1720.3117463199999,1627.3536565066668,1691.9271339466666,1661.9340115733335,1559.2481134133334,1465.3670432000001,1481.9184772,1414.7641637866666,1519.4639203733334,1390.0008935733335,1394.5861374933334,1352.8031559466665,1360.0136394933334,1445.4078392000001,1563.0647378666665,1510.25374488,1411.53660368,1397.26381072,1398.6010642933336,1448.7288461333335,1482.8626517333335,1504.6405711199998,1451.3091305599999,1437.23921296,1489.45327944,1466.2210793866666,1504.4150441066665,1477.37622896,1452.5056225333335,1441.0087994933333,1453.6295632000001,1482.1148023733335,1468.1704604266665,1407.1609924000002,1468.7171863733336,1471.2174451199999,1510.32640832,1544.3954906666665,1568.40606488,1480.0990029866664,1491.0000920799998,1445.63259672,1451.1891018666665,1386.2570812533334,1387.24674304,1383.45895464,1452.7179700266665,1413.82332896,1392.5889082666667,1452.8300994666665,1446.9372594933334,1504.4628197333334,1424.8503878933334,1448.19264032,1468.61501016,1546.0715958133335,1585.61683904,1632.0499815466667,1500.1923878133334,1478.0126821066665,1409.2708232533332,1480.91049752,1516.9388197066664,1525.8421790666666,1497.9388026400002,1582.06218168,1620.35913856,1571.5687469066665,1607.2989527466666,1680.8899168266666,1588.9522996266664,1568.7612601866665,1535.51510528,1536.02636336,1505.68508736,1642.4913031199999],