{"message":"Aggregated IX data for Singapore IX","data":{"nServiceId":null,"width":288,"jServiceId":null,"start":1483589100000,"end":1483675200000,"name":"Singapore IX","in_octets":[],"out_octets":[],"in_bps":[9963.100091413335,10302.020008426667,10408.442223466665,9941.477021466666,10443.653139466665,10585.838951386666,10233.188797733334,10207.990299786665,10440.657223493334,10227.588567013334,10056.193875386665,10080.33373,10262.529799413334,10377.706384826666,10650.590029946665,10107.300153040002,10294.361588853335,10802.11364776,10494.899620266666,11125.971925253334,10943.23765608,10945.897916053334,10879.373599813334,11000.870886613335,10943.443171653335,11190.294155893336,10754.012696346666,10833.844209733334,10875.3229852,11203.94182488,11198.298106506667,11015.15365816,11371.9968556,10891.778993626665,11733.502125893336,11072.9511696,11678.210641706664,10641.659233226666,11222.222708,11222.481379840001,11195.447931146666,11063.561945093334,10935.891776639999,10746.87416784,10817.9812884,10930.25151896,11434.332491706666,11335.427117866664,11635.34313,11725.855985706665,11240.99902624,11016.014025973336,10951.55676256,10955.942067253334,11106.984443546666,10686.86046024,10925.502931680001,10764.417373786666,10248.02846736,10636.375509253334,10238.351492106665,10559.039919146666,10774.426672026664,10842.061666239999,11401.225939013335,11449.930273040001,11338.037241040001,10921.382571306665,10969.330657973334,10738.42582208,10740.497767840001,10296.37624112,10173.05160048,10419.102310186667,10579.686967786665,10164.980462426667,10636.93446976,11273.942861013335,10706.675026426667,10459.928064986665,9847.01099984,9950.848381733334,10126.060044346666,9898.4506088,10194.38432216,10090.7539844,9949.218379013335,10263.19432664,10239.261120426667,10304.967540213334,10290.598333386666,10099.512343013334,9951.70790032,9946.459003200001,9854.142517733333,9831.40389424,10138.250733306666,10274.790798639999,10248.580866373335,10330.258558293335,10560.695682799998,10407.861501066665,10500.908330933335,10445.334870773335,10232.101368426665,10142.843512613335,10170.749893173333,10590.74531552,11690.96864032,10373.962764506667,10381.574199973335,10653.778784933334,11066.512311066666,11028.103362533335,11000.16605016,11394.764362933334,11455.060851946664,11296.339633493333,11346.114824053335,11303.843448506666,11784.780811280001,12186.1533096,12194.733251866664,12428.231495573335,12336.67929848,12055.858245466665,12342.57573248,12211.214288026666,12603.807367626665,12156.8809308,12036.125232906666,12236.259703306665,12421.528429226666,11865.123890453335,12427.540021706665,11999.32456848,11757.679944826667,11868.507331146666,11894.71029912,11717.524658506667,11495.26063176,11872.406604053334,11544.796989253335,11529.398989520001,11738.59417832,11527.06568,11078.609279440001,10948.16294544,11093.933399520001,11147.804897493334,12129.404249520001,11171.117514,10826.719506373334,10353.013620586666,9807.576453733334,10121.98079208,10419.31486664,10403.496161386665,10140.577696666665,10153.241499813334,10355.803564293336,9886.49256912,10286.803197386665,10288.752672666666,9285.108738266666,9236.32956056,8918.27119504,8799.306856586667,8497.470643253335,8594.21045864,8242.879083546664,8069.078060933334,8446.00332536,8271.711089119999,7954.616418186666,7760.816756586666,7835.7905023466665,7600.62159408,8007.806411573335,7724.6052998666655,7924.804601466666,9101.786770426666,8517.339641413335,7682.093562533334,6559.58028328,6390.899222373334,6142.23514952,5698.0193533599995,5622.77683592,5592.290157706667,5214.157648426667,4841.844443866667,4764.488293626667,5035.355075786667,4642.606081493333,4628.297901173333,4690.83425928,4474.818886373333,4520.9994792,4483.1435484799995,4660.875687253333,4295.111968,4246.9757624,4137.308984586667,4219.90253344,4101.521477333333,4222.38093896,4242.432762506666,4182.751345253333,5990.4756,5630.808408053334,5543.020590906667,6152.6641848,6178.267307306666,4921.631742933333,4076.7860810933335,4358.976436453333,4271.022678506667,4339.5585216,4207.724195493333,4856.767267146666,4937.7053458400005,5024.03737024,4948.1419331199995,4944.9721449866665,4791.0760921599995,4921.022386613333,5055.349880106666,5289.169176586667,5305.202945893333,6244.593205573334,6306.8769412,5924.711315306667,5650.800219146667,6078.42378416,5659.473569600001,5898.106968986666,6160.6781216,6202.134434666666,6231.3227198666655,6147.1452163466665,6311.698718746666,6462.075648106666,6595.374016586666,6723.24078528,7083.25511784,8566.160242586666,7835.118916666666,7505.624394560001,6817.53708152,7061.281396026667,7524.3053093066665,7862.030089733334,7780.81585024,8067.297656373334,8122.17500736,8705.705253653334,8842.12857024,8849.085567973336,8674.966236293334,8732.43424536,9183.471127066665,9300.980657200002,9451.104591306665,9669.309930293335,9991.934456213336,9940.47841088,9981.941989013334,10147.338520959998,9783.14775536,9690.542217466666,9636.187639973336,9989.312752506667,9721.651282159999,9707.041103066666,10000.4032264,9900.541380053335,10065.700297706666,10127.18579896,8951.200458826666,8723.13828096,8777.491031493333,8892.620018399999,8675.026486453335,9141.147548213336,9632.650675573334,9302.492132719999,9707.1220132],