{"message":"Aggregated IX data for Singapore IX","data":{"nServiceId":null,"width":263,"jServiceId":null,"start":1500566700000,"end":1500645300000,"name":"Singapore IX","in_octets":[],"out_octets":[],"in_bps":[13989.478496853335,14512.099835573334,15414.381543706664,15115.878056026664,14890.361164053335,15488.521002133335,15193.4353256,14855.500074959999,13826.650092746666,13487.948319013334,14244.458289040002,13310.840218719999,13246.569552453335,13386.704160746665,13890.448999733333,13726.424302133335,13739.183254933334,13573.621827626665,14082.484491413334,12888.783461626665,13322.823290213335,13647.47290136,12800.183526293335,12891.269309706666,13793.825044106665,13385.037587573333,13750.046801973334,11492.876061093335,12738.600380506667,12853.29129664,13770.03901424,13970.341414533335,13744.697681200001,13774.13915128,12315.8682116,12213.77943568,10663.400639253334,11323.835874773335,11583.437835333334,11400.726865706665,12398.684509013334,11300.759945573334,11359.71403328,11520.803693466665,10726.356710613334,10592.370505493334,10222.463826959998,9359.870137866665,9884.270320746666,9321.837905866665,9499.99288072,9383.87765752,8929.870234,8456.424379013335,8888.441164586666,8302.36332504,8677.99889368,7900.97281208,7777.112845706666,7511.773521946666,7477.947231413334,7952.183514053334,7794.75409848,8022.22393712,7621.277496106666,7523.27083744,7987.783395866666,7535.004147600001,7381.9795944,7293.71094784,7152.229033680001,7230.22728624,7364.812643973333,7440.483956693333,7566.184552053334,7589.754096346666,7843.75934824,8078.700349253334,7806.581281706666,7862.758056266666,8107.63915496,7566.508013093334,7928.856986399999,8316.617441600001,8585.948615066665,8406.809906906667,8413.945816346666,9186.70722152,8823.869833733334,8812.447572453335,9220.506059173335,9214.468874639999,9264.342992053334,9154.50321024,9442.698441146666,9418.32050464,9640.064796986666,10147.026833813334,9768.99031248,10893.229587173335,11832.862455866665,10341.115224453335,10461.756297866665,10790.227996,10520.349349813334,10756.24991224,11046.431499493334,11325.378339306666,11495.1938368,12036.313565173334,12134.204543066666,12208.440859733333,12182.277392266666,12185.873046773335,12479.610527733334,12709.367133013335,12825.996667573334,12145.219517866664,11750.429331866664,11381.42614776,12139.013955946664,11635.826436,12622.445362533335,13519.124147973334,13522.538240826665,12485.24798248,12947.995650666666,13603.891989866665,13757.774699573334,13474.918306693335,14131.191578053335,14301.158990853335,14510.79451216,14771.459827786664,14296.274392773334,14235.70009528,14718.033576746666,14405.566027733334,15262.515784879999,15358.3829372,15355.909850773334,14805.196779226666,14324.225210826666,13698.567303973336,13591.344797546666,13572.22622696,13652.04689576,13849.357110346666,13908.762368266667,13864.475261253334,14567.746626346667,14335.573609013334,15028.053170533334,14997.997803066666,14901.771399120002,14247.82927488,14169.988797146665,14593.888608026664,14451.768369386666,14665.852199840001,15018.474929413334,15057.62535664,13600.715322933334,14308.946023466666,14632.692758853334,13966.710975733333,13383.07868552,14052.900743226666,13891.840711253333,14312.412126746665,13908.78441792,13899.41945632,13326.276887173333,13979.845115946664,13806.466551786665,13041.428042986665,13123.821168693334,13526.058988613335,12628.80492224,12812.16740192,13016.27136648,12938.050943600001,12590.489795493333,12795.40797568,12772.721453893335,12934.490374133335,12694.045730959999,12903.801827173334,13336.468937173335,13521.475309546666,13418.50822368,13390.070141226666,13184.009259573333,13084.193937493334,13921.588827893336,15008.862083573335,13795.338877333334,13342.522373893335,13564.03241792,13384.942725973335,13233.839994906666,13608.182404586667,13850.17143952,14263.791287760001,15093.620645093335,14115.237237546666,13819.217020773334,13674.3311556,14095.792899893335,13563.694874853334,13439.993231973336,14533.506059146666,13411.797186053334,13284.164070826666,13712.282696106664,13051.09718704,13230.565792933334,13297.264712,13318.720787306665,13423.079372266666,13199.584958133335,13372.650052186667,13335.13226432,13476.49795248,13237.58891992,13185.239818799999,13188.226030506667,12938.465539093335,12585.822082613335,13864.469895333334,13826.719945066665,12798.946663013334,12789.643583146666,13239.326029813334,13461.945652586666,13611.801925306665,13367.500785813334,13662.937874266667,13706.211734186667,13814.864124026664,13840.748677466665,14004.309231653333,13902.515871333335,14136.559506399999,14428.40101768,13935.265488693334,13795.549054506666,13603.381491386664,13910.824715786664,13537.041735493334,13391.29041496,13322.830802853334,13744.413764826666,13256.24836168,13875.74680632,15267.12376952,14702.805271173334,14856.09185128,14620.045426213335,14834.003342426666,14364.958910026664,14749.419228506666,15388.557212106665],