{"message":"Aggregated IX data for Singapore IX","data":{"nServiceId":null,"width":288,"jServiceId":null,"start":1488531000000,"end":1488617100000,"name":"Singapore IX","in_octets":[],"out_octets":[],"in_bps":[12599.983365493334,12567.487531493334,12702.505624346666,12549.647014346667,12234.949482533335,12318.160069786665,12721.794319466666,12487.641409653334,12625.994158213334,12850.591514533335,12632.42473864,12954.456564586666,12891.649382906666,12383.503954933334,12403.560684773334,12573.741114666665,12616.122506346666,12709.504294533335,12300.7165956,11737.988516293335,11391.63996872,11597.190102213335,12106.49081968,12153.60419392,11936.765379866665,11601.859837040001,11544.099145493334,11805.081052,12508.577854106665,11171.092255866664,12575.8294128,11772.19545184,11905.47229808,11941.979640693335,11512.363275386666,11883.094524266666,11961.875872613335,12421.00052016,11552.833149413334,12119.731234853334,11356.444984239999,11214.098687040001,11249.264048133335,12106.369431680001,11284.322511173334,12072.514242213336,12751.426611413333,11700.145660586666,11604.726370746666,12473.722197093333,12059.571294453335,11955.143982293335,12364.126505040002,12503.957960053334,12608.582308133335,13711.266998933334,14208.994238106665,13012.367116186666,13295.836959706665,13471.39650176,13135.39609752,12893.026199013335,12884.06114936,13069.95058952,12863.15501536,12645.97318368,12765.67731952,13226.817849786665,13780.483736213335,13100.89289144,13671.44068984,13984.66991,13735.78418944,13536.671804239999,13434.879422799999,13295.455495013335,13719.317636239999,13688.080724266667,13547.672093013334,13905.922725653334,13466.967934,13807.53232928,13513.816434586666,13777.61041984,13598.44117456,13332.972136746666,12635.94290656,12991.168749440001,12738.91400128,12954.305034373336,12092.652356186667,12104.72998584,12507.4414764,12431.752215466666,12157.578807173335,12181.048548266666,12371.27490928,12025.911386586666,11722.974574026664,11536.194989893336,12149.496827786665,11987.566185253334,11548.188875093334,11202.480340586666,11124.667142506667,11350.236203093335,10921.593785573334,10876.479904453336,10880.196435226666,10585.13698064,10139.806790853334,10346.391936666667,10307.649430426667,10259.69058224,10054.469186,10282.586864746667,9783.524954586666,9659.503949333333,9381.30011136,9280.328949786664,10631.957564586666,11393.714759013334,10665.924250426666,10751.821294586665,10647.779160186667,10857.707745866664,10574.172496266667,9881.217489226665,9199.81536376,9710.843645226665,10072.933415200001,10200.301483946665,9732.041771146665,9616.174269813333,9206.163554159999,9286.985211573334,9278.69566208,9234.35888936,9110.0834764,8931.158670293335,8813.242480853334,8849.667364133335,8487.972104986666,8619.502843306665,8679.220037653333,8678.805128959999,8490.002363146665,8480.831204853335,8122.709643226665,8428.761795813334,8397.75208552,7978.397436666666,7933.345959093334,8090.027479413335,7894.995776,7279.271953866666,7154.465865333334,7237.53634904,7184.175159226666,7243.022520293334,7202.770380613334,7240.725765706666,7515.547987813334,7292.600732399999,7301.638971546666,7575.2861934933335,7546.02471,7273.753463946666,7201.308433573334,7834.70524184,8455.391078640001,8899.38560712,9007.27007608,9146.256176,9763.94838432,9792.840778586666,9588.605497466666,10045.059675306666,10630.52006048,10986.629644319999,11142.045051386665,11201.938477013335,11124.053914293336,11003.30096552,10609.298193253335,10790.407983733334,10362.252652506666,10482.048106133336,10536.373311866664,10141.75587856,10261.940733386666,10699.940533546665,10337.580408533335,10600.954641786664,10538.209790293335,10888.946270453334,10994.039391626666,10575.919407200001,10546.887240133336,10811.243551706664,10637.939956213335,10753.075888746665,10699.472963946664,10565.013259333335,10771.759940799999,10614.996339520001,10442.052661013335,10774.204142933335,10886.049674613334,10878.252525413334,10447.332619413333,10410.523950346666,10379.159392,11045.804083973335,10706.820714,11102.039270053336,11016.474448,11013.872050639999,11768.64038048,11469.763763946665,11436.767524266666,11901.937709386666,11424.358775280001,12343.372634719999,11450.650273893336,11532.901009120002,11460.769621200001,11293.36632048,11118.09315704,11695.74272152,11416.276417706666,11904.54884072,11994.062986613335,12328.73461672,12400.228073173334,12667.217175333333,12578.1905536,12414.063918266667,11566.807511386665,11728.380244799999,12244.188877093335,12204.978695866665,12016.651643893336,12288.602584213335,12092.788578933334,12184.191230133336,12299.888630426667,12068.620100933334,12438.879960479999,11978.593910026664,12117.114406613335,12525.012196853335,13216.265675946664,13328.360341066666,13043.218520186667,12439.999101893336,12105.418164373335,12573.227612106664,12862.905096773335,12341.267678346667,12670.270508026664,12180.631890826666,12588.461366133335,12519.331476719999,12067.221208879999,12024.42372616,11802.286459733334,11402.804813893335,11806.815812906665,12142.967859546665,12183.410683306665,12123.592565626665,12230.268700133334,12351.236279120001,12382.567500986666,12418.301800613335,11893.290420266667,12037.72185056,11765.414899546666,11638.21451688,11511.0316644,11347.528438586665,11206.266145786665,11074.192677413334,11680.110370373335,11849.838650666667,11214.544052,11053.297928853335],