{"message":"Aggregated IX data for Singapore IX","data":{"nServiceId":null,"width":214,"jServiceId":null,"start":1512245400000,"end":1512309300000,"name":"Singapore IX","in_octets":[],"out_octets":[],"in_bps":[11532.7409296,11358.81009216,11636.874183653334,11223.187298373336,11087.8498004,10122.920553413334,10174.811887013335,9927.040606293334,9931.199446133334,9778.93593448,9420.12120352,8611.639957360001,8555.821702773335,8074.6097917866655,8272.76983168,8021.18956064,8079.9414612266655,7911.199858346667,7874.372338720001,7441.457852826666,7376.9001872533345,7137.714853253334,6949.700623066667,7075.8601698933335,6892.44532504,6836.191540399999,6841.08333992,6910.8295884,6680.591659680001,6741.151642186666,6653.16888512,6488.147217813334,6605.768768,6682.894261733333,6718.201508213334,6700.29770672,6671.427594399999,6468.136658373334,6134.214831546667,6583.844745439999,6474.677593866666,6797.443894800001,6854.93154184,6869.167362266667,6966.000341093334,6936.092144853334,6868.667688506666,6680.0756457866655,6593.705701600001,6431.490333493334,6621.3791931999995,6681.710681760001,6799.837396826666,7163.177466319999,7162.439355546666,7199.054101413334,7319.359744373334,7202.12245896,7402.513379493334,7334.33684384,7395.834702213334,7507.564831653333,7634.118353466666,7781.122744426666,7865.910605253334,8080.00955976,8316.749419146665,8455.795904213333,8529.406995306665,8638.411325706666,8807.061136293334,8575.785090666666,8481.01624352,8310.339950213334,8320.629575066665,8448.786308186665,8521.186016053334,8778.56856224,9047.038672906665,9074.405668453335,9331.156721493333,9729.959404186666,10015.42018832,10367.92681032,10603.854298373335,11134.996657413334,11369.054062613335,11995.563082346667,12323.615577946664,12252.716546613334,12092.43571688,11498.43721848,10949.628587226665,11039.182983546665,11182.910197226665,11127.892297413335,10748.187283786665,11038.602925573334,10931.399800826666,11510.8281376,11644.45665384,11988.0443208,12698.252846106665,12787.642332986667,12983.32308216,12777.531544426667,13036.207679226665,13375.565784026665,12984.523295946665,10717.57746368,10410.876879973335,10337.710696053335,10136.388318186666,9921.706475333334,9995.021209226665,10187.607656799999,10000.4571576,10407.753472746666,10772.085213146665,10899.609542799999,11359.970276639999,11560.619756639999,11725.281291013334,12013.543300906666,12001.97976024,11531.436445573334,10929.149556879998,11049.405809893335,10847.397465653334,11142.137587546666,10657.170255066665,10733.103710426667,10588.04852984,10580.53823392,10877.984189093335,10766.812325653334,10943.899879333334,11250.071253760001,11330.51606264,11392.30347312,11547.75799072,11758.640553546666,11304.535399146665,11101.514880746667,10791.805980266667,10541.753008293335,10695.939732133334,10860.348199466665,10969.800534026665,10527.697883466666,10774.138056959999,11024.4351256,11222.645476533335,11193.399336986666,11567.217376266666,11341.366306586666,11235.986714426666,11371.99022184,11543.483499066666,11748.262110666667,11087.60571136,10916.243836106665,10619.54379904,10289.794503946665,9944.434949386665,10026.136063973336,10192.009957146665,10095.249014826666,10094.20373976,10418.441117173334,10641.148397973335,10890.48030688,10945.87325192,11017.863160719999,11703.96388688,11274.12177272,11104.19050816,10990.468787253334,11073.143602586666,10920.636785626664,10796.475585493334,11179.586008426666,11933.528605040001,12358.367636906665,12390.720333546666,12505.541913866666,12181.758166453335,12406.263015013334,12001.868016693335,11836.594830639999,12144.860691946666,12251.223894613335,12422.4878296,12118.581023786664,11747.2383244,11407.740195786664,11280.164245893335,11263.046348053334,11166.227587733334,11299.572996586667,11130.850713226666,11137.121920853335,11485.868656933335,11869.18121592,12157.315669413334,12473.255974586666,12600.73425784,12819.808142,12984.846868879999,12722.96186728,12758.723466346666,12473.735091440001,11832.354701973336,11432.772596906665],"out_bps":[11529.612086133335,11389.501931146666,11583.976904213336,11250.610136293335,11051.741510986665,10119.745509146665,10170.707287520001,9922.936840053335,9905.529914293335,9787.346490986665,9433.955600399999,8615.654778799999,8519.903882666666,8069.94568312,8272.428621359999,8012.309665626666,8074.83199168,7911.23044352,7849.454388053334,7449.838906399999,7393.06315272,7128.1857188,6961.862354293334,7049.81344432,6891.66971224,6846.027973626666,6824.936369306666,6905.087577733334,6688.585387546666,6714.4203115733335,6642.786342560001,6505.840912933333,6598.953561226666,6678.691596666666,6657.945702106666,6734.676267813334,6671.691116986667,6455.257545733333,6159.159399066667,6565.966397786666,6474.05303096,6782.3446613333335,6875.379593253334,6853.839035173334,6942.391694213334,6924.415598346666,6863.249541253334,6678.783740293334,6614.678424986667,6416.155674,6599.697083253334,6685.8058302399995,6795.888062106666,7166.0007728266655,7164.35734192,7183.714319520001,7315.761350586666,7198.973301333334,7395.3396106400005,7290.304228453334,7396.02229088,7507.3307145866665,7615.54613824,7760.195755973334,7884.704159546666,8057.995001013334,8325.52897112,8442.27148344,8540.00408992,8615.893195013334,8807.186330426666,8562.257440853335,8472.990001626666,8316.694609786666,8320.455642773335,8473.082476506665,8513.777256373334,8779.268884426667,9008.726657093333,9050.963615386665,9351.249757360001,9691.285053466665,10028.06410728,10296.523554,10635.278800133336,11120.963617573334,11369.558546133336,11961.2511216,12311.511972373335,12250.958196959999,12098.246975733333,11479.302346213335,10975.32877528,11006.666704453335,11173.367369946665,11124.170721333334,10762.078596373334,11004.691290906665,10944.5801004,11505.368294106665,11624.511396933334,11931.545475866666,12682.299212773334,12832.24944384,12936.651059040001,12778.592762746666,13024.898316186667,13367.488122533336,12967.027438026666,10750.64248152,10411.801134586665,10341.620970693335,10109.507806853335,9889.614976986666,10012.854066,10149.992091093334,9999.51165208,10401.783609973336,10738.45235728,10910.434602986667,11364.962136266666,11500.315065493334,11713.583613093335,12037.087465440001,11988.175366506666,11493.234290053335,10999.916947813334,11015.192737360001,10836.383521013335,11125.713584186666,10660.634773626665,10751.962589733334,10550.29329,10613.087816586665,10851.471422906667,10753.334352373335,10902.992253973336,11246.614964746666,11339.217032293334,11385.053239386665,11548.991997813333,11714.253456639999,11343.672399413334,11064.58229312,10811.403270746667,10544.45235672,10657.222079520001,10870.988179413334,10953.078183093334,10571.00947496,10738.702288453334,10992.49066672,11197.916885413333,11226.275112506666,11535.984733813333,11360.142150986665,11226.765586666666,11375.71993424,11526.017784133335,11741.755551973336,11079.613320986666,10906.820837786665,10606.89993184,10300.461222506667,9926.78856048,10022.152143013334,10195.925274853334,10103.835789146666,10064.24296368,10415.843385786666,10649.994801573333,10891.680985066665,10886.39069512,11030.628548319999,11712.166159386665,11248.8531608,11111.63260872,11009.139445546665,11064.241604213335,10909.168275893335,10796.277787626665,11172.752168906665,11908.175270293335,12339.166959093334,12362.357795093334,12487.74934736,12200.105079573334,12398.424080533334,11976.73727568,11792.144087946665,12194.034530506666,12225.421011226665,12410.448160213335,12123.68906848,11752.000542053334,11387.076666746665,11281.985763146666,11269.499563466665,11162.442178693334,11299.237210959998,11111.405805973336,11117.742879893336,11483.279854693335,11857.312295626665,12170.969675466666,12436.762206933334,12597.180837546664,12816.323815546666,12985.389859173334,12707.551844853335,12721.657976053335,12479.433907093335,11845.44150696,11390.087203173334],"in_packets":[],"out_packets":[],"in_errors":[],"out_errors":[]}}