{"message":"Aggregated IX data for Singapore IX","data":{"nServiceId":null,"width":287,"jServiceId":null,"start":1483245600000,"end":1483331400000,"name":"Singapore IX","in_octets":[],"out_octets":[],"in_bps":[8571.04912904,7528.716068773334,7625.158612666666,7914.576614,8444.117921626666,12300.208382719999,11252.546092879998,7713.143815840001,8138.287524293334,8906.251303680001,7965.048857786666,7745.447846213334,7869.862563146667,8298.672291413335,8416.800648213333,8391.52371256,8725.085083813334,8453.416453386666,9099.873579466665,8455.998861733335,8082.826799706666,7597.973200053334,7704.128097813334,8016.223901786666,8491.43218,8152.21727776,8680.229647466665,8372.06150976,9130.044282826666,8662.611794506665,7714.363457359999,8416.166859466664,8746.742704426666,8455.576605066666,8588.523237893334,8250.53480488,10368.453835146665,9197.19364976,9297.51403568,9507.022642079999,9359.532992826666,9259.855695973336,9392.519310133335,9065.327752693334,9383.149871413334,9270.830657093335,9593.8084252,11175.412577333334,9627.126249493334,9247.619084373335,8917.194379386665,8823.414616906666,8988.709721360001,8871.088268799998,9056.01663984,8857.009818666666,8791.86723624,8917.934853173334,9042.650580213334,9347.749529546665,8608.505553866666,9038.786184,9126.796765653333,9493.43167488,8912.420685413334,10585.773965146665,10750.701027733334,10918.06085688,8233.661542986665,7846.198943706666,7937.079194746666,8191.286124506665,8729.730620933335,8858.246344559999,8928.04063768,9163.432993093335,9647.37884048,9292.054296773334,8314.36532664,8477.144443199999,8938.831422053336,8539.050347413335,8963.91090928,8634.404275573334,7811.458966613333,7735.001481706666,7666.444306560001,8326.980800586665,8710.978558346666,8455.346230106665,8500.875866826666,9048.456449386666,8908.470072693335,8361.821735413334,8214.298216346666,8034.152864613335,7494.129466986667,7625.911207706666,7738.412825439999,7589.228137786666,7774.919059520001,7747.314913466666,8320.620272666665,8493.851186560001,8753.88862752,8757.932627600001,9594.474855120001,9183.892357093335,9089.981553493333,8974.197219813334,9042.956711893336,9464.792537360001,9805.530416933334,10325.742478773334,10423.809917573333,9427.472885066665,8948.012090746666,8933.279437093333,9321.97479832,9197.831875866665,9522.744460373335,9537.249328106665,9519.99974672,9607.942272613334,9562.805745306665,9540.754448826667,9889.211885653334,9614.30908144,9928.019171146665,9349.30177816,9202.07424776,9245.260507653335,9310.584513413334,9126.700218186666,9090.214650959999,9778.775711973336,9708.11734208,10023.9169764,9976.1120892,10881.743078266667,10862.546340453335,10840.507660693334,10312.886462053335,10454.646080613335,10604.53933,10420.460384639999,10258.583607866665,9610.1637228,10584.084123146666,12176.9724764,12056.902948453335,10330.3306692,10221.205945546666,10520.324803200001,10222.778165786665,9690.453085333334,9522.85295152,9455.359634853334,9589.72949416,7750.761875066667,7619.874601439999,7759.100223786666,7813.387316453334,7207.16542896,7991.303823173334,9187.894649200001,8154.8218829866655,7548.676109093334,6961.77009128,6605.9484801866665,6735.895041973334,6433.084731253334,6073.6444165600005,5874.275080026667,5661.676192773333,5450.570056453333,5299.78832056,5112.603144853333,4934.383936186667,4797.747701706667,5586.0261292,4982.93764904,4927.796649893334,4726.167752186667,4770.461676373333,4931.444408,4599.967222826667,4276.4437668,4182.812550026667,4187.524456239999,4078.17829608,3901.641784106667,3887.814742186667,3720.68059144,3492.150019893333,3393.851022853333,3381.791521493333,3401.4049857866667,3470.340265866667,3451.542400773333,3523.8015540533333,3473.839468586667,3406.086074346667,3499.1542426133333,3340.072372186667,3518.1227738666666,3387.7038445333333,3307.318274213333,3258.24051632,3281.953349546667,3146.7086674666666,3235.54699112,3200.401363973333,3121.4071570133333,3174.944115973333,3288.871651306667,3291.1853926666668,3432.5876068800003,3427.092103813333,3505.008085653333,3501.681831173333,3502.142362933333,3557.198435146667,3784.482295733333,3746.281741173333,3929.5704734666665,4128.235781093334,4156.563826266667,4028.786504693333,4044.646441226667,4282.87514232,4303.84851152,4531.7212516,4868.344963866667,4850.39353304,4931.008074026667,4870.283318746667,4730.0787553066675,4899.86835056,4887.9795899733335,4940.307469626667,5535.67546904,5608.4442313066675,5426.64052384,5503.0710984533325,5879.958213066667,5618.2841981599995,6710.172863146667,6033.28479056,6364.969832106666,6335.9651241599995,6225.944860453334,6662.76109592,6507.356893093334,6330.383805626666,6639.948107413334,6600.3356650666665,6831.982127386666,7834.492523226667,9556.986024613334,10588.291629360001,8875.16474848,8433.461111493334,9258.148410506667,10250.997507200002,9310.119776666666,8331.772594346665,8760.409651946666,11938.221033733334,15974.934488613335,13855.16938816,7745.08605016,7775.06027352,7449.6903088,7287.6471125866665,7246.75464224,7478.109092479999,7313.09444496,7437.4268421333345,7586.145715199999,7463.32915752,7980.5615933066665,8519.004204986666,9798.801923680001,8977.484432506666,9053.112842746667,9611.999678826665],