{"message":"Aggregated IX data for Singapore IX","data":{"nServiceId":null,"width":287,"jServiceId":null,"start":1501805100000,"end":1501890900000,"name":"Singapore IX","in_octets":[],"out_octets":[],"in_bps":[11508.7271156,11618.8235616,12218.630544186666,12088.827417413333,12107.317841813334,12384.481003973335,13348.210802453335,13116.778453386665,13604.013679386666,14715.155015013333,15252.626194693334,14947.358585413334,15881.547011493334,16956.509669173334,16943.77391952,16696.138145813333,17141.579801973334,17607.0714152,17539.775876213334,17747.78187872,18782.806846506664,19221.745649333337,18854.9740632,18510.69756952,18850.427685253333,18920.007524933335,19274.3327636,19455.709227093335,19331.125258906664,17131.168560373335,16626.771757973336,17393.10495685333,16820.240215280002,18860.415300106666,19417.377352026666,19216.615515493337,18412.172623066665,18663.720762506666,18968.750344400003,19019.865736453336,19453.69759264,18704.498250026663,18913.154324213334,18617.156738346664,17805.831517146667,18371.217934933335,18570.079805893332,17731.802405546667,18077.60300704,17708.535555786668,17107.355497626664,16979.909631573333,18290.023438906665,17728.780844959998,18496.03305456,17874.61293224,18016.374392293335,17722.111756026665,17704.480344266667,17738.326829733334,17726.432938266666,17700.94614304,17225.316660373333,17541.5992556,16479.837674293336,17303.652539946666,17476.469763333334,17596.6134752,16986.069480693335,17284.206893653336,18121.000362746665,17609.706446293334,17804.86930168,17838.830626506664,18017.372013893335,17718.146888213334,18037.275569759997,18415.52537168,18712.166201466665,18413.723059599997,18676.411853093334,18339.094457306666,18299.835291973337,18643.401192133337,17653.83405576,18525.00081536,18434.588369146666,18045.124030533334,18599.502477786667,18427.10270144,18351.187944426667,19012.009502613335,18985.190923973336,18780.884508266667,18244.93997896,17580.141533866667,17852.327152746668,17542.274295253334,17952.587448666665,17581.021091546667,18438.326865493334,19207.318275893333,18085.100061546666,17985.79129856,17314.9356468,17961.734408959997,17289.883448186665,17782.98771216,17796.371534026664,17301.084624186664,17524.074215919998,16992.035151893335,17175.498446933336,17624.933093813335,17934.1104652,17045.097979653332,17235.418893973336,17755.164648,17220.236985919997,17142.17517992,18341.636771093334,17460.630316400002,16717.509205226666,15982.671929733333,15903.243534586667,15825.969880746667,16204.938049893335,16147.537718453335,16020.734192293336,15338.16719616,16138.888231626664,15871.108884293335,15926.333588906666,15864.655272639999,15801.948939866665,15516.70725368,15575.443844559999,15633.887184213336,15216.3313796,14394.579975120001,15554.807244959999,15471.496707280001,15187.159318693335,14973.702228906666,14569.441953893336,14398.375908106666,14530.448107173333,15391.54579072,15174.224177653334,15066.742209866665,16280.83916272,15856.689813813333,15786.937855573333,15455.089360639999,15235.499591866665,15503.328282213335,15775.788498693335,15512.892663546665,14908.092705706666,15140.60929696,15756.198543280001,15903.819464266666,15782.080636533336,15994.309054426667,16466.458620533336,15955.90174152,16041.62566616,15551.082862533334,16284.802200026665,15296.70771832,15503.437868346666,15769.527054933335,16298.11180312,15668.919660773334,16417.185082906664,16378.260127946665,16084.656486186666,16205.150331946665,16457.121126506667,16525.52761248,16352.889146746666,16840.528394853336,16285.8019172,16520.163954373336,16294.547457093335,16663.830864266667,16561.112088053334,16977.116878026663,18191.130235306668,17406.553629866667,17932.03811688,17156.261673893336,16325.831572773335,16877.468387413333,16639.21669432,17093.659600346666,17651.803899786668,17643.68937669333,18179.081514506663,17617.667754586666,15805.827534906666,16741.409278026666,16070.710130666666,15972.3884536,15130.031970026665,15170.253509333334,14755.639407093335,14702.205888533335,14746.172627146665,14597.789404026666,14379.090963546665,14958.41563192,15292.835430719999,14711.428628453335,14285.038664773334,15725.599002,15077.519608666666,14380.715845386665,14103.127132053336,12511.584873733334,13190.858169813333,13376.746916639999,13203.280006026665,14448.6633404,14262.789694853334,13074.253670853335,14766.244851893336,13135.808979573334,13556.700966746666,13493.739067306666,13223.00524592,13189.045306906666,13549.86243752,13327.512909093333,13674.903787413334,13046.660025706666,13013.03596392,11928.458510693335,12328.134148613335,11659.445307546664,11414.196749280001,11623.756188746665,11213.507735493335,11143.564053573335,11872.908923226665,11523.9397328,10684.797120959998,10741.437620133334,10988.797484826666,9723.972877040002,9799.699123440001,9861.907712799999,9359.531014293336,10308.902330826666,10071.256687573334,10358.413220053335,10009.95588752,9980.48120088,9650.606808773335,9735.490258586666,9293.709589306665,9719.143439333335,8973.42355016,9016.953961866664,9538.26776176,9517.60292952,8956.317468906665,9332.230748053335,9205.871360746665,9878.322305893334,9842.45230016,9503.6366356,9388.247105733333,9440.451535626666,9501.005230266666,9500.029084426666,9720.53863032,10017.011923173333,10613.13151376,10258.804815946665,10193.212769360001,10628.616196773335,10563.112900106664,11069.9659584,11295.741309146666,11259.599377466666,11480.791814106664],