{"message":"Aggregated IX data for Singapore IX","data":{"nServiceId":null,"width":285,"jServiceId":null,"start":1496102700000,"end":1496188500000,"name":"Singapore IX","in_octets":[],"out_octets":[],"in_bps":[8985.443639493335,8871.864417573333,8943.847000959999,9181.655444586666,9654.609606773334,9808.420563466665,10429.497876213334,9483.603750586666,9778.140437813334,9828.672834933335,9649.803446933334,9502.351121146665,10496.411986533334,10599.091041306665,10877.53763936,10429.125842399999,10387.563792933335,10385.923420773335,10421.945514746665,10916.134766746665,10900.646392693334,10898.834676879998,11352.056403066666,11240.015961520001,11022.409672186666,11061.348797706665,11754.695213786665,11543.654494853334,11223.427133386665,11041.908113813333,11063.352374506667,11075.085148826665,10988.678505146665,10753.62963064,10979.51072416,11129.391067493334,11540.0300076,11669.51458824,11832.756741066665,13395.304134026665,12258.33576168,12171.082736426666,11630.688482613336,12220.46283928,12363.595301893336,13047.156954106664,13164.703238853335,13090.71205784,13430.209772106664,13626.484289253334,13680.571938613335,13374.483668106664,13467.434725973335,13147.832610373334,12836.556119893336,12834.560460133334,12179.335211706664,12572.600472,13097.370735626666,12982.33691656,13045.662144533335,12597.263800426666,12561.989396453335,12429.93290672,12477.406642293336,12296.97771024,12332.741787653335,12941.010650639999,12712.198117200001,12232.812149333335,12232.82136944,12746.170666266666,12473.201889173333,12799.843518026664,12925.93764432,13047.259970293335,12702.495161840001,12945.1794748,12918.122866,12548.825932106665,12294.205976933334,12502.115659120002,12883.643537413334,13081.186969013334,12986.21737312,12802.925651626665,12763.251496853334,12920.776538693335,12549.346790213334,12208.731482719999,12550.68080488,12266.935640239999,12782.241004799998,12669.006349226665,12909.986914266667,14200.036184053335,12835.146156533334,12948.32599576,12050.717627386666,11765.071577013334,11953.127819573334,11758.245353226666,11732.077857600001,11587.902162346667,11185.870884026664,10872.732227173334,11081.906036826666,11394.728352213335,12193.348640106664,12543.888989866666,11709.279945306665,12190.2434684,11961.803613066666,12505.648974133335,12424.014302133335,11821.67756024,12058.274579386665,11283.533346933335,11452.72993176,11485.165370853334,11863.121550933334,11971.68137248,12219.905087253333,11743.294472666666,12606.297646106665,12113.08787816,11984.08160208,12226.266932106664,11559.164672026665,11563.14332968,11589.209360879999,11340.996790906665,11322.537836773334,11015.609589973335,10479.721959333334,10524.27764304,10547.169708053336,11331.341230586666,11863.889495066665,11047.77317976,11904.24899832,11864.295336613335,12171.675281093334,12379.44155784,12362.344141013335,12194.789503200001,12388.963147440001,12406.490169786664,12496.398724453335,12026.265555040001,11885.752250453335,12266.475384426667,12141.486866373334,11740.181337200002,11140.63240072,11525.684398026664,11667.323258879998,11613.317559173334,11851.412931093335,11846.355842,11987.34879632,12208.00391856,12094.725292506666,12002.216370773334,11827.299858773335,12493.975151733333,12378.127685466665,12674.62911248,12605.2000236,12252.53907848,12948.834474746665,12897.347081760001,12580.498289306666,12090.814840853334,12429.682527840001,12736.576117173334,12944.110323573334,13630.796034906665,14339.304298533334,13333.035243493334,13295.248717093335,13287.931658,13470.078297573335,13604.145124773335,13202.61755952,13746.463723173334,15385.186952746666,15238.95654632,13894.753097013334,13145.29089576,13405.747527626665,13919.226286506666,14745.065125626665,15334.48038776,14731.788840559999,14181.920690853334,14532.323623066666,14748.207642746665,14492.806355653334,13683.902256026664,13273.917212106664,12760.27981544,12336.53076856,11748.142720453336,12627.505678613335,12923.26964776,12723.688929173333,12263.824978026665,12524.365231226666,12326.469954266666,12626.605413413334,12907.153232373335,13636.299823120002,12811.823628133336,12607.45550944,12422.092839306666,12105.423154586666,11426.029344853334,10856.259849600001,10820.922115253334,10887.424980506667,10180.530257093335,9590.589797946664,10160.036522106664,10115.250321706664,9595.722331386665,9647.872499946665,9125.503324906666,9221.823477653334,9268.811004693334,9026.282909173335,8324.942018453336,8469.355565439999,8125.286127573335,8681.33656608,8480.127780906665,8111.18915,7822.7152645333335,8051.348147520001,7956.531938426666,7990.759731466666,7864.02065248,8355.891646693335,8443.832135466666,9170.379897413333,8334.28298656,8242.434775386666,7855.802918,8264.147532533334,8089.789867466665,7781.528251306667,8043.044233279999,8004.703481333334,8335.708426293333,8627.279526586666,8786.912246639999,8796.582815040001,7861.033453226666,7807.04665112,7718.565016746666,7468.436035066667,7740.537490986667,9075.090871626666,12614.707225306665,8584.022698613335,7977.29748312,7828.422224666666,7848.2172016,7938.18879632,7895.77223176,8045.11455736,8136.372890853335,8330.558439893335,8355.145297626666,8632.961084613335,8987.558588293336,8845.319216826665,8826.864975813334,9234.369059706665,9048.36281744,9145.04225848,9262.161805040001,9280.693903626665,9392.27408592,9782.666889013335],