{"message":"Aggregated IX data for Singapore IX","data":{"nServiceId":null,"width":284,"jServiceId":null,"start":1494333000000,"end":1494418800000,"name":"Singapore IX","in_octets":[],"out_octets":[],"in_bps":[12441.081043786666,11875.969962533334,11547.310677946665,11406.655504266666,11303.65113464,11182.975019973335,11611.447024133335,12072.453666853335,11849.742361733333,12044.791076906666,12448.665362106665,11967.429587093335,12332.350082106665,12212.848766,12193.536440613334,12382.749642133334,11833.844438026665,12347.612578266666,12098.861455893335,12739.52759808,12882.108808613335,12471.290829813333,12774.164784906667,12997.727662453335,13058.381406479999,13197.435530853334,14101.402091706665,13406.779924133336,13226.927506666667,13037.698802719999,13267.45729312,13681.76204576,13066.50682832,13594.179863653333,13356.256293333334,13769.999591493333,14227.623968799999,14703.458471146665,14661.644705786664,14824.5425176,14921.897159946664,14261.9015348,13692.704727226666,13968.093903546665,13657.052535413333,14096.280539173335,13824.936617520001,13825.310822906666,13744.533922266666,13019.717058533335,12876.322951653334,12140.771121226666,12543.484135386665,12773.713010959998,12416.048485173334,12028.152492879999,12073.455448826666,12305.10168656,11350.042246053335,10929.238276906666,10892.282920106665,10975.416021093335,10440.394686213334,10374.62886872,10261.37051856,10105.273424666666,9525.6224284,9721.062314746667,9443.32561384,9672.563593786665,9422.227394986665,9602.414533626665,9018.30379704,10363.673480186666,10240.38165384,9001.807794266666,10283.362491413334,10933.956379413334,11240.193517226666,12120.816167386665,12708.96711088,12910.250958853334,13201.387433253334,13498.354999520001,13043.33264456,12481.14172792,10199.768837866664,9691.466210053335,11334.567325653334,10802.152126346666,11110.5278412,12098.43459272,11398.627924533335,11159.802417253333,11247.08015368,10943.308546613334,11405.522968853335,11370.40021208,9786.762413093335,6589.794580399999,6869.1516872,6668.099102933334,6616.649894346667,6878.4825490933345,6478.0560411999995,6520.709842826666,6973.744521973334,6402.304578159999,6503.325530426666,6614.790549413334,6603.421072533334,6443.770651386666,6291.97087416,6333.766216319999,6397.554659840001,6631.927618826666,6120.022916986667,6245.1974956,6538.74201504,6540.680062986667,6532.3543632266665,7234.450742906666,6661.791489946666,7240.338353973333,7244.101970773334,7351.564065226667,7112.022614693334,7679.251019973333,7963.992379493334,8022.254610666666,8079.610172453335,8750.803936453334,9049.82347896,9168.97111392,9342.74577824,9771.127388453335,9538.3344788,9918.341024746665,10325.853267546665,10968.47731328,11433.957772053334,11469.91488616,11121.684229413333,10866.10862048,11447.897812693334,11171.883210186666,11377.823229626665,11319.92442208,11635.59562768,11777.17987464,11707.969744453334,12575.05292816,13071.297548666666,14029.068818213334,14446.40603976,14932.737461386665,15533.749624133336,16349.004959333333,15634.95443928,15924.817313333335,15586.649280453335,16114.462783573334,16311.36749808,15971.795494373335,16604.775394186665,17173.654784266666,16808.761829653333,16839.272374906664,16207.401300533335,15611.23413176,16627.469108666664,16991.64888416,17672.266842266665,18499.754499226667,18417.161659733334,19080.168720853333,17427.747576666665,17310.505632026663,17090.523830906666,18270.614517546666,17066.777284853335,17136.78255752,15975.05758504,16728.57113216,16784.32223256,16899.875280346667,16961.495275173333,17326.27915472,16706.656729386665,16693.703003893337,0.0,16267.8602884,15705.647156666666,16130.24749632,16015.935730346666,15834.767578559999,15429.848461146665,14899.054771946665,15327.488784773335,15223.576646959998,15334.566218186666,15671.73809248,15301.55857688,14981.7302448,14977.237112026665,14565.29129544,14644.595340373335,14739.350071120001,14715.79679472,13948.385534933333,14585.719431546666,14785.653402373335,14796.180099173334,15046.096218719998,14804.009587733333,15221.968888453335,15144.910519680001,15805.760299973335,14842.992892613334,14761.586116373335,15388.54300864,14938.631977386665,14672.757340479999,14408.3502244,14601.268648933334,14479.736529200001,14347.232323733333,14114.538327013333,14001.367605626665,14555.957007306666,14287.969647306665,15303.03879144,15906.636694373336,15836.825874373335,14777.626925946664,14837.042473893336,15070.841132986665,15004.716725146665,14776.09723064,13997.3729936,13462.203113360001,13388.46533024,13715.426539386664,14143.015989946665,14202.77088784,14084.328938213335,14186.243517146666,0.0,13766.771441866666,13656.737808639999,13630.582545253334,13502.85151816,13815.561299493334,13809.34013152,14292.071288773335,13614.339123200001,14014.905723626665,14641.35350144,15284.656816373335,14914.007727813334,15681.652997493335,15779.7038956,15572.894545573334,16200.233125493334,16204.62288664,15704.9709604,15605.12034608,14334.476112693335,14108.186571093334,16661.540741546665,15954.42650048,16682.79596704,16850.895233440002,17959.39408256,18770.23011344,18136.92492648,17540.22242992,17859.088214080002,17678.096386,0.0,12712.577429573334,13153.54178424,13067.09437936,13280.830782346666],