{"message":"Aggregated IX data for Singapore IX","data":{"nServiceId":null,"width":288,"jServiceId":null,"start":1473228600000,"end":1473314700000,"name":"Singapore IX","in_octets":[],"out_octets":[],"in_bps":[11041.26020472,13198.40958,12402.355172693335,11192.022072506667,10664.449954213334,10766.045568,10615.934230159999,10997.009074613336,10921.105218906665,12045.313701973335,13619.281909413334,11412.296106053334,11370.497232506666,11350.297599226666,11305.58581784,11149.011064906666,11537.592536266666,12217.7495348,11990.37468104,11809.316886586666,11774.729458639998,11960.627114053335,11806.057136293335,13564.62269944,13000.82611832,11674.879036,11472.496452986667,11457.05028272,11075.515508906667,11082.085137893335,10892.69135232,10924.729757173334,11038.524519653334,11892.827591946665,10957.95401944,8902.24166616,10817.465612346667,10795.563886373335,11105.30861392,11453.20341568,14340.954730613335,11524.335938293336,11548.118048293334,11228.821226986665,10996.557991973335,10938.64393696,10717.148975546665,10718.115433253333,10699.930886026665,10317.559211866665,10009.8810052,8582.510705066665,8640.900181333334,8701.75983744,9502.175886693334,11673.37313416,11537.925380319999,9519.716983333334,9406.744340293335,11022.138079333334,11143.510340133334,11935.076276853335,11491.510259173334,11800.101808933334,11903.984093946665,12190.50879048,11614.541167653333,9774.825466826665,9465.819901013334,14605.523446373334,11211.54994016,11682.8807536,11792.229766613335,13849.669799893336,13181.566925306666,12092.867216986666,12109.869695200001,12388.109500373335,12593.291759493333,12352.440306533335,12247.17884824,12587.57263808,12496.458165226666,12597.348798346666,15515.630116693335,13565.745700906666,10408.032485013335,11433.22030568,11972.928194293336,9670.224687066666,9306.008043733334,9828.401997226665,15406.417468186666,12286.62635456,12637.491441413335,9893.625949306665,9965.126420373335,13108.362034613334,15422.824849973334,12769.620774453335,10273.41584936,10748.11007272,11514.763436559999,10931.955547866664,9290.83271056,10813.846480453334,12099.876384053336,12596.33975448,13348.743936026665,13380.712106453335,11433.485392586666,11030.985316293334,10457.330959466666,10618.336401146666,10385.06410672,13012.501371413335,9507.84497296,10416.003845413334,10102.919168986666,10452.010980453335,9962.383528613334,12813.0686844,10165.235496986666,9674.952476613335,9825.385640319999,9412.69007992,8815.637131520001,8752.753152719999,8352.10743152,8594.270861680001,8202.890167253334,10253.93314632,9720.017047546666,7658.8786988,7794.0055732,7121.80204608,6905.43303704,6595.5793575200005,6426.775117706666,7782.933614346666,8912.72120688,6077.11932992,5858.029242373334,6266.508027546666,6308.59042,6414.408307546666,9189.766089253335,5622.618521813333,5979.132664026667,5744.50514688,5658.973019253333,7367.5122355466665,6704.45330776,5058.76295072,5182.985366906667,5125.225919173333,4985.159442586667,5134.385697893334,5110.417472826667,4798.317464853333,6132.938215466666,7336.290185093334,4327.781819653333,4218.52485464,3921.18186656,4158.020821066667,4045.5161097600003,3758.9811774133327,4041.06293696,3724.9147981866668,4544.699922426667,4012.7570642399996,3541.40911912,3308.6363727199996,3413.85409072,3430.570206373333,3376.478663093333,5601.33835776,3999.2257223466668,3471.33690736,3349.192608373333,3348.56691664,3319.2859378666667,3258.0819395733333,3339.5971189333327,3300.062864,3388.8630265066668,4058.5629926399997,4162.663678453333,3307.5258583466666,3320.12731112,3486.188126746667,3459.07146144,3557.719938346667,3486.7305248266666,4018.63522552,3984.4857558400004,3791.210436666667,4031.04284176,4148.971567333333,4288.084330293333,4587.784306293333,5117.965695253333,5735.4053091999995,5180.25612264,5114.604699626667,5397.90603544,5857.335930293334,5892.188462426666,6099.281727306667,6149.669729146666,6556.498029546666,8883.089112693335,6631.434210586666,6746.396349653333,7061.52812328,7359.47020944,7540.26043704,7544.3137979466655,7265.249804239999,7437.61284192,7704.671188346666,7822.058932453334,10792.807445093335,7290.634981813333,8066.9044384,8331.89038952,8590.956675306665,8229.538115253334,8793.08998224,9821.1651704,9314.427390213335,9588.030549653333,9325.7282584,9268.744401413334,9385.837967226666,10012.479808746666,10683.113641386666,10424.88702616,10437.61631064,10564.237650826666,10500.599697253334,9193.584760266667,10596.561172666667,11554.052617333335,11064.369324693334,11188.363025413333,12773.512901333334,12810.249234266666,11335.735102026665,11730.927807493334,12086.234192533335,11936.75514592,12004.243664853335,12012.189171706665,11917.225880453334,11488.553742426666,11628.772344186667,11870.176720373334,11857.689287520001,11689.321021706664,11620.85498776,11827.026813120001,11945.908948346667,12243.099971013335,12061.415597120002,11948.434977093335,12919.727380453334,13805.596307200001,12160.90491664,12043.356437440001,11957.511538346665,11994.126136586667,12984.559114826667,10938.382103200001,10451.017959626664,11601.399106719999,11428.75942432,11455.949244266667,11587.687136826666,11729.03500904,13091.205729173334,13586.77632096,12154.602318693334,11813.68027216,11812.184607680001,12237.408360266667,12389.461228293336],