{"message":"Aggregated IX data for Singapore IX","data":{"nServiceId":null,"width":191,"jServiceId":null,"start":1478815500000,"end":1478872500000,"name":"Singapore IX","in_octets":[],"out_octets":[],"in_bps":[3807.219216266667,3892.48959744,4062.2568030133334,4040.424175546667,3944.1797364266668,3896.30058096,4283.1056006399995,4175.69911008,4254.248699546667,4384.245900053334,4553.9777936,4665.696618586667,5139.80635496,5107.2345346933325,4949.1071881866665,5117.116061946666,5108.60398104,5439.194403066666,5284.585073573333,5389.522504586667,5399.595563653333,5301.786341546667,5348.369449893334,5770.650954213334,6319.219890373334,6356.1212447200005,6388.66657248,6357.602794373334,6657.985875413334,6695.049534933333,7070.465680666666,7128.330092720001,6784.307425520001,7269.6517179466655,7253.104957573334,7479.124858666666,7645.417853973333,7865.786082986667,8166.110110773335,8207.921477706666,8530.18952752,9139.674096426666,8622.32350832,9097.31835136,9618.314352906666,9601.37969344,8927.41662688,9069.72940384,9797.132633786665,9562.833530533335,9672.308505680001,9984.952315146666,8957.846051893335,8724.23776336,8727.018833706665,9033.05937032,9408.168091333335,9411.640171093335,9671.802464693335,9408.386727493335,9359.02959592,9318.4089992,10146.651601173335,9565.457049866665,9685.116291493334,9596.342648506667,9691.03707552,9606.740292586666,9973.59563,9587.087064506666,9556.638950053335,9476.205379546665,10408.585230346667,11278.560825173334,8775.801755546665,9004.698507120002,9328.606626186667,9117.289268773335,8982.826521226665,9138.207371493334,9246.64369504,9475.490090026664,12640.053957786666,9380.178313013334,9146.56272904,9096.86238448,8871.05156072,9023.614714933334,8758.029147493335,9307.422297893336,9453.390016853335,9391.561984186666,9532.319940586665,9577.194298506665,10913.40272448,10988.741171253334,9070.60172264,9841.777221813334,9706.16772672,9410.429671200001,9520.899417386665,9902.03307216,10620.041642293336,9624.839008986666,12586.050462559999,11624.127267493333,9981.106809120001,9977.801829493334,10201.047980613335,10108.745857786666,9807.314943360001,10218.616048,10155.338331333334,9846.891916693334,9661.793719466665,10190.88313432,10752.724789200001,10646.32839744,9917.569391066665,9740.33765688,9968.858161386665,10073.320850693335,10687.126666586666,10236.045253146665,9909.250456533335,10385.579744186667,10584.889258933334,10237.253292453335,10281.087474079999,10682.080906613335,9517.892381333333,9236.726658426665,9521.942296559999,9839.12499464,9725.91230424,9882.833723253334,9848.268813066667,9991.755517386666,9836.019480586667,9653.140579573334,9951.642545546665,9939.93185544,9392.305242026665,9830.023257946665,9690.696234879999,9353.294680266667,9329.5839836,9261.441468666666,9058.609983946664,8919.414753626665,9484.595338719999,9116.71469208,9297.514472026665,8934.59685528,8854.138513386666,9004.018185626664,9105.72613016,8852.44588064,9200.095999120002,9197.94600424,9114.078149893336,9663.582004906666,9317.978364133334,10147.770694906665,9333.86842008,9402.062711333334,9168.49526192,8686.384694773335,8616.544934826667,8357.14646248,8802.472566319999,8799.427995626666,8973.090993653333,8833.218453653333,9041.599893013334,9114.09783272,9215.46028968,9121.390283813333,9382.588902693335,9504.440601493334,11293.59925424,9484.217154693335,9000.3916644,9035.413957973335,9099.33823408,9088.743836533335,9534.688289360001,9753.434990986665,12217.560985626666,11614.511776506666,9325.777752133336],"out_bps":[3761.1446011999997,3833.87601792,3926.65730584,3946.570146266667,4014.738110106667,3807.1966757866667,4234.099937280001,4051.420637146667,4197.8030916533335,4319.628021866667,4574.83182088,4561.056740613332,5119.225148426667,5002.1781554399995,4996.1829204,5150.748192426668,5114.722141626667,5346.836871653332,5287.68467,5376.456446640001,5395.266188266666,5340.8647016800005,5360.001145253333,5749.993423226667,6405.426910346667,6334.763015439999,6381.639665466666,6363.884924426667,6502.394352026667,6662.282870266667,6878.672608773333,7133.560421866666,6734.483232,7222.464172026666,7216.28457704,7666.753229893334,7608.583895066667,8036.89155288,8223.841915866666,8248.035653413335,8538.725693253335,9028.951331973336,8606.495786293335,9013.074190666666,9389.297457813334,9715.863748,8777.765612426667,9126.357031173335,9697.590978186667,9506.658955093335,9637.2807368,9871.508750346666,8886.913854053335,8885.820534293334,8863.111761386665,9173.5595044,9298.253838319999,9378.753806426666,9483.827943093334,9378.767991093335,9266.26642416,9211.652484746666,10127.382653573333,9441.99770224,9793.682652026664,9506.369767013335,9428.11663176,9505.657149333334,9856.538180773334,9397.442833626665,9461.546839973334,9513.995724666665,10312.649401173334,11191.468034373334,8976.550338666666,8936.71491344,9284.102762506665,9134.203651893335,8936.612294586666,8926.127217706666,9037.105926613334,9571.972113893335,12433.073687893335,9443.102231573333,9245.843122586666,9067.282768746665,8847.850844426666,8889.287309946665,8949.823708506667,9277.13299168,9363.914854746667,9427.736372933334,9472.6372476,9552.07526808,10791.292028853335,10708.01589504,9136.64485704,9647.105818373335,9520.339761120002,9316.742793546666,9471.112482293334,9708.980513866665,10477.19677928,9717.514476586666,12510.895571333334,11465.87544592,9887.090292666666,10008.615985946664,10318.422195066665,10384.790786293335,9974.7036784,10139.447252853335,10037.0770732,9783.791248933334,9527.375652346665,10139.375088453335,10458.45636104,10628.088797600001,10072.275031973335,9872.574244346666,9975.028052399999,10173.650712453335,10842.899183306665,10334.611964026664,9968.305408826665,10531.003642799998,10527.081694266666,10303.514624426667,10330.024111280001,10657.857875813334,9602.83900792,9259.742641493334,9639.969045573334,9787.440198986666,9711.168954693334,10115.931558186667,9969.869001653333,10086.126389226665,10000.718225226665,9751.9961388,10008.002692053335,9959.5667664,9331.5973316,9496.10575864,9745.192332053335,9279.008732266666,9332.569611013334,9322.932331733333,9238.64588088,9172.313888026665,9602.991337200001,9050.171265013334,9331.838867813334,8896.901240426667,8745.109752133336,9068.079192533334,9015.216523626665,8914.769191866664,9438.831964186667,9389.804796479999,9344.78398464,9720.374351893335,9470.997262906665,10127.783655173334,9494.925409893336,9334.162320399999,9277.27072368,8816.09953216,8668.64461032,8493.804639333333,8870.359028826666,8922.02155584,9068.018437120001,8837.476932186666,9152.662160853335,9225.014588186667,9385.960040186666,9177.818600746667,9587.601017413333,9598.744547466666,11454.62966648,9525.577367146665,9045.620694186666,9072.074242053335,9336.692840986665,9325.22075944,9475.18819416,9959.308707893335,12488.889032986666,11789.522583466665,9572.540847226666],"in_packets":[],"out_packets":[],"in_errors":[],"out_errors":[]}}