{"message":"Aggregated IX data for Singapore IX","data":{"nServiceId":null,"width":213,"jServiceId":null,"start":1499371500000,"end":1499435700000,"name":"Singapore IX","in_octets":[],"out_octets":[],"in_bps":[12836.931649306665,12824.497182053336,13052.775402106665,12835.15659656,12092.478235973334,12090.576223226666,12697.348469893335,11877.873052346666,11519.39695096,12295.872125146665,12670.846933280001,10712.953894533335,11110.013076213336,10535.89942424,10580.115614053335,10465.392178986665,10031.429336426667,10247.029623733333,9847.11134352,9669.615902399999,10027.370622319999,9200.306178693334,9493.879974533334,9137.749215546664,9396.629967840001,9742.796866133334,8869.257542026664,9060.490808986666,9616.14607392,9316.120635573334,9714.6454868,9331.903451253334,9519.343513893335,9647.924142453336,9026.143387600001,9264.453700799999,9489.347477786665,9958.42129232,9874.397664666665,9298.456565893335,10485.977634453335,10106.349876533335,10134.729047573333,10058.770106773334,10372.871182613335,10912.20177192,11439.408758613336,11010.401550453334,10952.94208984,10873.10372712,10701.764146053336,11263.70901152,11389.236336293336,11893.632511920001,12216.532930666666,12412.00652936,12904.799980826665,13406.385675546666,13733.576078799999,13680.091175893336,14089.107070506667,14257.120938959999,14749.775019493334,14151.573437680001,15389.685417226665,15316.56880824,15572.443029573335,15320.846975413333,14931.800942933334,15458.317238799998,14925.735913893335,14803.525149013334,14695.287722,15904.635463706665,15148.751694613335,16440.371693146666,16375.412356426667,15936.647023173335,16450.741161893337,16324.639077546664,15369.289523493333,16029.336750346667,15676.034568773335,15839.35425984,16628.126552693335,16058.559658186667,16476.340489386665,15847.368739546666,16839.435535413333,16643.772255386666,16304.80116752,15991.777935093334,16121.26215152,15402.877486613335,15632.319833520001,16438.185926133334,16238.173565573334,15658.814750133335,17442.267919386664,16760.075573813334,16819.471884453334,17054.64298384,15785.22181824,15666.0469848,15489.424546,16162.498126506665,16564.998396373336,15971.027522533335,15976.665597093333,14856.81601928,15820.264966666666,15728.945425333333,15832.414063866665,16561.139108746665,16149.628036213335,16098.64785664,16225.99259976,16752.812436586668,16638.462357973334,16676.782378106665,16780.419886346666,16320.916431226666,16535.086249546664,16312.973884586667,16061.770216826666,17587.77168656,17232.7776336,18474.816114026664,17748.37654616,18801.277191813337,16909.180293706664,16607.247685146667,16460.07938152,17580.817827706665,17112.99416776,18072.915667386664,16721.575982,16765.114001466663,16880.128363546664,16821.663798986665,17581.623460533334,16954.387129386665,16536.478552,15917.563641813333,16675.310424746665,16392.759351493332,16502.42178616,16967.78415136,16800.78347,17256.365238666665,17710.14921712,17220.114519466668,17012.780445706667,17822.453197093335,18481.16651472,17044.396420213336,16759.141981253335,16901.888152773336,17183.896161466666,16365.715071946664,16273.19250616,16210.354350906666,16441.024119653335,16241.926023760001,15927.267597413334,16475.544494773334,16470.407785893334,15945.616425466666,15752.29471008,15297.514423253335,15529.748519146666,15795.473838,15389.79554424,15645.444509653335,15546.63551408,15622.434935413334,14684.558376853334,15572.29097528,15739.190697413334,15429.011441493334,15173.827640293335,15194.355324266666,14923.692494186667,15541.384278026664,14658.23910912,15249.151793120001,15217.97160744,15244.164362959998,14892.984598,15214.181934133336,15690.800253786665,15554.857756,14886.127310453336,14724.921015333333,14707.782856453336,15322.013158453336,14797.660689040002,15165.582702693335,15434.981715200001,14616.979639120002,14112.752827226666,15066.3745512,15546.210368986665,15314.581809413334,15192.74831312,15746.080587386665,15431.256244186667,14394.837586453335,15160.573061680001,15561.891837973335,15609.168456186666,15080.269991173334,15865.547034613335],"out_bps":[12803.771332853334,12991.515685440001,12887.101216026665,11957.384351466666,11910.077877226666,12721.300153253334,12023.516332346666,11436.156684826667,12333.08931952,12690.8650624,10676.838355866665,10911.980072373335,10491.45833168,10654.47484312,10475.33397824,10011.274356666667,10320.348640213335,9872.000672506667,9777.48754264,10068.806737733334,9231.040019573335,9491.108810986665,9153.229947866665,9381.295672906666,9694.639632346667,8807.265138533336,9067.117226293334,9607.985554533334,9372.990066186667,9624.214475280001,9350.845580186666,9602.133421013334,9649.703114453334,9115.066627093334,9231.397672613335,9418.341086506665,9883.360666346667,9910.257675173334,9258.84931432,9779.784695626666,10408.364356666667,10085.017773413334,10114.547704106664,10005.045200986666,10370.38006944,10842.528866213335,11402.506378133336,10985.290152266667,10952.101580986666,10872.275582533335,10777.62561472,11155.53588576,11385.510129546665,11907.05088976,12194.09197792,12453.22780568,12957.867067013334,13326.747829173333,13577.830058106665,13903.610090293336,14090.978272613334,14485.51903992,14697.492564053335,14289.225915786665,15387.2377968,15228.263065653333,15598.87913808,15481.58383864,14881.518803840001,15480.239713226665,14974.574159413334,14685.863411386665,14742.523201706665,15862.245972693334,15369.565827866665,16646.879895093334,16474.418570933336,16128.291544773334,16525.38643816,16300.500394613335,15359.178316186666,16217.943243173335,15955.4179172,15553.42654216,16575.915635946665,16081.967729306665,16446.427659626665,15967.929382533335,16932.00722832,16782.438171866666,16391.360608266667,16116.639639093335,16143.529780026665,15321.500518053335,15689.292280986665,16589.15553992,16408.164810533333,15859.738493333334,17450.079191893332,16859.415349040002,16884.67715128,16807.26842168,16138.141766133334,15690.94732208,15676.98229896,16464.074707173335,16577.870570746665,15915.70767584,15731.0199156,15012.038649146665,16083.500040693334,15577.431739386666,15727.819396426667,16707.750884773333,16206.1916704,16196.524803893335,16381.592228799998,16912.702145626667,16959.189010746664,16823.57073152,17045.087796133335,16587.69178464,16394.393742613334,16142.624992693334,16243.870698666666,17268.541728106666,17360.77949456,18618.24458869333,17869.885361626668,18926.865050933335,17158.188732986666,16733.71356864,16735.127117733333,17773.9020188,17259.516709226664,17886.752718373333,16588.70548864,16799.326955386667,16942.529172746665,16774.85233888,17714.457893306666,16917.790064186665,16337.010063146665,16014.7833384,16659.03032328,16395.2758408,16517.12431816,17010.539147946663,16710.228422746666,17467.1076,17884.486506906665,17258.418273253334,16915.596077093334,18025.798483813334,18346.28945888,17021.274953813332,16822.757621493332,16952.03178488,17180.798268799997,16483.550079306664,16586.70457936,16249.479766266666,16619.86943008,16376.590214213335,16149.2381332,16398.465072826664,16403.44620032,15956.26773048,15796.66210152,15291.945800373334,15380.08249048,15787.55688624,15250.411004266667,15659.156992479999,15670.645718213334,15705.57685392,14639.874613973336,15268.510921866666,15547.35279232,15109.64833384,15020.855653013334,15176.952873600001,14901.94795992,15333.257690986666,14616.69238384,15320.302635333333,15326.30559552,15041.951237226665,14708.967729546664,15132.515110826665,15606.868075440001,15519.07701768,14866.00060456,14771.888618586667,14547.387856906666,15443.19650896,15243.351022666666,14803.308636613334,15090.76372248,15452.671578986665,14591.85177128,14230.004630373334,14842.85484472,15452.755123146666,15396.68218688,15188.110153066666,15749.880300826666,15438.27005016,14218.291118106665,15192.407828746665,15413.47349552,15467.71816384,15183.553166266667],"in_packets":[],"out_packets":[],"in_errors":[],"out_errors":[]}}