{"message":"Aggregated IX data for Singapore IX","data":{"nServiceId":null,"width":287,"jServiceId":null,"start":1491192300000,"end":1491278100000,"name":"Singapore IX","in_octets":[],"out_octets":[],"in_bps":[12221.3153284,11927.816218853335,11864.2408284,11782.887613866666,11677.036672799999,11720.84634472,11577.825335173335,11585.558346639998,12358.531198719998,12245.849386346667,11949.208724346667,11753.049226106665,11774.545636986666,11209.425314426666,11702.92548776,12272.705441600001,12589.266629813334,11955.367162106664,11729.7368704,12640.468975626665,12797.920544319999,12825.32125,12993.082307173334,12559.657092399999,12784.755285706666,13590.846927626666,13326.028704106664,12673.37819744,13372.94163184,13528.88248576,12694.753016453335,13018.003812026665,13337.172656826666,12399.302427013334,12630.13968952,12647.364441173335,13395.432424826666,13368.767969813334,13260.2701788,13187.382593600001,12978.096201600001,13208.09227552,13143.7278576,14067.102449226666,13595.925111306666,13667.174990773334,14112.560503173334,13187.809325733333,12981.35104128,13899.175590186667,13822.152500373335,14026.76496232,14352.697312826665,14066.928755093335,13809.676405226666,13991.894226533335,14563.140202053335,13622.281117413333,13977.430472186667,13628.595753813333,13463.686817706664,13251.569526133335,13551.54155112,14104.08023232,13535.555104266667,13159.858956533335,12779.34831456,12247.17853024,12518.5704096,12575.161093280001,12411.3304604,12442.671495173334,12670.04625496,12564.21396768,12696.29301336,12610.530150346667,13146.448778639999,12016.186027626665,12320.07502656,12156.665475200001,12482.726810746666,12296.776058213334,12338.741313440001,12542.703186853334,12795.067653546665,12944.666630933334,12826.926570266667,12742.506924213336,13022.681803973335,13305.64452,13001.855511973336,13026.229318239999,13642.606049226666,13246.875800453336,13114.777121386665,13003.50166976,13251.836523146665,13830.093323173334,13951.619496533334,14344.636835520001,14704.594537573334,14481.780624053335,14560.162432586667,15240.157245173334,15294.642498426667,15765.367550906665,14884.278865413335,14698.85166136,13949.217638453334,14357.81214704,14815.775322959998,15086.372033066666,15087.920748879998,15367.566383893336,14914.875824,16535.072562133337,16314.07274256,15287.181757413335,14615.993613973335,14300.03532416,14410.40652248,14935.381469866665,15591.606934266667,14977.178856106664,15540.880692293335,14409.096603626665,13990.880121706665,13155.323036373335,13454.780353013335,13818.945275546665,13974.869434853334,13084.85102696,13487.586870453335,13966.437637280002,13381.232420266666,13422.8745908,13527.12057064,13532.34065408,13440.002281786665,13503.665889253334,13054.002446986666,13082.854071173335,12726.636254746665,13240.81293416,13482.568014133336,13578.068479333335,12469.8573108,12667.961513093334,13092.029910719999,12980.553188426666,12955.394582426667,12584.167864506666,12539.884418346666,12178.498644906666,11934.537874906666,11732.49786584,12026.958178026665,11570.8842752,11391.4586604,11118.5352064,11243.21939408,11097.781495386665,10545.5660996,10840.60441152,10491.93654952,10203.722578186667,9766.168834266666,9557.853337573333,9196.96784976,9133.196580693335,9026.81349832,8694.860822693334,8558.20676568,8296.467867546666,7904.758497226667,7808.706369173334,7558.599674213334,7421.185684,7546.65516304,7452.55907368,7493.71170912,7640.587791013333,7545.642184266667,7460.523626453334,7211.780421493334,7170.077093493333,6941.406747733334,7052.028286186666,6554.058628346666,6524.777717066667,6510.2443679200005,6540.6715424799995,7042.3855912,6602.688385786666,6716.494965733334,6424.326933706666,6431.406548533334,6587.447784319999,6304.949677413334,6214.4655548266655,6044.30326376,5756.432986586667,5502.559364186666,5613.848186533332,5707.008343359999,5481.86251688,5463.4829548,5211.880146933333,5216.172870506667,5667.88539032,5394.51691416,5111.121484293333,5280.278306346668,5379.792712773334,5107.722821786667,4710.687063573333,5430.571379706667,6320.418777386666,5892.418669066667,5726.25291984,5936.7061723199995,7565.5161664,6193.6997684533335,6197.406313359999,5976.45139216,6442.385577013333,6693.7476869600005,7133.155753386666,7048.871425973333,7233.685904346667,7306.45210288,7804.08820288,7593.856938533334,7877.933327146667,8055.5449725066655,8246.499013706665,8978.581533813334,8753.764113973335,9010.865950559999,9549.149078586666,9266.560628693334,9732.171318693334,10016.830316986665,9747.99731208,10217.78100776,10220.008552533334,10389.024911466666,10178.277598453335,11068.218634879999,10304.48682528,10729.421958053335,11038.61922024,11737.255932133336,11802.63271264,11404.389699546666,12203.802607706664,12686.40956672,12034.387329093333,12700.593703146666,12776.798657066665,12504.534771813334,12664.8772304,12894.026040293335,13221.994729493334,12905.481659413334,13078.71216016,12974.945328453336,13296.464241466665,13292.215675786665,12803.374114933335,13026.199583466665,13528.449625626665,13438.735428346667,13479.382897493333,13675.224061413333,13610.717968266667,12766.246979146665,13390.577436373334,13966.127577466665,13158.800930773334,13402.592053466666,13226.404232853334,13603.89826856,13288.180874666667,13842.266395626664,13479.901940799999,13371.943499626665],