{"message":"Aggregated IX data for Sydney IX","data":{"nServiceId":null,"width":287,"jServiceId":null,"start":1489104300000,"end":1489190100000,"name":"Sydney IX","in_octets":[],"out_octets":[],"in_bps":[45881.30568253333,45551.66231565333,45737.29451546667,45124.00211632,45612.221306693325,45326.07491576,45361.24468642667,46419.81584290667,44297.120500293335,48148.48297634667,45077.98764093334,44853.501188133334,46561.42102408,45726.76956477333,45303.56361664,46686.25963194667,46373.75826117333,46777.58189277333,47191.849729893336,46076.61694946667,47030.00719904,48963.35725330667,44674.734069973325,45096.63803877333,46282.30375581333,46168.44765256,48115.54785712,48501.56231496,49135.42462757333,49097.00210424,48826.08688722667,50998.44852085333,50043.807422239996,50589.68213386667,49436.71666098667,49598.06012408,52783.05650448,53208.230503599996,50385.07551728,52038.79301808,52788.11873925333,53013.19585824,54021.16405557333,52642.382590613335,52979.432035599995,53245.41822050667,53055.36698986667,53374.33328973333,55268.35405469333,56912.01912448,52759.83623741333,52265.366491253335,52665.93283112,51638.24817024,52101.80200216,52118.477303173335,51785.51497130667,51622.37834685333,52274.899819440005,51961.72218658667,52497.361649173334,51749.40625098667,53878.30600893334,47956.34499362667,51357.389396533334,51277.11321136,53079.83021637333,52779.82356464,52653.35528848,50367.428923893334,52255.71707514667,52014.799641866666,53592.140416,51592.136863173335,52096.74824381333,52690.68632557333,53090.47521394667,53702.82915306667,51732.995626986674,51741.69919664,51224.43723074667,49681.31366458667,52083.8056944,50756.245922426664,49421.36799898667,48313.36777949333,47830.08890965333,48056.92166650667,49302.63220224,48111.216207519996,49083.7036072,50389.935904293336,51524.944924,49989.68542181333,50674.99298544,49994.36792210666,49549.742736746666,49151.48152856,48400.40118034667,49001.44900112,49790.678098346674,49700.37937842667,49970.26597696,50073.94559328,49202.43420848,48068.286083839994,48032.50173232,48296.632984879994,49556.15610088,50903.75043312,49914.53829752,50600.01501754667,50569.47097674666,49583.24168951999,49572.70657730667,49643.667068853334,48918.94936077333,50559.927776720004,49975.26578122667,50203.40588578667,50224.65513122667,50553.30335962667,51131.88303464,51495.654296400004,50421.84686986667,50838.11857232,49453.81021072,48165.10549229333,48736.282456559995,49447.90107208,47850.39224226667,48223.152434986674,47566.10423485333,47924.34119122667,47870.00530714667,45511.47100917333,45629.46105824,45039.34795549333,44891.42706864,44713.092761306674,46425.25746930667,44980.10165778667,46618.55895909333,44592.068049066664,46061.48024813333,44865.91142690667,44413.77931058667,43759.41410525333,43489.413624533336,43020.215012613335,41076.214159519994,40897.54434936,40694.55356314667,38231.98700613333,38866.223269786664,37803.638858106664,40422.43939309333,37851.35124392,37605.70161432,37410.01866210667,36671.15161330667,36425.113877626674,34139.96413765333,34231.26057749333,32555.14480384,32594.21851344,33254.3607832,33445.86439752,35457.69186245333,33271.709628506665,33996.37106938667,32417.61647826667,32876.23787658667,32628.046951306667,31568.50517053333,31475.53923752,30357.839059466667,26736.83983384,26293.153970479998,25481.108597653336,28724.12326232,28223.65866130667,27375.927384720002,26809.716188266666,26907.28417616,27672.325271493337,27289.065876986664,25436.567588373335,25325.935048080002,24696.051988799998,24955.554512,24828.120520346663,25057.591842906666,24147.784439119998,25411.622599706665,24371.81435728,23471.55926216,23257.52576448,24092.65329616,23904.467592506666,24079.979820906665,23333.002466213333,23117.899322426667,22997.42309248,23455.723295573334,23118.488429786667,22931.105774266667,23479.984769706665,21576.262772,21190.99141314667,21823.086470293336,22046.8546944,21347.393815706666,21860.394638266665,21022.824353226664,21253.34280762667,22539.637558346665,20815.958487840002,21506.129427413332,20999.14636736,20898.512222693334,20816.090115733332,21193.91361736,20622.5760744,20731.186450533332,22364.016250186665,24071.319473413332,22460.521750346663,24231.06783392,23880.60816384,23514.326783306667,24312.58220136,25812.20327216,23358.529673386667,24254.34328264,24234.406951653335,23870.14015144,25404.464326639998,24652.511624,24488.185826586665,26175.10302872,26399.032775626667,27658.72365936,28098.262099813335,28324.916888906664,30554.077459813332,31214.36728288,30711.991004506668,31240.1758568,32170.99276074667,31859.70688877333,34332.454035279996,33030.727037439996,33484.72139378667,34139.51913304,34197.33979498667,33860.64066194667,33642.01589528,37215.37293168,34642.46788341333,34784.09511034667,35059.29772157333,35458.63984528,36013.658223173334,36171.312566160006,36284.03846592,38146.87356269333,37127.41762309333,36876.03600168,37258.84965349333,36768.07038304,36496.20530573333,37469.73394485333,37537.80592882667,37776.88598426667,39255.3805088,39224.74705109333,39092.60103037333,39420.51452634667,40205.473044293336,40624.15793208,40410.71658666667,41012.69131613333,42770.676535599996,43443.631626426664,41563.43271522667,42636.47326128],