{"message":"Aggregated IX data for Sydney IX","data":{"nServiceId":null,"width":286,"jServiceId":null,"start":1497686700000,"end":1497772500000,"name":"Sydney IX","in_octets":[],"out_octets":[],"in_bps":[46998.250265653325,46626.01926754667,47498.57497088,47161.27384989333,46953.32833149333,46894.48149629334,47100.67729152,47983.68687178667,47925.21527437333,47661.88680896,48442.340921493334,48361.396570293335,48418.41462850667,47979.33694128,48430.727884,48653.14342032,49244.49643245333,49036.74542773333,50112.25723616,49863.75004672,50207.356113706664,48901.435064,48566.39012904,49903.571723466666,50145.11278618667,50538.475893760005,49219.860652426665,47022.96103989334,46965.217201253334,45788.52025461334,46377.69450650667,45001.135275839995,45465.338910239996,45906.44889781333,44526.55272621333,45078.77599530667,45603.18179413333,45856.01903330667,45084.25662133333,45027.13858488,45197.76485549333,44971.550960533335,44742.395241599996,44575.16390546667,44639.21482725333,42757.756378453334,42756.88221919999,43121.31006928,43249.06217098667,43213.74730781333,43272.49667368,42161.88326912,42449.278001813334,42051.49971962667,41090.464434186666,41286.9604104,41150.67519109333,40197.989852453335,39753.99700104,39681.63888053333,38755.749055466666,39236.084299919996,37682.32889776,37381.84970797333,37770.87340818667,36986.20149352,35508.88101181333,33764.96936552,33199.733310506665,32997.03217834667,33071.102054,32615.733958080004,33963.02272437333,33264.294051439996,32731.291697813333,32487.17313056,31911.917627626666,32286.64676752,31545.59155613333,32112.323854186667,32051.63599578667,31305.5779344,30949.40347130667,30727.16282173333,29976.34011925333,28093.099127706664,27435.53327805333,26093.013130906667,24987.137156106666,24323.05874856,24063.10863536,24151.560736906667,24035.75070904,23666.652273386666,22988.450312560002,22307.184260826663,22695.676303520002,22674.41903162667,21047.34330392,22153.875632666663,24096.687471013338,24368.362243893334,24153.613334266665,23511.74197024,23011.78824528,22175.504574533334,21778.316246773335,21061.594865919997,22262.878451813336,21223.498400666664,21083.315377253333,20732.33567296,20781.759464826664,20951.55442336,21277.229340266666,20947.04268168,21195.036250240002,20955.55402088,20802.590880080003,20374.237486586666,19636.655660773333,19559.718937973335,19895.9387436,19488.883925386664,19021.708542826666,18052.179340293336,17742.559988693334,17519.709244026664,17365.048433493335,17638.736390506663,16546.078870533336,16792.691186426666,17389.008935013335,17189.173152479998,17328.925349786667,17295.837885226665,17383.418570373335,17260.21270064,18011.09359272,17807.183710773334,16705.861322293335,17470.213982,17822.205142666666,17899.857600133335,18804.810050453336,19631.193480560003,19207.128779573333,19645.472545733333,19525.71334037333,19947.715835493334,19971.76601146667,20300.159491386665,20961.602203813334,21795.510897013337,21605.691641653335,21733.592447173334,22035.91764256,21237.533692453333,22148.13104416,22472.747420133335,23293.8915856,23346.40840272,24206.934025413335,24366.976306986664,23980.601679946667,25264.979616373334,24611.713931973336,26574.092601066666,26554.946370213333,26115.057655173336,27705.533006453334,27572.780686213333,27386.34151448,28175.86989832,28836.08551016,28831.95434690667,29197.89123693333,29538.50829616,29930.464580693333,30910.58940661333,31675.336776453332,31561.40605872,31949.39217149333,32153.833560186667,31914.54034645333,32202.79235976,33668.78490466667,34061.13495085333,33211.48075037333,33508.98058744,34755.13407312,35713.400725839994,35174.42683405333,34469.23833226667,35264.776020879995,35646.178345199995,35925.041071253334,37261.41112258667,36443.83450383999,36717.83727845333,37609.11102442667,37101.78594037333,37345.221174,37776.20045213333,36108.38633498667,37028.01417392,37345.80798242667,37888.05738501333,38080.34874109333,37610.23732645333,38604.07804682667,38634.424394400005,38827.924528506665,38615.84521549333,38717.17147274667,40260.89124773333,39782.43542325334,38790.69081018667,39237.127693653325,39756.84392938667,40241.64621128,40071.17071152,40549.75901573333,40226.98286549333,40778.58248573333,40284.257124,40324.45533848,40978.58824650667,40455.300493786664,40789.468591519995,41231.82003677333,41387.45934909333,42464.3355532,42579.03906922667,42799.08030389333,42466.50638090667,42672.17605221333,42486.80509968,42538.43218736,43750.232780453334,43138.56991352,44567.70375293333,43511.367249279996,43248.85947168,44560.659399013326,44810.89143056,43838.56164186667,45193.11841394667,45068.054615253335,45875.62572173333,45866.01076901333,46462.752926666675,47195.75477669333,47261.84951528,46048.36538005333,46341.49264314667,46080.748390559995,45036.31838850667,45311.80196426667,45001.46459941333,45554.22771722667,44792.34890341333,45993.79596952,47466.61644026667,46145.03014490667,46462.57100168,46247.642963813334,46379.42297005333,47005.654636,47360.628752853336,46994.55301010667,47893.13854538667,46397.726782879996,47598.88500890667,47362.33599112,48011.86700570666,47146.503158746666,47303.95535018667,48011.621569279996,48071.3209344,48048.58930896,47914.372766559994,48333.72815682667,48201.212714666675,47948.19189690667,48736.84716256],