{"message":"Aggregated IX data for Sydney IX","data":{"nServiceId":null,"width":287,"jServiceId":null,"start":1475042700000,"end":1475128500000,"name":"Sydney IX","in_octets":[],"out_octets":[],"in_bps":[46824.15479101333,46706.78738928,47184.3627536,49385.76317536,44779.98106528,44994.57670808,44818.43084776,43994.84970874667,44702.919210800006,43717.80698816,43836.215703120004,44883.94359093333,45392.111023599995,44249.40191296,44243.830425386666,44141.24145658667,44406.942524106664,43863.375686693325,43993.14231466667,43480.47840794667,43115.9856092,43293.19875032,43857.51849282667,43785.35601277333,42646.170817813334,43230.04497962667,45541.303392400005,44936.64805117333,41866.55789010667,42632.53351037333,42081.23837674667,41505.929411866666,41858.235543279996,42493.76088808,42458.324971279995,42925.99076026667,41668.57432170666,42598.29484125334,42533.8546928,41836.57388530667,41788.19503890667,41601.50118157333,41831.4120808,44484.58709381333,42624.26770368,41409.215901653326,41407.33994152,40710.35130141333,42286.11782258667,41110.18732461333,41528.40872162667,44061.74909248,42590.4393024,41670.489340559994,40855.97325096,40069.092633466666,39183.565198506665,40096.860245013326,40357.434582559996,43626.05377688,40669.55773986667,39657.872973573336,38669.869724293334,38802.27676077333,38973.93625962667,40049.08148525334,39575.64583882667,41949.70889645333,38399.82799,36835.10825218667,39218.42247554667,38701.69724016001,38156.28959698667,38095.75236458667,37912.041959706665,38231.87352381333,39787.27853736,40683.377415066665,38083.95763466667,38609.45161912,37343.90458293333,36326.8028516,37704.45840813333,36116.73414936,36205.31675528,36903.00481485333,36672.24007872,36138.447463013326,35122.932661893334,34498.80826016,33971.70990330667,31639.85188738667,31050.429835866667,30310.561711866667,29506.69433325333,29228.42063642667,29564.69079885333,29319.15384768,28454.796171946666,27988.303642693332,26999.89006008,25185.6746644,24913.426672240003,25041.44866008,25543.912890186664,25087.47317264,24599.260882613336,23905.30547992,24248.94280392,23287.969806880003,23357.788797653335,22157.192848586667,23436.278130293336,22114.069366186664,21873.874774906664,22185.27700008,20015.653926,19247.464642186664,19501.00823536,19615.463355333337,23228.57026053333,23488.308679146667,21483.723235813337,19646.63173888,20178.008792533332,19582.182758346666,19512.595297253334,18552.385859066664,18645.633519173338,20612.454561813334,17538.884723493335,16204.122795306665,15755.763004346667,15711.978623466664,15972.57977168,16215.624477733334,15566.02467136,17798.701278453336,16915.02400976,15535.14453144,15259.41403608,15067.47852984,15410.003275893336,15379.643772053336,16029.00260176,15685.099163493334,15260.657435333334,14575.800348666666,14977.115786346667,15351.659991706665,15702.724580586666,15522.526078213335,15880.051947546664,15981.783595066665,15965.822594426667,16345.39909728,16865.99471368,16819.645716799998,16577.502749493335,16858.475352319998,16777.61995792,17127.796290213337,17076.981535253333,17648.180246506665,17496.428566853334,17729.72714304,18370.227945706665,18796.29610253333,20334.79901032,19914.394036453334,19924.421802266665,21548.683870453337,22018.265230586665,24634.63889704,20830.4638,21399.901260586666,21924.056827466666,23658.2693012,23086.747514693332,24890.277260186664,26924.996066053332,25252.205844426666,25686.273521226667,25761.189289680002,26255.96752384,26718.40334752,28689.282564959998,30775.01246989333,29537.62148456,28945.34558768,32010.602126373335,32886.942700613334,32902.10380048,32478.170307466666,31732.64575701333,33639.67377808,33639.766541653335,34148.11952936,36303.998304106666,36990.29459314667,37247.351876106666,37053.661939386664,38085.696373333325,37361.58150701333,38820.25533288,40168.92973258667,40875.20264776,43211.11140157333,41632.956136160006,41499.01544096,41829.66905658667,40991.63264133333,42767.71961026667,43072.91616896,41311.29553344,41738.17999656,43339.44463592,42712.22648261333,42583.58500429334,42051.18169383999,44218.06131464,44656.03589624,43956.71064466667,43349.00006701333,44111.396077599995,43476.39323234667,43077.32909746667,43371.393086933334,44836.68051032,46101.936062559995,43299.62819581333,44268.11572965333,44995.170408933336,45536.631631573335,46139.73667696,45979.6682896,44359.43905466667,44181.29751517333,44546.73865578667,43876.832832800006,45245.956476106665,45104.943096266674,45422.61025178667,47338.05903058667,44940.18423568,44817.58522298667,44910.48158018667,44610.17054109333,46172.414116613334,44770.59362194667,46323.940506,46288.64722048,44910.87780904,44558.679711360004,44814.074517546665,44127.93216005333,45555.566163066665,45260.49628224,46355.29030269333,45627.958196106665,45374.07458234667,44639.90534624,44671.555167973325,44275.44939469333,46030.71291394667,45805.19404866667,47192.93827701333,48976.80427186667,44785.81532173333,45344.273831599996,46828.43745898667,46170.743161386665,45204.086650239995,45255.56520613333,45677.42778874667,46963.44338728,47104.778208986674,46492.765132186665,45546.96038128,46275.11255896,46251.17476554667,46503.68326928,44925.23582672,46067.60548933333,46240.676377786665,47359.894761066666,46084.2989016],