{"message":"Aggregated IX data for Sydney IX","data":{"nServiceId":null,"width":287,"jServiceId":null,"start":1499731500000,"end":1499817300000,"name":"Sydney IX","in_octets":[],"out_octets":[],"in_bps":[49533.471792933335,50339.29034872,48567.409648106666,47901.65357904,51147.22944376,49288.977178666675,48946.0311124,46987.003352800006,46721.69243762667,46906.17591290667,48537.51218183999,48440.14900056,49816.23448168,49145.42360341333,48837.51362050667,49937.17520186667,50626.01078512,50598.435342879995,50860.98270037333,51675.65554365333,53151.36177397333,53790.20090146667,52289.47049597333,53070.898212559994,53869.74864328,51529.369232853336,52616.302387626674,53751.06176578667,53842.71995778667,52988.13274405333,54633.406843786666,53313.9935196,53792.546820480005,51748.45056768,53679.53483498667,53882.16831832,53774.23820869333,53279.90261549333,53701.911123599995,53516.55514354667,53480.460970800006,54125.09572421333,53651.21705869333,54064.98922058667,54879.60749768,54200.48287714667,53526.62035530667,52669.52464610666,51899.61950498667,51978.82113053333,52620.321612160005,53010.26049650667,52595.09374573333,52772.678038239996,52950.30236149333,52556.34090656,52968.65464992,52956.04204584,52019.37181426667,52347.237385466666,53225.62647821334,53798.79370266667,53425.36340882667,53981.163152533336,55454.367344160004,55926.533257279996,55441.67039666667,53635.64647552,54259.73169069333,54467.51841181333,53987.88146506667,53726.1999068,55464.43220186667,55283.102029893336,55411.15965981333,55140.19320810667,54845.34148912,53827.36558880001,55043.74759114667,55354.88095458667,54754.712360346675,54326.19730008,54607.72796965333,51948.56227904,53729.28104416,53563.2251676,52697.98003496,52709.60433296,52466.34268405333,52531.918320239995,51776.659150533334,51385.253455386664,51505.91840504,51212.49644669333,51189.576511386666,51326.22516437333,51941.83180973333,51492.48613605333,50224.85876490667,51083.132001226666,51093.77577362667,51104.966767386664,50885.94690717333,50753.43249173333,51767.29680144,51015.14060624,51914.978297253336,52428.54826834667,52577.914079493334,52184.72896650667,51975.137512666675,51948.267677120006,54357.75706133333,52526.16050608,51550.68829605333,50855.24825634667,51166.81256242667,50874.90232250667,52227.48198394667,52333.47658776,52639.65978024,51385.66438304,51429.29564328,51960.38010712,51842.1992876,50623.36102562667,50897.13634306667,51062.07232309333,50459.963165760004,50656.89154885333,51490.62721613333,51504.16115757333,52412.507081573334,50993.43166029333,50151.25737048,51152.78252725334,49763.95482029334,49221.01299544,49531.49158704,48724.50223778667,48580.373770933336,48470.93696157333,48440.86573837333,48257.00931928,48636.05212725334,48236.84646146667,47769.16629592,46280.72979624,46670.31290512,46684.86923170667,45757.09808269333,44830.005212480006,44843.00865416,44543.12505333333,43676.941369333326,42836.13288578667,42107.069944,41739.7894856,40165.968002613336,38966.701325546666,37945.10973669333,37829.69786485333,37467.73994682667,35782.71649357333,34619.435353253335,33910.64338842667,33125.13630016,32397.419040986668,36158.44697168,36020.73344453333,34874.41104957333,31362.409925599997,31880.94127768,30611.68708688,30191.35820234667,29289.66980445333,30187.31857152,29920.641582666667,28456.919857413333,27219.751159253334,28455.200360133334,28313.061205866667,28942.31253784,28025.010545893332,27355.679341119998,25798.100731360002,26033.746768213332,24794.295619226665,25153.564294613334,24703.734923493335,24718.87706768,23576.810257066667,25862.20384952,25547.533614053333,24275.966109733334,25145.943380773333,23940.112185813334,24320.82498768,24127.86448352,23866.134807626666,24324.964592773333,22935.201054506666,22402.730924293333,21851.783404746668,23329.426684240003,22463.393856026665,21852.153085173337,22384.869743946667,23502.857277626666,22760.82838146667,22351.377739973334,23698.882430026664,23686.679854266666,23100.058135333336,23418.652441973336,24251.645103866664,26685.31449778667,25443.05115424,24034.297144693333,23816.516140213334,24216.844310346663,23550.015463626667,23744.843149573335,24504.818664026665,24194.285977786665,23830.766772906667,24080.664697653334,23072.99334976,24023.121412053333,24378.551979333337,24066.43509744,24393.193768293335,25062.18600704,24476.130682666662,26784.342762266668,25216.09009824,25330.14357864,25796.563592773335,25413.588197466666,25969.722178266667,27427.51363712,27162.783631946666,29255.26608226667,29628.99324794667,28656.529939866665,28475.572694906667,31440.937110853334,32049.18175354667,30654.67177557333,30675.669810533334,32631.578691306666,32890.46977581333,35111.80958146667,34886.18406938667,34975.53649104,34234.662265013336,35856.60617562667,34754.98413736,36974.80881184,36937.030404213336,38640.527988906666,39836.193839199994,41483.34624632,41594.95687701333,44087.42687794667,44273.43844936,44361.353295893336,44574.30594352,47229.981946800006,48742.40773810667,48726.742669813335,48194.28327653333,49989.71993408,48861.91177645333,49075.50767925334,49285.71601968,50097.34203152,51353.644109919995,49702.3073056,50971.07604072,50747.92681282667,50755.1861676,50988.21899245333,49486.30708261333,50328.91690706667,49935.925702186665,50483.05981373333],