{"message":"Aggregated IX data for Sydney IX","data":{"nServiceId":null,"width":205,"jServiceId":null,"start":1483995300000,"end":1484056500000,"name":"Sydney IX","in_octets":[],"out_octets":[],"in_bps":[26941.500869786665,27398.15731432,28724.258146213335,29557.463476133333,29373.19495850667,30150.94436072,30509.82105344,30030.09282010667,31708.603636666667,32550.830092346667,34689.25638994667,36153.82263,35353.59344613333,34328.45601626667,35476.66698333333,36522.69146405333,35343.05010365333,36363.68977578667,38863.818859466664,38815.73485101333,37313.63615002667,37836.47633869333,37320.05963978667,38836.46264512,39410.83232394667,40643.54899941333,41667.555350853334,38275.468339946674,37689.05992522667,38199.71221845333,38027.79832256,38925.828316746665,39113.688021120004,40234.46141528,39595.14495344,40062.10081074666,40387.079080426665,39844.381239493334,40816.62215130667,41458.17101192,41179.05615712,42056.59130144,42187.80546936,41928.28289053333,42587.6204796,43224.154496213334,42612.69693298667,43741.03443085333,44085.521531333325,44607.81814856,46422.87807506666,46299.511552426666,48900.72558922667,47760.05124474667,46122.81529378667,44264.80770461333,44821.793227706665,43944.78234098667,44045.479198613335,44338.53885712,44156.765356480006,44128.840386346674,44743.68536304,44605.09053728,44616.21480645333,45152.208576080004,45257.80950762667,44647.13607429333,46152.130134106665,46641.39230490667,45511.7649596,46567.16159919999,46131.33227365333,45976.100752746665,46938.56257018667,46208.32623722667,44564.23894442667,44044.30077082667,45830.77984952,46961.69907522667,44580.625891066666,44569.88753144,45066.61872386667,45832.52773325334,45432.73461754667,46165.61865128,47982.60779605333,48912.83249674667,48170.57944141333,46296.92195901333,46574.59472210667,46131.52410992,45656.995403199995,46966.27628456,46220.75425909333,45716.812874853335,46125.01330104,45023.294255253335,45653.51241832,44908.77005344,45481.92983954667,45672.52220917333,46217.22158888,45795.92099778667,45709.02785864,45195.59887789333,46007.290103333326,46904.16404973333,47714.22358069333,48738.36710512,45869.07689765333,43739.17208829334,44201.99717056,44108.16090976,44004.395036400005,42502.70181093334,43187.96128416,42556.63072645333,42414.41393445333,42571.07781197333,42815.200533493335,42634.24071765333,44695.180412,42328.13307834667,42195.88725557333,42729.38038682667,42712.4850836,41553.06131365333,41701.05118146667,41681.48464914667,43085.68431850667,42834.19167493333,41653.14405506667,41930.43717082667,42662.99763626667,43811.11695749333,44047.95561053333,43955.875874879996,44566.82140832,46241.54710072,42644.73546077333,44842.079574480005,43984.50375919999,43563.32784541333,43574.45411568,43956.0508172,44463.61783093333,45283.707534186666,44422.054489493334,43921.02150949333,44499.31249146667,44496.46516317333,44176.54958352,43311.99883392,43509.711036533336,43551.59877458667,43596.17545202667,43915.06706445333,44143.14381141333,44621.526167146665,45128.45302464,44587.21535493334,45031.23892173333,45510.29737751999,44452.621477253335,43459.641733573335,42857.52507362667,42696.75643976,42042.90738928,41810.444057253335,41996.576459786666,41825.96713645333,41358.36929021333,40744.65211229333,39912.71388122667,40371.057896080005,40095.42712658667,40529.10585458667,39707.304695839994,39910.01682056,40733.52207426667,40301.904492026675,40067.10229597333,40514.015343333325,39629.05435634667,39921.247319786664,41085.335648,37909.47491386667,37216.880093199994,36597.81467653333,35531.063863653326,35903.602516959996,34601.38782869333,33815.217228693335,34218.71198730667,33826.40542389333,32483.157201466667,31450.70901274667,30425.744043333332,29265.095034560003,28769.93130232,28170.57685432,27908.634647706665,27212.565404080004,27820.863316186664],"out_bps":[27103.22334688,27024.243962853332,28618.310601173336,29250.74218005333,29118.176863493332,30078.60948354667,30242.51537184,29922.17965568,31530.34639610667,32304.99774490667,34205.16094312,35828.177041120005,35040.97487048,33941.92465152,35180.232558213334,35858.41077058667,34904.547111253334,35682.548820853335,38573.53224744,38386.05395026667,36799.030682293334,37339.14028869333,36988.53667930667,38131.63074645333,38978.83509941333,40104.250444879995,41183.478404186666,37559.049949306675,37523.26916149333,37789.38817176,37428.85917930667,38394.293246026675,38599.59385341333,39375.85206141333,38848.20444677333,39643.70172770666,40222.24718544,39909.47397421333,40404.882009839996,41091.658450266674,40873.26189098667,41723.77217912,41936.116630986675,41392.59464277333,42110.54318181333,42735.927775573335,42110.099957599996,43277.076314,43998.204089973326,44350.07892674667,45652.631019893335,45799.68461077333,48547.07994010667,47007.91967125334,45526.2918768,43786.41222624,44048.68842946667,43606.587936480006,43682.31547221333,43943.57124722667,43770.84860005333,43569.376686986674,44144.487296826665,44093.178133760004,44029.40871525333,44529.09244234667,44391.535249253335,44507.95771026667,45470.10645170666,46272.83556762667,44667.67419893333,45674.91890802667,45636.06293869333,45544.029796133334,46444.8110944,45784.39153581333,44084.6080104,43881.88526730667,45133.291548533336,46854.67167474666,44204.09821592,44023.82767058667,44840.4890932,45177.15263669333,44802.694789040004,45777.88470816,47735.38811714667,48300.92137349333,47505.52391861333,45818.05360962667,46283.13274866667,45750.179798933335,45365.33524530667,46280.27583077333,45712.425356613334,45485.491916533334,45231.2158296,44831.532426213336,45387.75637648,44599.180141573335,45074.193993040004,45431.513769973324,45672.41246237333,45066.33881282667,45191.73547101333,45181.03187773333,45627.194786559994,46233.75492594667,47132.11147082667,48409.72379336,45673.77947181333,43409.62077605333,43845.01213133333,44010.54896093333,43865.21861437333,42231.149125493335,42674.85848384,42135.49926589333,42290.90675021333,42103.83281549333,42454.17573832,42551.52130808,44135.70453104,42189.02405306666,41907.64568930667,42590.45898392,42610.83162901333,41402.27035434667,41606.326062826665,41511.03156368,42885.99547351999,42787.01870586667,41684.71710293333,41829.68417922667,42541.43124874667,43633.65802264,43962.05465608,43593.843586639996,43988.63314957333,46582.96277104,41854.05946914667,44551.05813290667,43853.221304533334,43385.71373536,43400.10762906667,43592.215164559995,44193.56352778667,44654.85908194667,44332.77953472,43539.468282186666,44290.202572026676,44401.40635,43899.63112314667,43089.889429066665,43146.62535210667,43442.67604541333,42618.520270613335,44037.5573896,44008.35881125333,44324.76817906667,44711.81548445333,44255.03889986667,44659.36875770667,45181.77504992,44430.49824509333,43093.47054984,42965.41386872,42095.25153117333,42063.63530208,41682.171127893336,41834.5356684,41685.24714101333,41267.7957608,40485.57472768,39723.494691466665,40065.14267026667,39829.20074786667,40114.91983717333,39386.48826597333,39750.89531984,40451.5145192,40004.34480365333,39728.868804,40032.02356784,39044.21349186667,39218.79566690667,40849.470686666675,37623.17864056,37042.209492613336,36003.21922648,35613.158876773334,35759.25207986667,34656.41567245333,33642.73881229333,33927.28228386667,33688.19149168,32468.133322319998,31088.03365490667,30212.80453976,28998.33535432,28628.98335904,27865.289177973336,28314.10398264,27058.535902426665,27671.847672746666],"in_packets":[],"out_packets":[],"in_errors":[],"out_errors":[]}}