{"message":"Aggregated IX data for Sydney IX","data":{"nServiceId":null,"width":287,"jServiceId":null,"start":1499126700000,"end":1499212500000,"name":"Sydney IX","in_octets":[],"out_octets":[],"in_bps":[45909.20343584,46892.03349906667,47229.26189768,46623.72671994667,47578.298447253335,47793.014965120004,46915.581951386666,47338.439474746665,47036.97075165333,46680.30255450667,46925.61850074666,46178.984538213335,47162.643914160006,47133.68662805333,48086.89243157333,48186.75348109333,47254.478311173334,47043.38401173333,47971.7773008,48094.84359992,47984.890344,48823.83085872,48872.55151330667,49220.31651648,49214.754753839996,49682.23366637333,48923.3665536,48520.685866,48503.736215519995,47974.528847120004,47863.24448122667,48539.07228285333,48511.39424856,48792.66507122667,48803.36800277333,48456.51880570666,49661.00428533333,49344.732719386666,49530.5617824,50361.80286973333,50726.73793045333,50957.26568437333,51116.29651352,51962.24182861333,52977.498664239996,53461.106935493335,53166.30528258667,53633.92802232,54304.58173949333,53709.72740309333,53828.02248192,53931.04999597333,55524.483262426664,56267.33141168,53880.64184685333,53271.156757786666,53630.55593768,53065.30648304,54014.76338317333,54095.67614530667,54671.181196239995,54442.25606234667,53345.785798853336,54063.08752298667,55052.87116933333,54500.75097045333,54831.48332141333,54956.528461253336,55629.8106024,54636.38982154667,55114.60055328,54046.68167050667,55163.81723776,54655.171002133335,54202.27799773333,54235.48099317333,54818.49002621333,55061.93383826667,53923.898878693326,52568.76835624,53750.33405322667,53359.37840045333,53658.18738837333,53485.811585786665,52506.71741706666,51624.562598986675,52238.96034261333,53184.70995685333,53872.22543581333,53292.20120576,53482.6361448,53446.74635669333,53736.10280658667,53360.92182437333,52920.086603519994,53419.05881901333,53200.62942765333,51965.41482930667,51723.493392879995,53358.15168109333,53569.39726336,53129.75887898667,53666.82326781333,53773.037186533336,52214.61478349333,51506.463063573334,52244.55013685333,51603.29188698667,52987.069078053326,52079.482276426665,52962.22763536,52982.92289016001,52678.679017786664,52207.254769173334,52292.89934792,52443.48223309333,52971.57626456,53706.64156794667,52858.75838829333,53472.972241573334,54498.48655298667,53330.66456968,54485.782448453334,55183.129793306674,55091.54502965333,55572.89252058667,55976.152576666675,55865.65711173333,56004.292890986675,54923.37997768,55025.68853122667,53371.14646666667,54261.262552800006,53626.196943146664,52920.31476437333,52585.96537592,53543.8891524,52050.32815946667,51787.71402874667,50604.49917205333,50756.55964050667,49529.3357816,49833.119375066664,49037.008510319996,49665.72463074666,49050.47855037333,48818.398600186665,48334.172124,47657.42115234667,46864.48319048,47037.25623114667,45991.00453232,45087.30736816001,45023.10497373333,43910.539158613334,43872.91743032,44473.113580213336,42901.94890642667,42992.96460088,41788.254474,41316.447420373326,41081.41928005333,40158.61507853333,38804.71006578667,38541.12766261333,37103.00686968,36645.88290125333,36543.180585253336,36956.90566792,36606.58648672,35500.05477861333,34452.390742426665,33765.46249509333,32970.72690282667,32986.21735485333,31999.120528400003,31236.1154352,30352.45927642667,30260.137088506668,29359.79178229333,30903.77990202667,30015.345808240003,30436.86068274667,28150.054329386665,27813.4189124,27436.09205424,27850.69409573333,27462.868263466666,27127.790452560002,26160.824334853332,25103.1561112,24467.408725733334,26295.277841119998,25720.77126784,24458.850966906666,24892.614643173336,24622.61987285333,24323.944005413334,24622.02514704,23825.08961736,23215.947209706665,23196.33228064,23562.003600080003,22918.255063786666,22690.163404853334,22281.174695573332,22660.848207146668,22971.71167552,22375.283492826664,21643.226848773334,22066.966715360002,21285.976773759998,21635.916644240002,20069.86897632,19757.366523626668,19353.588178426668,20981.492364986665,20190.518935333337,19889.974127146666,19229.98596768,19350.28996048,18570.282366773336,19333.90115,18870.25153992,18999.426007439997,19217.805653253334,19494.687721759998,19844.367297626668,20140.273877919997,20191.075676933335,20401.969851866666,20980.449637226666,21212.688449813337,20749.04009808,21603.774401119997,21219.809241439998,19901.525710293336,20685.124605573335,20608.724004906664,20908.46089704,22014.359583866666,22384.51401008,22836.602313013336,22985.2279404,23393.306647653335,23418.38296008,24056.287398933335,24045.190016773333,24433.931080826664,25134.31915669333,25760.58123408,25592.316928186665,26314.918187093335,26710.310401893334,27034.80940232,27826.789873439997,28813.893766426667,29668.00849093333,30455.439827973332,30368.57885032,31080.61238368,31528.269604026667,32306.979535306666,33581.179842666665,35517.47183386667,35883.089904106666,36749.790855333325,37181.978456293335,37262.81608792,37552.68322930667,39123.95352325333,39510.15036056,41093.61862421333,41656.35813496,41732.23336997333,42156.245044853335,43300.319846106664,43923.059763573336,44135.05991528,44726.86954341333,45227.510726186665,44972.10304930667,45730.61049013333,45776.14384978667,46539.94648168,45717.41407072,45528.21917957333],