{"message":"Aggregated IX data for Sydney IX","data":{"nServiceId":null,"width":287,"jServiceId":null,"start":1491134700000,"end":1491220500000,"name":"Sydney IX","in_octets":[],"out_octets":[],"in_bps":[51157.386206853334,50625.74532584,45045.89223621333,44279.44242322667,43895.86624704,44054.353697333325,45811.17732016,46291.55778976,42952.60402376,41863.88947144,40539.025900053326,38450.546862639996,39302.264775706666,39605.97605221334,36873.3442604,37070.136753973326,37542.73645197333,36910.16611576,38305.17520048,37509.93290773333,36290.35916546667,33701.60407618667,30636.174643759998,28243.5011128,31526.13353317333,27758.998199413334,27832.260535013334,27010.208223786667,28093.232112,29871.37129541333,30940.01177973333,30502.81974352,30961.79768448,29510.35426877333,26888.328626293336,24468.793301786667,25476.484052373333,23833.443596506666,23959.608152426666,23101.645894,25342.525827706664,25202.981548933334,24970.15823488,24514.234438693333,23696.85911272,23207.122854933335,22816.191074053335,22562.668367386665,23875.986623786666,24272.293749466666,23559.710041973336,23759.518642986663,23910.582008240002,23790.117017413333,23139.962169866663,21749.129848880002,21734.508937093335,21598.154361626668,21348.61734528,21335.785735973335,22268.48968752,21223.557339040002,19009.26897632,17642.774116453336,16819.370399013333,16528.167368133334,16714.34997296,16312.281361120002,16746.544335306666,16186.23133728,16384.835244906666,17853.095163680002,17897.599416613335,16359.787468853334,17004.763445973334,16888.186073653334,16193.71651432,16163.729071306665,16598.34689432,17271.498342346666,17733.28204488,17307.535685226667,15954.051132586666,16086.887696799999,17585.155257146667,19438.47217488,20438.761426773333,19977.23100312,19995.723723706666,19899.730535386665,20795.514987546667,21342.548422133335,20817.3955112,21170.333602666666,21155.822034506666,22278.32544616,23480.029957439998,23067.161211866664,23297.731747226666,23944.178716346665,23385.044808666666,23972.168062853332,24660.651456613334,25068.9684472,25668.897558586665,25815.696703653335,26157.569221733334,26793.849883813335,25869.852154906665,27230.988423013336,27340.30713768,28595.851455173335,29079.950873439997,29764.42811296,30073.29066789333,31174.325409466666,33302.57899410667,34393.82011346667,35474.25754488,36852.04908565333,37159.85817437333,38581.94617821334,38603.304000293334,40106.48063488,42454.73482085333,42152.13129885333,44403.45078642666,45817.19392432,45930.7324216,46220.09546325333,46418.859509066664,47199.94426762667,50323.58791989333,48620.80951994667,50137.27935176,52857.02176029333,53303.31219842667,51805.60075957333,52937.61774029333,53903.1264976,51512.12755058667,51892.08480824,49273.30417138666,49980.08935797333,50196.772518346675,50765.79209418667,51442.88045162667,52362.101435519995,52958.455321199996,52919.971320879995,51610.03861261334,50621.88853632,50744.11130786667,48095.57491805333,48837.538654346674,49487.79448786667,50812.85903336,48245.99010477333,49451.62921578667,47789.606874,50757.968630639996,50549.52696418667,48068.77328288,50509.90279736,47855.60815834667,48317.05294618667,50548.54515757333,51886.97501424,54039.2210416,54172.75854490667,54697.47454266667,53913.99512709333,53527.29211712,54831.29853682667,54448.42136176,54862.394458,55661.28011504,54467.09446373333,52682.01189144,51530.02485058667,54385.40724954667,54896.95225109333,54918.44615384,55519.038772666674,53262.86851397333,54189.990776800005,54753.251495786666,55346.21190216,55981.14237672,57957.822268879994,58357.98820528,59087.512934959996,58339.99930056,56641.52741866667,55930.58844632,56491.00651957333,57668.73874973334,58692.047905546664,60030.391564933336,61530.904304053336,62587.48771152,59469.12127533334,60773.08165034666,59930.47187378666,59131.40000168,54409.03934965333,56164.81081016,56754.82161904,58346.25179088,58004.11555989334,56305.73950565333,56800.68078898667,57573.752162853336,54486.14582642667,55684.36130976,54483.318694,54557.48874474667,55577.64666061333,52604.78967613333,53852.49477888,57123.733289573334,54481.545428720005,52969.77563349333,53652.263539893334,55315.42017261333,54321.67526138666,55369.53997221333,54464.500841466666,54341.26538013333,53783.93000861334,53692.92525437333,53327.74255128,53088.27512093334,52929.24974957333,52825.574173706664,53710.39147381333,53550.28858845333,52592.28452226667,52281.895342,51982.43194392,52603.52426394667,53170.407291626674,51970.77271466667,52619.094799440005,54113.69775432,53136.86747042667,52570.18197645333,53383.330054879996,53146.70211194667,53332.2080372,54090.79937730667,53060.06422856,54042.56414384,54122.31786328,54163.01638674667,55647.775982,54550.91202208,53892.155909253335,52645.70977362667,52706.377260559995,52907.328364,53400.137394346675,52125.93155253333,53616.001941279996,53799.84118701333,53548.86646378667,52790.25134501333,52870.65997674667,54793.56752792,52726.01431205333,52626.00540229333,52933.81655245333,52868.32901581333,53266.9428436,53004.15096085333,52081.45996541333,52184.720415120006,50109.07884136,51147.32623218667,49781.22297544,50991.02218696,51080.79672290667,50390.9917144,49850.12017344,48289.0887776,48047.77008074667,47624.898948773334],