{"message":"Aggregated IX data for Sydney IX","data":{"nServiceId":null,"width":286,"jServiceId":null,"start":1512634200000,"end":1512719700000,"name":"Sydney IX","in_octets":[],"out_octets":[],"in_bps":[65530.8357692,67512.38330861334,68484.96203309334,68066.32693370666,68060.16334701334,69213.82700877333,69383.45130472,69780.29806866666,71967.30884258667,70419.07631832,70189.90337138665,70771.91918984,71719.31063794665,74977.13021997335,77330.93965757334,76345.82211693334,77434.99087434667,77214.78443360001,77814.2134808,77330.95870637333,77739.78515685334,77915.5806968,78029.87845565334,78082.360008,77625.57156842666,77684.72279765333,77635.44154282667,76353.86831557333,75819.47476370666,75020.39410312,75059.56986104,74770.03565050667,74567.91623901334,73421.08970941333,71102.06252130665,72952.03801664,70094.58183912,69175.26532837334,67496.86862352,66369.12906384,66575.56609861333,65433.06307933333,63411.96193736,62167.56826482666,62429.25144312,59890.95065728,57645.36341488,59484.899686293335,57562.543072053326,56727.38991165333,55635.66772183999,55848.04299269333,53765.16889450667,54142.20058202667,50913.38888101333,50192.09032197333,49679.65145749333,48542.80659954667,46884.805295973325,48626.09046050667,48383.90521341333,49133.65794437333,51010.915198133334,50601.59901997333,49955.62483869333,49799.176263199995,48096.51054925333,46754.03779805333,46787.27399418667,45027.94843146667,43721.86850170667,45148.88451074667,44241.77205128,45960.10664738667,45304.458195466665,44430.91981741333,43228.34038168,43071.56783538667,43172.16810914667,42021.877461120006,42561.599004480006,40868.10598181333,39126.01858549333,42356.363006826665,42139.812318480006,42081.97913296,41507.68177032,41271.108005120004,40535.969631466665,40048.33879354667,40223.94093448,39775.99010968,38562.26519677333,39843.300566879996,39856.30314237333,39584.25806751999,39956.753580346674,39027.9533108,38757.18316674667,37354.68212432,36383.821827306674,37508.814512506666,35792.428365386666,36513.73547288,36841.126281146666,36053.48451765333,34171.492813306664,37012.06575282667,36888.89645237333,36136.06360568,31324.54920642667,30998.338987119998,29256.9883968,29425.45996509333,28838.27348970667,29537.89959218667,30499.3544268,29700.364319013333,29026.569212506667,31192.226785360002,31608.49203109333,31503.3956688,31841.6498012,31185.24537394667,30756.77480826667,31208.528188453332,31474.09945442667,31482.421164693333,32812.42807797333,33243.95864109333,33087.46188541333,34940.58261698667,34181.36255618667,32948.0437528,33097.65425026667,33737.09305136,33584.82123613333,32564.53259597333,33197.84350362667,35239.987621680004,36314.60123869333,36136.31240722667,35833.50238298667,37887.53872893334,37494.976345066665,37221.42881586667,37419.69724741333,38676.86352981333,38527.76758933333,40126.541465919996,41330.59163722667,42528.60818176,42807.52958576,43458.04214301333,43647.19306504,46257.12370373333,46681.60549738666,45460.974249599996,47152.32583469333,48780.58033194667,48753.14700661333,49162.36671072,50701.654522346675,51727.95710669333,51645.19127992,53083.484668879995,54745.25327482667,55544.25719365333,56337.9671028,58003.50005296,57478.10522301333,56992.76356424,58703.73559282666,59418.96593178666,59038.89142466666,58112.81463304,57235.61485888,58126.85569618666,57939.0566876,59113.86413088,59674.19091442666,61625.09507946666,61457.364177066665,61510.40362928,61082.54054925333,63079.82783274667,62955.723847173336,62694.92679304,62148.242748933335,61936.79993413334,62058.39412776,62291.77717421334,61442.37967157334,58941.13197549334,59548.81316717334,59573.75252536,59519.866532906664,61387.01134546666,63487.85977,63507.20257421334,64115.84729701334,64266.27280069334,64050.784104239996,65823.50278088,64938.54949061333,64857.90129992,65372.80963506667,66179.35717162666,66984.16160082666,66499.85453157334,66049.69313349333,66601.99075904,66202.839366,65498.02122562666,64806.482053253334,66403.16757005334,66240.09881485334,66660.57024333334,66502.06569488,68242.59412888,68199.4808208,69444.07198064,70904.02457847999,68602.33295656,70028.79595469334,69274.11937962666,71853.06193533335,72080.18508832001,70394.01665530665,70284.66762869335,73023.25950869334,72734.88039277332,71550.14600346665,73447.34201386667,72411.59483370667,72982.84453549334,71098.49610098667,71966.20747685333,73897.28152938666,75965.01871130665,76255.80994402665,73419.39059738666,73413.32559722666,71712.76066562666,70792.71026282666,71261.16055824001,71903.22285432,69809.88377317334,69642.01786594666,68055.1969692,68131.14184898666,71234.20056098666,67749.87815138667,71567.78873178667,70930.64072552,70398.54432541333,71948.86659781334,69007.95102501333,69438.51530789334,69725.80471309334,70702.63101890666,68346.50802901333,65824.58552397334,67192.78590074666,65278.67012682666,67166.10090850666,68050.81804341334,66351.24947061333,65612.71961312,66643.75438168,68565.10217728,69469.88702962667,68996.63728175999,69639.16342367999,68782.59311490666,69661.90335082666,69116.08077567999,68614.32656997333,67909.16210578666,69191.79560274666,67844.64182810666,67443.49359229334,66373.31204050666,68374.52827368,68672.18187261334,68782.05151018666],