{"message":"Aggregated IX data for Sydney IX","data":{"nServiceId":null,"width":286,"jServiceId":null,"start":1495843500000,"end":1495929000000,"name":"Sydney IX","in_octets":[],"out_octets":[],"in_bps":[39710.66492954667,41584.45224637333,40676.90830773333,41153.63366733333,41301.247822,41614.86598930667,42608.221608666674,41838.61903234667,43307.642069253336,42399.81937557334,42437.93327992,41730.99795704,42540.970717786666,43150.56301298667,42592.98408218667,43466.41888250667,43820.04073709333,44565.378224533335,43531.364296613334,43526.3686724,44202.77663808,43860.65885434667,43516.158215786665,43793.55796450667,45256.415657093334,45232.51064178667,46390.79434826667,45824.963066293334,45596.54727069333,45841.853485440006,46646.352629546665,45975.69167114667,46580.87106928,47027.079224,45945.15334562667,45444.098266666675,46139.97697885333,45606.927271199995,46211.10827226667,46822.387842293334,47371.704282,47857.81058498667,48018.64479189333,48346.764834026675,48401.36810565333,48101.40316925333,49221.58838818667,47687.56174061333,49828.00771509333,49571.72274130667,49740.58749002667,49757.96456397333,49661.28571573333,48994.86873554667,49673.67604922667,48790.13688581333,49333.08478085333,47401.267030480005,49574.00393984,50038.31406389333,50414.75214632,50770.17730885333,49637.41111928,49944.47453037333,49037.13878746667,49330.84914522667,49307.01581432,50380.41716586667,50699.022461173336,50306.76721136,49499.18813976,50443.57478882667,51451.06078448,50301.06733741333,50657.87643496,50730.56788344,51371.487456480005,51108.469384,51636.59092418667,50892.603352800004,51441.940034160005,50986.27111024,51533.419709253336,49905.14118554667,51111.69141018667,50372.82219944,50006.52781616001,50041.471633839996,50555.04394453333,50520.03135328,51318.27511122667,50680.745060826666,50297.012295199995,51552.53825888,52382.73636992,49147.33326917333,52417.57175901333,51954.15533253333,51576.46896893333,52639.27345293333,51815.86477248,51930.75806485333,52081.91528437333,52468.37269813333,52475.130101786664,52158.15598392,51895.326230959996,51555.21449392,52322.49567381333,52632.54103357333,53484.88621986667,52783.84282672,53606.90074677333,53731.68535229334,54355.10443917333,54301.203520426665,53693.54742773333,53845.75495173333,52973.54384061333,53178.17720586667,53505.53186776,53357.29376618667,52897.32263506667,54228.18700322667,53279.20710989333,52138.84766245333,52711.71300456,52830.46145122667,52650.312868186666,52460.67420186667,52800.84376197333,51578.80335930667,51717.92074397333,51542.6803996,51102.33342333333,51365.05657722667,51027.750099573335,51472.39542944,51158.47040053333,50244.04953104,50025.91149285333,50065.033220239995,49345.969372,47593.607407493335,50131.35627442667,49998.26919032,50375.31529613333,50017.56984013333,48478.52782773333,48188.27903752,47569.79140157333,46997.73909344,46807.65957426667,46484.384824559995,46497.844970080005,44702.63210746667,45888.38947656,45271.43709098667,44758.96454954667,43941.23123792,43807.45549154667,42146.78015642666,42566.62147629334,41889.414653893335,40469.13417906666,40394.9652556,39322.55909946666,38786.519380213336,40462.77562088,38283.67221253333,36194.34582738666,36537.714253973325,36416.08738178667,35702.63445173333,36252.18640717333,35017.53971362667,35685.77442088,36107.38863117333,34340.30645952,33330.32694296,34402.97695453333,33869.579180186665,32798.13010624,33455.890121066666,32538.489880666668,30463.23972242667,29896.34422306667,29375.24311152,27597.97607853333,26358.964381946666,26458.87029594667,27922.97359776,29210.69347992,28610.47366672,26004.53906730667,25292.662580746666,25345.140192746665,24652.778402426666,24092.805189093335,23636.68845072,23272.455257759997,22161.119807040002,22277.345998346664,22381.581920773333,23005.23881432,23153.876758586666,22047.041819546666,21220.439196106665,21807.336291386666,20693.307875066665,19991.344742,20341.771283386664,19707.77308696,18147.94191269333,17929.234155253333,17362.563634613336,18187.182402826664,17873.582052213333,17074.658372453334,17389.40505746667,17595.85750008,16813.306715653333,16660.86371936,15811.711800506666,16402.01694432,16382.320640933334,16126.980524533335,16459.46124688,17069.422910853333,16882.16263272,17010.725760746667,17132.99990168,17702.057809226666,18476.432698560002,18771.283779253336,18974.722084186666,18639.96371648,18601.716692133334,18687.991755653336,18522.647694026666,19879.585685706665,20608.735548,20434.816098799998,20814.83143378667,21217.424631759997,20987.713467333335,21806.024950293337,21651.296413653337,22621.408504613333,22350.889707973336,22651.489421706665,24496.562532346663,24261.077698186666,23392.93432864,23814.926161919997,24326.284733093333,24831.039935200002,25423.697166506663,26429.56426248,26144.90820016,26611.37622368,26830.61131112,27710.743618666664,27064.672608853332,26775.20411704,26459.840555813335,26623.963127813335,27156.942682506666,27535.896055013338,27971.21136464,27809.7706812,28598.057408773333,28108.825117599998,29042.7015608,29304.408924693333,29751.33803552,30041.0052736,30518.86030405333,31084.914337653332,31225.54310762667,31272.92617522667,32451.33490306667,32495.204116693334,32672.316321439997,32775.440748693334,33543.796318693334],