{"message":"Aggregated IX data for Sydney IX","data":{"nServiceId":null,"width":288,"jServiceId":null,"start":1483617900000,"end":1483704000000,"name":"Sydney IX","in_octets":[],"out_octets":[],"in_bps":[37078.85933610667,35974.87322666667,35991.77689016001,37038.11641925333,38298.31229730667,37919.457043493334,37819.40371464,36454.05091685333,35176.78949818667,34159.254423520004,33843.41709245333,33404.5424732,33778.97261112,31651.333902613333,31573.593896533333,31586.45443504,30427.08302173333,29733.83895944,28410.32486104,28594.80842392,28274.970240586666,29195.00715773333,27307.29525837333,27655.954334506663,27098.000024746667,27064.745393946665,26724.828256080003,26035.708321626666,25945.318987226667,26115.293771626668,24588.44081221333,24077.927305253335,24358.151289013334,23801.085388053332,24059.405128240003,27596.53190528,25065.216082906667,24947.712085866664,22732.967052053333,21835.254269386667,20752.303295386664,20185.11655616,19633.239870933336,20667.903376293336,20766.142387653337,19402.94688832,18862.175076213334,18281.76299136,18463.436244746666,18952.17777621333,19828.022917466667,19509.616341093333,18574.275071306667,18884.056171973334,19990.94534632,18824.254029493335,17935.62505328,18235.636371466666,17616.77770992,18060.983792853334,18073.570977493335,17832.258994026666,18095.085802346664,18781.478879253333,19762.776681573334,17587.758864453335,21477.892318240003,19003.017308586666,17989.993409466668,17876.68026048,17815.829344826663,17478.62868384,19145.84669808,21589.311365759997,19482.90532352,19334.17916184,20254.610018479998,20626.825315786667,20746.684646933336,21030.622440746665,20716.62879344,20422.07974816,20959.527786133334,21644.001418,21151.645690773334,24057.813528213333,21804.657498773333,20973.780967333336,20677.550566346665,20368.979000106665,21087.89856048,21518.707956906666,22045.563613706665,22617.27795792,22085.966673386665,21831.789091173338,23099.96538424,24926.953234533332,24496.86585794667,24297.212751653336,25162.549342266666,26291.892089253335,27277.978091546665,29923.919357333332,28804.483523066665,27625.079081653337,28009.349144746666,27562.522542773335,28108.916805546665,28100.91511648,28907.97752549333,30147.79583616,33441.62415626667,32041.41923544,32316.108567040003,31820.03668968,31374.452759306667,31069.23105090667,31110.643413173333,31804.708016880002,32185.12016672,33793.500481706666,34867.01133229333,35080.03598688,36956.97835077333,36311.033722666674,36212.920611760004,35946.38568376,36404.69847445333,37222.55673426667,37198.91391090667,37091.505590559995,36972.59348976,36403.38652224,36933.57386992,36887.79566850667,38150.568225760006,37379.7539124,37656.37661946667,37824.08217424,39442.88980949333,38957.59204061334,39947.38597584,38874.71333173333,38919.92192096,38258.48819498667,38504.07158090667,39672.18559237333,39297.1049604,41059.1735864,43123.62820808,41063.62309490667,37113.784221253336,36569.17519746667,36345.167865626674,36720.37120381333,37328.686017173335,38267.88767496,40062.11935288,41298.283744826665,42377.48540104,41680.73302341333,40244.03438904,41634.6365644,42147.742587040004,41285.13740338667,41589.35245565333,41432.90781026667,41344.15602853333,42754.86119930667,40389.21183485333,41058.981058293335,42345.60771205333,41962.60195677333,41816.36188994667,41956.8375052,43713.030858106664,41498.89860432,42554.65457050667,42927.98954978667,43411.84647864,43316.92418653333,43486.93546434667,43637.11992936,43962.813375866666,43421.807689546666,42655.353833760004,42229.36175512,43532.81668776,43356.757081146665,43222.30310842667,42900.36506962667,43243.99549634667,43562.16952885333,44459.53106085333,44632.330208533334,43825.03571901333,45275.09793413333,43246.36654216,43684.08854554667,43672.926523493334,43533.98426418667,43361.45844941333,42246.39279490667,43330.46588474666,43073.1301248,42492.4073288,42926.949488959996,44580.34832477333,42950.134511360004,43237.56010309333,43550.126640426664,43320.79377464,43676.14708418667,43393.26159784,44559.82518354667,43093.68273533333,41572.75232594667,41199.61598896,41534.82211186667,42552.67297394667,43067.41380229333,40188.313301279995,40868.50848626667,40840.86061928,40362.70993122667,41197.61209592,41345.64175496,41521.94019634667,43765.74038482667,46391.60921090667,41115.97179906667,41020.2333844,41420.91686525333,40733.3152444,40180.18877288,40423.15858461333,41011.69852130667,39901.38712005333,41899.066280106665,40592.204210986674,39977.57069538667,41014.42304186667,40529.63806336,41449.31899474667,40459.58035122667,40121.55545229334,41550.36077824,39995.95678653333,41282.974955573336,42901.195353120005,43014.93176877333,43545.64483066667,42889.02771136,42521.44023904,43423.55114218667,43215.50177405333,41810.210668693326,42306.08756386667,41890.23308362667,42248.33184048,42344.04043008,41403.17166621333,42051.06870264,43212.240383866665,42377.26040136,43687.73105418667,42743.84685136,42625.56398077333,44283.06821786667,43139.92291357333,44482.032348533336,43813.18661162667,41782.97357904,40113.317704026675,40616.292027626674,40132.872348853336,40598.45429589333,41045.80997946667,40760.51603805333,39298.031192026676,40249.41749264,39110.41371776,38520.99131898667,38139.97832594667,39092.96010210667,38523.159602319996,38958.47767826667],