{"message":"Aggregated IX data for Sydney IX","data":{"nServiceId":null,"width":215,"jServiceId":null,"start":1486238700000,"end":1486302900000,"name":"Sydney IX","in_octets":[],"out_octets":[],"in_bps":[23344.262413866665,22941.586843493336,23407.65157952,24171.253458666662,24676.82420632,24888.797383706664,26501.75955064,27358.32626984,26978.079796560003,28482.627633093332,28099.01544168,28391.810820293336,29647.00283,29945.409386479998,29526.843588159998,30878.258309200002,30495.90757325333,30135.923598826666,30305.16191597333,32137.25818768,31439.13936277333,31940.905192240003,31952.608732,32883.60819530667,34600.07717730667,34013.86463525333,33465.81405874667,34525.83774186667,35396.375265760005,35498.1030232,35376.663660160004,35333.451966,35165.07515522667,35692.36210066667,35694.41912,36342.94714056,36983.1758372,36472.59240008,36822.3789492,36975.904386906666,36882.05981645333,39283.67937528,38365.215712080004,36622.10758901333,37609.65170608,37988.88376226667,37953.56078437333,38117.44280706667,39004.16954008,38525.81443533333,38320.22367693333,39298.6010864,39781.25155717333,41773.52906797333,41387.75013101333,40570.060546106666,41396.60870405333,40363.928134,40425.20228117333,40615.31505248,41991.85406821333,41533.33852976,42214.6132752,41223.81281650667,43202.16303328,42985.21140021333,41663.43545576,41989.12688664,42096.07294744,41961.64348421333,41926.0913488,43381.91797445333,44554.15523813333,43240.69769517333,43192.39827608,42546.645649973325,44251.91690125333,42994.86667442667,43294.03564104,43237.93530272,43737.0105904,44106.09582410667,43721.03303805333,44195.56137936,45849.98353037333,44816.26153778667,46237.215425493334,46562.461785173335,46033.54935173333,46725.040451199995,45706.16138098667,45234.71845413333,46444.35139213333,45154.60035773333,43825.288698213335,43854.52876965333,45248.10129429334,45616.19966277333,45980.84957304,45947.307103386665,46253.37831122667,46570.39752258667,45644.242537440005,47094.23838392,47713.8947832,45045.39143517333,45869.22604133333,44714.923579279995,45313.90959069333,45548.527121466665,45669.172836453334,45780.169808746665,45228.037644506665,44463.35222581333,45391.08101186667,46471.574353066666,46751.831951466665,46371.77307712,44873.21456869333,45385.36393922667,45882.09388682667,44751.29049157333,45426.86796584,46225.20733448,45988.35267173333,44314.90377821333,45661.099297466666,46581.3129128,45238.88932466667,46564.65858605333,45761.75199242667,47251.74060770666,47124.88013981333,47040.186407760004,47205.2685204,47512.67084165333,47201.5056472,47722.44894277333,48080.14285621333,48204.37045765333,46436.72265077333,46538.37368629334,46994.40026866667,47345.555100239995,46091.51603498667,47122.075622213335,46254.42357669333,45326.14765272,45886.10205792,47442.44421392,48188.43449954667,47654.96745426667,48918.790849573335,48203.41781597333,49332.641572026674,48007.090044986675,47862.04346285333,46641.57359544,47223.21617434667,47027.83692781333,47011.980238426666,46756.796863013325,46778.78203274667,47692.41802762667,47855.39806077333,48159.65854901333,48638.10623202667,50322.04975490667,48649.956265839995,49332.41419832,48939.21494664,49678.31985490667,50910.98975746667,50970.0150764,50425.607085066666,49168.96938408,47579.32799712,47008.472878826666,47806.648583493334,47709.495593173335,45867.579594853334,46650.74223669333,46833.92803970667,47005.974989706665,47164.461202293336,45934.67531842666,45023.076124160005,45837.51201018667,45005.36060432,43662.8591084,42814.290484213336,43371.413857839994,43130.86223864,40724.97823674667,40024.02690141333,41020.16981093334,40497.27988610667,39960.12148781333,39852.04898968,38840.753924,38432.37708781333,37702.1840972,37482.61326248,35546.46985818667,36310.96167312,34936.46882605333,33764.14715349333,34305.74593752,32271.05019376,31277.081321173333,29882.69475290667,32926.81482384,28041.318262693334,27045.071152506665,27213.661648533332],"out_bps":[23549.74150104,22943.589269173335,23408.9327472,24264.472037786665,24440.852466266668,24778.8084872,26474.50021848,27358.578643573335,27043.603837866664,28444.514122880002,28052.878140586665,28590.731800240002,29723.3395412,29630.0534912,29499.939372986668,30726.678668346667,30369.845809626666,30167.998036026667,30037.82503802667,32168.41375981333,31248.63597338667,31902.41322450667,31795.76100941333,33115.623412400004,34346.73395466667,33882.3487256,33692.187342720004,34160.77872341333,35189.62020824,35561.69618522667,35245.56697245333,35232.4620972,35111.587993546666,35740.70273957333,35319.08451634667,36376.761657013325,36950.112853386665,35858.70242466667,36306.71263210667,36714.80795426667,36655.00122034667,38900.439906826665,38291.04861658667,36403.42179005333,37603.36711237333,37684.244478533335,37767.45667586667,38017.94510808,39114.945444,38340.68366432,38553.17264026667,39215.122824160004,39610.03163893333,41195.07712133333,41495.874225893334,40076.78912469333,41142.53110314667,40319.66523693333,40403.02714229334,40540.509972800006,41722.209213279995,41648.26409426667,42010.69014229334,41021.897233146665,43081.39947058667,42885.19956216001,41900.84405882667,42300.17036965333,41779.35925568,42120.07843853333,41618.01596077333,43092.240147866665,44427.87552109333,43005.997600133334,43088.91178130667,42476.21880005333,43831.838114106664,42896.78628954667,43152.30399984,42989.36119397333,43822.11302778667,43694.88231469333,43551.94974208,44284.26424181333,45882.18443906667,44257.74946365333,46391.648525519995,46287.51609714667,46077.52195901333,46518.7116872,45340.15458125334,45133.313407120004,46680.46241976,44512.85499944,43650.125982506666,43304.65601717333,45064.928213813335,45641.0438368,45619.06848261334,46138.86928357333,45952.17692757333,46432.12014498667,45370.00304426667,46733.02022624,47796.860978373326,44761.92164869333,45899.98582290667,44894.204985146665,45220.21433344,45446.45104090667,45703.87487274667,45570.13420546667,45026.54147634667,44538.01470306666,45477.94176133333,46243.45376392,46674.81532245333,46348.158346853335,44695.63613746667,45094.748191173334,45840.29893477333,44767.32884032,45253.07429682667,46194.61355151999,45848.94558874667,43867.34154472,45314.855958559994,46438.49072250667,45055.13981024,46292.29146338667,45752.99140301333,46899.76656528,46642.47553768,46851.65436165333,46894.86704482667,47444.646305653325,46929.936730026675,47718.92589413333,48160.37783986667,47869.56980213333,45968.27036613333,46464.94147978667,47011.51478312,47356.30649576,45701.686586853335,47216.75135962667,46073.778589893336,45058.52478224,45754.145361120005,47310.04635149333,47644.18050581333,47665.93916461334,48536.36255322667,47948.32993250667,48837.07175386667,47455.24014024,47667.07395368,46611.52204149333,46479.92035850667,46798.44135592,47022.67621714667,46431.908002346674,46588.887998160004,47466.017991466666,47977.138539893334,47373.95862104,48033.61102549333,49740.535811120004,48327.92080176,49462.77914586667,48783.517627893336,49328.75324928,50596.59427504,51148.82813989333,50029.81677978667,49306.00066549333,47129.96314738667,46701.75613925333,47570.24123634667,47406.31480021333,45275.09572301333,46476.03153152,46345.8668536,46697.72018824,46906.76786701333,45491.234614026675,45008.62649090667,45550.165122453334,44639.58244026667,43722.05452797333,42651.58468378667,42994.843804853335,43076.789365866665,40527.93777245333,39672.112243146665,40799.013537333325,40362.332949626674,40040.86972181333,39353.99591744,38518.58209064,38316.993489199995,37883.848885813335,37173.41976658667,35491.45774365333,36214.42533064,35202.38255864,33633.13497309333,33962.39696026667,32253.020431013334,31037.19846802667,29767.73128,32728.51171034667,28056.987132213333,27068.85375048,27014.96557784],"in_packets":[],"out_packets":[],"in_errors":[],"out_errors":[]}}