{"message":"Aggregated IX data for Sydney IX","data":{"nServiceId":null,"width":215,"jServiceId":null,"start":1478289900000,"end":1478354100000,"name":"Sydney IX","in_octets":[],"out_octets":[],"in_bps":[23392.311228533334,23451.045647413335,23605.84999848,23921.28145848,24363.06434248,23628.850453919997,23602.762604133335,24146.211028933336,25009.191113973335,25085.84995656,25746.878132106667,25332.581609173336,25810.33235552,25508.73548368,25917.141921653336,26317.00793792,26474.615538773334,27779.608992346664,28034.192560400003,28203.81890072,28025.265127866664,28301.882617119998,28139.466166933333,28447.955171733334,29324.164184133333,30175.06585122667,30200.075155333332,30726.691903146668,30764.49410741333,31424.781317813333,30629.1409952,31179.237472666668,31273.55063968,31460.47118784,31038.663801306666,30867.85709648,31469.259420186667,31329.182527306668,31460.65117325333,31697.14277541333,31046.527370373333,31537.29898970667,31584.36841984,31094.7345832,32120.24129370667,31971.30732378667,32862.987402026665,32506.344400533333,33697.52642936,33028.37256392,32541.99217816,32635.774097493333,32874.840562666664,32927.95494354667,32537.93337312,32036.319006560003,32170.85512997333,32358.01146912,33259.96471954667,32686.210614373333,33570.14958685333,33494.82046904,34482.845934080004,34548.82184621333,35085.405079493336,33733.18021274667,34249.29134688,34857.46937709333,34169.153066666666,34367.612683973326,34066.38674237333,34237.17046090667,36350.42834592,36304.99660882667,35928.17167730667,36063.40981154667,36113.73916077333,35898.37320528,36262.65464330667,35966.57499653333,35731.97097125334,35566.41242930667,34508.98652437333,34265.248793306666,34822.47085570666,34673.41770938667,35145.698559786666,34745.89514216001,34932.054809839996,34629.75951162667,33396.35776885333,33257.38834565333,33595.87617714667,33361.98376976,33726.69309122667,33552.91383714667,34484.489883653325,33480.34541858667,33759.72235154667,33764.679952453334,33955.05215445333,33340.3155416,33386.4598516,33662.707324346666,33312.241298186666,34314.48539106667,33177.84317429333,33674.21675141333,32713.98203373333,33979.71710045333,33342.31886778667,33699.37185418667,33967.15452517333,33569.28593458667,33079.51288317333,33946.272409146666,34014.98404746667,34770.83471773333,35468.26149016,35443.46345077333,35670.931442666675,35038.41384426667,35003.22155373333,34741.11493397333,34866.72772133333,33818.33920570667,34605.931429013326,34208.348072400004,34810.60847637333,33393.93452517333,33220.428938506666,33252.04527602667,33484.444772,33108.70064725333,33547.97968578667,32523.05131216,32777.13643128,32977.135087146664,32832.086135093334,33612.71166890667,33379.51868994667,33675.19956189333,33939.22400058667,33414.56533336,33314.16623973333,32613.773088293332,33333.99247837333,33668.39781104,34099.22791045333,34088.79343250667,34705.19837376,34300.83180317333,35110.928090400004,35111.9716392,35349.944359040004,35569.278194080005,35542.43221730667,36156.26736309333,35729.64171992,35814.25183965333,35792.79982168,35799.01666530667,34788.5203452,34214.70272789333,34033.19229242667,34887.58774568,33917.81142122667,35179.88539125333,34922.0480044,35047.71146664,35987.56580762667,36136.25481426667,35537.06962138667,35300.78690896,35445.71359344,34665.674031279996,34916.15768317333,35120.62203365333,35552.14830490667,34549.55423981333,35291.916124213334,34094.14619008,33797.40698354667,34090.746045466665,34148.679324,34284.52229781333,33402.33316248,33556.95661621333,33563.307989919995,32076.05745005333,32636.913391626666,32316.58983104,31373.273001146667,30305.01465616,30133.38348504,29908.96366978667,28826.20968389333,28700.950263093335,29671.11574154667,29151.24022210667,28721.218225093333,28541.694039759997,28359.664830773334,27845.95120064,28741.66248672,27967.697951813334,27819.042679786668,27224.79707568,27007.69927632,27354.548154986664,28233.37625688,28473.482905573335,26580.107793573334,26663.342151599998,26897.334998746664],"out_bps":[23317.96037368,23500.04804424,23609.570778906666,23882.542642080003,24272.60499376,23695.88990192,23776.655827146667,24245.76486472,24603.3489644,24717.858018453335,25457.981488826663,25381.98675056,25461.45037488,25563.568809786666,26046.984357759997,26213.663523119998,26637.16893504,27420.693961253335,28123.219025173337,27855.8348832,28056.15578352,28163.370034666663,28427.490923226665,28081.098495360002,29426.93344706667,29900.516485333334,30034.35033213333,30305.83432013333,30509.71932637333,30896.14718621333,30212.86765688,30780.92195728,30972.631709946672,30895.301850400003,31056.459812373334,30739.616998826667,31250.02541434667,31096.83698792,31403.89002928,31544.40637178667,30749.42488538667,31581.858590453332,31444.286594639998,31294.68127322667,31866.04372706667,31612.17875157333,32748.567436133333,32184.05648197333,33243.31601845333,32841.59248866667,32311.419355493334,32287.44762042667,32671.88751821333,32640.310942373333,32382.78417384,31541.83122565333,31919.553088880002,32086.51153064,33425.24580264,32064.38359461333,33527.1737992,33111.21804509333,34336.20419338667,34618.42754096,34884.568935120005,33415.25556754667,33860.80110936,34389.71501976,33804.89636098667,34404.39777133333,33894.11559109333,33987.59150818667,36169.83584224,35762.168533120006,35990.025037893334,35712.621619386664,35811.526789120006,35736.82655821333,36083.166477466664,35752.61649618667,35249.15331066667,35310.00430896,34220.95780362667,33952.76517693333,34411.01258642667,34439.27911130667,35072.05315413333,34809.71363272,34645.196126480005,34391.28548904,33302.69633573333,32950.95584024,33402.33020376,33017.6729976,33300.63506125333,33116.69404882667,34317.005160533336,33497.29676045333,33599.09037509333,33454.399460986664,33812.45261648,33251.94967586667,33291.33714805333,33550.72312517333,32935.24090296,34075.85192418667,32939.71198781333,33201.5106104,32437.69008557333,33813.80496938667,33128.113517653335,33774.090163119996,34010.36954778667,33413.29096394667,33201.22347264,33947.07624496,34135.184444373335,34710.27431293333,35408.04889712,35111.50314581333,35771.758572160004,34579.54419112,34956.77449074667,34402.70097634667,34362.53939648,33613.66175637333,34562.47235261333,33817.70408072,34426.18766266667,33276.51867829333,33031.93051888,33336.64659992,33539.2997792,32928.01592722667,33145.72309973333,32457.75494504,32644.90103506667,33000.957424826665,32531.79309765333,33281.38404285333,33351.80253397333,33457.76342552,33598.970774533336,33164.52564237333,33664.26613402667,32662.55100533333,33193.94288784,33869.11842098667,33689.918784400004,33559.43102725333,34632.52318661333,34172.06598229333,34900.70485890667,34735.39071746667,35300.35980706666,35346.86772994667,35498.34165690667,35861.23190365333,35770.39858205333,35504.22568082667,35758.09013909333,35626.559219066665,34428.155971253334,34156.22201106667,34036.58206741333,34512.93582293334,33717.648647279995,34833.71168552,34643.64152426667,34647.978066426665,35848.30758794667,35741.76443362667,35018.47120154667,34869.28045888,35307.866032933336,34536.187914133334,34539.619768213335,34861.10377810667,35059.56694197333,34312.14360690667,34822.09908448,33608.5880396,33305.27144514667,33580.40679554667,33727.703266853336,33920.91634541333,33350.91909173333,33272.31917597333,33372.47082448,32058.393825866668,32103.62969696,31888.893575173333,31441.24409024,29870.38972509333,29970.85193,29825.956946293332,28530.91589024,28477.10334976,29235.207981546668,29017.86491845333,28542.19525776,28328.1226952,28092.06196632,27620.311439200002,28618.021502080002,27715.50795688,27584.823926,26911.204595333336,26769.96661112,27168.076057706665,28016.95493336,28340.291546906665,26504.150151146667,26551.2690448,26664.0489456],"in_packets":[],"out_packets":[],"in_errors":[],"out_errors":[]}}