{"message":"Aggregated IX data for Sydney IX","data":{"nServiceId":null,"width":283,"jServiceId":null,"start":1496376300000,"end":1496461200000,"name":"Sydney IX","in_octets":[],"out_octets":[],"in_bps":[54985.55882285333,56756.63711642667,53947.49007986667,55478.26271533333,54796.924898879995,53226.62507709333,55250.27821688,53623.40603816001,53518.67528074667,52593.04773272,53679.35894141333,52110.04891101333,51814.10016973333,51873.25112469333,51623.34787258667,50313.91508930667,51487.35630157333,50871.95312183999,51321.07780914667,51682.45736722667,53537.87976653333,52842.727648693326,51225.04048456,51828.60097533333,52784.6308968,50734.706399146664,50645.731068559995,51241.869900346675,51788.80369802667,50543.08662661334,50522.952322720004,51205.002142,50467.50598770667,50542.47295848,49939.01106909333,49854.95138032,50780.946177440004,50741.837706106664,51753.80277282667,51816.45924061334,52471.05197290667,53442.310071466665,54471.42814802667,54347.26918602667,54061.56984104,53860.77172304,53614.92109477333,52431.16150733333,53508.081069466665,51432.75844325333,51609.66909877333,49920.71690549333,52198.33150330667,53130.76413701333,52799.622456506666,52668.970823120006,51935.627342,53302.69067528,50960.08022138666,52613.98177149333,53496.8035124,53390.25503362667,52038.74150082667,52663.788975653326,52854.14373541333,51915.63856968,52109.38012784,52079.774103573334,50742.98070621333,50275.56606712,50503.532034933334,50589.4260256,50340.02542096,51173.60982402667,53567.576227093334,51456.51152968,52340.88982557334,51253.42244157333,51120.476140800005,51294.22610144,51081.613738746666,51632.83965181333,50882.079614426664,50985.65092754667,51116.56373541333,50160.81595592,50498.16058578667,50160.637900426664,50776.64508704,49958.85651183999,51331.40279474667,49892.98748736,49621.920224533336,49142.43220141333,48690.848071466666,47128.25400253334,47499.502340800005,47536.32767170666,46249.14799976,46376.62962314667,45743.28975632,45776.36936813333,45964.682552453334,45650.397436106665,45294.995519786666,43990.67840728,43511.407108533334,42770.77448618667,42425.67442408,42654.766180533334,43173.671585519995,41628.972327653326,41414.9719016,40903.12503442667,40734.38671752,38711.344565333326,38459.21730394667,37438.63154050667,37350.64487365333,37216.41440138667,38843.02648616,37213.17485576,35701.14422322667,36116.833500160006,35512.41328509333,34288.59985058667,34524.30586216001,33524.63358701333,32737.84931298667,32385.86714402667,31376.73184568,30929.40782664,31499.176696,30580.3132072,29695.26111608,29779.056068240003,28274.913488933333,28511.042331173336,29111.61106125333,28007.141069146666,27461.370997146667,27786.818874186665,27979.306742613335,27798.954276,28530.264435973335,27615.447451706666,26653.445294026664,26032.512938106665,26607.628973360002,26083.79612096,24699.412254773335,24827.903344053335,25513.43087888,24205.0351224,22197.07565512,20450.041838959998,21095.180719706666,20469.878909253333,20468.592554720002,19667.186810106665,20405.029031386664,19331.992430506663,19644.51362648,18074.397304613336,18165.780620293335,19077.55596664,19660.82979552,18665.643240586665,19871.945240106666,18872.23953064,18215.5279668,18522.096864346666,18533.381542373332,17442.876656,17592.615988,17098.645800506667,16500.104786853335,16376.21916576,16780.303786213335,17240.640397066665,16276.623880773335,16454.693394026664,18431.173888613335,18139.968351653337,17104.36240344,17944.8286324,17384.766083493334,17228.860145733335,18967.78054952,18381.750662720002,17838.337584373334,17764.531020186663,18204.86438888,19960.25751224,19275.93732448,19885.64378762667,19687.396224666663,20840.66059584,20307.771724453334,21223.97371192,22238.375670373334,23292.224678906667,23030.968358826663,24205.24618496,24179.95004024,24235.057843626666,24174.851193119997,25000.955156080003,25254.121438053335,26385.939646666666,27442.711688346666,28175.110896533333,28729.493990720002,29157.38939176,29456.09838232,31137.56769312,30661.494649599998,30905.34224672,31312.599273653334,32281.73092221333,31972.37468309333,32180.29426536,34473.42308421333,35150.800013839995,34314.26280189333,34533.462438026676,34379.23334512,35071.016672239995,35318.57025104,36464.81390605333,36146.19959384,35629.52530216,36372.65074005333,36768.14583245333,35542.652467893335,35677.53069362667,36843.46166938666,37029.24383957333,37719.28523725333,37996.29767541333,38582.163894506666,38184.65860946666,38180.19841426667,38475.009626533334,38359.45520069333,38567.92859768,38987.58917874667,38290.98438789333,39139.444225813335,38993.52445077333,39503.357226826665,41360.18633464,39633.68245410667,40131.427635893335,40182.51623981333,40471.14731242666,40164.303008213334,41030.43486938666,40609.45835173333,41016.959586853336,42478.220247386664,42405.397479173334,41845.18826194667,41635.16150151999,42043.55416951999,42764.99395394667,41058.26287813333,43336.38174962667,42430.76094557333,42657.764814613336,42523.65933970667,43609.58648554667,43390.69883146667,43210.72036501333,42748.33129197333,43646.715522160004,43065.07523848,43659.90846285333,44224.38561125333,44658.88339912,44765.98239605333,43535.330863626674,44480.088159946674],