{"message":"Aggregated IX data for Sydney IX","data":{"nServiceId":null,"width":287,"jServiceId":null,"start":1491379500000,"end":1491465300000,"name":"Sydney IX","in_octets":[],"out_octets":[],"in_bps":[48911.34098938666,47573.875361386665,47998.89683658667,47410.03007405333,47479.6438204,48322.4346476,48020.701203786666,48574.06290669333,48640.0605216,48440.79521730667,48035.009440026675,48423.93916586667,47989.03050128,48730.89641533333,49166.34760858667,49407.707180800004,50295.06336413333,49291.957473706665,50809.49397653333,51083.82248317333,49397.86330104,50267.76755573333,50900.94425330667,49963.70194994667,50347.15371952,50969.914129573335,49925.74457970667,51024.28862344,51659.20922245333,50624.28115384,49862.98491064,51120.84399544,49729.27323610667,50188.96076274667,49472.70949384,49380.96459898667,50799.74188616,50655.35921936,50443.95060197333,49269.26083914667,49552.17204877333,49203.582010160004,50233.63306501333,48860.968353573335,49051.21634888,48876.02685794667,46268.74592314667,46753.35898296,46153.53266464,44458.154895199994,44351.06038717333,43459.35107997333,45104.153203919996,42863.48980509333,42542.77716629334,42543.92277968,42023.8986836,40620.78521858667,38540.817968,38099.3636348,38005.91328784,36208.80387568,35618.64479890667,34992.73295850667,34590.749422666675,34082.41520784,34285.14724805333,33060.699323626664,32837.39923642667,32000.06649496,31709.76557613333,30852.60344232,34409.67487237333,31547.75329848,30881.57227189333,29841.22249554667,29669.69248741333,29144.794013733328,30073.92483816,28573.992336026666,29850.705052880003,27664.813335413335,28310.000139573334,26201.90405872,28176.445647546665,26471.021449919997,25622.765026426667,25626.835080986664,25163.97155378667,24593.05728832,25591.846921653334,25162.91026232,23341.475673546665,23325.95844621333,23357.808165626666,22409.317872453335,24636.849005093332,24277.948532986662,25072.854628933335,24307.414638773334,24530.576022880003,23378.510174613333,22901.517741013336,23073.838179093334,22143.179541333335,21945.439497066665,21006.14783352,20876.913162346664,21057.915367413334,20336.930266426665,20328.268690746667,20565.140422506665,20407.75351544,20260.781552266668,20245.80364344,20800.43602914667,20395.385542453336,20159.517553439997,19848.132253599997,20361.284871013337,21055.995344533334,21555.107854240003,21290.363071306667,20541.141003546665,20476.216085173335,20433.857192186664,21104.014325013337,21212.101699893334,21436.715712133337,22126.307014666665,22030.960149706665,22237.799837706665,24143.181391706665,24983.68450285333,24232.346886293333,24330.515417173337,24255.61895344,25201.973809013336,25772.015025279998,25444.6014244,25690.161231573333,26528.850344613336,25290.597556133336,26821.055216933335,26896.644291786666,26816.625294240002,26168.26766136,26412.347539119997,27409.513551333337,27882.593162746667,28470.242679706666,29465.698005439997,28699.737225626668,29328.07544594667,29736.3581408,30988.304447439998,33602.42277328,32975.917328933334,33323.7126868,33537.84585989333,34191.75763450667,34704.85435351999,34579.81976349333,35091.55059072,35993.24644850667,36444.42569192,38450.80119448,38897.47205184,41499.757413839994,42163.55868157333,42339.16065917333,42547.05271328,43036.88440805333,43425.89974266667,44432.158066853335,45927.68681821333,47803.69380221333,47820.31302730667,48366.711249253334,50659.09833181333,51450.35789709333,51420.078956506666,50488.08538354667,53012.27387832,53383.54713917333,53871.147600426666,51286.897929466664,52564.79355645333,52480.946071973325,53343.74509613333,53706.43167808,53989.70738562667,54293.95554034667,54415.86680922667,53714.864714480005,53718.06864672,53506.95026242667,52762.90701274667,53375.762738080004,52157.080185893334,52556.71461232,51866.05740994667,52921.580255893336,51078.68390445333,53096.40838949333,52787.55290509333,54406.23548762667,54365.18856954667,54309.39165162667,54244.47992066667,54801.15043,54485.83578301333,56030.33419874666,53912.10038061334,53668.60551133333,53646.87111845333,53667.68895037333,55006.04622773333,54165.79817533333,54530.67759528,53150.583556506666,53737.20708751999,53716.634792506666,53214.89530365333,52769.776688239996,52254.487866213334,52000.941550933334,52167.537677199995,53172.4193292,50726.28915458667,53425.818140933334,51776.170477839994,54218.47940456,53358.22399984,53336.42719554667,54375.497204106665,54732.77840648,54397.13045621333,59024.038401653335,53960.911112,57334.58063906666,54074.87244533333,58090.99208309334,57029.951160293334,57721.97162024,57454.25398925333,56838.86500813333,57776.14787666666,59223.6511472,57698.13992797334,56738.07997490667,55357.93924565333,57651.84427354666,57227.979871066666,57077.932268213335,56161.655088106665,55506.79920858667,56234.92781941333,57250.69714469333,55944.51209058667,55334.04157741333,55095.132663573335,55041.86132482667,55296.942355973326,54846.737437626674,56284.78390914667,54970.49942781333,54219.01806328,54400.470745973325,52615.22126936,54757.82567765333,53971.360141519996,53064.83572136,52795.40927701333,51144.44123426667,51174.63554632,50578.018076160006,50832.592004,50591.94282237333,50012.94624672,50533.814356133335,50507.15732978666,51406.3989344,51444.0735872,54579.37228322667,51792.938230533335,53002.083741493334],