{"message":"Aggregated IX data for Sydney IX","data":{"nServiceId":null,"width":237,"jServiceId":null,"start":1473358500000,"end":1473429300000,"name":"Sydney IX","in_octets":[],"out_octets":[],"in_bps":[18129.241368080002,22475.92235568,19438.230817706666,20114.694547066665,21094.69310728,21349.89346672,21244.607480799998,21069.037314826663,23719.250508853333,23084.41101816,22497.97715314667,23429.152037386666,22908.706223333334,22492.438709546666,22172.119675626665,22922.19288632,23246.821948080003,25327.739542400002,23203.20553112,22219.134744266667,21794.758426106666,22207.15357794667,21987.865254586664,21921.73146864,24419.343238746667,24649.25299744,22580.596784853333,22796.30460688,23107.433786746667,24230.995681413333,27146.638319066667,26156.23119453333,25743.105440720003,26281.24780888,26076.02219544,26230.101082853333,26706.816671520002,31172.56214224,27388.721539733335,28023.319179333335,28923.43451874667,29717.809379439997,30199.178927173332,30556.81177912,32552.627820373335,33780.13601976,33187.01027994667,33539.84619402667,34393.2839648,34690.20368088,33582.04761536,34754.93552517333,36205.76594888,37617.72215381333,36525.109329466664,36525.52931832,38133.09084213333,38834.55779072,38858.31189010667,40798.69242301333,40821.12324994667,40813.91059957333,41959.48423,41551.465958559995,40951.14864381333,40064.112923040004,40512.57856970667,39934.61494354667,39369.79485408,39816.639508186665,41444.47668157333,41815.713701040004,40871.29702994667,41474.23783098667,41340.24378245333,40829.90348922667,41530.72806816,42961.53976018667,40122.14351458667,40291.33066333333,40078.97578090667,40263.70668290667,41290.405458826666,40818.088158293336,41217.200621120006,42617.55409605333,41298.04214944,43198.49849576,44788.78218984,42004.57737554667,41227.16512288,40322.15484482667,42317.7794508,40960.64367552,41072.362046613336,41440.86025848,41805.16987765333,41559.689613919996,42716.38686709333,42894.689324959996,42218.64430872,42408.25811245333,41665.59952570667,40702.04487429334,41246.738408720004,39304.72651096,40995.89896002667,40415.67991610667,42552.33233912,42205.72658469333,40359.04630432,41396.30497037333,42186.39752576,42611.20568472,44031.48695554667,42953.78977813333,45862.664966426666,45718.09438930667,44083.17799706667,44011.96200690667,44962.726101466666,45700.92527752,47360.82787624,45957.57020186667,48289.89158104,49201.76879064,48206.45392157333,48457.49148514667,47384.19377370666,45936.53620077333,46061.979860160005,46420.89726493334,45058.182160480006,44544.67016293333,43775.50117682667,43271.58362432,43771.19161037333,44867.60502304,46375.887679466665,46194.1223704,45899.419307146665,47180.56184616,47096.25535136,46234.67197354667,46399.75555965333,46962.527282133335,47242.05211525333,47923.657898933336,46858.79038266667,46598.578849973324,45926.44211368,46694.05388578667,46510.73779786667,46127.76131272,45916.71973245333,45308.677476853336,45092.91213104,44544.605759386664,43130.06123994667,42861.23331170667,42522.76347354667,44323.13621530667,43480.49875002667,43375.349697440004,42745.778724480006,43108.679528559995,43106.6238508,42249.10194157333,42075.75244722667,42711.18270170667,44237.499857706665,43205.61407973333,43323.231844400005,43275.90989088,45292.55667442667,43726.454764773334,43714.539263599996,43508.2046636,43213.58391904,43208.63929426667,43430.93310738666,43381.90945690667,45273.287334613335,46002.06593570666,42646.446490853334,43265.7957156,43440.77201728,42411.142629279995,42291.78781528,43274.707074160004,43759.008878186665,44557.55858613333,43276.37409562667,43251.67412922667,43433.92418853333,44358.69494845333,44238.454110746665,44651.633057893334,43977.25572864,44546.117346826664,42919.693200186666,44026.231662160004,43388.30214578666,43240.270390720005,45586.35352082667,43207.6819852,42137.18847573333,41798.66824826667,41955.58307482667,41259.479323973326,41047.441088800006,40453.80086901333,41333.02064784,41039.36003266667,39827.450929813334,39633.68705272,38529.532236160005,38453.22769152,37488.74374218667,37878.023172533336,37325.85735677333,37447.23378386667,38143.13119426667,38452.661975120005,37057.9757944,36032.16076528,36029.23708794667,35612.951043546665,35445.79685712,34667.772136533335,33697.39140002667,33915.75944984,36764.04761317333,33240.92478605333,32401.64629488,32397.31850861333,31521.322902773332],