{"message":"Aggregated IX data for Sydney IX","data":{"nServiceId":null,"width":191,"jServiceId":null,"start":1478815500000,"end":1478872500000,"name":"Sydney IX","in_octets":[],"out_octets":[],"in_bps":[39906.72048242667,38886.869359066666,39387.778051199995,38277.665757493334,39538.02768664,39536.24047216,42577.54204994667,39561.049240826665,39981.92369008,40353.698486,39794.884990746665,39061.27129405333,41429.55983829334,40843.19183410666,40937.51900485333,43142.58977002667,41060.4571756,40487.08912413333,39866.06649973333,39489.0859588,38802.69760312,38894.33973101333,38355.67160130667,39788.15173914667,40781.893351973325,39130.21865389333,38871.38643048,40203.208355786664,41246.4830896,40779.45499749333,41293.835823760004,41275.347107706664,41623.986650533334,42407.05686776,43053.58244050667,42886.655835973324,43077.587667839995,43429.85124528,42226.26698408,43262.43228050667,44163.56950605333,44085.380529760005,43611.6157508,44547.75687914667,44821.53297410667,44702.14702328,43679.96439496,44201.1877428,43544.447911706666,44274.75200048,42285.36559994667,43020.38396072,43159.224158,42856.91717605333,42852.58710282667,44678.578504879995,44033.313175493335,44791.28017245333,45169.676446720005,45156.795274480006,44706.47416418667,45754.8482088,46988.14756781333,46880.70858837333,47746.988726426665,47880.993852160005,47771.07114498667,46864.89734949333,46566.14786141333,46378.23609664,46303.65557885333,46329.57007906667,46618.08718074667,45331.3812608,45588.94532229334,44694.36608733333,44404.00904472,42290.602224559996,43213.622453493335,43149.684318613334,41927.030461120004,42623.08186728,42799.30687168,42718.32693949333,43541.797299573336,43122.70460053333,43396.45764074667,42966.009774239996,42237.68214938667,42267.63725176,43288.494797813335,44331.19900629333,44776.38743509333,44566.06688778667,44397.74529218667,44010.932393066665,43296.77357608,42432.40177053333,44135.1074844,42730.445157066664,43934.04339688,43286.8332868,43617.974193199996,43498.776038933334,43751.35594296,43352.256141226666,43353.36574581333,42828.22390666667,41193.93495802667,42111.34459781333,41880.526969333325,41583.0798352,42179.366285573335,41593.200218239996,40928.42841194667,42639.37280605333,41650.13408128,42865.917758,42810.38912437333,42059.79787202667,41161.52460264,42027.86729645333,42970.80164528,42934.2878136,41563.57629330667,43026.64647568,42354.12387445333,42259.143105013325,42389.45108432,43022.9010364,42963.39342048,43241.49516224,43456.10568586667,43938.27660709333,43199.6098196,42850.82976341333,42538.958306826666,42518.51082768,42073.154949066666,43058.09737789333,43013.361018,43408.55592314667,43106.42170573333,43667.23669357334,43522.303649066664,44037.162529546666,42724.65697282667,41791.15995357333,41974.8683056,42100.13120650667,43176.927906720004,42056.16722645333,40982.05032768,41657.529154293334,41552.62488642667,40901.180169440006,41944.86196309333,42169.603336026674,42662.07036968,41596.88674904,41266.73602936,41281.884731440005,40957.165457146664,41676.569002986675,40948.444100826666,38568.98074773333,39180.332303066665,39487.68952141333,39879.19927933333,38854.77638034667,38905.62853224,37751.72491949333,37743.90793946667,37352.693431893334,38378.651280879996,34335.61348658667,34016.7025324,33796.66076293333,33570.07910941333,32345.91271330667,34500.54613490667,31565.299596,31514.72833152,30594.34134341333,30490.42322757333,29992.311693599997,29711.70392642667,28238.856944773335,29875.73709234667,28752.554960453333,26675.268309066665],"out_bps":[39755.54966282667,38614.249756239995,38927.58750189334,38131.04403570666,39213.603259626674,38143.75818013333,42033.28526589333,39100.446704613336,39215.68770104,39713.25774464,39032.49639930667,38758.94988138667,40847.5877636,40242.36746008,40211.60559021333,43147.10051026667,39593.32050181333,40332.45235821333,39749.73585893333,39073.96939290667,38363.24215066667,38215.02336864,38332.77032992,39357.49612514667,40745.05161445333,38770.263598213336,38471.58453013333,40042.52446624,40545.31861293333,39919.943584533336,40406.763607839996,40947.102179120004,41484.89764562667,42407.19670493333,42580.16499890667,42411.92270544,42770.90559234667,42824.20076141333,41573.104693706664,42565.220819493334,43357.10296141333,43914.66881141333,43496.60747069333,44162.08444266667,44673.519402800004,44765.118292959996,42940.88982061334,43479.83342933333,42782.29589813333,43743.68670994667,42293.95135405333,42467.23872594667,42737.20688322667,42359.74630304,42490.84325744,44439.75405658667,43929.80637026667,44309.06694245333,45222.545880933336,44996.19800885333,44500.53254698667,45429.98128309333,47014.209974213336,46875.290953066666,47228.62558002667,47599.61801869333,47390.93591789333,46388.65385122667,46548.70780928,46221.77202528,45958.987792559994,45619.408695440005,46220.63226914667,45035.745058186665,44955.85830544,43938.068237466665,43952.40228706667,42116.80874194667,42621.614433279996,43118.57489952,41471.082933226666,42363.169839706665,42716.02727162667,42258.93345829334,43193.87815736,43055.311542213334,43028.025747306674,42299.729453893335,42231.191671173336,42118.47367141333,42420.70693149333,43848.2083736,44198.32585224,44076.49838058667,44309.90308245333,43324.25203885333,42850.79084696,42064.181672293336,43463.63259477333,42355.08451373333,43476.55071306667,42563.11251634667,43200.00434834667,43192.43180061333,43626.563938,43290.30353317333,43245.74860968,42548.70886442667,40777.494463279996,42105.30062437333,41904.118864,41068.229056426666,41664.37109269333,41383.23952522667,40499.07516645333,42261.209476426666,40951.71875322667,42521.71919141333,42782.28828733333,41927.683805893335,40972.89095682667,41634.475696613335,42587.83210530667,42804.98149421333,41480.21566874666,43146.29228104,42111.78540962667,41813.05858128,42178.91231109333,42689.69274162667,43204.2292276,42865.701101599996,42998.75373504,43614.17412672,42640.179571466666,42332.92593962667,42098.70635109333,42452.42262304,41694.31464106667,42454.60568824,42711.7171888,43277.30577632,42861.98044477333,43423.78619576,43078.54341565333,43721.67164208,42428.28288104,41536.21312224,41791.00869173333,41654.69589842667,42953.27642781333,41684.46213245333,40408.26527525333,41279.76675341333,41335.86720525334,40793.05099064,41453.57764256,41683.62607688,42424.06363578667,41425.10707490667,40949.50666072,40822.259751226666,40548.71232565333,41348.28879688,40432.52674989333,38206.016595040004,38975.59166341333,39220.47396354667,39496.02402506667,38165.846889839995,38442.09644794667,37511.46099872,37363.1539748,37195.53323186667,37953.90431429334,34091.55228221333,34199.32816384,33998.96194690667,33505.78299514667,31912.30688784,34385.75831709333,31243.16335224,31326.089260880002,30428.950155040002,30314.857546106672,29766.90312504,29512.18664688,28102.799933653336,29848.629745626666,28717.491021493337,26621.71262344],"in_packets":[],"out_packets":[],"in_errors":[],"out_errors":[]}}