{"message":"Aggregated IX data for Sydney IX","data":{"nServiceId":null,"width":287,"jServiceId":null,"start":1475539500000,"end":1475625300000,"name":"Sydney IX","in_octets":[],"out_octets":[],"in_bps":[41150.67167464,39779.76860261334,40678.13609098667,41807.4607204,42177.22398336,40917.24225405333,41877.07718096,42222.53424432,41844.00380917333,42501.201995013325,41252.31894258667,43119.861346080004,43712.645510613336,43501.32253885333,43633.50378336,41577.30062946667,42795.162267386666,42596.59321688,43091.76315936,42494.23370202667,43158.096133839994,42688.534435760004,42711.08143805333,43609.0909004,43520.11850237333,43140.91093354667,43456.58197821333,42224.81702245333,43135.52724533333,44879.04149069333,44466.25566528,46232.60068616,45839.26678752,43985.924915519994,45640.3431956,47132.8546632,47391.12909024,46708.23485048,46553.152233919995,46273.33593629333,45589.49882882667,47743.84251954667,45847.747898186666,45070.03685154667,43972.190964559995,44426.670329253335,43824.89747362667,42328.81222144,44326.503756293336,44014.64632341333,44395.993938,44238.06077805333,43839.254223146665,43207.66717866667,43107.73310194667,43617.254023546666,43036.40587810666,42989.26379365333,43546.19777314667,42940.72205018667,43137.03801226667,42037.52823365333,42206.55513210667,42568.41072530667,42135.063065760005,43142.20039557333,41578.00611096,43306.59704109333,42902.619423519995,42815.7291796,42603.68240994667,42612.061207946674,43217.21954536,42758.247000879994,42824.55140504,42515.91592845333,44506.677289386666,43577.17619250667,42403.043504,43105.54833890667,43019.83135466667,43435.24701506666,42261.954851279996,42665.135694506665,41893.1300904,41865.34921469333,41833.056026239996,41782.43100685333,41164.54815381333,41966.53611128,41336.466537839995,41572.58649173333,41378.884855519995,41700.625841253335,42026.15587021333,41891.298046480006,41998.41823949333,41727.37389576,41171.77099016,41623.069548666674,41748.55186989333,42299.890481279996,41496.538027493334,41668.751469066665,41464.91432706667,41407.07007490667,40479.39639341333,40643.00338410667,44037.275757146665,43659.797864800006,42377.16037488,40493.26659568,40389.39695469333,41249.52086672,40225.50629530667,41122.63845768,41419.092855493334,41156.58019896,40351.52317845333,40663.151062853336,41239.179253199996,40829.66878674667,39768.50161448,40543.50186277333,40254.472405893335,40758.31610149333,40928.920274346674,40498.04893986667,40057.84254832,40122.69735098667,40203.871006559995,39595.46656624,39521.95179925334,38155.61941021333,38477.85773253333,39032.61093989333,38788.00940794667,38357.71525181333,38652.347285493335,38222.67873229334,37696.84572829334,37383.114231813335,37601.36916445333,36265.07348024,36448.25253106667,35980.003933306674,34748.23440322667,34007.12061536,33465.66180482667,33243.76113312,32527.69276570667,31378.50323088,31275.5872048,30904.87587458667,29646.77115165333,30165.12477722667,31888.36130522667,30682.792116666667,30145.66984874667,28811.28454248,28413.47335408,27331.066388053332,27056.45036048,26762.600303919997,26694.674971013337,25851.000488613336,25307.30225269333,25156.241375493337,24940.764852400003,23390.11185272,23901.72272512,23353.042254613334,22897.67472421333,21474.54312168,22277.886374453334,21540.220670186663,20928.65058994667,19760.724740453334,19133.598502560002,18794.63749728,20059.38915264,19852.45105968,21061.155355146668,20777.960406613336,20256.27596968,19940.042885226667,21322.146900080003,21070.538348293336,19444.599155066666,17926.874711279997,17169.077892186666,16745.906362826667,17099.426896933335,16796.810800613333,16796.778288293335,15849.192872053336,14841.721574719999,15642.613693333335,15920.67301,15784.579493173334,15718.561969333334,15240.542059466665,16220.199100693335,15357.663632746666,17047.84446608,17181.602599439997,17537.989426826665,17526.34823608,16813.234177386665,16182.553369946665,16303.158069546666,16655.123753706666,16982.586159226666,16768.761547973336,16611.57045608,16679.899767173334,17818.693003946668,17912.375836720003,18357.695312746666,18305.158235306666,19050.072946426666,18819.108952613336,18825.38604536,18343.937206533334,18253.815934,18528.650493893332,18727.313591173337,19107.709866453333,18557.541646453334,18834.641998453335,18396.495554533332,18546.576575173334,18297.166155066665,19711.691961466666,18585.643399466666,19083.16501824,19867.457205413335,19316.39030032,20395.137307466666,21027.872402240002,22599.1889524,23458.7909608,22713.16640037333,22498.116736613334,23835.327886373332,23138.42881288,24504.36352848,24852.621439093335,24463.772190053332,25304.252126720003,27286.47823168,27719.105498906665,29830.20527589333,29930.73085757333,30426.275103333333,31406.89643024,32282.164914693334,33158.0331784,33899.36500058667,34265.558419333334,33976.78150413333,33944.13290189333,34615.26307408,36521.91056330667,37229.341021173335,37668.7107632,38249.144804879994,39845.205788,39341.50247349333,39020.66437592,40255.96075234667,38960.831246480004,41152.176126,40814.909596720005,41378.199544639996,39916.58919154667,41158.45180912,41525.056529066664,41690.02048224,41882.07281869333,42525.465431146666,42291.889386639996,42389.60311864,41108.61459562667,42222.14457592,42213.96692029334,43093.88703506666],