{"message":"Aggregated IX data for Sydney IX","data":{"nServiceId":null,"width":287,"jServiceId":null,"start":1504569900000,"end":1504655700000,"name":"Sydney IX","in_octets":[],"out_octets":[],"in_bps":[56815.162233146664,57572.27779434667,56629.86649466667,55764.80397672,55457.98502837333,55560.71859237333,55457.90179344,54493.51230005333,54755.17531154667,54372.169113066666,54358.567048239995,54123.48557928,56035.127806213335,56229.32424728,56843.11634181333,57506.11103896,58411.23543808,58191.49116245334,58411.89415677334,59475.13274885334,59072.64516736,58744.33081168,59557.84964221334,58954.40052869334,59521.03896738667,59614.81954002666,60321.4849856,59889.349766800005,60735.00016813334,60113.254584053335,59582.68463946666,58602.59464618666,59251.230418800005,58012.70032618666,58404.04755136,57249.1228624,56893.12626658667,57968.18504597333,58747.73758992,57554.852227626674,55893.22119501333,57001.78082421333,56703.74357421333,57309.96753058667,58010.61514568,57460.73203037333,57836.136201333335,59076.73722450666,59368.88357664,59327.95880930666,59557.829182426656,60101.00606322666,60287.22030901333,60312.25516258666,60928.345042986664,61543.69148661334,61224.85836789334,60373.79541192,60976.11613050666,60456.20881216,59938.70921650666,59546.75153536,57197.064882800005,57029.32991472,56625.902546933336,56685.232767199996,55026.286733199995,56347.13969176,56426.11557136,56499.67777256,55962.119977706665,57668.94451725333,59773.42021314666,58960.38144541334,59768.54060496,58009.8671844,58481.8099984,58849.3354028,58833.70420221334,58409.43009634667,58160.3673256,57956.81842514666,59147.30764930666,57407.92960466667,57206.692388933334,58041.1186664,55975.1983892,55796.02532368,55998.00945568,54137.65575306667,54054.78758664,54822.03495632,53840.808051173335,53745.7281224,53268.61216090667,52699.92034693334,54425.754266506665,54082.39925066667,53654.68781936,54143.75240877333,52973.44606208,53115.513500533336,52729.071504533335,53382.96972437333,52051.91593461333,52696.85993114667,53172.86329474667,52924.69402496,53787.004762293334,54136.90343808,53069.837378293334,53565.358281253335,53195.63124570667,53274.621161626674,52937.49346677333,52417.711767199995,53094.80116224,54336.38218936,54958.50216325333,54751.718561706664,54328.12063253333,55031.317829306674,54340.28007130667,53978.18800856,54702.043182613335,54604.12065333333,54018.429966426665,53094.794234186666,52701.182108026675,52666.75080072,53222.01245458667,52076.93782757333,54115.63423786667,53647.241971653326,53882.74276666667,53396.462792293336,53347.839353120005,53124.04560536,52183.43398536,52775.423857653324,52172.08962722667,51517.943263839996,51910.24101864,51753.57506866667,52133.38561994667,51772.03188773333,51323.245704053326,51142.27112101333,50766.388713839995,51142.944281146665,51799.75136610667,49497.65817602667,48840.310234,49656.60929096,49087.007824613334,47793.2868276,48434.84585554667,47841.585455306675,45551.53932018667,46466.70088189333,46021.11954162667,44316.80041181333,45645.55276250667,43873.27435605333,42285.87529672,41194.99771309333,40335.86579805333,40389.1889272,40955.26407477333,41101.39924125333,41053.96834653334,40611.543938133334,41440.912787919995,41892.72470904,40250.90452730667,38876.40854125333,36847.310570480004,37106.03471741333,36846.95589218667,36395.14340488,38671.65228816,38611.19110274666,35507.63979144,34522.9904784,35062.49239808,34515.76374962667,34871.414857493335,34432.98759389333,33052.23388714667,33281.84555874667,33656.35920034667,32456.20511597333,35740.241036160005,35007.74159714667,35661.90344477333,35713.79824106667,35131.037086853335,34865.98148410667,34333.78604752,35724.08058461334,32765.48509928,33440.971067306666,35789.40450677333,37532.40300562667,38766.54526866667,36989.63833930667,31179.772197626666,31464.202766533333,31998.591054,30818.10384264,31332.525171706668,30756.27819594667,31445.87505621333,31774.29404602667,29727.06147058667,29015.73940658667,31527.73488362667,31258.25176250667,31510.13714306667,31308.577753386668,31889.85395477333,29744.84329029333,31303.09485653333,30653.01831178667,29253.712796453332,29102.73735677333,31303.5475948,32040.91477461333,31238.78082173333,29728.71329701333,30396.15424594667,30637.34220450667,31241.085408986666,30995.52467869333,31592.99999658667,31157.49049981333,30915.0138528,29874.322597119997,29915.72844642667,30134.65147437333,30899.987360506668,32029.382671599997,31692.522273759998,33559.30249768,32779.74758768,34228.10739704,33720.53729168,34206.127592373334,35633.83990424,37369.680922160005,37854.65270056,37949.660104133334,37241.92453266667,37346.90391453333,38508.64733669333,39371.27985717333,39137.47431693334,38639.69269066667,38269.32598157333,38834.701611360004,37933.63328408,38484.2651548,38830.60996013333,39652.7967056,43063.93349712,44026.081768853335,43400.59959085333,43391.48805264,44977.38807157333,46301.89921517333,46732.23595874666,47745.78276992,47942.6431416,50493.82447896,52033.87435762667,51659.264394800004,51675.33973357333,52442.22737504,53638.87425917333,53541.759478693326,54369.98132370666,52765.93288416001,56079.429643013325,54772.96634021333,56943.09614101333,55762.65257162667,55157.493338613334],