{"message":"Aggregated IX data for Sydney IX","data":{"nServiceId":null,"width":288,"jServiceId":null,"start":1480824300000,"end":1480910400000,"name":"Sydney IX","in_octets":[],"out_octets":[],"in_bps":[39798.64761837333,40109.62781378667,39555.07283621333,39222.3259512,40353.23266005333,40333.81105218667,39332.41335296,40498.82497781333,40593.57630853333,40016.72847053333,39555.67487037333,39812.02973906667,39254.98913064,40022.99868997333,40239.84278626667,39927.11960104,39736.32488397333,40088.792917813334,39616.20211250667,38557.60365048001,38895.82927890667,38676.07217893333,39377.91544010667,39086.65339448,39473.09062541333,40697.838869813335,40400.188902906666,39221.5016648,39199.702488639996,38841.992016506665,39996.75917184,39087.86948610667,40630.46937119999,39492.44162501333,39175.36318981333,39401.620628986675,38509.85881765333,39403.1573708,40625.88115696,41245.15008018667,39583.62462576,39908.68423450667,39074.471304959996,39240.58933581333,40241.42722424,40252.215551546666,40532.68620218667,39909.203206080005,40425.27662005333,39545.51832872,39995.739682800006,39837.64230488,40340.22415194667,41906.02461024,41613.628889253334,42453.296222,43344.90762946667,41530.18659098667,40620.248765573335,41221.38744205333,42354.57138288,41792.48095701333,41242.24070098667,41451.10289453333,42162.42117730667,40681.439402853335,40366.79180746667,40821.68103378667,40877.543612400004,39911.91564552,39991.881165813335,40052.258034,39739.3081576,39343.537346293335,37933.94218770666,38241.08281181333,37549.94309509333,38945.62200632,38890.97663602667,38888.33133792,38124.31599568,39578.308094559994,38403.031701173335,38381.40227677333,38426.262207386666,37543.51308194667,37792.85093922667,37677.81183104,38176.406925519994,37664.037804666674,36723.577141120004,36275.52787336,36227.917430773334,35460.536571360004,34539.35462706666,33738.93736162667,33029.72656024,32817.25790821333,31601.739207306666,31928.89661389333,30741.892488533333,30425.32596106667,30237.85313645333,29441.394139599997,28755.8677616,28592.113080373332,28392.434245786666,27772.274349040003,28070.373134586665,27214.629450346663,28087.537217226665,27877.204963333337,26073.071371573333,26057.508078426665,26751.026640773336,25993.42349304,26600.923622213333,24670.972084560002,24553.531387146668,22894.316099066666,22849.648628693332,22887.21267744,23376.31838368,23778.138489733334,21335.545329200002,20784.76155584,21124.113737386666,20347.37640888,21151.82085946667,20079.8484336,22788.36544112,20258.778623439997,21793.7596476,21449.58482816,20086.79670728,19175.638154906665,18656.425026053334,16915.27970304,17265.868561146668,16602.169418826667,16487.772713706665,15871.02559992,17543.26343448,17559.73849264,16155.30996472,16253.5274372,17077.081124266668,17067.15894376,17260.36202048,17106.001091626666,16919.354404826667,16535.537338533333,16633.664211573334,16529.450938373335,15777.834455306665,15846.37830208,15374.239042293335,14415.116324906667,14430.17866128,14778.57685152,14602.096471840001,14608.353320933335,16997.696446053335,17540.383517733335,16177.904414293334,16128.440395066666,16150.117069306665,16152.811666506666,16198.839642213336,16206.460649093335,16225.498159013334,16137.97988952,16264.96603168,16617.61310112,17405.6552216,17649.592916,20009.821654346666,18669.849802026663,16792.105137306666,17431.238583973336,18696.805855066665,18418.754775706664,18981.098533333337,18887.25363784,18500.417140666665,18889.667207413335,22300.67326837333,20652.092993866663,19581.74441752,20436.261226986662,21829.564111013337,22137.087940639998,22765.818089013337,22836.436665386664,24230.64217032,24165.211190346665,25155.459674506663,25936.098961919997,26180.095574453335,26081.797156293334,26436.812612373335,26638.131454933333,29478.09470941333,28606.37233346667,28409.87779648,29030.21678866667,29833.012762853334,30228.945761546667,31069.067364,32403.27145536,33205.9348564,33186.54453304,36476.88363285333,36797.361403120005,36585.70322528,37570.9146644,38517.004627786664,39263.42029008,39433.76919538667,39518.62057234667,39639.91945245333,40140.878206026675,40328.27062976,40939.90630461334,40745.13166432,41580.077800533334,41169.62583117333,41975.4143892,41928.43678573333,42046.53840848,42488.776070613334,41952.41078741333,42579.47205008,45211.84294277333,39860.24777426667,42419.36688381333,42275.69832304,42486.89867472,39865.6140308,40265.02987306667,42130.23381162667,41105.530139760005,43040.47498917333,43045.067144186665,42057.14552064,43980.55400248001,43844.03836946667,45704.85049536,44373.41294624,43781.48580746667,43867.46723794667,43590.36848488,43947.55085989333,44613.40164957333,43853.69041269333,42799.43796133333,44282.84723362667,43792.19209064,44350.68810149333,42549.53728768,44040.47986344,44278.88213605333,43853.34339472,41597.18108842667,42527.13471445333,42520.915715066665,44115.154020400005,43906.62830165333,41728.78104325334,42371.585412,43257.67790066667,42960.3257056,43928.17381816,44121.25494141333,44389.24071328,44354.92756541333,45514.20476418667,45731.118403306675,44461.70512864,44864.826916080005,45229.29634509333,43369.38635802667,43535.38231434667,42348.17573053333,42616.51494482667,43533.433577626674,43812.43224277333,44744.91326445333],