{"message":"Aggregated IX data for Sydney IX","data":{"nServiceId":null,"width":285,"jServiceId":null,"start":1493683500000,"end":1493769300000,"name":"Sydney IX","in_octets":[],"out_octets":[],"in_bps":[41887.651377120004,43012.99154698667,44307.034806,40937.382176160005,41788.10794138667,42437.74283210667,41591.3503644,40593.17276351999,40649.2624268,39803.464247493335,40273.84544786667,39710.93913786667,40322.5622616,41279.76347458667,42596.44113951999,40660.008433013325,41663.29308805333,42225.707355386665,42882.08616386667,44033.1669624,43373.148547573335,44395.252106800006,43627.63482944,43741.68254845333,43820.56763773333,44306.673009973325,43753.79895413333,44162.04842821333,45361.81988906667,43864.52981346667,45258.70145522667,44064.93288568,45102.21328885333,43901.425009973325,45285.31504992,42565.888414533336,42966.79543013333,44389.41454005333,43415.04929336,43525.739328853335,43450.08386288,43209.4099104,44138.60905493333,44475.22699605333,45527.03084690667,45805.45042472,45502.09919330667,46297.32110181333,47255.82347482667,47034.70187248,46383.41263866667,48378.58143234667,47144.89383930667,47066.97015666667,47289.58354821333,47057.36896669333,46903.957389519994,47105.36543109333,47077.976826800004,46203.329986879995,46065.347063199995,46649.32566397333,44807.31474317333,46066.82697848001,45845.29098336,44903.002753839995,45539.79371888,45853.63445085333,45970.34998426667,46265.50632488,45328.541036480005,47680.11596762667,46709.43841213333,47961.06504354667,48176.14524650667,47694.2385336,47668.35187786667,49153.67900714667,47717.52965285333,47377.842627386664,48344.27012725333,46073.28133429334,48504.11413226667,46214.60696032,46173.74807250667,44629.317341199996,45248.61470557333,45574.46139997333,42703.735908426665,42209.012453626674,43703.45860624,0.0,41756.62456546666,42728.70641605333,42655.41094229333,42996.61826122667,42159.22810352,42460.71631669333,43518.301486933335,45527.89651226667,42504.9882728,44063.31908186667,43493.33732882667,45970.35449834667,42878.62280525333,44324.27061861334,46494.79220125333,46116.85416490667,45520.50277728,45962.567925573334,46784.20406898667,46511.54205338666,46811.22921896,46158.467646293335,49071.93933032,46157.76476810667,48032.19165386667,47117.57340728,49390.092284800005,47387.0862604,47754.60850344,47055.04293656,47745.66767906667,47841.74250573333,47916.206413466665,47644.80549296,47281.26086898667,47992.42715749333,46731.45227133333,47497.58779986667,48284.328986053326,47192.09453072,47423.08960762667,46805.88497437333,47365.09751493333,45954.99513594667,44920.13425533333,45184.72290458667,44126.006593386664,44649.67869928,45768.21788621333,44951.77425192,44190.95118264,42627.5608528,42323.433795146666,40706.86772917333,40351.76433778667,40305.881330933335,39967.84373234667,40325.070406800005,38869.573651333325,39495.02373309333,38002.601815919996,36319.808909333326,37163.32610021334,35808.80894917333,35617.55029506666,35003.20269312,33383.76743461333,32566.0987632,31855.31408754667,30667.21573728,31013.70255432,31403.506992240003,29085.04604141333,30752.64413850667,32369.00376309333,29382.862695653334,28726.125125013335,27910.7749356,28205.455021706664,27458.998594773333,26740.90175936,26418.19870768,26298.553039546667,25112.385756080002,25713.480755866665,24967.911542826663,25609.092891226665,24187.59482464,23611.805079146667,23059.178691546666,23405.297331626665,21992.29565352,21938.09159669333,21784.279212853333,21208.72220816,20415.226228,20486.065393200002,19672.044235413334,21776.748625919998,20673.017466240002,21199.105811173336,20206.68501848,21455.519322746666,20218.018515493335,20297.093555919997,20017.580390373332,20016.484280133336,19324.928770053335,19464.508324053335,19527.365861146667,20034.280358293334,20093.148664666664,21244.189801546665,20100.759264453336,19486.152753093334,20315.125057573332,21961.891303546665,20498.69198856,19878.159554426667,19893.542250346665,20849.063043173337,20404.26537752,22627.01910208,21356.316347013337,20569.53585824,20678.14513968,20022.671304933334,19690.24258872,19999.58907168,19363.24643669333,19554.34575784,19001.098410906667,19721.8157232,19645.84717944,20635.483451173335,20434.807247813336,21068.297985653335,20881.618063386664,20704.965719599997,19895.125797973335,20026.223086986665,19908.562015306667,19962.295093066667,20509.091723893333,21355.87557968,21706.352019013335,22005.9522012,21625.37262205333,21756.529922026664,22282.731134373334,21988.25445616,22994.93597336,23676.691674613336,23021.99354136,22955.689781813337,23085.486539733334,24455.152753119997,24600.274364266665,25652.976952986664,25013.30107824,25976.883208533334,25705.19398810667,27192.2056728,26352.281856053334,27757.546470586665,28611.13518072,28886.196534053328,29264.61375952,29518.118320026668,30591.10997522667,33129.27721858667,33014.88560837333,33945.14621690667,34210.72985832,34219.06487317333,34804.99478354667,37303.40493776,37607.90314749333,37416.05821208,39750.01079802667,39788.93283165333,40146.94561792,42055.67982773333,43061.01215402667,43025.96345045333,42913.265698639996,43947.31044117333,44627.24382077333,44466.83457394667,44725.12541496,44467.698332666674,45899.65627088,44308.31563298667],