{"message":"Aggregated IX data for Sydney IX","data":{"nServiceId":null,"width":215,"jServiceId":null,"start":1486152300000,"end":1486216500000,"name":"Sydney IX","in_octets":[],"out_octets":[],"in_bps":[20139.788776826663,20481.86651064,20430.971914266665,21035.80573136,20940.097828613336,20794.652278586665,21961.8058052,22632.944876453334,21901.086928933335,22997.201814666663,25961.414893706664,26349.078036026665,27922.730912053332,27958.3167092,28778.0068668,28358.74162688,29863.498458506667,31218.35993402667,31727.601732400002,32462.42962986667,33676.03634184,32568.802514986666,32841.20652501333,34109.903607973334,36904.49241130667,35230.64886333333,35111.25853354667,35017.71291482667,36836.03412384,36281.1159152,37536.05641664,36013.807727199994,36713.028135040004,37149.75738584,38986.885046639996,38141.37348101333,36780.62749301333,37474.38305101333,36969.43505112,36239.5044704,37844.37393429333,37842.407881333325,39493.89096728,39136.844010186665,41347.41911021333,40069.61708192,38873.00679442666,39241.85162258667,39901.1310068,39619.558145626674,39403.30819392,40639.31353613333,40044.12674674667,41985.71899933333,39450.600554293334,40849.942230160006,40994.77236973333,42546.38820525334,43721.720504293335,44415.87114469333,44443.97728,44550.43092258667,43267.80668653333,41282.03959858667,42672.131192053326,41895.87331669333,44161.521854533334,42452.427521973324,43038.96346866667,43811.58922992,43211.21496626667,44579.46519885333,45972.311619386666,43777.201365760004,43589.749079919995,43462.411969466666,44452.643599626674,42887.402696720004,44153.088269333326,44637.514803519996,44845.28587458667,43760.59823757334,44330.99802205333,46248.01218752,45908.16370226667,45179.84889346667,44812.62042445333,44385.709426559995,44594.03789552,44914.43051872,45345.88424362667,47199.85606712,47311.96361141333,46476.55505333333,45297.465691386664,46833.59330301333,47001.99971405333,46390.484882239994,47612.08030336,47755.08652056,48730.98033821333,47940.28962909333,49308.702295519994,48367.42695832,47109.506736480005,47706.30441176,48050.97784426667,48755.56298802667,47178.70087794667,45149.62880032,47209.19446381333,48268.90509381333,47491.64565192,47958.92226066667,49233.79290664,48720.33298122667,48432.899495440004,48759.55117845333,47954.853980559994,47591.059456426665,48528.289841519996,45102.70249117333,44839.75613229333,46305.67386554667,44831.937884533334,46183.8717424,47127.34275122667,47543.78619893333,47835.250287760005,47498.83385626667,45691.72523776,46508.13388472,47304.86992813333,45314.33326637333,43623.01496466667,43964.53794317333,44756.63894666667,43459.73278952,44268.80611922667,44605.60469381333,44846.23898021333,45975.944160106665,46443.06710178667,48815.17832149333,47302.9123176,48673.16416029334,48164.97702082667,48172.035031466665,47751.488494879995,47745.66607432,47545.29001032,47063.49954184,48532.656439973325,49573.05609888,46975.29502568,47596.40832253333,45282.53604709333,46097.92801141333,45608.005916559996,45749.98446221333,46119.0410576,46063.204228133334,45194.06778501333,46684.78248754667,46646.97503024,46335.894985173334,45473.89575949333,46116.74098282667,47873.84573141333,47249.59329568,48542.36628464,48536.191863253334,48060.994549626674,48505.92978432,45495.70350650667,45749.30226762667,44573.470701440005,45633.383474133334,45853.673180800004,47157.6299068,46924.40521802667,46665.17826794667,47115.25320565333,47319.88364762667,43558.89222474667,44206.84073482667,43772.36851213333,44501.77368301333,44750.24876696,44093.80712837333,43113.73134386667,43581.12624514667,44256.35826344,43418.65508181333,43422.53578893333,42785.792258613335,43895.398423386665,44903.27088802667,44511.07957130667,42486.58675570667,42284.713238,40441.29262744,39159.61370613333,38951.07728434667,37531.17053805333,35796.17346112,35441.45008704,34848.95050301333,34744.54914458667,32718.62873749333,32173.565297493333,32951.49977504,32841.55042778667,32066.00300741333,32338.915142506667],"out_bps":[20271.507623973335,20481.166567226664,20478.11078248,21054.05539688,20974.11188021333,20684.0006928,21782.577839706664,22471.260408293336,21563.18415,23049.431089813337,25759.49997304,26194.02567368,27819.967742426667,27700.139041866663,28963.570938346667,28227.701949360002,29948.93194264,30850.0049908,31689.035099200002,32423.44214304,33694.57230682667,32124.28952941333,32613.955637040002,34097.10649242667,36586.4829912,34855.05840021333,34915.601845146666,34893.356625253335,36698.67183458667,36011.17663816,37465.6668532,35781.73167909333,36438.58990738667,36881.39282072,38724.76443016,38103.717064,36737.534154186666,37416.10969794667,36744.76087370666,36113.26675317333,37833.84808776,37802.49340242667,39075.364710906666,39049.50474210667,40812.60891616,39662.59049474666,38820.719986879994,38902.81300949333,39333.03903997333,39531.09622306666,39104.20929674667,40311.24853906666,40141.615751573336,41510.38019965333,39279.73349693333,40412.87151128,40861.99700832,42261.03360682667,43663.934806506666,43732.57669933333,44353.93414061333,44493.45701506666,43162.44840536,40868.20922514667,42325.997752639996,42034.44809154667,43588.46912546667,42356.60749789333,42947.479231440004,43702.49026032,43026.720786293336,44466.66315736,46081.03782786667,43538.78487008,43309.25771133333,43350.24187077333,44263.576573333325,42820.05781768,43804.32346733333,44457.23018986667,44752.03522501333,43601.47743864,44220.018391573336,45936.62076952,45874.655687386665,44618.63317168,44760.12856056,43973.23553864,44728.67367834667,45032.152092879995,44985.32183157333,46974.05056919999,47133.21538677333,46330.61895861333,44838.31435637333,46323.35286722667,47264.32257808,45837.74481258667,47518.712011519994,47211.75134970667,48515.814317786666,47704.69780936,48916.12202842667,48354.8722204,46936.036703519996,47348.021826933335,48013.57920338667,48613.92767192,46444.03924765333,44819.07965186667,47245.685978186666,47961.02428749333,47492.52134621333,47795.30695816001,49251.15629832,48886.473424213335,48243.28550986667,48499.83577376,47636.13574146666,47156.02912930667,48547.0638704,45106.227700480005,44768.447765519995,45916.659694480004,44993.72819896,45845.72245429333,47168.26706002667,47607.33718653333,47932.16921789333,46851.55134026667,46125.80217336,46134.72845194667,47480.65777098667,45522.267894879995,43469.41778296,43644.35262288,44279.76680184,43281.32364568,44134.08745730667,44908.16566594667,44327.47706941333,45913.020322293334,46605.51067872,48585.42533485333,47005.34882752,48649.91445165333,47759.86093096,48071.54741821333,47477.72793554667,47662.564925973325,47433.12976341333,46623.99549464,48483.28239424,49431.02371461334,46356.83605117333,47506.04804741333,44990.18802173333,45877.99508661334,45089.275441599995,45851.25602477333,45716.17149373333,45874.97811362667,45181.99819365333,46564.16017648,46542.201118346675,46183.612981226666,45274.80653138667,45861.35590066667,47628.09840496,47637.30257904,47928.31584181333,48439.23769586667,47930.78459264,48182.34100789333,45405.10530392,45496.34897885333,44768.23460786667,45390.17167117333,45773.51719512,46932.66443128,46922.71601416,46262.495550800006,46870.89713893333,46671.00679562667,43301.880829760004,44184.15692357333,43388.34085026667,44421.28017749333,44256.736516879995,43726.70841314667,43184.48298541333,43184.80433213333,44134.12414498667,43289.775332933335,43208.93195762667,42668.64002072,43647.787468480004,44675.455152026676,44137.680301839995,42439.10404285333,42292.541189653326,40301.08366722667,38802.51390082667,38650.64110698667,37321.31658413333,35539.05638826667,35595.73769842667,34767.817367493335,34576.67524666667,32607.32646397333,31924.06098384,32864.73948629333,32471.887983813333,32019.89756696,31958.02601514667],"in_packets":[],"out_packets":[],"in_errors":[],"out_errors":[]}}