{"message":"Aggregated IX data for Sydney IX","data":{"nServiceId":null,"width":284,"jServiceId":null,"start":1485907500000,"end":1485993300000,"name":"Sydney IX","in_octets":[],"out_octets":[],"in_bps":[42285.51858138666,42873.734164613335,44260.61576992,43333.73872968,42628.15560741333,43533.62749816001,45296.79419114667,44991.54999442666,44708.32312461334,44101.19081397333,43379.04425901333,42759.14661514667,43491.18293890667,43649.25655392,44611.81990712,44178.23616493333,44859.53847192,44075.59409586667,45690.20908397333,43802.46931621333,46768.028261306674,45778.43244418667,44384.03604632,42685.79441664,42966.776684346674,43113.36104768,43561.90243290667,43904.89738792,43975.15619264,44743.18608634667,46090.41945826667,45482.351958746665,45254.090964853334,45159.05759501333,45510.203603253336,46003.08175530667,46200.963778879996,45419.663788239995,46020.107351386665,45814.86562856,46082.20353021333,47018.00306784,48336.233441146665,48049.90241368,49821.79109069333,49040.10483077333,48404.72710269333,47459.40461456,48839.32764864,47953.786175706664,49553.90899741333,47716.174886666675,45601.12180816,46590.527707199995,46856.17032181333,46779.08962853333,47990.816622746665,46237.97158130667,50478.50068314667,45165.55814445333,47036.95821629334,48160.89679234667,46682.20499898667,46413.97679704,47576.11611765333,47159.81589256,47540.69186648,48373.89785456,48390.32925866667,48648.72594330667,47219.27807301333,47761.87668682667,48848.34164002667,46395.80994562667,47521.74461304,46580.330129706665,46458.64568296,47855.98751237333,46934.73110757333,45511.25294277333,48747.06742258667,43837.911197253336,45905.19421658667,45615.586289466664,45609.66219901333,44943.853073226666,43876.187445493335,44945.440291440005,45524.2244348,44289.40950487999,44845.30328072,43746.66057277333,44686.98977546667,45000.59187341333,44678.97082277333,45115.77621018667,46074.35816216,45559.35546037333,45934.94710642667,42793.882944293335,45055.28833389333,46215.99458824,47100.387281786665,46021.3153876,45897.29786541333,45270.332407066664,44753.03218816,44699.75774629333,45125.97684136,45186.47739410667,43928.348748213335,47493.76711773333,45919.10665877333,45047.8937696,44742.10308589333,45202.44367882667,43531.137148559996,42771.40352616,43638.94003914667,43734.996144213335,43724.41043125333,43622.50595957333,43973.00074477333,44243.40403869333,44640.280461279996,43220.29402522667,42967.94354882667,42201.73182354667,42674.98630154667,42195.92443549333,42061.26629298667,41757.78972232,42832.72205368,40843.94104456,41545.00258554667,40557.53970058667,38614.89983389333,38951.78687941333,39598.022083786665,39060.39134722667,38329.00481890667,37137.16588624,37903.10014208,37575.80580989333,40013.98828117333,39130.737673653326,36910.66700605333,35884.62743698667,35581.53026898667,35848.94906882667,35283.90520386667,38338.1468864,34022.42904330667,33639.75011357333,33601.43196005333,32701.71143477333,34410.46408392,32481.73882741333,31894.12099922667,0.0,31597.05810901333,29625.206591626666,0.0,25630.446615386667,0.0,27199.687697093334,25928.743224506663,24740.455823733333,23779.145976400003,23429.26307584,25060.348693626667,22861.608198826663,22194.589944666663,22624.985243573334,21974.11668096,21368.912437119998,20523.767973253332,21435.621284746667,22708.135769706663,21240.9528012,20008.924072773334,20318.577140773334,19279.091931173338,19510.69197856,19254.337542853333,21264.782833759997,20978.05840296,18323.431326986665,17769.909139626667,20014.151012986666,21323.967419813336,17693.523414986663,17037.981197146666,16568.67652632,17867.678439573334,17662.50685416,17060.962474746666,18291.038301866665,18517.220430639998,20713.1356084,18558.48070976,18277.009681866664,17910.065257253333,17589.749917200003,18044.331673493336,17497.130519493337,19341.467183279998,18351.176742986663,18292.338932799998,18726.8670108,20475.83747368,22329.786808186665,17830.107699893335,19323.12278696,18575.145666426666,21356.085111200002,21209.15767184,20441.377308586667,21559.58625832,21616.996777893335,22523.313374746667,21856.148823573334,21531.464316266665,21986.43025616,22518.51839208,23859.754918533334,23099.298993066666,22163.774771786666,24939.337256133334,22773.400466373332,23135.506026826664,24349.93651336,22811.345819626666,23670.945493040002,24219.66435992,26255.041040453336,28511.34434112,26229.187699386664,27631.771940666666,28525.888231546665,27589.990115173336,28823.55788016,29684.33396365333,31666.46183328,32415.752961439997,30111.86866637333,31167.6941444,32153.5458372,31789.35195245333,32942.231085759995,34612.2835352,37070.04987453333,34884.17108522667,34567.32535109333,35544.03992973333,35843.01944517333,36764.27032194667,37253.68033205333,37282.589640106664,40364.72341805333,40464.54966594667,43716.22797930667,43430.55906522667,42385.11846896,41599.16875528,43496.035886293335,39293.282076426665,42040.669756213334,41521.62880842666,42587.09363685333,42197.14337986667,42881.70614717333,42539.87233349333,42625.92262368,43045.010863146665,42410.75229728,45046.18192690667,43459.02227114667,44698.46472133333,44354.77559578667,45817.02247461333,42926.8664788,41896.96685712,43053.3106672],