{"message":"Aggregated IX data for Sydney IX","data":{"nServiceId":null,"width":214,"jServiceId":null,"start":1497729900000,"end":1497794100000,"name":"Sydney IX","in_octets":[],"out_octets":[],"in_bps":[18804.810050453336,19631.193480560003,19207.128779573333,19645.472545733333,19525.71334037333,19947.715835493334,19971.76601146667,20300.159491386665,20961.602203813334,21795.510897013337,21605.691641653335,21733.592447173334,22035.91764256,21237.533692453333,22148.13104416,22472.747420133335,23293.8915856,23346.40840272,24206.934025413335,24366.976306986664,23980.601679946667,25264.979616373334,24611.713931973336,26574.092601066666,26554.946370213333,26115.057655173336,27705.533006453334,27572.780686213333,27386.34151448,28175.86989832,28836.08551016,28831.95434690667,29197.89123693333,29538.50829616,29930.464580693333,30910.58940661333,31675.336776453332,31561.40605872,31949.39217149333,32153.833560186667,31914.54034645333,32202.79235976,33668.78490466667,34061.13495085333,33211.48075037333,33508.98058744,34755.13407312,35713.400725839994,35174.42683405333,34469.23833226667,35264.776020879995,35646.178345199995,35925.041071253334,37261.41112258667,36443.83450383999,36717.83727845333,37609.11102442667,37101.78594037333,37345.221174,37776.20045213333,36108.38633498667,37028.01417392,37345.80798242667,37888.05738501333,38080.34874109333,37610.23732645333,38604.07804682667,38634.424394400005,38827.924528506665,38615.84521549333,38717.17147274667,40260.89124773333,39782.43542325334,38790.69081018667,39237.127693653325,39756.84392938667,40241.64621128,40071.17071152,40549.75901573333,40226.98286549333,40778.58248573333,40284.257124,40324.45533848,40978.58824650667,40455.300493786664,40789.468591519995,41231.82003677333,41387.45934909333,42464.3355532,42579.03906922667,42799.08030389333,42466.50638090667,42672.17605221333,42486.80509968,42538.43218736,43750.232780453334,43138.56991352,44567.70375293333,43511.367249279996,43248.85947168,44560.659399013326,44810.89143056,43838.56164186667,45193.11841394667,45068.054615253335,45875.62572173333,45866.01076901333,46462.752926666675,47195.75477669333,47261.84951528,46048.36538005333,46341.49264314667,46080.748390559995,45036.31838850667,45311.80196426667,45001.46459941333,45554.22771722667,44792.34890341333,45993.79596952,47466.61644026667,46145.03014490667,46462.57100168,46247.642963813334,46379.42297005333,47005.654636,47360.628752853336,46994.55301010667,47893.13854538667,46397.726782879996,47598.88500890667,47362.33599112,48011.86700570666,47146.503158746666,47303.95535018667,48011.621569279996,48071.3209344,48048.58930896,47914.372766559994,48333.72815682667,48201.212714666675,47948.19189690667,48736.84716256,48694.16053024,49560.930922800006,50327.044678746664,50595.88109216,50733.29361864,51446.35099109333,52474.963388,52039.861449493335,52505.95666456,52356.72143629334,52032.819699440006,51571.96249149333,51305.89715165333,52865.62232845333,53409.75089146667,53341.35979525333,54464.87429757333,54792.02159749333,54530.72365509333,54854.849058106665,54943.09654738667,54582.14760893334,54028.48614250667,53858.53530794667,54051.21260176,54345.329419839996,54355.0675056,54491.64734053333,54458.17023456,53733.58168370667,53338.3666036,52926.67282357333,52833.79012749333,52140.964958879995,52068.55077610667,52567.55428341333,51536.29544274667,51069.15058669333,51073.83883557333,51714.17964274667,50574.88107757334,49701.957276,49332.12497482667,49557.61639762667,48832.800006800004,49058.31142581333,47321.84033464,46924.74181122667,46197.251768480004,46492.17965429334,46228.72820512,46353.58811786667,45301.853217146665,45028.26495485333,44934.91014997333,44592.98273410666,42918.02595061334,43313.32796546667,42584.99933101333,41883.87849202667,41973.90611069333,41226.63870381333,40974.374407519994,41071.4737292,39311.85443213333,38545.93361154667,37731.41367245333,37566.26255597333,36590.95343890667,35649.528615653326,34506.79746744,34370.17564736],"out_bps":[19887.03861837333,19387.57635664,19651.1494552,19657.884818106668,20030.014562746666,20105.122558,20613.90438232,21300.829179946668,21897.267003866666,21899.949697253334,21924.506940213334,21908.374206080003,21179.12765869333,22155.809547599998,22617.1764072,23123.501001173336,23098.358840880002,23923.205566773333,24043.854241386667,23703.164180453336,24842.2533376,24393.748458533333,25124.712415893333,26378.602307466666,26347.198784506665,25864.730994266665,27278.860866026665,27138.269457306666,26873.70196496,27702.551534986666,28646.131365546666,28473.672769546665,28825.98492768,28977.12658634667,29578.070804,30629.60770928,31362.08065229333,31165.144359173333,31508.44820352,31734.20354557333,31654.50913901333,31681.394016240003,33548.42835538667,33756.34004168,32869.96608805333,33039.77837104,34125.26086418667,34977.86469994667,34817.477855573336,34000.35960346667,34789.07037341333,35411.61434856,35224.11945893333,37074.66645898667,36272.29596533333,36567.257414693326,36971.92692957333,36784.31766098667,37078.34295576,37645.276849653324,35975.76770690667,36806.59447541333,37069.0809944,37535.70342690667,37520.056173573335,36900.63199773333,37747.151456160005,37915.87894061334,38208.947840400004,38051.34606848,38422.47144925333,39446.29963602667,39429.559040106666,38209.97419509333,39143.28856653333,39528.51382898667,39849.31149810667,40300.254677866666,40078.16420162667,40062.01401757333,40271.842711866666,39773.12766528,40158.24638557334,41054.340498933336,40319.36977418667,40693.904502213336,40881.57581093333,41110.30678165333,41947.373082239996,41988.35699176,42428.00021637333,42177.04706741333,41689.589837466665,41972.312892773334,41987.67095709333,43251.94020146667,42809.31573768,44080.97812352,43430.75491184,42821.28875149333,43996.62943856,43992.85175965333,43629.57577192,45034.07606357333,45122.53793829333,44957.65628565333,45271.84608922667,46066.28526133333,46731.389864720004,46724.57770890667,45319.269280053326,46024.72113978667,45627.73600656,44467.102987386665,45156.290916933336,44759.67654064,45254.03599368,44351.81649752,45509.587381599995,47184.88745592,45643.608682106664,45987.23812706667,45489.62118210667,46121.9109532,46501.51900085333,46851.23838232,46351.44860168,47413.21081296,45974.13537368,47216.11548941333,46805.828373519995,47539.02798685333,46515.17977976,46805.86068549333,47994.61002802667,47423.48554744,47625.759854346674,47347.62079826667,48082.93864677333,47763.60444741333,47465.48079738666,48562.776095199995,48192.425837279996,49068.64855205333,49474.69743698667,49566.24885413333,50652.82910130667,50726.70928466667,51750.56304130667,51587.11255072,51749.80857226667,51524.85459082667,51597.88336472,51346.90730557333,51139.102065440005,52034.478619839996,52793.15895248,52865.90563386667,53958.3438284,54350.62165058667,53365.5565556,54141.96275712,54175.37587378667,53421.55912202667,53167.07204205333,53130.45318456,53038.53466469333,53322.674705440004,53747.469113333325,53607.44205701333,53704.569427653325,53105.771216026675,52866.38209581333,52325.20520962667,52672.7844244,52172.13389632,51629.72817810666,52106.613855120006,50696.42758306667,50484.08372778667,50096.11066069333,50924.29432322667,49485.45255538666,49027.26362845333,48238.21162109333,48359.15686109333,48190.6862868,48544.83970232,46546.156050293335,46369.65676792,45468.28027872,46132.118765946674,45857.46225536,45592.68195205333,44663.77582074667,44263.04818221333,44219.90122178667,43720.517195253335,42523.6096672,42717.52364752,41876.38065834667,41440.83305922667,41370.36124696,40597.980389573335,40414.69179645333,40495.46110298667,38885.84721226667,37969.164532,37175.80381722667,36996.403711893334,36236.43503344,34888.161409839995,33943.79399608,33708.75398565333],"in_packets":[],"out_packets":[],"in_errors":[],"out_errors":[]}}