{"message":"Aggregated IX data for Sydney IX","data":{"nServiceId":null,"width":287,"jServiceId":null,"start":1479787500000,"end":1479873300000,"name":"Sydney IX","in_octets":[],"out_octets":[],"in_bps":[45942.45589968,45942.64767738667,43314.582698239996,43400.25515077333,44013.82141952,43907.18124829334,41845.159556160004,43252.41977653333,43010.6243504,42680.37905866667,42289.276033919996,42682.04949893333,43699.40286250667,43460.90590090667,43830.46193386667,44531.60592773333,42526.59378,44530.687918506665,44545.24619250667,45199.280209146666,43114.884280160004,43677.16242314667,43777.89192402667,43433.62899712,43620.66466064,43338.34789466667,43743.03559882667,43694.38599746667,43373.56549112,43910.06791221333,43523.472875893334,43091.72874165333,43474.54301293333,44036.48824594667,44182.514346293334,42963.47868693333,42046.220983973326,42275.12768658667,41200.591523653326,43818.343362160005,39416.68799504,40672.6744648,40236.20910589334,39649.86016130667,40505.16603093333,41246.87311509333,40248.07704365333,41493.813939306674,42445.318552293335,40950.351738080004,40979.177817066666,39712.73343133333,40887.29432973333,41284.201728666674,40707.73103333333,41505.65646768,40747.186041893336,40349.30153586667,41014.97210192,40714.77547426667,41112.02220458667,41578.77783645333,41633.8097244,41221.092360426665,40965.04198941333,40196.19317106667,40727.68147210667,41342.70277709333,40531.052655893334,40649.79583685333,40582.002516533335,41778.78942309333,41599.89992752,41104.8181628,41823.79938104,41980.19278519999,42643.20961050667,42825.93860285333,41587.35248666667,42317.99763685333,41044.361429866665,40592.723794346675,39480.17172421333,37622.535678186665,37472.14031477333,37830.01281802667,38112.06923488,36206.17734690667,35648.241954506666,37654.19158624,34873.067746533336,34712.68239293333,33597.63586874667,32694.647529706668,32111.01750818667,31621.13098906667,32765.54318952,32563.9641232,32570.00025328,31678.73426741333,30948.01597794667,30644.67736088,30099.92147208,28314.955141360002,28300.733543466667,28719.834503759997,28165.00789656,30556.94854341333,28844.26322498667,27274.44648568,26368.042803386666,24769.149688986665,24954.675385546667,25661.05237072,25835.816060453333,25656.849792560002,25889.706863386666,25852.751906933336,24836.81234568,24460.482044586664,25437.42881237333,24316.288075893335,24587.74584696,24652.971386240002,21420.293112479998,20065.906280266667,21119.035974906667,22594.716207573332,21787.122202453334,20297.605045653334,20948.116147733333,19071.883464693332,20101.187447546665,18601.36354152,18809.339632266667,18948.16269408,18691.134258266666,17657.99139562667,18014.545142720002,18093.032647733333,18574.087159040002,16850.2448936,16312.495729973336,15562.53595736,17385.79461032,16846.27117072,18449.988913573332,18786.512476080003,18665.01059192,19148.775276906665,19650.359200106668,19596.679524479998,18599.892691893332,19019.29276024,18177.110668533333,17251.320588133334,17315.733869066666,16283.082233680001,16635.021896533333,16643.727263066667,17342.14213144,17043.908133013334,17877.947859333337,16981.724981653333,16390.234431866666,17246.351844186665,19029.094507493337,16159.992659306665,16774.840631013336,17414.526781253335,17568.804933866664,16747.59701376,17392.437948933333,17868.26638162667,19483.588505093336,23021.282279919997,21704.543827093334,22142.98314384,22616.20426992,23314.33266352,23642.87583144,25266.96607928,22144.861828693334,20255.54395928,20206.100741013335,20394.748977893334,20677.154097066665,20969.436261413335,21364.890498826662,24128.540761599997,22499.691336080003,23326.432610453336,23652.344710506663,23570.398203653334,26832.940691866665,24192.30237456,24877.21292432,24723.73844896,25569.593365173336,27334.402049599998,27201.250383093335,26199.697483333337,27206.52776696,27496.284444186665,29187.36751005333,29024.573360293332,29813.82421077333,30175.52138658667,31908.61538450667,32630.71537986667,33188.24981984,32501.29029885333,33244.59006474667,34079.6857388,34782.74273944,35682.13364448,35470.999573199995,35801.88884149333,37567.31383888,37876.18125397333,37728.53170994667,37856.007451973324,38908.64797946667,38216.39302226667,38692.75873048,39085.33378728,39631.78976181333,38478.863384879995,39896.68643762667,39155.82693341333,39651.513036373326,39604.71794826667,39235.570571519995,38800.77173242666,38244.510023786665,38590.09294234667,39569.14472053333,38101.935633040004,39596.460708,38525.69874509333,39767.99509672,37949.68454770667,39476.87794205333,40263.073555653325,41984.14626274667,41812.154956800005,41127.75060821333,41225.434646613336,40402.83910885333,41193.13042930667,39837.34205904,39704.65645805333,39988.218578693326,40643.87203437333,41552.16851685333,40820.48419922667,41415.31871509333,40694.78112250667,42082.352879226666,42094.70669069333,42005.24977026667,41505.24989845333,41523.23737056,41377.97904130667,41513.256672853335,39630.80911565333,40424.27063922667,41086.69119728,40997.19553042667,41080.63687744,41293.66089450667,40899.94426936,40568.445026559995,42172.89993242667,41864.47865824,42470.8404332,42706.08630856,42393.30027725334,42763.62355554667,41731.57650037333,43924.976610879996,43816.60973765333,43154.15898136,42860.954951440006,42671.42965797333,41434.05043317333,41961.88942672],