{"message":"Aggregated IX data for Sydney IX","data":{"nServiceId":null,"width":288,"jServiceId":null,"start":1472879100000,"end":1472965200000,"name":"Sydney IX","in_octets":[],"out_octets":[],"in_bps":[37205.562391333326,38052.02073730667,38250.04018418667,38635.68546930667,38519.2121796,39961.76255605333,38900.198873760004,39937.793037519994,40667.913234319996,40323.68498194667,38796.46893272,38435.6903356,40739.81046298667,40633.54940845333,38605.23286573333,38832.70644973333,38955.486005333325,39182.07502381333,40127.83493317333,40916.82924490667,38655.303038,40337.48512096,40092.19160522667,39332.20440197333,40752.99009634667,40384.11651090667,41055.16387698667,41485.387238426665,40892.62260290667,39860.827937653325,41895.204554293334,40506.15890296,41681.20108112,40872.14691616,42012.76834832,42784.154793919995,41109.93608122667,40974.34700994667,40568.75037858667,40623.33778104,40713.49784952,40250.32719336,40331.99333658667,40958.94834456,40017.029506800005,39980.41147056,39704.573769786664,40991.33674709333,41810.01481637333,42389.81023616,41478.80352938666,43700.98195322667,42259.327854426665,41526.35576106667,41943.98766712,42538.280322959996,40727.16190717333,41295.139811466666,41649.28422912,42227.9043224,41746.52759432,41224.92603717333,40988.52491877333,41414.86691458667,41639.374840293334,41665.6667692,41002.645475440004,41697.0237024,41170.39249762667,41471.732278933334,43492.94706168,41306.59008541333,41851.08481362667,39573.04471034667,40760.78578277333,40032.94897605333,39021.53701509333,39198.30714122667,38517.599608346674,39384.92166136,38406.11160205333,38301.291442400005,37855.55306458667,38099.007173386664,37906.15095477333,37504.702836480006,38159.31142312,37741.16842794667,37026.495397386665,35456.100424506665,36009.34572354667,35146.58837125333,34122.92716685333,33280.22324757333,33366.978684400005,33635.40221568,33725.665550453334,33908.96836077333,33317.08379285333,33656.38065629333,32092.45924890667,31897.67167114667,32013.06292928,30942.104720666666,30222.171796986666,31191.74861594667,30319.6316132,29290.40967725333,32849.22643965333,30478.02117826667,29635.431467759998,28423.475951786666,29061.64377877333,27411.358684426665,26258.664756853334,26007.7509844,25795.199908693332,25602.7673076,26085.348809040002,24070.464980293335,25156.00292432,24134.081427466666,23005.457142026666,22174.90731472,22333.27193584,22583.664363866665,22370.1856236,22325.736769386665,22305.95773789333,23169.9433308,21331.39568976,21242.149031093333,21970.68675432,21326.872331333336,20521.354419306666,20730.022119066667,20160.183127599998,19336.065555946665,19579.10074768,20544.965053013337,19691.650311413334,18275.51732784,18569.828425253334,18746.09170976,18740.565677119997,19311.846028693333,18470.370583573334,18231.996828266667,17985.828963413333,17743.040649493334,18266.693967173334,16789.091235413332,16231.472170186666,16088.293833733334,15563.252175706664,15656.789092746665,15336.4175352,15158.444981146666,15896.46126152,16880.601569093335,16577.025485093334,15544.943594613334,15410.454491466666,15002.075865893336,15081.2643712,13908.644153413334,14497.490913173335,14849.039334133335,15107.798660746666,15026.887765573334,13831.056594186666,14444.40605824,14430.604925226666,14607.723002666666,14278.24089168,13905.504025813334,13601.565128426666,13691.068806133335,13365.96144288,13884.43486592,14380.627514799999,14628.140743226666,14497.764342293334,14572.286356453335,15171.153223360001,14815.851279626666,15449.377025653333,16306.459289946664,16326.733090026664,16573.59954272,16987.766032986667,17791.25913432,18263.89182269333,17937.11392472,18755.627194906665,19334.024918586667,19660.070854240003,20610.00804664,20148.3946616,21396.917194293335,22370.75420869333,22535.9326932,22775.429144,22284.30844688,22345.002190213334,24011.592535733333,23976.411195200002,23714.054668506666,23922.083690826665,24287.538854506663,24461.04737368,24604.166393546664,25034.229406933333,26107.49391552,26092.123255733335,26841.061352560002,28001.5512964,27823.212779413334,27675.783282293334,27224.238581759997,27838.43931848,29104.368132666666,28759.950910533335,28900.17314538667,29299.61699410667,28990.35797168,30107.17141512,30202.03617170667,30519.2438484,29974.33578709333,30169.10265413333,30275.144445759997,30150.67289829333,31075.74023522667,29875.54184653333,30375.064161066668,30413.695992826666,30331.1496648,30802.24873370667,29897.88089728,32226.70707973333,31768.62514677333,30575.85545109333,31423.870983493332,30713.513908666668,30856.86753312,31467.86844616,31483.81832069333,32134.61956989333,32307.72765738667,32076.223923386668,32628.39215250667,32511.683869520002,32367.477924693332,33652.29525213333,32902.63013344,33645.59228229333,34547.50583032,32328.071238853332,33534.46474904,33199.84164122667,34141.466666746666,33557.33259906667,33320.68042706667,33000.91895501333,33865.55780986667,33069.41333952,32660.041886400002,32526.10782144,32737.418067173334,34584.49039469333,33705.37140930667,33734.10181016,33294.16300538667,34710.77492712,34052.40788952,34711.48281776,35421.76793437333,34885.81760898667,34701.9969392,35377.82727525334,34543.176904160006,36128.08463090667,35367.47686274667,35723.44639885333,35685.02844504,35647.32422765333,35969.87239173333],