{"message":"Aggregated IX data for Sydney IX","data":{"nServiceId":null,"width":287,"jServiceId":null,"start":1500681900000,"end":1500767700000,"name":"Sydney IX","in_octets":[],"out_octets":[],"in_bps":[43201.221076480004,44906.16046872,44935.82494101333,46456.535297493334,45376.38502133333,44174.14943424,44965.199955519995,45140.51461026667,44887.56869546667,44839.89380736,44901.35769442667,44635.65588672,45138.00460696,46506.89290885333,47736.4860116,47717.8232544,46668.52201618667,46877.57871528,47897.20388493333,47811.168088800005,46336.782670666675,45802.30529176,46459.56016786667,46699.37040469333,48326.88732264,48714.55174168,48924.94091277333,48843.60457232,49290.24727162667,48144.61955077333,50027.2612124,49847.47967274667,50029.48915149333,49367.44008597333,49731.984115386666,49520.95358405333,50449.07305573333,50269.56849901333,50431.061501493336,49851.46937530667,49789.783194879994,50565.52179408,50483.99886056,51105.977923466664,51024.55679322667,50078.60883032,49826.76862258667,50532.30132973333,51639.18709594667,51565.406676160004,51671.16888570666,51866.77365733333,51024.43467925333,51578.79352013333,52774.16722794667,51527.901113306674,52526.375435199996,52580.51253581333,52612.23739104,52502.060851760005,52107.206300453334,51621.94574632,51780.347322026675,52764.393375253334,52366.24959882667,52226.91533757334,53083.50646168,52699.88211544,51403.38469336,50987.29975426667,50423.48895714667,50734.28745189333,52487.564622,50932.35953133333,50973.51281181333,50477.80069170667,50393.092694080005,50022.187037120006,50589.590246106665,51161.39711319999,50889.31772778666,51538.38397245333,52086.10348528,51226.157324160005,52135.189909893335,51460.18163581333,51330.51165941333,51554.19938893333,51681.57460797333,51465.7946756,51466.17135568,52359.76516576,52559.99658845333,51918.47580144,51365.503954826665,51593.37349786667,52505.98869544,51522.25152226667,52737.381974879994,52703.61273258667,52526.81057605333,53134.61809437333,53350.43804602667,52881.01460274667,51934.22492538667,52414.38233224,53269.38237858667,53478.251327440004,53004.26326152,54479.35673429334,54273.667353519995,53025.53406319999,52862.90050826667,53235.11878826667,53720.16862013333,54257.03285832,54190.11102010667,54673.690079466665,54934.367997040004,54748.36732506667,55032.77007842666,54724.05704424,54773.10105813333,55355.96061224,55825.209733519994,55854.61127933333,55779.93992661333,55060.121223253336,56670.76695141333,55014.97481896,55648.603035173335,56003.205535893336,56749.01756237333,56333.41458957333,56512.17198128,55913.353848239996,55886.6942192,55946.7355136,56080.21190554667,54863.601227893334,54105.321145120004,54156.00846773333,54534.10224605333,53728.45375984,54736.421963173336,53621.70027034667,53464.89691128,53073.13917789333,53081.522268826666,52329.26679253333,51748.91004024,51800.48932264,51005.017747386664,50507.086365626674,50837.825388346675,49578.91389792,49151.50943456,48878.08950397333,47932.56281176,46269.81406536,46310.7357372,45755.374500346676,44071.185518746664,43967.93624,43180.966302186665,42224.50879861334,42167.30175669333,41498.95353112,45459.12886568,45262.13361170667,43029.36535688,42269.021685306674,41087.672315493335,39653.87319648,38420.96462733333,37217.50663621334,37274.60368058667,36699.30168392,35950.29546042666,35427.78439936,36400.41553626667,35026.90841317333,34698.26608274667,33475.85658234667,32856.10323989333,32235.62297816,32642.61030210667,31542.988283119998,31799.37431538667,30821.08777624,30106.76307394667,29970.66957194667,32807.10529210667,33182.32923125333,31835.02157552,30731.30274173333,30579.344603253332,28633.188993919997,29381.62849658667,28034.863803066666,28133.995835626665,27845.914245786666,26438.560985226664,26444.643740906668,27256.966180773336,26222.828419173336,25195.80068976,24754.073942506664,24375.474090400003,24385.292119653335,23557.23229,23362.392606986665,23306.985299093336,23244.372449333336,22200.632826106666,22168.736188346666,22791.91104512,22213.336712666664,22624.097437706667,21770.05698936,21634.19632592,21359.482051333336,21182.656312533334,21362.024457626667,21319.46430696,20349.64316448,20949.558874426668,20115.533532373334,21141.677573706664,20663.74759152,20657.250367306668,21221.123747253336,20876.662379733334,20900.555010586668,20946.474464266666,21200.208429626666,21334.547793946665,21153.73545912,21395.813764799997,21664.722741973335,23369.549356133335,23044.6925528,21743.883731893333,21573.471684,22145.74559488,22268.50278896,23153.0843964,22411.016089973335,23486.469441813337,24043.275704053332,23631.28358085333,24046.995372639998,24731.809644586665,24173.523547146666,24755.674988906667,25170.262283386666,25462.170004613334,25111.26251784,26556.344216560003,26799.12039352,27091.923530773336,27642.814753786668,28105.460618373334,28552.033908986665,30319.606513919996,30215.28991152,30833.6411224,30772.96953384,31691.47237458667,32641.92336552,33408.711860560004,34172.79729885333,34193.32100544,34533.92390282667,35196.86478885333,35041.01250173333,35686.82388725333,36027.877843653325,35272.52470701333,36703.86090541333,38162.918612533336,38186.232103919996,37359.83793224,38093.452432800004,37165.01130205333,38005.43318874667,37321.611435813335],