{"message":"Aggregated IX data for Sydney IX","data":{"nServiceId":null,"width":287,"jServiceId":null,"start":1506513900000,"end":1506599700000,"name":"Sydney IX","in_octets":[],"out_octets":[],"in_bps":[51581.563177519994,52497.448555653325,51129.44679416,50944.516658053326,50354.45367189333,48363.60571410666,48614.92671242667,47852.76582488,47353.13053205333,47558.47715464,46365.94138181333,46525.838331440005,45631.15098450667,45950.80658378667,44057.98529232,42737.56879176,42210.522723760005,41762.968481626674,41558.573124480004,40786.743115386664,42239.48304365333,41631.08624496,41231.08896122667,39950.9345872,41313.274081013325,40495.75198653333,40432.557134426665,39282.22496378667,38638.6856588,37649.60847258667,37122.62711234667,35737.60086834667,34029.45857621333,33729.61222192,32659.25503528,32036.04028421333,31728.10317978667,31460.51040013333,29807.40670338667,29096.76887813333,29670.8113432,29088.41581485333,29132.75791090667,28638.059905066664,28292.943033626667,28032.99428816,27400.64726464,26725.002548959998,27713.309200933334,27300.346907813335,26668.321631493334,26280.40477112,26152.056262613336,25148.70644552,25198.775556666664,25041.71057216,24549.212774080002,23924.913231786668,23806.41886328,23085.62520762667,24311.089589546664,24345.861140639998,23643.5449848,22531.729925173335,22419.127762053333,22211.354396746665,22986.519455573332,21436.217997733333,22082.524264106665,21155.89150824,21416.08117352,21205.996377786665,22539.58545304,22565.471103840002,22148.111789759998,22264.032725173336,23274.363554426665,22385.816357813335,23183.6154192,23117.74362848,22591.69241248,23407.22865288,23351.322811413334,23425.23760328,23964.518402293335,24571.425708746665,24306.20908016,24400.53637288,24256.397954213335,24277.9035496,24505.424626106666,24289.809169253334,25726.328291413334,26161.183599973334,26187.997022506665,26079.634096026664,27672.676582693333,27652.985268773333,28217.853945866664,27667.7199032,28471.63322696,29191.53975794667,30826.202353200002,31180.56290805333,30716.33161973333,31196.350865200002,30071.74452229333,30295.53421528,31750.89701824,32524.271206,33428.81058256,33498.21478802667,35088.45340429334,34739.46175586667,35486.56724656,35851.9326512,37066.57139826667,36259.51737277333,37397.84967901333,37969.23596005333,39540.583866559995,39399.85062797333,40085.87164997333,41364.030964506666,41100.446643066665,41183.923334800005,43006.99763773333,43962.80435493334,45965.51488458667,46073.62761773333,45509.897416746666,46397.235336720005,48835.57912832,49706.88721410667,48791.06063629333,49809.22942413333,49099.812699919996,49149.77626381333,49965.69422837333,50623.58792733333,50607.11524306666,50839.8470472,51632.912323360004,51108.66960144,52752.064114666675,52594.63310114667,54786.1225572,55026.734723546666,53612.64405517333,54318.940940160006,54041.26975821333,53428.27761770666,54129.44138141333,54779.7109244,54327.10743144,54662.23540290667,56034.18495717333,55122.93027242667,56465.25466362667,54811.574087546665,55190.17918432,54760.3397828,55577.43634794667,56376.31434192,55128.01118690667,55606.51714986667,55523.7957276,56071.99372104,56393.03193090667,57144.442912586666,56942.68031776,57108.11174522667,56108.98516650667,56743.21749741333,57853.78197656,56351.018551546666,56363.98726576,57725.891116959996,57242.226985893336,57819.33538168,58501.5109544,58444.30133357334,59658.67806949334,58997.60066354666,58818.78607221334,59890.76171437334,60194.316325253334,60078.99942685334,59669.1374792,58713.32354832,58685.27246672,60024.60978317334,59965.19421696,59796.96677693333,59705.47621224,61129.828698080004,62196.298082986665,61033.114398666665,61071.451354106655,61904.51072728,60830.161622186664,61294.11605498666,60871.36304946666,61693.179807839995,61246.4425812,62337.14707637334,61782.25710461334,61216.95466792,61281.79653010666,61695.665259626665,61337.07127762667,61614.97975453334,61692.85074429333,62111.84962048,62336.56172704,62664.41267154666,64046.33000501333,63675.13309776,63851.07539586666,63017.44821685334,62696.42805746666,61359.10325888,61427.578870239995,62724.00543032,63027.16749029334,61749.43521328,61837.303617013335,61550.464867919996,61918.052059706664,61860.737959013335,61149.92536810666,62096.82994442666,62327.23977418666,60339.64994194666,59077.22887496,58090.28088381334,57998.90994013334,58173.073760453335,58971.0644452,59296.521606266666,58739.93008818666,58543.16427216,58154.87410157334,58158.28116205334,58766.395220800005,58616.35880378666,58794.126938053334,58927.85949125334,59042.27485096,58434.35661456,58631.72837973334,57472.18107893333,57375.61943069333,56504.15309008,56410.06487416,55005.41403789333,55762.21807696,55310.52841112,54698.29013434667,53794.560828480004,54879.734990293335,54225.89994346667,54780.64526914667,54578.96001805333,55312.1495748,58780.70302250666,59995.03207117334,56854.41666976,54694.566321466664,54725.56482493333,56136.48649749333,54432.71169888,55072.024713333325,55267.35545008,54010.544874106665,54316.83997149333,54485.40769994667,55011.6493584,55325.969998,55194.56660026667,53766.59821952,53425.74804938667,53998.77491674667,53347.5982964,52787.983686106665,52486.82131648,51818.64937341333],