{"message":"Aggregated IX data for Sydney IX","data":{"nServiceId":null,"width":287,"jServiceId":null,"start":1498781100000,"end":1498866900000,"name":"Sydney IX","in_octets":[],"out_octets":[],"in_bps":[48678.05510605333,49847.734516853336,50087.44058983999,49658.948519973324,49326.023088906666,49718.04044218667,49825.10258832,49854.24775626667,50808.98453989333,49675.37151909333,50893.014302986674,52817.54865165333,52457.08733856,51799.46969434667,51671.47037648001,53259.14782909333,53541.589244426665,52983.52880458667,54005.65072896,54536.52288346667,55265.81132877333,54867.82693517333,54772.333616933334,53653.21940536,55176.82949237333,54362.834817146664,54321.390652906666,54626.93001778667,54501.65950330667,54179.53303642666,54384.550230186665,55672.16812229333,54957.87185504,52914.49233496,52221.06912882667,52036.16039082667,52809.18973298667,53887.80201682667,53930.80387872,53892.26095146667,53238.06168045333,54402.045763919996,55321.966084826665,56097.711441813335,55645.028864613334,56606.25001549333,56744.95560592,57394.6769476,57514.40194365333,57485.944788160006,57589.318401360004,57399.56545645333,58700.650488746665,57961.63598922666,57243.92154154667,57172.86440477333,58217.05698768,57813.32502138666,58447.31867093333,57855.254828586665,58317.79883264,57602.53248037333,57725.55464738666,58208.30845658666,58060.30198504,57346.43190461333,58096.67593701334,58431.67998381334,58811.80471,58988.52493586666,57963.12639941334,58357.960184773336,59008.05554421334,58017.284278800005,57969.86856216,58429.09765504,59332.32429069334,59761.38377221334,59842.753635786656,58543.44076122666,58313.833535386664,57374.25881768,57188.16341437333,57215.81488349333,57720.94345722666,56417.09118877333,56313.393516293334,56814.44080242667,56224.39209637333,56369.558251653325,56417.821166186666,57023.885603066665,55716.38268168,55635.45619154667,55789.34124354667,54873.68217946667,55581.746095653325,56328.776339519995,56254.408006080004,56993.38141416,57733.03029509334,56231.64876312,55831.99843050667,55821.04081157334,56215.76129224,55578.01992488,56076.058536,55394.3653192,55873.066821893335,56151.092984639996,56674.17098768,56526.79588386667,56387.405920933335,56643.05037618667,56982.15180562667,58179.54807389334,57521.92281789333,56971.295179893335,55875.47047264,54292.46450664,54911.205121946674,54249.42322296,55909.09736869333,57168.706266559995,58100.65289853334,57397.15846677333,58361.12368648,58009.259780453336,57521.90153186667,57142.723328666674,58021.880389013335,58056.72737989334,58292.31811888,57027.233268853335,56513.7208248,55821.67664301333,55881.60055898667,56102.75010309333,55391.778383866666,55141.5339804,54912.93269058667,53955.41111968,52480.40112138667,53274.62819024,53446.22538986667,54109.17788786667,52257.186323120004,52323.03875434667,52936.97620383999,52281.98775426667,51932.14786992,50587.843224853335,47917.78179048,46873.470097440004,48794.2408784,48027.329286160006,49164.70258842667,48500.14997064,47666.75986485333,46335.27145469333,45441.85688258667,44470.24914482667,44742.54887581333,44111.90648506667,44036.9195356,43041.99978464,41730.90328445333,41156.36489501333,42575.82613152,41503.15109344,40375.42676613333,39957.55655717333,39074.26947050667,37710.82079952,34148.69189368,32795.363258080004,32686.64046373333,33406.63512234667,32159.00698384,30959.21708677333,32897.77818808,31584.97737106667,31552.50619770667,31087.72668581333,31100.42190965333,29847.44685010667,30050.68566224,29028.593876293333,29392.31918778667,28678.82008832,28231.28991256,26622.931943706666,29052.35805490667,29126.51185194667,29635.03567568,27835.321066,26884.76328448,26440.175283786666,26283.535788666664,26619.315102106666,25882.816090586664,25599.137652106667,25336.903316293334,24508.47623024,25533.05333346667,24735.1691488,23659.93423024,23021.849974186665,23015.855380106666,21910.688638666663,21618.371416506663,21198.430181973334,21031.019332213335,20024.685514586665,20090.350643706664,20425.15261824,21461.594312106667,20327.846840053335,20905.90295056,20391.794104453336,20391.82705952,20019.405214586666,20720.049818906667,20263.537440213335,21099.153712613333,19754.41976656,20010.26008672,19670.282895306667,20299.747166746667,20066.69526976,20518.927737893333,20100.96214032,20689.283512426668,21228.719464906666,20745.56134778667,19328.162630426665,19212.62414336,21053.554046560002,20424.228692426666,20319.133829333336,21419.141422959998,22078.0077436,21572.647215653335,21446.480557653336,22677.866008213332,22588.025858186666,23150.854518080003,22647.340409973334,23619.314767413332,24356.412207173336,24660.061789866664,25216.124906880003,26157.71276472,25951.454438586665,26209.724553093336,26711.2382988,27232.159623706666,27761.099288186666,29033.742145599997,28916.56001634667,29534.15181125333,29650.883941279997,30903.01630773333,31403.48116144,31691.53714509333,31484.965254293333,32567.07903642667,32836.01174994667,33673.75003626667,35162.171267599995,35251.3293632,35200.79398130667,35611.90124648,36043.8516068,36199.833109440006,36606.88744442667,37616.28005130667,37343.44299570667,38225.05074413333,38273.158178346675,38520.86841989333,39355.81060453333,39069.31259264,38855.41243472,40225.54466056,40027.93181453333,39619.80759066667],