{"message":"Aggregated IX data for Sydney IX","data":{"nServiceId":null,"width":262,"jServiceId":null,"start":1513440600000,"end":1513518900000,"name":"Sydney IX","in_octets":[],"out_octets":[],"in_bps":[28084.235133973336,27780.16193210667,27110.973097573333,27288.397014986665,27134.6489368,27650.60502864,27372.559110106668,25696.997800906665,24903.170933759997,25072.382748346663,25067.737688026664,25062.426154906665,25399.883002053335,25264.137800106666,24890.38882368,25446.61693085333,24830.89441896,24917.350282479998,24413.725898426666,24115.537461226664,23931.170218053332,25243.882192346664,24970.022949146667,26148.920114186665,26475.834824,26190.81352248,26394.434113866664,26129.174690053333,26278.670701333336,25862.845517066664,26766.72630896,25876.694344266667,26116.888098666663,25606.231370666665,26504.29878752,29471.67775285333,29399.507628400002,29328.07272904,28784.19067136,28892.02814474667,29346.207852720003,29928.80285250667,30440.522101866667,30864.091110639998,32081.028313653333,31881.5070108,32597.721260826667,33416.90968821333,33456.09044693333,34099.44319989333,33276.87695064,32986.03095141333,32781.42156792,34685.979476613335,34343.244980346666,33831.86857381333,34490.94475978667,36512.51472218667,35923.78395666667,36880.97359965333,37115.38034706667,37976.04533810667,37012.30288474666,39435.07863501333,39256.10834528,39501.292051866665,39628.961484746666,40666.38225877333,39119.75173856,40425.96485168,40581.88018514667,42392.10485213333,41872.05229629333,42025.167367919996,41408.98784461334,42082.27255050667,42425.785886,43153.23887386667,42385.12763402667,42427.95020181333,42449.96386666667,43052.49538621333,44499.03936861333,44771.45428637333,45172.375835813335,46350.170262826665,45261.27763069333,45621.628658613336,44575.17402170666,45181.82837528,46241.03979664,45403.72713938667,45610.41038645333,47442.139156879995,46954.307804373326,48171.283670506666,48215.04393536,49304.12979818667,48280.54684130667,48586.739812,48813.83721973333,49756.52313613333,49613.67620613333,50113.740770346674,50767.88710802667,51833.21032112,52578.86887405333,53510.71125536,53646.740251493335,54498.36786130667,54069.5522652,54341.05718189333,53646.78255818667,54213.37488194667,54701.59252973333,54004.36075093334,53453.73996122667,53491.54233965333,55117.18508965333,56458.449707199994,55278.00252842667,56169.97291583999,56144.51998909333,55687.417256,56117.3525736,56841.651228853334,56831.81835032,55597.60856536,56078.289387866665,56581.38778632,56447.724328933335,56754.928445093334,56409.313380666674,57673.92230365334,59029.12886277334,58501.254262559996,58695.698469413335,58053.420874879994,57952.232047599995,60508.10904096,58883.86768130666,58565.499564106656,59350.18372682666,59043.42685797333,59865.73835448,60163.367210586664,59653.34663586666,60365.42722282666,60185.78484122666,60592.46489570667,58457.43237290666,57712.44319346666,59248.39917906666,59452.704778746665,59628.52979544,59521.49923242666,59419.191179760004,59407.711643120005,59936.40039562666,59947.024849760004,59847.4442152,58178.662744613335,58174.614883626666,59667.03093413334,60033.435666933336,59630.81086946666,58838.63758754666,63553.109186986665,60851.75275872,61956.869266559996,61728.52290024,60898.42996898666,61253.12371618666,61976.36770266666,61982.14714978666,63450.11557856,62795.697844266666,63033.302148693336,63750.78949544,64853.333214026665,64230.74636968,62900.496017306665,62736.77522456,63499.25882408,62803.945103653336,64456.266946053336,65421.576865279996,64695.54569296,66400.37842901333,65676.25708381334,66656.74029093333,67541.02243744,66540.31617037333,66294.67418464,66956.60018285333,69068.87073197334,69193.87261338666,69655.42629181335,68879.22416589333,70246.00976642667,70006.17069141332,70798.99491744,72052.452158,70571.37917586666,71346.32553104,71645.53372722666,70671.4921188,72323.25095677334,71944.47960127999,72854.14997328,70010.55610061334,69791.7915468,70974.02798208,70799.26077384,71533.60547826666,70210.19025045334,71029.62573885333,69087.68342306667,69042.6812516,69319.49837538665,69437.01457634667,69370.55721370666,67058.65510045334,67376.47216536,66429.19634664,66863.81522149334,65367.96521146666,64676.67755330666,65019.31585765334,64152.80901064,62069.747667413336,61760.796123626664,60949.206617066666,60364.15788922666,59022.85366898667,57688.641308746664,56339.34953170666,55223.61357269333,54485.228587519996,54476.12978850667,54161.39530053333,52968.61225506666,52471.43032722667,51389.33316568,49713.50303810667,48640.15031944,47541.962851146665,45418.19980682667,44254.880673306674,44184.51779690667,43317.253519226666,44667.23745069333,43358.64734733333,41725.75189272,41059.228499360004,39973.40608328,39007.62377512,38583.60143413333,37524.460702346674,36672.06657322667,36441.20603610667,35736.872890293336],