{"message":"Aggregated IX data for Sydney IX","data":{"nServiceId":null,"width":286,"jServiceId":null,"start":1506297900000,"end":1506383400000,"name":"Sydney IX","in_octets":[],"out_octets":[],"in_bps":[47200.422630400004,48774.48937328,48516.19463064,48692.85107594667,48785.11039528,47601.10986752,46908.00233952,47916.69467005333,48982.95556941333,49255.342641706666,49524.364537919995,49089.945163866665,49008.51908728,49892.884911893336,50032.61332090667,50261.35203866667,50143.77986346667,50110.05521162667,50251.148720239995,52202.98531192,51402.03501557333,53420.516617253335,52176.02447856,50661.59951797333,50905.665236613335,51892.18217064,50435.30191746667,50698.05729346667,51360.946922213334,52182.26821184,51465.47240130667,52012.380407519995,51284.71332872,53092.72596554667,52298.839317386664,51901.55270453333,52333.98335098667,52751.85314768,52858.56617733333,53380.75111978667,53240.53576125333,54515.04351741333,59579.82066656,54558.7991824,55353.472397440004,54902.19114392,55099.76637952,55305.71770677333,57022.66318685333,57338.26540485333,57381.40162973333,55257.595900533335,56464.10473445333,55389.22281669333,56448.06918632,56088.40992325333,55068.36969242667,55468.83931213333,54629.44810133333,54507.483310986674,54892.00466432,53864.33837141333,55384.014786319996,55407.22375232,54811.833005173336,55055.20124133333,56354.215471706666,56529.18103336,56049.87669053333,55615.937268426664,56750.95853456,57784.23217970666,57491.68440168,57377.32803829334,56488.2617344,56310.067948293334,57293.19476136,58613.37347272,56585.74697872,56583.09005538667,56986.0016672,55870.17897162667,56833.05687365333,54290.460243546666,55059.161703386664,54298.04457701333,54274.9025388,54337.96146869333,54178.85598090667,53311.96951616,53760.64322066667,54338.70998098667,53854.291879146665,52680.33785658667,51973.91543536,51676.82741378667,51337.88700344,50950.26955490667,51681.93940453333,51352.24755104,50643.313203573336,50991.07748501333,51206.72589029333,50332.84024026667,50654.53386528,52272.72362714667,55145.12756922667,51360.91654373333,54120.81883112,52143.68212944,51398.80836226667,51088.292759573334,51923.99408821333,51462.548456853336,50358.10320541333,51152.78806130667,52657.328846,51979.956651466666,50826.53336608,50838.15917032,50655.008099173334,50779.572039466664,50042.949777760005,48859.02764453333,49719.44384285333,48553.367404986675,48903.91470133333,49156.51715826667,48601.35324848,47474.64066389333,48179.93653736,49091.3275552,49315.597786239996,49768.20508850667,49315.68174701333,48474.320405386665,48617.45895624,48410.17049432,47888.20586186667,48091.78548709333,48581.82171384,48070.77022765333,48061.04475917333,46380.31099877333,46011.65588250667,46791.29412845333,45966.03211133333,45445.78999637333,44487.38733128,43121.02189458667,42550.393743839995,41850.37134408,41344.69581685333,39749.28128642667,39523.20270130667,39198.63193973333,39309.90601642666,39354.00325026667,38967.01988994667,37419.26542914667,37368.57633834667,36736.03150877333,36103.0503924,35490.57878109333,34148.55118797333,33722.49653594667,33983.91289530667,33612.66273589333,33672.25962752,33239.18733642667,33235.21707466667,32288.27330744,32243.98660805333,31372.351361200002,31318.12156669333,30866.91310512,30556.77103925333,29599.38046602667,28587.92326784,28908.5218436,28181.16033672,27254.7581448,26275.610771306667,25584.970874426665,25762.203649226667,25730.411312346663,25749.04532746667,25385.68789624,24716.964666186665,24188.063985733334,23758.672209866665,22942.028063066664,24023.757495466667,23290.553084906667,22478.110171013337,22566.963903866665,22569.185349893334,23217.333373333335,21844.66142048,21239.705034426664,21803.12440664,22011.97239869333,21382.291941013336,21221.930849413333,21052.601026346663,21217.61904352,20976.341034933335,20745.931355573335,20891.556988453336,20215.79617016,21136.446294346664,20085.4283836,20445.606417626666,19877.521272426668,20122.79774496,19881.332290933333,21161.017440613334,20936.63045432,20750.386282613334,21311.666279093333,21003.11199256,20838.03613296,21999.630235093333,20526.32967448,20040.200391386665,21090.033602213334,21157.81188746667,21375.152564186665,22452.401578639998,22082.095323733334,22296.057438693333,21733.739214666664,21815.75046952,22408.893651306666,23058.79973096,22221.113345626665,22672.38727184,22910.49143928,23937.292857706667,23985.977504,24685.25651552,24285.473977173337,25087.91223784,25529.186385893332,25999.73097416,25656.29987256,26454.96996168,26904.977320666665,28129.373439813335,28434.303546400002,28931.18076552,29096.2471952,31099.350855813333,31656.91444944,31175.89887186667,31659.344987333334,31733.236665893328,32334.2297096,33339.80045016,34027.41414912,34404.70360669333,36116.99700898667,36442.76410277333,37634.48335933333,38580.72243781333,39460.6571168,40135.774577120006,41475.00086248,42572.20134034667,43202.94644696,43704.18460922667,44276.141835279996,46381.15308949333,46831.58586501333,46656.39323130667,47067.45542893333,49495.76890528,49509.6029612,51046.701474773334,50039.1801452,48611.73704181333,49156.07965429334,50495.93661648,49123.829523253335,49875.92287205333,49539.399393386666],