{"message":"Aggregated IX data for Sydney IX","data":{"nServiceId":null,"width":287,"jServiceId":null,"start":1478649900000,"end":1478735700000,"name":"Sydney IX","in_octets":[],"out_octets":[],"in_bps":[39266.64106584,38932.536048,38762.040278,38397.404576666675,38418.770472426666,38518.96432709333,40600.079263253334,40343.38410741333,39581.34389392,39698.45756933333,40372.91017474666,39292.20432536,40186.44234389333,41329.66053213333,41194.12119869333,41778.48936205333,40891.662596559996,41410.62520861333,41234.545981013325,40680.18281173333,40322.06457130667,40820.838402533336,41217.55123528,40152.05118544,40463.385747173335,40641.05936581333,42363.60723741333,41962.25060938667,42188.28055525333,41300.036002400004,42579.21261725333,42984.62439469333,44038.791774213336,42828.23121133333,43242.997966853334,42424.78043706666,42557.37640970667,42126.61973733333,43155.36593336,43895.13578376,42277.299787786666,43242.07829837333,41834.92317690667,43131.45348594667,42491.638491093334,43258.43809626667,42947.54034701333,43634.03968256,43870.98621477333,44472.22603877333,43708.142186346675,43155.28524146667,43113.76072218667,44385.91994744,45668.60303821333,44096.99746309333,43002.35951776,42234.58742096,42553.28900066667,43287.30603509333,44064.63581365333,43693.64958765333,42091.46335005333,42348.00323069333,43323.85653741333,43583.346185706665,42667.74370157333,42410.1959568,43276.081389813335,43326.33651818667,44169.44414826667,44041.37903672,44117.59209178667,43220.82332866667,41544.42373682667,41235.77163389333,41969.582833306675,41720.29236413333,42551.35639845333,42590.39563989334,42985.11410202667,42015.13804842666,41764.44372136,40589.57920626667,40581.16795994667,40166.49761738667,39932.72426877333,41420.81122578667,41387.366984106666,40974.76052154667,41119.917303919996,40727.00347272,40316.535362426665,39657.11842973333,38941.76021890667,39127.07182341333,38797.58952962667,37458.9882752,39214.26404416,41951.335919519996,40138.14999693333,40311.92901306666,40307.62633013333,39478.361850559995,39629.46734578667,40419.233515893335,41323.60011733333,41358.43499069333,41397.08582482667,40657.45006477333,39352.57575456,38202.958268026676,37065.71280264,38146.38435725334,37813.55013442667,38201.952189120006,38673.18226618667,38406.159879813335,39125.705374933335,38647.53778570666,38350.376494346674,37510.26233309333,37404.699098239995,37684.33302744,38321.40827194667,36907.84551034667,37085.46887282667,36299.47122173333,36623.94618226667,36480.38951085333,36894.022519440005,36326.854918853336,35240.897851120004,35810.61319682667,34029.017212959996,32636.95126514667,33250.2070744,33615.513954,33054.345948,32152.22559376,30868.00101944,31051.13611842667,30275.568338880003,30327.299802506666,30968.415127493332,30792.87030989333,29543.48446613333,28515.470787653336,27678.967103226667,27207.40740504,26973.41147453333,29175.725432986666,29173.0931008,28023.726914293336,27469.983154506663,27249.318093573333,28412.98799296,27815.532004986664,28222.468340773336,27344.313024906667,26116.443774266667,26233.999058613335,26541.62484752,26013.720082773336,25003.653846586665,23782.264879626666,22769.881542773335,21926.98685712,22419.404414080003,21652.561852213334,21457.983981813337,20486.344569013338,20765.226103466666,20047.695539226665,19313.134134906664,18963.066370586665,18496.088085066665,18056.45442016,18472.575149413333,18535.529225546667,19223.910465226665,18902.237709786667,18040.00145952,17868.641358106666,17184.851699653336,17324.409967333337,16128.280202346667,16937.108838,17869.810611786666,17691.36607512,17338.099685493336,16120.5486256,15848.571093066666,16158.36183136,16882.669563066665,17426.101235493337,16557.752387386667,16819.359209626666,16453.72070704,16043.068558986666,14735.974219413334,16014.998598826665,15702.272396879998,15545.8526392,16177.67410744,17227.349481386664,16909.177195333334,17479.9095544,17284.60443368,16600.782717786664,15727.545519173334,16627.25257208,16306.60161632,16247.825668399999,16500.403871786664,16113.34469168,16908.209933333335,16279.752108879999,16557.400299866666,18388.229438186663,17235.644207786667,18855.419447573335,19488.675852346663,18576.139265439997,17414.113807626665,18135.41927568,18319.642366586668,18660.589297146667,19567.03035408,20965.911742986664,22027.07367824,22106.736373653337,21601.262701733333,21436.720335093334,21550.218676773333,21450.052358266665,21669.581805066664,21814.38888504,21679.725244266665,20938.01883288,21867.693221786667,22000.23871464,22512.883209253334,23087.962338186666,23225.477438373335,23625.36264112,24810.66660944,25572.369205066665,25812.453458026666,25738.978279706665,26407.316219413333,26949.710826240003,27718.228910266665,27992.038280106666,29200.06633368,29977.104872400003,30693.566004373333,30953.060657173333,31624.43479586667,32096.59941026667,32776.249043439995,33579.88246642667,33586.09394866667,33286.58279792,34863.095494400004,35723.73865858667,35786.965452346674,36901.34702186667,35585.08339514667,36291.109877279996,35617.818755173335,36549.782210293335,36753.93156768,36808.98426834667,37159.21133944,37217.36028754667,36747.65824608,36042.898544213334,36949.29141290667,36659.833839173334,37982.37832170667,36704.85147333333,36201.953407466666,36738.488946239995,37407.744035519994,36610.27158938666,36327.808679653324],