{"message":"Aggregated IX data for Sydney IX","data":{"nServiceId":null,"width":287,"jServiceId":null,"start":1491537900000,"end":1491623700000,"name":"Sydney IX","in_octets":[],"out_octets":[],"in_bps":[58679.175994933335,56580.62900285333,57868.07446797333,58610.87731189334,58780.602340106656,59318.95209685334,58656.862032106656,58450.677959333334,57865.21248346666,57440.6196684,55803.257848666675,57220.203050213335,56225.39764296,56878.17748354667,56569.53146136,57928.61632597334,56260.59569109333,55922.06907714667,56490.82490477333,55715.08196709333,56854.98708029334,56859.08520288,55847.53951914667,54795.08734498667,57899.51275701333,56160.35462696,57243.94311544,55187.472906266674,57755.54576357334,55971.905306613335,55383.994959706666,57973.1160868,57722.65468330666,55787.78980056,56424.784182480005,56433.76414421333,53473.746887919995,55148.65740677333,54275.533080400004,53871.074621893335,54158.91283632,53815.20395197333,52522.30843418667,53055.711186106666,54409.64282162667,52873.73642386667,51986.77677053333,50670.07088493333,50901.23758290667,51613.67820608,48724.37814266667,50575.08997845333,51818.105398319996,52930.58955976,54629.97171242667,53735.70723330667,51753.39519792,52164.626276,54293.62971013333,52709.49200813333,54034.54694450667,53107.070685599996,55258.612195120004,53506.49956013333,55968.078316533334,55659.09061872,55901.77601445333,55466.106537306674,56569.011895626674,55556.532109893335,56450.59157304,56949.01114733333,56709.40928293333,56992.4246624,56804.37785808,54965.471376026675,55637.318425599995,56534.53931378667,56188.76227637333,55993.87543122667,56069.542065253336,55653.11033725333,55874.59537274667,54100.28816928,54412.80021437333,56135.75659549333,55367.19797677333,53643.63934109333,54198.10622474667,54193.005326959996,55136.457144693326,53754.40915242667,53366.21636752,53835.51555261333,52455.14085469333,52198.93689906666,52418.59535602667,52883.25182997333,48767.04776034667,50084.32267237333,49005.80721474667,50838.42170312,49167.21560594667,49301.17793965333,47530.04777442667,46271.98097472,45681.263560800006,45262.9915864,44641.949637866666,43671.951988186665,42377.3903956,43295.528511360004,41945.56703741333,40821.66732101333,41238.43105973333,40144.53356536,39399.623809519995,38893.99135274666,37017.01412176,37843.20973618667,39992.521174,37745.320181653326,37090.53828984,36504.26881085333,35838.402814559995,36036.75963434667,37302.29665362667,34326.75827613333,34198.87343349333,33957.37459629333,32763.64742021333,31954.699783919998,33569.37955165333,30573.938124,30833.62154029333,28798.328357866663,28927.386149759997,28340.46482664,29363.50627706667,28897.59654525333,28457.018155466667,27673.556710506666,28036.122759333335,26776.697795226664,27052.786139653337,27009.59048904,25894.77537088,25928.589447813334,26056.385934853333,25585.278968240003,25207.96010856,24402.266392560003,23460.684197653336,22804.387578346665,22206.381032693334,22898.41386496,23217.862709973335,22745.521445759998,23578.455470453337,22851.261527786668,22320.922912506663,22111.77504976,22186.26172621333,22186.23706016,22108.674727759997,21428.07386696,21025.433753546666,21044.923944933333,22561.476836240003,21437.03391328,21993.415176453334,22233.41834312,21546.18361176,21196.632455333336,21966.423424533332,22760.443009013336,21985.864457599997,22182.847240746665,22498.629328906667,22338.818613893334,23896.9185824,23651.486852853333,22416.1944628,21849.076641733333,22154.417877413332,20870.179595733334,21350.79948008,22134.490820506664,22911.441579466667,23948.66971832,23707.54842632,24262.743034479998,24957.0326824,24651.470969493337,24951.432604533333,25055.277575919998,25673.41362669333,26243.05986432,27617.189366533334,27520.260924613336,28727.6260148,29444.23447045333,28805.803057733334,29799.380026186667,31489.946992693334,30946.734254693332,31936.741507626666,31221.11054738667,31858.90523666667,31302.042077680002,32417.04369690667,33335.66388512,33365.52888544,33899.10914002667,33928.577923439996,33924.44677397333,36393.8491732,35696.56752768,36679.37621805333,37125.0666408,36353.5764556,38854.25708432,38545.39644194667,37354.03888826667,39460.23799973333,37267.74096365333,38521.459111066666,38306.951173839996,39922.50893965333,40302.31348136,39441.46689842667,41020.81328853333,41010.77347890667,40941.617035653326,42122.40558002667,42361.93502762667,42045.914015786664,40893.00206432,41104.019764373326,43211.06630264,41446.91198485333,42444.569493146664,42411.897022506666,43740.454734,41578.981990613334,43156.92305402667,42918.14871130667,42080.95302730667,41470.30933909333,43074.35558776,42134.049014426666,42930.72078682667,44184.150894746665,42072.75288984,42171.336031893334,42354.54171242667,42620.127660080005,42973.28306090667,43563.02078277333,43296.05280383999,43789.44072893333,43242.71073957333,42731.01398213333,43905.94383138666,44463.782674559996,45261.04794898667,43437.68752632,44199.005854639996,43100.92358186667,44337.52358341333,43019.59817954667,43497.58987312,43537.54691528,45283.24661397333,44061.89528242667,44116.995475706666,44732.26801186667,44755.63724698667,45357.78157285333,45023.337329786664,45816.008390853334,43894.96599690667,45098.8304508,46261.78185552,45306.352549013325,45424.30554933333,44861.598618373326],