{"message":"Aggregated IX data for Toronto IX","data":{"nServiceId":null,"width":286,"jServiceId":null,"start":1497441900000,"end":1497527400000,"name":"Toronto IX","in_octets":[],"out_octets":[],"in_bps":[221.93703138666666,211.05548477333335,226.17382010666665,214.19187463999998,213.6391016,364.9138788266667,232.8525644,238.60814288,252.63958677333335,254.83953525333334,249.96986770666666,260.63975701333334,269.89292575999997,275.51416016,259.31007330666665,241.74498890666666,246.84967253333332,272.4600622666666,281.17767861333334,268.08790728,265.74512165333334,276.4730470133333,268.74960605333337,281.68258298666666,287.94610968,277.83495114666664,265.7250549066667,274.46506029333335,276.50741138666666,265.25820802666664,268.51591386666666,268.8119078666667,274.36929096,277.3042210666667,260.51534741333336,276.2588764266667,255.42732458666666,281.11372746666666,290.2317352,281.39967938666666,282.79542376,292.6579797066667,291.49023288,285.8968181066667,286.8354570933334,301.7909097866667,276.41333994666667,277.4404212,280.44425584,288.1421261066667,306.28903888,302.46570162666666,322.06096125333335,311.3071865866667,326.2705964,309.6601637866667,290.5100248266667,311.23895896,301.79205504000004,287.57016237333335,291.07513216,276.64390514666667,269.28651589333333,273.6494752533333,274.49475456,261.87642864,276.64572144,268.56649354666666,260.94155674666666,299.5332982133333,281.85456528,279.72024944,289.6798894666667,288.11656698666667,300.8309209866667,294.7708098666667,279.31008298666666,286.8531874666666,284.9783359466667,292.93308413333335,282.0092408,307.0385827466667,312.89286594666675,289.96280512,299.6391109066667,282.34770482666664,285.380838,269.701102,274.80253029333335,268.98057983999996,283.55960698666667,297.7733484533333,315.68056944,294.8432926133333,298.8626551733333,289.889032,289.69261439999997,278.9688795733333,283.3060981066667,301.2904483466667,280.87854698666666,285.7276353066667,320.7106134666667,301.9747226666667,294.35498349333335,288.7116845333333,266.03583373333333,272.33893775999996,275.27391093333335,270.4537441066667,274.60515445333334,271.14358890666665,274.30062466666664,288.91641293333333,297.5999277866667,317.2557878133333,290.07497992000003,282.6238409333333,296.48999672,280.2938959466667,256.2136538666666,259.65987888,270.5775176266667,310.81990296,353.83170104000004,321.88206589333333,279.00532072000004,279.47631882666667,272.39700114666664,292.39300872,338.7060828266667,319.31243839999996,273.63296405333335,306.6926586933333,298.61592538666673,254.61017242666665,273.44662429333334,263.7680924,268.15093704,256.51783237333336,251.66093026666664,256.55084709333335,250.72315562666665,255.69368584,253.41673,299.949294,306.71751477333333,286.52584514666665,284.97278629333334,256.77207797333335,276.4024974933333,269.59094941333336,256.00941832,273.85659736,292.02397933333333,325.68627616000003,283.19945538666667,265.34288562666666,265.37711840000003,269.29470066666664,291.7792159733333,296.64243184,283.19466658666664,291.66278554666667,273.83104176,276.13797997333336,294.04960074666667,276.52395565333336,282.68267706666666,294.0952237866667,298.97862922666667,270.81335384,288.19767176,289.4936667733333,281.6192612,256.46486525333336,264.0534357066667,252.45194933333335,267.98448424000003,273.99514336,262.40958610666667,231.89536925333334,237.95469282666664,245.09799669333336,274.91047821333336,267.30600616,239.23715746666667,218.13022175999998,214.08204624,205.09809709333334,213.74376832,246.14688285333335,221.07710216,181.32836602666663,219.69818541333336,220.32882250666665,218.1397156,201.65277581333334,209.72957418666667,186.85492277333333,185.01108191999998,175.31578621333333,181.12579634666668,173.95065591999997,170.31681565333335,152.30853781333334,160.93983541333336,169.13544069333335,180.47062906666667,161.08447901333335,161.8485852,163.83043354666665,162.35800653333334,139.28628224000002,172.65574045333335,197.59323757333334,173.08358512,132.82852010666664,132.12371138666666,123.19494616,161.39460882666665,182.89168914666664,165.23731074666668,145.84854885333334,173.50740970666664,169.45437042666666,131.11483354666666,122.08050669333335,125.7356544,124.39034845333335,121.93923645333335,119.8630904,118.61169626666666,160.40723266666666,170.54787714666665,129.61628914666667,161.63589618666666,164.82473208000002,117.84932810666666,107.56400978666666,104.9123568,115.53595301333335,104.11643317333335,105.09180418666665,113.06830373333335,150.11490517333334,162.16591608000002,130.91310661333335,110.69022525333334,103.75691296,102.5932036,147.03449447999998,152.412972,121.67705095999999,107.54756616,106.16777917333334,105.49082586666665,158.23098874666667,177.71557546666668,153.66650082666666,151.80066578666666,166.48040037333334,139.42532472,120.78795368,126.0964804,128.68752895999998,129.75351434666666,138.38781538666666,136.92944856,168.74228773333334,197.75961165333334,179.86555938666666,153.64213093333333,162.56726114666665,158.23000621333333,157.90466208,173.63959344,168.18002277333335,188.21257384,192.40131730666664,182.73894205333335,185.57187498666664,214.64499834666665,197.69583813333335,228.92561594666665,261.4328327466667],