{"message":"Aggregated IX data for Toronto IX","data":{"nServiceId":null,"width":287,"jServiceId":null,"start":1475280300000,"end":1475366100000,"name":"Toronto IX","in_octets":[],"out_octets":[],"in_bps":[538.5888824,512.2178634933333,606.8245164,531.49669192,553.08378088,582.7116011466667,591.3254004266666,572.3659813866667,571.1354387733334,581.7745820266666,559.86300744,586.9443438133334,511.1714719733333,579.4183485066667,629.3707721866666,554.8726524533332,514.3906226933333,533.8380610133333,604.4004603733333,547.5439209866666,577.7520839199999,599.2267216266666,574.9845710666667,542.1459052533334,546.0258542666667,510.0615813866667,490.56602112,502.4835272266667,542.1137417866667,550.39628536,540.1806415733332,534.3142427733333,561.378516,554.2050747733333,601.9818681066665,560.9978788533333,619.1051006666667,726.59961248,545.66583272,590.6127061333333,557.0749815199999,505.3752951466667,524.1260409333333,518.17503728,519.4855779733333,566.6819663466667,551.5082174400001,541.2105846666667,494.31101138666673,480.86362727999995,492.50013661333327,480.3999068,436.0269825066667,428.30019727999996,431.6855484533333,433.0127240533333,425.29655152,415.14694165333333,408.4954199733333,411.53466424,459.02924712,371.0519491733333,365.5569288266667,357.2846091466667,324.4945435466667,348.11992064,297.6145336,280.04627909333334,273.85183853333336,235.7445476,231.73754077333334,315.74914957333334,232.86435088,214.47853981333333,250.51052189333333,260.91984248,267.85251666666665,294.11733856,241.65007192,220.06458845333336,262.68329544,222.44363829333335,183.80479616,203.59020717333334,201.96586597333336,219.40832082666665,235.57215682666666,261.22927114666663,265.50483610666663,228.74612674666668,246.03568453333332,226.19293736,209.50669586666663,213.5088728,201.4387084,197.62661696,183.31176480000002,172.86100157333334,207.42771712,222.49074887999998,161.15044554666665,153.56303858666664,168.56320778666665,180.30869869333335,161.51010208000002,115.61246592,125.30348490666665,151.49166829333336,115.21324384,119.51785813333333,127.00920786666666,151.27091842666664,156.04138215999998,170.38197256,148.38748808000003,163.28030824,175.5756384,178.67552528,163.78274194666665,162.59797157333335,144.03215098666664,148.38364112,141.25461410666665,178.90849637333332,161.98657138666667,158.33177981333333,182.02780378666665,167.60538525333334,172.17405824000002,169.86347512,164.06894290666668,179.74939530666666,230.01054008000003,203.84924013333335,185.17621768,206.72916853333334,211.34249480000003,200.32742725333333,220.56038368,234.46131,211.99017853333334,204.49588863999998,249.90835426666666,259.08031008,242.79902248,253.4555484,256.03831978666665,243.05247634666665,266.65321141333334,291.73636693333333,275.06891504000004,337.2986613866667,350.5730069066667,381.2315706666667,312.0817706133333,318.0779582666667,330.05696592000004,315.5778861333333,410.0297608266667,427.54368106666664,406.97448218666665,406.96980338666674,401.59977936,390.2736682933333,436.7115243466667,397.6396695466667,448.85061869333333,439.1359770933333,457.00032101333335,430.42048776,433.72940232,449.22547183999995,443.1114345333333,470.41072,452.5070276533333,496.70175477333333,548.9558007733333,496.08002927999996,464.88131560000005,407.5505109066667,407.9538468533333,468.95768474666664,409.7961253333333,470.51611245333333,444.57378130666666,451.7065573866667,378.2475999466667,431.4536844,501.2910541066667,500.25465832,428.5252312,392.0486228533333,390.8196553066667,388.38440944,443.97364405333326,467.07048864,528.7583789333333,514.63681288,517.6198170666667,479.36191776,475.1433357333333,525.2427504533333,517.3947258666667,508.3952361866667,525.79924824,438.4234406133333,444.7599128266667,445.61350925333335,405.4037852,480.85434394666675,459.49630373333326,499.6627068533333,514.60538056,502.7886943466667,497.52334957333335,524.6802587733333,419.1994194933333,425.1708803733333,365.37463424000003,376.62691242666665,343.1457705333333,353.94955501333334,368.92101042666667,369.2597433066667,366.68697456,369.51257496,394.17386901333333,421.3228103466667,437.6425810133333,430.22633624,361.73102216,367.10600074666667,385.7123668,365.7555663466667,363.8675066933333,364.31799752,379.85740896,419.8463120533333,460.49861794666674,443.11092786666666,469.7386718133333,425.90125104000003,432.16215488,473.9329078133333,482.006648,525.0433026666667,481.98853687999997,426.87757410666666,415.81346816,429.97224472000005,410.7655038933333,369.27861,407.94993818666666,440.6017408266667,413.72389909333333,440.27444538666674,476.71284456,465.2469875466667,437.55877992,419.219726,405.78640666666666,398.91461154666666,472.68708301333334,422.39524768,435.47263327999997,506.6725582666667,427.9625629066667,439.97811376,401.35922504,379.1298488266667,347.78538248,395.36539010666667,343.63032869333335,328.0589491466667,335.4169460266667,346.3361713866667,336.66826394666674,354.9657693066667,364.82157888,371.8800558933333,402.96121192000004,363.8974685333333,361.87441952,370.4842357066667,411.70924149333337,438.67648951999996,377.81075645333334],