{"message":"Aggregated IX data for Toronto IX","data":{"nServiceId":null,"width":287,"jServiceId":null,"start":1475409900000,"end":1475495700000,"name":"Toronto IX","in_octets":[],"out_octets":[],"in_bps":[273.98217664,245.76342314666664,192.87741474666666,207.62281442666665,233.82594914666666,231.40354682666666,194.69690357333334,229.68643242666664,220.41571605333334,230.75196469333335,269.804262,251.55964541333336,245.16448997333336,246.20144146666667,254.92485258666665,296.1155410133333,256.87786874666665,264.7988801866667,295.8540899466667,308.24250208,346.70454528,352.68261176,328.10621869333335,305.85833586666666,352.0791545333333,385.2777019733333,405.3508109333333,412.44814693333336,416.9877264533333,458.6766146666667,418.4685240266667,339.1597302666667,339.43304168000003,312.6341392,340.1338927733333,326.1787501066667,352.1450188266667,366.8224332266667,372.6204616533333,352.17850381333335,366.10630642666666,398.16830818666665,395.5781350666667,424.5771638933333,308.91862672,351.96318544,409.20359469333334,387.0021658133333,438.9342811466667,418.04927298666667,361.6801091733333,391.38563301333335,401.1577035466667,460.5877484266667,457.3284962133333,432.02819410666666,442.82068232,386.9647103466667,360.81803045333334,413.7336505333333,425.9877883466667,428.4248686133333,399.1608198133333,448.85525432,795.9546214666666,765.32385872,717.7719188266666,822.2570922133335,668.2929757866666,641.45311352,511.4273058666667,480.5189257066667,1349.7680347733335,1529.5237446666665,1459.22066008,1445.82384632,1582.0233192266664,1564.7574719466666,1494.0455810933336,1488.1419741066666,1482.6845461066666,1437.07660416,1413.5038116800001,616.1258016,672.2348531733334,628.9133779199999,557.15628752,407.4854094133333,395.2721774666667,462.9388548,390.3177290933333,500.9175383466667,434.94655656,429.23502127999996,465.11606901333334,457.76157912,459.8868649866667,464.0549542133333,511.72303536000004,527.85155088,518.8566246133333,475.70094413333334,458.1221628533333,443.6493925333333,489.3452122133333,478.5747630133333,463.58304144,443.49188264,436.05874464,417.64410776,373.36191448,438.9105415733333,461.16014122666667,463.80207176,455.78872256,426.65828765333333,379.79230712000003,387.54216368,427.95255792,462.87692576,372.5776683466667,303.1446159466667,339.82653048000003,342.35681637333334,371.64698952,344.67598560000005,365.65406296,361.91830061333326,365.75570039999997,358.92359274666666,368.4755269866667,338.88548536,311.8329604,342.0054166133333,324.15135592,319.2965312,334.0119886933333,348.5033048533333,355.67094549333336,390.51367904,401.22150141333327,416.3130175733333,404.94259592000003,386.91159354666667,398.81978962666665,432.74129213333333,443.99488386666667,470.99625951999997,433.25264632,444.7666783733333,442.5806227733333,412.23425592,447.36659418666665,487.8387606666667,454.09562848,436.5424770133333,445.98802826666673,420.0915334133333,418.2263326666667,411.3645242133333,414.30188008,397.97268168,414.39469549333336,446.4479148533333,481.4823162133333,448.33238608,464.3608720533333,459.25710032,424.5871521866667,405.27477301333334,407.0863082933333,378.3089555733333,374.9649950666667,377.57071642666665,387.69906298666666,356.7356431466667,296.41985149333334,306.2410993333333,324.26827906666665,287.93171914666664,330.45884874666666,340.4509993333333,347.75242762666664,296.78139783999995,309.47921373333327,316.10894672,330.09146642666667,330.2588364266667,274.6408382133334,256.38936768,244.56765682666665,292.82619549333333,254.07122626666666,250.99709864,219.44068922666665,208.06852375999998,203.31323098666664,232.31699490666668,220.49727632,239.19314682666666,219.42581,202.25869701333335,200.38058165333334,176.79034706666667,188.3014292,202.02084186666664,172.61922122666667,159.81938797333336,129.35620824,158.01191557333334,142.33972682666666,153.95030069333336,118.60588016,116.85165869333335,139.69619712,130.56428018666665,249.34896170666664,385.81152498666665,586.4212819733334,752.5874474133334,357.97551792,236.38005453333332,122.49596205333334,140.56355503999998,150.90053237333333,134.83220909333335,140.92522898666664,159.03437837333334,118.65138810666666,95.91191624,105.07445130666666,294.1756866133333,338.1281738933333,335.74801589333333,120.20321968,110.3076516,137.02294877333335,111.09030208,133.22414530666666,137.67718573333335,111.9522604,234.81304304,317.9891181066667,232.79131834666666,107.83363410666665,114.49238981333335,112.37538821333334,118.96812693333334,141.63246557333335,118.74236026666665,117.75757984,100.65728152,222.71411853333333,125.19659544,121.35598872,114.77670901333335,124.71432288,131.02336440000002,122.16049053333334,123.25444906666667,104.32983221333333,113.48010120000001,131.11293570666666,139.13091845333335,126.96103837333335,126.11956376,99.16451658666666,104.98067410666665,131.98206376000002,214.02157690666667,182.14156885333335,122.14350576000001,116.84256658666666,140.41103272,154.70696285333335,195.41569741333336,177.20397536000002,160.92326069333336,170.48435701333335,171.33517485333334,177.59795808,174.31624898666664,185.57440234666666,185.17528314666666,208.23228848,193.96312896,209.69532434666667],