{"message":"Aggregated IX data for Toronto IX","data":{"nServiceId":null,"width":287,"jServiceId":null,"start":1501214700000,"end":1501300500000,"name":"Toronto IX","in_octets":[],"out_octets":[],"in_bps":[35.51056216,30.05016805333333,38.97761906666667,44.18276349333333,37.492263173333335,25.513202613333334,36.67745576,36.67175541333334,35.66977138666667,33.90407336,34.44735858666667,34.53931074666667,31.69752858666667,26.129571013333337,23.656077893333336,25.261407066666667,25.06031584,28.36951632,25.25661864,28.895384853333333,27.08114856,25.264546186666667,24.903167093333334,21.775806293333332,23.10382381333333,24.892010613333333,23.501912453333333,21.259293760000002,20.995224373333336,19.560849066666666,103.76383885333334,117.36346581333335,96.00903730666666,103.61231976,109.08095938666665,114.49619586666665,106.43858306666667,98.59587256,85.50123312000001,80.68442266666666,79.32902016,81.31959354666665,79.08858738666666,94.27560384,88.40989040000001,87.35514853333335,92.06763959999999,89.87655653333334,95.97255226666665,109.41487333333335,119.72320834666665,110.37034418666666,121.64920631999999,122.84615072,116.90427074666665,110.82771952,117.69340946666665,107.84613189333335,123.95076056,124.78326344,114.77644008,119.75529058666666,118.81520656000001,108.17004818666665,106.01108448000001,106.52786928,104.76126165333335,121.15741045333334,110.90146357333334,108.47780992,115.64886592,125.76608551999999,114.18869714666666,127.42260530666665,121.96996594666666,120.89567938666666,137.3530012,131.68905472,137.77944263999998,147.95246701333335,158.62544362666665,147.01785765333332,150.63692682666667,161.08684045333334,161.18677754666666,164.25099266666666,170.64507357333335,169.96384877333335,178.41234144,189.47189512,178.37133893333333,189.75692581333334,183.71208261333334,195.85278189333334,211.79696375999998,221.13564890666666,220.18250973333335,216.3389536,219.40987063999998,236.54108096000002,236.73838264,241.45726962666666,244.38873197333336,251.7375176,226.19752346666667,243.19564125333332,239.93188863999998,244.68002629333336,251.51003130666663,244.25355896000002,259.95408536,251.45739981333332,238.09536037333334,235.74679666666665,257.50936624,250.80677296000002,263.80823064,271.77819962666666,279.99254490666664,262.35215698666667,266.19962682666664,259.52220786666663,259.57597448,260.63409114666666,286.0077529866667,287.50790024,291.67375434666667,287.32732197333337,282.517868,295.0533294133333,282.06628213333335,262.91162082666665,268.18274744,276.02763944,287.8462278133333,292.43345701333334,295.33190786666665,281.19587205333335,285.8359698933333,302.11680776,291.9166249066667,301.25738613333334,297.9568199733333,285.8613406933333,306.0251827733333,290.0116332266667,299.48332904,281.8902778666667,286.8164308533334,310.09233493333335,304.24756112,309.9755048533333,313.91865186666666,308.6460991466667,324.2121402133333,309.7545614933333,314.5749235466667,296.57611512,292.77135416000004,299.20480429333327,312.14938895999995,303.2491682133333,302.8574746133333,304.69976144,310.4358386933333,302.6345399733333,295.80401351999996,281.48864127999997,301.14793645333333,309.5925448,304.44044416,303.0546221866667,285.34040696,314.80522666666667,321.30913285333327,325.32174154666666,323.65450792,320.4760257333333,321.5128264,315.93813650666664,334.68670096,315.4392610933333,316.4169712533333,314.16690754666666,311.77090856,297.6330106133333,291.64732248,294.60374336,295.8329207733333,303.4511112266667,333.1376976,312.1099211733333,290.77824296,288.65391,279.13677117333333,271.20471426666666,285.14677093333336,281.02975690666665,265.96606066666664,275.9721841066667,270.2149292533333,277.20714466666664,296.40443357333334,282.3261039733334,285.36404053333337,277.41047197333336,303.75435570666673,284.05898941333334,305.89150672000005,324.7031613333333,300.0777384,311.12367261333327,286.65994221333335,290.3308105866667,278.86425992,282.6550152,287.6165309866667,296.3007096533333,296.30762842666667,295.1872408,285.46187168,297.7437088266667,282.90900424,285.0392258933333,281.19905730666665,273.1064694666666,277.70748832,274.1858652533333,268.784222,271.30489912,264.26212224,266.44951045333335,264.13399504,264.06062904,266.2677164533333,287.15784525333333,279.5229930666667,288.3440319733333,292.04374250666666,275.72269136,274.28477672,279.41643616000005,278.75433298666667,276.46140197333335,271.4374472,255.60752064,254.25179125333332,276.1490492533333,279.55892730666665,272.73829488,288.81853981333336,282.06526944,280.32772208,259.32734866666664,271.31407938666666,280.07119901333334,276.7555701333333,282.1398735466667,292.39563437333334,268.30592685333335,262.46829408,262.04948392,278.5829689066666,279.18526864,298.55107248,296.33708744,305.43681949333336,298.4878445333333,280.82578341333334,301.83999744,293.29780426666673,286.3536838133333,281.96246536,269.76475997333335,266.9789609333333,269.0509233066667,281.00453053333337,265.93525733333337,273.7621243466666,296.63953578666667,255.81147048,258.78558168,268.59966744,266.6547084266667,251.60502349333333,252.5952936,253.50272557333335],