{"message":"Aggregated IX data for Toronto IX","data":{"nServiceId":null,"width":287,"jServiceId":null,"start":1494216300000,"end":1494302100000,"name":"Toronto IX","in_octets":[],"out_octets":[],"in_bps":[215.15542408000002,193.5890512,214.10718370666666,233.49888856,228.37944853333335,187.43494008000002,202.96107626666665,200.40710237333334,185.55872263999998,175.86193986666663,169.92628698666664,186.05661061333333,185.93812591999998,176.51046413333336,182.37744258666663,178.81316261333333,173.48392794666665,151.92369456,151.5903812,150.47415456000002,154.16363784,151.71830269333336,162.34965122666665,142.98240090666667,150.97298568,164.22733866666667,167.52762653333332,151.93501797333334,148.30648391999998,142.67030496,127.09987994666666,128.88297832,118.76382253333334,121.83439808,127.54780826666665,141.32463373333334,129.76336357333335,112.84134024,113.53190202666666,118.68783989333335,111.20871725333335,122.85882165333335,111.49560976000001,112.73626168000001,108.1993816,120.36779605333334,112.10619181333335,101.04264197333335,103.67501922666666,100.28650959999999,99.16539834666665,104.48250768000001,100.49530770666667,103.62386826666665,107.06012487999999,104.37685168,108.06527658666666,116.50080989333334,115.30835248000001,100.96634205333334,102.34794669333334,97.16997890666666,99.75830469333334,104.3668844,114.24442456,108.4965868,107.45887232,116.09768951999999,116.48902005333335,124.49646431999999,132.49779256,129.61663589333335,127.46149973333335,126.34980005333334,136.14954133333333,130.18610957333334,134.99728416,134.2984664,163.46023050666665,150.21400994666666,148.03250247999998,151.25727215999999,155.52057861333336,159.72355469333337,163.03470370666665,166.92841373333334,179.78317229333337,171.55534733333334,189.06038018666666,188.92772610666665,182.40455237333333,186.5434292,191.07357552000002,196.54732128,208.74979472,191.44723034666666,203.32484826666666,214.10234896,218.91731928000002,228.10962624,257.36016216,280.6844672533333,280.18694738666665,248.05504605333334,254.32601941333337,267.28036026666666,263.99335829333336,255.06628469333336,260.50438053333335,265.50881861333335,272.9688904266667,286.2536306933333,273.69257882666665,259.3434502133333,262.77541442666666,267.63516429333333,251.40944912,250.78407621333335,267.99653650666664,284.56913970666665,301.5432043466667,296.0006675733333,306.0267734133333,303.40951024000003,310.12171269333334,288.4644102133333,306.52468512,275.8985964,275.20680842666667,265.61623392,259.80749994666667,254.74434304,271.41075672000005,291.80422581333335,297.2668402133333,310.41210695999996,294.56358231999997,301.63989181333335,288.2853010933333,310.31537896,305.87027317333326,300.6156419733333,302.97120351999996,297.2318623466667,277.033292,304.03621744,298.0887717866667,304.1501988533333,336.14624672,362.82738376,320.9522238933333,312.9958282133333,328.6589631466667,328.51186874666666,324.75927389333333,319.0202032533333,316.71037488,309.50594474666667,314.27475024,321.77134968,331.52343632,296.9545240533333,283.6468813866667,287.43774082666664,274.68068632,279.22967013333334,281.3870926133333,279.6076523466666,305.7732424266667,299.5161653866667,312.9582448,315.8167502666667,286.68814152,302.41785898666666,291.43984295999996,280.97041634666664,299.30603688,277.3550402133334,278.38017351999997,291.5446674133333,295.88030704000005,273.65427384,273.12800472000004,282.92902696,269.20807661333333,290.6552639466667,290.7666301333333,303.1738246666667,301.01294287999997,286.1330424533333,294.1728875466667,296.590632,285.8270924533333,290.1441233333333,278.92892736,272.90862197333337,298.6459747733333,264.53191010666666,285.01221058666664,282.74296768,300.7755201066667,298.54911376,297.9011617333333,302.93596551999997,322.9021942133333,321.3626822933333,331.60931408,281.22292490666666,297.76249482666674,277.26792439999997,284.1186093333334,289.1794940266667,277.64936138666667,280.50613256,279.37221144,282.17768034666665,290.0114169066667,282.70062426666664,262.1111050933333,275.92974802666663,275.07398688,289.9281158666667,265.04044624,287.80948295999997,290.4605599733333,305.9189373866667,282.77244024000004,270.35110101333333,282.8930136,287.74181629333333,275.23295181333333,277.80326405333335,271.11789666666664,282.96829928,298.5169749866667,270.3394436533334,261.53026093333335,284.3048330666667,278.30765221333337,295.02557661333327,295.7988944,300.2350509066667,311.2770277866667,314.5415328,313.7868468533333,300.48686712,316.7817383733333,302.8536572,323.52730362666665,305.72431824,292.66334136,306.04802648000003,290.9126122133333,290.6090016533333,284.9300078933333,277.70409485333334,277.92571424,288.7004181866667,313.7480978666667,298.71135176,307.6800085333333,278.90782421333336,289.10571181333336,285.31706904000004,296.3288002666667,305.6216918933333,342.7803554133333,292.5371925333333,290.79462056,299.20365008,289.49476544,334.64376016,309.47840784,310.25564181333334,271.96410368,285.4635735466667,257.16878133333336,308.40271757333335,282.9974286666666,310.9508166133333,262.33340810666664,271.5799729066666,246.19333253333332,261.49096821333336,297.3978157333333,311.4606512,289.3755066133333],