{"message":"Aggregated IX data for Toronto IX","data":{"nServiceId":null,"width":168,"jServiceId":null,"start":1488412800000,"end":1488462900000,"name":"Toronto IX","in_octets":[],"out_octets":[],"in_bps":[245.96393416,260.25330525333334,257.08787359999997,245.11544085333335,255.25515904,246.78787442666663,237.54007458666663,250.33202021333335,238.78819946666667,242.00219904,247.76036090666668,244.34509597333337,232.51206074666666,244.4975664,238.07670837333333,249.15544752000002,240.43144637333333,258.94502786666663,263.01603728,254.79342965333333,252.82191512,276.40502632,247.95837730666665,251.35270848,268.39943522666664,265.58407389333337,267.2832039466667,269.1080832266666,266.36743069333335,249.14261909333334,258.5401283466667,261.86828349333337,242.18456559999998,257.90764394666667,238.39974261333333,245.18366242666664,261.20136957333335,247.913458,250.99772093333334,254.67240344,257.75601496,235.38202877333333,258.83399749333336,263.86647184000003,246.17215381333332,223.39693402666663,222.03377472,208.194498,200.90690384,207.31904672,207.34328712,212.59756109333333,229.9234636,219.06110469333336,209.76750461333336,216.85662946666667,184.358538,192.77641818666666,176.29850834666667,169.66589261333334,173.90967949333333,188.54246352,173.75866117333334,186.52807557333335,180.05552557333334,158.94695941333336,145.50238858666665,157.96780098666665,152.44686613333334,144.45868512,128.77923096,137.93349797333335,147.05731530666665,129.99121013333334,104.31864056,104.14649253333334,112.13602322666667,113.87483274666666,115.74063448,106.25499728,111.61887909333335,97.42776013333334,97.80534154666665,91.10854656000001,94.50273010666666,110.3820756,99.43585437333336,98.38090450666667,96.76138040000001,94.76167245333335,85.76159781333335,81.82449466666665,86.57355314666665,86.28683714666666,87.12868101333335,88.61772968000001,89.84335405333334,81.24886042666667,75.19479709333334,68.75943392,70.0312352,76.19269376000001,75.74681914666667,65.91398312,68.35516453333334,65.62035576,68.3666968,65.81551266666666,60.30602845333334,62.32696738666667,74.31737565333334,74.78039152,70.80601306666667,70.52678053333334,66.27317058666667,64.38609152000001,66.60278965333333,61.2584248,65.86315856,66.89009914666666,71.48966349333334,66.69835864,71.05103370666666,74.94434554666667,93.6414324,87.45360522666665,70.14747253333333,74.38245365333334,83.84816168,85.64863133333334,85.23184674666666,79.29427322666666,90.33010074666666,95.33301629333333,112.14405069333334,117.89292130666665,124.42919698666665,109.66170170666666,105.60158149333334,101.13340786666666,116.60472173333335,102.14367650666667,107.56409645333335,113.68628023999999,115.95091741333334,113.63473341333334,123.2908252,123.22788840000001,141.30513077333333,130.87014106666666,141.80399474666666,156.85897090666666,162.54723258666664,168.68714053333332,151.72859253333334,161.63046050666665,174.58934944,181.16893472,181.91334549333334,189.09603136,185.83347554666665,187.56529365333333,214.24166568,205.08687346666667,207.80401352,202.04870189333334,201.32617712,203.01974615999998],"out_bps":[247.23068661333335,259.94232250666664,257.30670792,241.35101565333335,252.96902314666664,248.07671157333334,234.66178437333335,250.10431749333333,240.59282765333333,240.69745424,247.06272354666666,242.36224544,235.35815602666665,240.16539474666666,238.47544506666665,246.96334306666665,239.44982677333334,258.0992053333333,259.6509045866666,254.79458538666665,253.15908269333335,273.36568248000003,248.66121450666665,248.54952704,267.43785525333334,264.87612784,268.74463592,266.45011925333336,264.18113312,249.68810525333333,254.66754786666664,263.51289808,241.66930725333333,256.07966242666663,239.90550818666668,242.65182496,255.80929202666664,251.53959373333336,248.54366341333335,254.31410058666665,256.17796381333335,236.91412978666665,255.55857077333334,263.9824085866666,245.1754444,221.67623634666666,221.75685469333337,207.76675021333332,199.61249533333336,207.21007226666666,206.42966437333334,211.88402906666667,231.10622928,215.31683154666666,210.75148290666667,215.34419848,185.28850824,189.70638010666664,176.84708309333334,170.50424021333333,170.80089626666665,186.56018354666665,174.12011408,184.66057368,176.49148594666667,161.48925341333336,144.14633842666666,157.06770082666665,152.02160885333336,145.23891298666666,127.31260170666667,137.60752405333335,145.93165970666664,130.04947626666666,103.37870242666666,104.03841048000001,111.72421,113.66772725333334,115.22077642666666,104.70874912000001,111.35807698666665,97.48409432,96.04006093333334,91.92963424,93.75864778666666,109.08733056,99.01061298666664,97.73879816,96.76190815999999,93.74306205333335,84.73566264,80.63626909333335,86.88829568000001,85.22746866666665,86.88950829333334,88.31280568000001,89.06838648,80.91264936,74.77485125333332,67.76363562666667,69.69271722666666,76.13191253333333,75.61914957333333,65.68397864,68.31568648000001,64.19858237333334,67.76162218666667,65.48525781333333,60.124586533333336,61.75591981333334,73.47391314666666,74.78148594666666,70.27910242666667,69.26557,66.16369309333334,63.96391189333334,67.34264664,60.29219464,65.10965432,66.6951512,70.26474290666667,66.80563957333334,70.28170466666666,75.01331922666665,92.99612546666665,87.03216952,69.92994669333335,73.81685850666666,82.4310308,85.79685472,83.17700112,79.8527992,91.03446341333334,93.77677477333334,110.75742488,118.00009752,122.68980061333335,109.780086,105.16801765333335,100.93707426666666,116.55030690666665,100.77280434666665,107.68721314666666,112.29560829333333,115.12439536,113.28756581333334,119.10193584000001,126.14198978666666,140.64813645333334,129.82049242666668,140.88248765333333,158.85842728,159.52214704,166.95114346666668,151.70153248,160.18979250666666,174.38980365333333,181.92093477333333,179.21214549333334,190.06057293333333,183.14672642666665,186.49595770666664,212.11728680000002,204.35913162666665,209.26230445333334,200.55433837333334,201.72729973333335,202.31318261333334],"in_packets":[],"out_packets":[],"in_errors":[],"out_errors":[]}}