{"message":"Aggregated IX data for Toronto IX","data":{"nServiceId":null,"width":263,"jServiceId":null,"start":1485619500000,"end":1485698100000,"name":"Toronto IX","in_octets":[],"out_octets":[],"in_bps":[420.8664524533333,395.51604045333335,423.89928744,471.46268696,407.5938399733333,410.08709421333333,435.7210752266667,390.7835978933333,421.86267807999997,455.52083274666666,446.07904144,461.5741212,428.82410624,417.8874705333333,446.65176650666666,424.14485194666673,404.9506166666667,408.5372713866667,417.34354016000003,422.0520418666667,413.7550986933333,465.5222276533333,449.2288230666667,490.3197628533333,497.00743768,469.7851651466667,507.1158982933333,504.3402949333333,521.79133248,490.65004319999997,495.6711929333333,519.41692456,546.1728883733333,552.9444368533334,509.03185269333335,503.39630410666666,474.96404069333335,501.3382969066667,561.6580515733333,538.6649183466667,518.1885401066667,525.4322270133333,525.5904297866667,507.95903368,483.3741985866667,463.35709768,444.4393696,462.3696827733333,446.9152562933333,443.03014336,491.1072541066667,470.51630818666666,494.2490956533333,502.2988705333333,531.6469962666667,461.61579050666666,450.9608024533333,504.1030617333333,506.7390814133333,474.0090904,460.38060536,476.32005456,469.7308994133333,477.72347178666666,529.0327896,473.16278344,470.1001179733333,462.61442261333326,503.2816659466667,525.1788132,475.7425482933333,454.71777037333334,497.89906136,493.4590628533333,488.6924146666667,431.9020217866667,477.8004472266667,537.47769392,612.6938878133334,574.4054059733334,482.4764261866667,518.7963971466667,525.9871085066667,531.1957130666667,531.88248608,506.2387499466667,504.30925888,474.84083680000003,430.5292629333333,412.40004837333333,386.31473549333333,422.70986952,488.4107796266667,484.1741184,420.8754947466667,394.51783549333334,404.0356236533333,380.94302061333326,386.0698584533333,409.84078392000004,420.30390962666667,425.23244016,391.75911216000003,396.17855568,385.85127384,398.2992792,420.6759897866667,434.2663202133333,426.9487674133333,459.72835352,478.25089018666665,440.9101397066667,458.91874176,445.6460799733333,415.1797535733333,459.6684742933333,502.86213672,511.7350013333333,509.4086097866667,523.5477274933334,533.92974816,510.60241976,499.27415472,503.8992052266667,504.35308437333333,483.00844232,449.70052319999996,480.9805066666667,522.9126085866667,500.6535247733333,528.5994852266667,481.5409841333333,476.0573770666667,489.19928210666666,456.08366816,488.99666376,456.49188176,474.8078793333333,448.987158,426.84472013333334,447.38592375999997,404.7384813866667,391.00525295999995,447.47658304000004,451.46652816000005,453.83103064,454.7235857066667,447.26339413333335,422.0165254666667,423.01525794666674,441.0177342666667,412.34333234666667,408.1303605866667,424.86724418666665,425.10658448000004,381.3702570666667,368.47767904,343.29145016,315.5761432,336.06355624,321.67643205333326,344.7488929866667,331.8315746933333,378.33305192,309.91546149333334,311.4440530133333,343.13141650666665,304.6831402666667,292.6357095466667,267.4413546133333,233.6795636,245.73563928000002,219.69577978666666,222.23389736000001,211.65722133333335,198.19782301333336,207.67008896000002,225.28537869333337,197.61412773333336,228.04488725333334,378.8895624533333,213.29854229333336,209.19865858666665,191.82058349333334,187.67252325333334,204.58656208000002,219.53288949333333,235.11119448,243.98825093333335,207.13403397333335,182.64747386666664,189.87904530666665,239.71274216,205.68330845333335,177.01036064,166.3480204,168.11740808000002,196.00222157333334,191.63112741333336,205.32629576,175.90348325333332,160.46566392,151.56585797333335,144.86030312,159.40369405333334,175.85056805333335,203.15462066666666,200.00174232,183.78087690666666,161.33264546666666,158.33281293333334,177.37896509333333,175.02631098666666,165.75000319999998,155.38308616,167.20830525333332,170.78438848,156.14288778666665,144.93513712,150.44280693333334,144.51861277333333,129.53989898666666,131.84470989333335,150.75216373333336,167.2854988,181.06769712,200.73875362666666,187.71132287999998,203.17680554666666,213.16345496,187.00022685333334,178.58644317333335,162.15441546666668,165.64477666666664,182.84698909333332,193.59112136000002,212.93156621333333,187.45749328,205.03666765333332,199.33002645333335,182.52539077333333,197.79810101333334,205.3383684,219.38991277333335,213.35646482666667,202.78098218666668,190.74306218666666,219.43931056,203.09938368000002,223.43118303999998,208.82634333333334,216.40098109333334,228.46392559999998,223.82402178666666,219.41252914666666,196.36585034666666,254.17232306666665,268.5435613866667,235.18448146666668,250.34485365333333,260.79306786666666,280.76459594666665,275.14899690666664],