{"message":"Aggregated IX data for Toronto IX","data":{"nServiceId":null,"width":215,"jServiceId":null,"start":1507406700000,"end":1507470900000,"name":"Toronto IX","in_octets":[],"out_octets":[],"in_bps":[182.76135984,187.88366832,182.45229010666665,174.90279765333332,174.83252581333332,176.95195906666666,176.41341213333337,186.59942496000002,173.90154216,185.43334704,191.21559130666665,188.37364119999998,177.97153088,192.06786104,193.80443410666666,177.05240453333334,177.41996261333335,185.81273480000002,188.42764706666665,180.28387984,185.33842973333336,175.10791818666667,180.27590842666666,167.013368,175.67327906666665,165.06938021333335,169.25028208,172.09748626666666,183.18630216,189.55031832,189.56821845333334,189.10087066666665,171.92208792,190.88235576,169.61536658666665,191.86596013333335,196.06151842666665,191.81458906666666,194.86646488,191.35008181333333,199.55469981333334,211.20855594666665,223.34286333333336,222.80384429333336,230.24409258666665,226.63721509333334,226.55650989333336,220.87573885333336,223.14543453333334,232.18730456,234.34220480000002,254.03164103999998,241.15493986666664,226.75666912,249.9460952,263.2434231733333,247.7034004,251.37991813333335,276.95367365333334,269.82414104000003,270.96428242666667,258.99457394666666,256.42416010666665,278.50817421333335,266.2038145866666,259.4614760266666,275.46762506666664,261.35565922666666,280.57942869333334,279.75177762666664,274.4332384,268.63636312,267.27735992,260.1449272,233.26210877333335,228.33282445333336,215.80791216,218.66118405333333,203.12258333333335,178.64021186666665,186.59909154666664,182.44143408000002,194.22066330666664,187.7116148,183.46645101333334,163.64295002666665,173.71152618666667,187.06055272,179.94916098666664,180.38283458666663,172.36197997333335,167.22385274666667,188.55166570666665,172.43571776,166.44296730666665,154.49056658666663,153.71475456,163.42213072,145.08849906666666,137.60626013333336,152.80230506666666,147.81130288,139.02782162666668,134.55069346666667,123.88394871999999,119.53935168000001,132.21146250666666,122.64142965333335,113.84942064,106.15190378666667,106.80966423999999,100.44862584,111.24601570666667,99.63626498666665,98.25677648,98.42681957333333,100.05691058666666,96.57137706666666,90.83766016,84.5560276,81.54616490666665,74.87107714666666,75.65730136,73.07317272,73.69042338666665,77.96012514666666,78.5946708,74.79610181333334,74.89889877333334,69.83257904000001,76.28463746666667,79.33653738666665,70.12660469333335,69.49238672,76.08245848,73.43019610666667,68.65206306666666,63.02004368,64.76102856,64.95120056,56.61445173333333,57.22761298666667,52.8822552,54.54962986666667,62.49915592,60.08992986666666,57.78521333333334,56.55431821333333,65.53105594666667,53.145854533333335,46.48437514666667,54.17708888,52.37979317333333,52.98191578666667,52.59082861333333,50.78426618666667,46.58960853333333,52.836394453333334,50.26729949333333,53.47813672,52.64805525333333,51.43682445333333,44.89993056,48.687797493333335,43.395490906666666,46.84613544,45.562209280000005,48.91621781333333,48.34473920000001,46.933775759999996,54.69493328,52.02100122666667,58.19753221333334,60.202241013333335,58.76670368,62.684338266666664,70.85179917333333,73.51265832,63.35504282666666,65.22305936,69.43207965333333,67.87084818666666,70.79497458666665,82.56501370666666,76.31110872,73.66740133333334,87.63083784,84.59006936,81.77411018666665,84.00676525333334,96.55777594666665,100.50389994666666,98.52896104000001,103.17785154666666,109.23302834666664,108.71233034666665,116.43075090666665,108.45385149333335,118.23614693333333,121.93168168000001,122.27791474666665,125.98431013333334,124.65026848000001,126.59100650666666,138.05670856,138.81453370666665,139.57331338666665,141.87966373333336,168.00604488,154.39579397333335,151.77806296,127.60967730666665,141.18783709333334,142.23775306666667,148.32281738666666],"out_bps":[182.65941621333334,186.49251112000002,183.52871034666666,175.66653674666668,173.69804050666667,176.65292866666667,176.93891066666666,186.44478274666668,172.88930274666666,186.71326005333333,189.98177149333333,188.84875346666666,178.32516197333337,191.77958168,193.26772578666666,177.87909490666667,177.78152573333335,186.47720197333337,187.19887693333334,180.25138253333333,184.68687613333336,176.67946282666665,178.88240546666668,166.90027069333337,175.65511744,165.87663661333335,167.92811645333336,172.18225650666665,183.20936893333334,188.85449709333332,190.54263354666665,189.07285354666666,171.85229730666666,189.41101784,169.94847333333334,192.79627602666665,194.33881781333332,191.96479191999998,194.97981989333334,191.01123426666666,200.28606610666665,209.50907050666666,225.09074176,221.66327050666666,229.41636631999998,226.86560466666666,227.30675301333335,219.13349541333335,223.47942189333335,232.01806416,233.50469096,254.77842565333333,240.87707133333333,227.23058496000002,249.62919570666665,263.8822612,246.99035861333334,250.79784186666666,276.70104290666666,271.05321002666665,268.9636667733334,258.66335669333336,258.77464381333334,275.50752106666664,268.2039892533333,258.0315750666667,276.30020407999996,261.62391754666663,278.84484490666665,279.56076376,276.07936368000003,267.09417352,266.42150624,261.69232288,232.97994354666665,228.40771869333335,215.75424949333333,217.81265562666667,204.04895325333334,178.33862632,184.35768709333334,183.83686754666664,193.93289165333334,188.38605005333335,183.96139245333336,163.19615696,172.75421378666667,186.81440863999998,179.91081117333334,179.92976896000002,171.61784744,168.60203954666665,188.76839562666666,171.5885124,166.25882368,154.3356888,153.54454488,164.02947837333335,144.15847858666663,138.15441069333335,151.40354197333335,148.34919842666665,138.87140821333332,134.13850341333335,124.61497152,119.22809706666666,132.11537615999998,122.71438546666666,113.46529018666665,105.64932456,107.23087690666665,99.82121346666665,111.78831631999999,99.38155037333335,98.06408904000001,98.10237562666666,100.10673434666666,96.29456984000001,91.41275133333335,84.00023568,81.0730736,74.81899466666665,75.27959184000001,73.10423938666665,74.38598437333333,77.01535421333334,78.39845048000001,74.80838845333334,74.66724970666667,69.39472050666666,76.7791628,78.59344816,70.01736642666667,69.70110386666666,75.63584797333334,73.23252586666666,68.19710352,63.38170922666666,63.90541674666666,64.52420370666667,56.27615485333333,57.30326674666667,52.50103048,54.491914,62.34508314666666,59.83091352,57.497553413333335,56.664970079999996,65.41493733333334,52.51578786666667,46.31635594666667,54.258859439999995,51.929068906666664,52.51052744,52.783160079999995,50.77497069333333,45.808908,52.669119173333335,50.26920114666667,52.65430192,52.75431208,51.515308133333335,44.311371173333335,48.77318002666667,43.22389650666667,46.57903098666667,45.39923018666667,48.69525621333333,48.139149759999995,46.65820709333333,54.35533114666667,52.04790309333333,57.75416202666666,60.29705085333334,58.39230056,62.69120034666666,70.15479874666667,73.41440178666666,63.37745056,65.12262224,69.46799405333334,67.15777829333334,70.52556741333335,82.25443584,76.10618589333333,73.17290464,87.54277093333334,84.47233498666665,82.12632640000001,83.38622109333335,96.20967477333335,100.77359850666666,98.55348117333335,102.95401653333334,108.98412551999999,109.37051485333333,116.39388485333333,108.14979938666666,118.03203437333335,121.73895048,122.99863965333336,125.02159378666666,124.81197845333335,126.33664928,138.55732536000002,137.92907661333334,139.83571024,142.11294647999998,167.77588458666665,154.82629101333336,151.07335136,127.93776477333334,140.40288941333336,143.48117213333336,148.01365589333335],"in_packets":[],"out_packets":[],"in_errors":[],"out_errors":[]}}