{"message":"Aggregated IX data for Toronto IX","data":{"nServiceId":null,"width":286,"jServiceId":null,"start":1498565100000,"end":1498650900000,"name":"Toronto IX","in_octets":[],"out_octets":[],"in_bps":[239.67053405333334,254.8089184,260.69848277333335,280.49314733333335,266.89473512,256.73629853333335,265.86229125333335,246.47461877333333,262.36373949333336,275.7808430933334,275.6877716,291.7593399466667,303.16454330666664,299.6717202133333,297.8580334933333,295.7716714666667,284.10793197333334,330.3135480533333,346.25281106666665,419.67189549333335,314.1527769066667,320.89453445333334,312.7796989866667,456.9889019466667,320.5214630666667,329.1904273866667,362.24121242666666,350.7511235733333,434.48792583999995,363.3163778933333,334.45921637333333,364.68844104000004,342.33623210666667,330.30477688,342.91675583999995,367.69257605333326,373.66057272,389.77503368000004,348.60651757333335,332.85981248,336.99443560000003,337.47273293333336,327.0488441066667,342.4292993333333,324.73937850666664,355.69571957333335,348.7906936,347.2121777066667,365.1921280266667,382.7371102666667,371.5195400533333,352.01939527999997,396.46183136,357.7749320266667,378.69487576,386.7087577333333,395.3796477866667,381.39710360000004,364.4504033333333,391.6288556,382.49222168,377.9172877066667,388.42645072000005,379.6101160533333,389.75408818666665,354.44077501333334,341.4427137066667,326.7687104,501.28408906666664,344.4815770933333,355.2283540266667,362.82442984,334.36038672,343.0200845333333,364.41218208,349.0168565333333,372.92635893333335,341.90688805333326,327.0477520266667,328.7373393333333,335.04824586666666,343.36949381333335,324.80870008,374.39768663999996,375.62543288,384.7545756533333,378.52750832,360.88883362666667,340.3384632533333,378.6059707733333,361.65349280000004,361.7391615466667,362.6875284533333,332.50669328,361.8742618133333,359.5217586666667,367.87530216000005,401.6110111733333,399.5464862133333,378.19442216000004,373.48090706666665,342.8973826933333,346.4393925333333,339.0824873066667,348.78516448,345.07355536,330.2181768533333,340.7002512266667,360.17248856,321.08979936000003,352.96908194666673,343.8204524533333,349.48153173333327,362.9876231466667,370.7557027733333,353.9662939733333,360.30067298666665,375.0400365866667,360.6557335466667,408.6187830133333,404.44561634666667,356.0404848,305.86257837333335,286.53414477333337,281.0030772,313.6282459466667,277.86049949333335,287.51821528,286.6141131466666,284.47610789333334,277.4993126933333,279.3093269866667,279.35076274666665,265.93763013333336,276.97800621333334,298.30957306666664,322.34086338666674,271.11750914666663,285.7059003466666,288.3687657866667,284.29335682666664,295.0102779733333,335.68676618666666,317.2102752,299.4961466133333,311.1843023466667,319.6549449866667,299.3195560266667,292.8796640266667,287.0492128,270.9213775733333,298.6945509866667,278.14613298666666,284.48730528,272.58312434666664,266.05425728,271.58096704,274.9823448,273.62285317333334,279.45668376,282.32993194666665,285.3547410133333,301.5742895733333,296.85424544,287.6482379733334,282.66086839999997,284.23135834666664,308.1120892266667,334.75471290666667,317.57022477333334,308.23517352,310.5435635466667,281.0840928266667,281.73229597333335,292.10837336000003,282.92661176,291.76555368,299.5950061333333,279.79796624,270.03839039999997,277.2211410666667,306.7206812,272.2706830133333,277.84589232,260.54138493333335,259.3956265333333,258.85569472,244.00401746666668,255.76219613333336,252.36050528,219.69959141333337,236.39753653333332,246.76429610666665,267.1458296266667,252.08651888,270.6279895733333,222.58839733333335,205.02544474666666,211.52209802666664,188.80272216,176.43347242666664,171.79270069333336,185.29727789333336,175.21769928,179.80465869333335,171.54526525333333,161.88894738666664,161.98000608,166.07522522666665,170.07476778666665,166.28677128,154.82595786666664,155.32607154666664,170.45729408000003,162.02576914666665,181.37992645333335,180.83580514666664,170.39020637333334,166.58725162666667,158.67246464,143.37233776,142.03852938666665,125.14579429333334,120.98104266666665,136.76478317333334,137.60091981333332,155.81655648,145.99839866666665,140.10003053333332,154.4173864,137.68967149333335,135.35817631999998,129.7162752,126.3889372,138.37234685333334,130.09387434666664,140.04869861333336,134.86815925333332,124.01965261333335,129.19880717333334,124.08261162666665,125.2666564,121.68772159999999,129.97554733333334,134.57880674666666,124.64660794666666,114.4413308,117.31846269333334,121.71632831999999,128.13488866666665,124.91430050666666,146.07521066666666,141.13043463999998,144.08808789333335,131.19040434666664,129.27219616,127.73366514666667,126.93067338666665,131.01782114666665,123.54778376,129.44341997333333,135.86365410666664,139.69876869333336,154.02982133333333,153.312728,161.02986698666666,169.91278978666665,164.63509248,173.29572573333334,173.11096962666667,167.12172053333333,174.75753024000002,176.18829157333334,177.25846082666666,181.29752525333333,198.95412074666666,205.22078125333334,220.53908719999998,205.47932458666665,209.06543157333334,204.85622122666666,201.96204680000002,197.38232176,222.89971877333335,211.97494250666665,238.44430488],