{"message":"Aggregated IX data for Toronto IX","data":{"nServiceId":null,"width":286,"jServiceId":null,"start":1498910700000,"end":1498996200000,"name":"Toronto IX","in_octets":[],"out_octets":[],"in_bps":[182.12831266666666,211.89612578666666,212.06237138666665,228.25857456,202.56220514666666,187.00453037333332,193.47423402666664,201.19214253333334,219.68276957333336,242.08734717333334,206.22040149333333,216.90558090666667,195.72258850666665,217.84596610666665,210.86384354666666,217.78789882666666,219.91195528,224.74587,209.50070797333336,223.73043850666667,235.55887453333332,205.84850034666667,223.10322032,204.90531045333336,212.82247504,224.52106266666667,206.10817186666665,203.84606018666668,207.1074112,201.73307634666668,200.09820288,206.19342093333333,199.13450098666664,209.22866952,202.67709797333336,207.64589949333333,215.78925157333336,239.19311173333335,245.69356874666667,226.53161189333335,212.62227386666663,214.97151034666666,219.81322936,202.81730789333335,199.15275591999998,199.48189463999998,209.76049872,221.46090141333335,228.71194253333334,216.88533178666665,226.84574093333333,214.96651482666664,232.15183402666665,228.93235706666667,213.9240316,210.00276912,200.82069109333332,204.2031504,218.15498573333335,202.87100061333334,204.70771141333336,198.774224,217.22335866666666,213.98839645333334,223.33085581333333,223.91413352,224.85223093333335,221.42626754666665,217.63290234666667,216.22557696,219.39935194666666,241.21798917333334,206.42825106666666,216.51586909333332,215.17302253333332,215.14814533333333,208.30609656000001,226.30931397333336,224.38130928,230.98511701333334,218.49723826666664,221.77081890666668,237.5373728,214.22095072,227.80367610666664,241.55173029333335,227.13270861333334,229.70235541333335,228.67319186666666,240.69049621333335,233.52088053333333,218.57880559999998,207.66096397333337,243.59448749333333,226.00886613333336,226.38165325333333,244.13527957333335,244.93143232,238.08035298666664,237.01475826666666,209.86183181333334,191.69933077333334,205.33685445333336,211.34150216,213.39770133333334,226.36030258666665,199.43753725333332,205.37761365333333,217.37680901333334,226.19593165333333,216.52215696000002,220.30850218666666,215.78443901333335,206.95346032,196.95901496000002,207.56202280000002,190.93346781333332,190.13979482666664,190.74410805333335,197.59473210666664,187.52193973333334,243.10584850666666,227.47698728,199.27254272,207.91284197333337,217.373824,203.90722221333334,206.19094922666665,212.33799938666667,202.14721090666666,195.78456658666664,199.89277874666666,214.94698157333335,198.70260016,206.88289210666665,199.40400266666666,203.3044736,209.04899893333334,188.69648749333334,199.11276026666664,201.16010018666665,207.89523322666665,218.48610112,208.04266410666665,206.23936141333337,202.74083303999998,196.95942224,195.62620589333335,195.81936754666665,205.4875244,199.10728536000002,210.81238256,206.71891989333335,180.81243296,187.78947463999998,194.38621530666666,207.25246781333334,215.7338416,212.97502605333335,213.59311333333335,195.3376748,199.50158397333337,194.10134256,211.55503941333336,248.60375,218.9423084,216.30734629333335,207.90956776,200.89739842666665,203.24189088,210.68538490666666,225.75260704,217.19974397333337,240.79118021333335,237.4477896,236.87713101333335,215.29538087999998,228.18880869333336,245.53024410666666,228.46410712,219.689396,212.3058224,201.6251804,195.90282709333334,193.40587816,179.31480746666668,195.77023856,201.89143701333336,197.62620768,186.10359288,200.04519853333332,197.67941229333334,217.01896282666667,211.91715328,216.43488968,231.10612872,221.77741466666666,194.6663896,226.45326533333335,203.02373824,219.9120104,165.77125624,180.12333453333332,152.98859061333334,192.30889949333334,184.12393906666665,156.89563829333335,155.01491853333334,143.80938842666666,152.46783690666666,134.20320482666665,147.26739442666664,123.25468682666666,122.69816669333335,133.95769615999998,115.23630626666665,107.64076336,120.42731069333334,123.35608568,127.66328429333333,109.72254677333333,125.13831165333335,112.54348168000001,91.57155512,97.73018578666667,98.65532226666664,105.38279152,153.81527024000002,213.11992514666665,97.51212634666665,105.01394722666666,103.15333533333335,108.73293130666666,92.76558744,98.08742552,116.56303045333335,114.04957112000001,118.24196034666664,110.63336269333334,115.87238640000001,118.96816957333334,120.25775608,122.94514354666666,104.16836528,97.01356394666666,95.37066968,99.3880956,100.22267381333334,91.74412845333335,82.4983988,87.43288240000001,80.06250178666666,80.97868706666667,83.87649253333335,72.47985229333334,69.70755344,76.15754576,69.58689146666667,80.66612981333334,83.28323146666665,78.31256645333333,74.62193701333334,81.24122125333335,75.34947794666665,92.14050405333334,95.26109309333334,98.53440485333334,97.39661445333334,97.08461933333335,90.47408645333334,85.21554085333334,85.22196786666666,92.66440874666665,89.93049013333334,105.93210872,93.27119296,104.51310698666666,108.35243431999999,104.00727202666666,115.69730368,108.42251928,110.05223517333334,112.86672736,113.50634549333334,107.46105949333334,116.72291749333334],