{"message":"Aggregated IX data for Toronto IX","data":{"nServiceId":null,"width":287,"jServiceId":null,"start":1475366700000,"end":1475452500000,"name":"Toronto IX","in_octets":[],"out_octets":[],"in_bps":[383.3470236533333,381.9261694666667,410.13989736,414.9032633866667,424.8800265866667,397.64739450666667,391.2655414133333,411.8648630133333,398.9347148,437.52026368,429.82294322666667,478.73997672,431.33119128,444.17579936000004,399.6295684533333,407.9543305066667,378.7581813066667,380.9065389866667,412.3954360533333,391.8390357066667,399.3645613866667,421.32384831999997,455.5315933866667,444.79237741333327,448.91737504,422.42858064,400.5437384,380.4093186933333,367.3035817866667,371.0788762933333,374.04895674666665,367.7420370933333,394.5184349066667,391.25483776,384.4685703733333,384.6540573333333,504.10867944,453.57363616000004,432.81770575999997,394.2955305333333,363.32463144,346.55555848,360.34246624,338.2751828266667,312.76437778666667,329.7714480533333,350.5339438666667,376.4028657066667,404.8716887733333,332.3394704,306.3102240533333,298.76956586666665,286.89487706666665,300.5496762133333,315.86922239999996,293.07676568,278.35131064,280.79050448000004,251.07017503999998,335.5792681066667,226.96630944,242.74941661333335,237.13795645333335,234.58258688,224.62478370666665,229.30838152,223.1289088,203.24262968,217.29841269333335,229.21684245333336,240.93181792,224.85361781333333,189.78107216,189.76418413333334,192.70462282666665,188.75133290666668,180.81185573333335,170.09172757333334,157.66396842666666,157.34132119999998,150.84630303999998,159.38930328,142.61705848,166.40080029333336,165.67666597333337,177.42378773333334,180.45783714666663,172.87990826666666,155.77447904,145.84536773333335,174.96502786666665,171.81512258666663,182.74646229333337,198.4854172,173.59942576,180.30015469333335,204.85619954666666,193.89882485333337,169.51910378666665,123.80308530666666,119.85814101333335,126.37122664,123.01518162666665,120.65522656,107.07067208,124.06819488,136.49659736,118.52371677333335,118.18634143999999,99.08881618666665,125.04142242666666,148.30427122666666,118.78960698666666,151.53743418666667,107.73022456,99.45179064,111.87834098666664,108.09429253333334,106.99855613333334,98.22210336,109.89198845333335,209.57784576,114.66091874666665,100.23781298666665,139.65592056,134.54694802666666,135.08361119999998,136.95200346666667,135.387224,113.95147056,113.61262136,129.35433288,145.42393256,153.70060592,157.6855256,161.65087293333335,148.11454314666665,172.01871658666664,153.28928738666664,166.49265296000002,205.76701928,211.19378965333334,247.47357138666666,261.14409242666665,273.98217664,245.76342314666664,192.87741474666666,207.62281442666665,233.82594914666666,231.40354682666666,194.69690357333334,229.68643242666664,220.41571605333334,230.75196469333335,269.804262,251.55964541333336,245.16448997333336,246.20144146666667,254.92485258666665,296.1155410133333,256.87786874666665,264.7988801866667,295.8540899466667,308.24250208,346.70454528,352.68261176,328.10621869333335,305.85833586666666,352.0791545333333,385.2777019733333,405.3508109333333,412.44814693333336,416.9877264533333,458.6766146666667,418.4685240266667,339.1597302666667,339.43304168000003,312.6341392,340.1338927733333,326.1787501066667,352.1450188266667,366.8224332266667,372.6204616533333,352.17850381333335,366.10630642666666,398.16830818666665,395.5781350666667,424.5771638933333,308.91862672,351.96318544,409.20359469333334,387.0021658133333,438.9342811466667,418.04927298666667,361.6801091733333,391.38563301333335,401.1577035466667,460.5877484266667,457.3284962133333,432.02819410666666,442.82068232,386.9647103466667,360.81803045333334,413.7336505333333,425.9877883466667,428.4248686133333,399.1608198133333,448.85525432,795.9546214666666,765.32385872,717.7719188266666,822.2570922133335,668.2929757866666,641.45311352,511.4273058666667,480.5189257066667,1349.7680347733335,1529.5237446666665,1459.22066008,1445.82384632,1582.0233192266664,1564.7574719466666,1494.0455810933336,1488.1419741066666,1482.6845461066666,1437.07660416,1413.5038116800001,616.1258016,672.2348531733334,628.9133779199999,557.15628752,407.4854094133333,395.2721774666667,462.9388548,390.3177290933333,500.9175383466667,434.94655656,429.23502127999996,465.11606901333334,457.76157912,459.8868649866667,464.0549542133333,511.72303536000004,527.85155088,518.8566246133333,475.70094413333334,458.1221628533333,443.6493925333333,489.3452122133333,478.5747630133333,463.58304144,443.49188264,436.05874464,417.64410776,373.36191448,438.9105415733333,461.16014122666667,463.80207176,455.78872256,426.65828765333333,379.79230712000003,387.54216368,427.95255792,462.87692576,372.5776683466667,303.1446159466667,339.82653048000003,342.35681637333334,371.64698952,344.67598560000005,365.65406296,361.91830061333326,365.75570039999997,358.92359274666666,368.4755269866667,338.88548536,311.8329604,342.0054166133333,324.15135592,319.2965312,334.0119886933333,348.5033048533333,355.67094549333336,390.51367904,401.22150141333327,416.3130175733333,404.94259592000003],