{"message":"Aggregated IX data for Toronto IX","data":{"nServiceId":null,"width":287,"jServiceId":null,"start":1507377900000,"end":1507463700000,"name":"Toronto IX","in_octets":[],"out_octets":[],"in_bps":[107.31250437333335,97.53264176,104.92866717333335,103.77171693333334,111.34750741333335,119.08384226666665,128.59209866666666,135.94013912,126.44259709333335,114.76200936,137.16196418666667,147.77438234666667,146.10395431999999,141.35193045333335,140.28438394666665,146.85571984,144.43790866666666,139.55911069333337,164.75630469333336,155.68523162666668,142.72316584,149.37736890666667,152.54606533333333,154.38761149333334,153.38144141333336,150.15942893333334,149.05596176,167.12652442666663,160.78346013333336,157.17419525333332,160.77134970666665,174.1150576,175.56655330666663,165.77949962666668,175.74600218666666,179.05517584,174.07115501333334,176.62412624,187.36548904,174.84995181333332,176.78361074666668,156.7027956,160.10001394666665,163.73904149333333,176.89530354666664,178.68963616,173.98245013333334,189.08138554666664,186.83106045333335,183.13982944,180.57349613333335,199.408038,209.27928826666664,170.14972762666667,170.50455949333335,191.48213205333334,190.23750418666665,189.59423109333332,178.98908104,177.66820061333334,187.28886247999998,188.68667872,186.50382562666667,193.39171240000002,180.67758493333335,176.4567396,170.82268765333333,173.21359098666665,178.57721410666664,176.95816221333334,174.16211122666667,173.76019914666665,186.98641656,188.90441128,184.31971258666664,184.77925941333336,177.98177954666664,180.630054,192.94603930666665,178.44150970666664,179.77376882666664,171.15683266666665,181.95550578666666,186.25566570666666,181.27250213333335,190.76934042666664,184.31225397333336,190.2359876,174.36775522666665,179.36963093333333,183.63364810666664,185.40078069333336,191.11524504,183.81669936,179.39909888,179.07727968,182.76135984,187.88366832,182.45229010666665,174.90279765333332,174.83252581333332,176.95195906666666,176.41341213333337,186.59942496000002,173.90154216,185.43334704,191.21559130666665,188.37364119999998,177.97153088,192.06786104,193.80443410666666,177.05240453333334,177.41996261333335,185.81273480000002,188.42764706666665,180.28387984,185.33842973333336,175.10791818666667,180.27590842666666,167.013368,175.67327906666665,165.06938021333335,169.25028208,172.09748626666666,183.18630216,189.55031832,189.56821845333334,189.10087066666665,171.92208792,190.88235576,169.61536658666665,191.86596013333335,196.06151842666665,191.81458906666666,194.86646488,191.35008181333333,199.55469981333334,211.20855594666665,223.34286333333336,222.80384429333336,230.24409258666665,226.63721509333334,226.55650989333336,220.87573885333336,223.14543453333334,232.18730456,234.34220480000002,254.03164103999998,241.15493986666664,226.75666912,249.9460952,263.2434231733333,247.7034004,251.37991813333335,276.95367365333334,269.82414104000003,270.96428242666667,258.99457394666666,256.42416010666665,278.50817421333335,266.2038145866666,259.4614760266666,275.46762506666664,261.35565922666666,280.57942869333334,279.75177762666664,274.4332384,268.63636312,267.27735992,260.1449272,233.26210877333335,228.33282445333336,215.80791216,218.66118405333333,203.12258333333335,178.64021186666665,186.59909154666664,182.44143408000002,194.22066330666664,187.7116148,183.46645101333334,163.64295002666665,173.71152618666667,187.06055272,179.94916098666664,180.38283458666663,172.36197997333335,167.22385274666667,188.55166570666665,172.43571776,166.44296730666665,154.49056658666663,153.71475456,163.42213072,145.08849906666666,137.60626013333336,152.80230506666666,147.81130288,139.02782162666668,134.55069346666667,123.88394871999999,119.53935168000001,132.21146250666666,122.64142965333335,113.84942064,106.15190378666667,106.80966423999999,100.44862584,111.24601570666667,99.63626498666665,98.25677648,98.42681957333333,100.05691058666666,96.57137706666666,90.83766016,84.5560276,81.54616490666665,74.87107714666666,75.65730136,73.07317272,73.69042338666665,77.96012514666666,78.5946708,74.79610181333334,74.89889877333334,69.83257904000001,76.28463746666667,79.33653738666665,70.12660469333335,69.49238672,76.08245848,73.43019610666667,68.65206306666666,63.02004368,64.76102856,64.95120056,56.61445173333333,57.22761298666667,52.8822552,54.54962986666667,62.49915592,60.08992986666666,57.78521333333334,56.55431821333333,65.53105594666667,53.145854533333335,46.48437514666667,54.17708888,52.37979317333333,52.98191578666667,52.59082861333333,50.78426618666667,46.58960853333333,52.836394453333334,50.26729949333333,53.47813672,52.64805525333333,51.43682445333333,44.89993056,48.687797493333335,43.395490906666666,46.84613544,45.562209280000005,48.91621781333333,48.34473920000001,46.933775759999996,54.69493328,52.02100122666667,58.19753221333334,60.202241013333335,58.76670368,62.684338266666664,70.85179917333333,73.51265832,63.35504282666666,65.22305936,69.43207965333333,67.87084818666666,70.79497458666665,82.56501370666666,76.31110872,73.66740133333334,87.63083784,84.59006936,81.77411018666665,84.00676525333334,96.55777594666665],