{"message":"Aggregated IX data for Toronto IX","data":{"nServiceId":null,"width":202,"jServiceId":null,"start":1480972200000,"end":1481032500000,"name":"Toronto IX","in_octets":[],"out_octets":[],"in_bps":[969.6334270933335,935.3100611466665,944.9824858666666,891.73795112,857.4731078133334,878.2864334933334,823.41373304,895.0490679733334,940.7281930666666,946.9869233866665,947.14155,911.13101288,857.5488513333335,882.2889381599999,874.7318933066666,897.2328355733334,911.05199472,860.1373770133334,859.28580456,885.6353447466665,840.3862182933334,869.6945043466666,934.2827342133335,932.6502626666665,913.79965896,888.9718172533335,885.0663768266666,878.0926650399999,920.7116080266666,849.7854356533335,844.8989940533334,873.4018912,852.9599784,817.0871964533335,924.6940121599999,870.5580784800001,851.54667136,892.0930246666665,934.87853496,868.5484541333334,863.5710462933334,881.0070003466666,806.9903620533335,631.6237351466666,617.94976664,899.13211448,668.1321065066667,584.8438172533333,594.5358283200001,542.8109140800001,593.5752693866666,783.8317596,811.9621260266665,885.17583776,787.31994736,861.4190758133334,836.2078361599999,782.65437712,875.2280510933335,784.7512739733334,905.17635824,719.7105328533333,445.57120794666673,336.0376202666667,334.1580853066667,357.8919365866667,331.70208725333333,353.4283397333333,366.5974381866667,410.4282340266667,432.9575651733333,411.7882191733333,418.6635839733333,365.327774,392.7730341866667,377.83223208,395.2968230133333,365.9802660533333,357.3936560266667,354.8011536266667,360.5195142666667,368.1172542133333,376.67616424,352.5971224,333.00380549333335,301.9484295733333,308.13095519999996,329.66353936,308.1369810933333,306.01869896,318.4769808533333,316.41294725333336,287.88880274666667,302.8553577066667,302.25282498666667,303.40964832,284.12560285333336,232.63094482666665,260.74639133333335,292.37982037333336,227.99531733333333,182.79790306666666,189.39131888,216.20664669333337,195.09670519999997,207.87549096,205.15131901333336,213.97672293333335,223.84332546666667,250.91599445333335,225.95177976,277.00597946666664,227.51144754666666,195.61155952000001,186.72363218666666,222.14511962666666,339.96706312,466.2630807466667,197.36341128,164.71810042666664,137.40888968000002,130.74859194666666,129.72299314666665,155.46370530666664,143.39276002666665,171.14435,195.30570477333333,183.62787901333334,179.75559976,160.57646944,164.25570554666666,259.83486989333335,195.636548,216.90352626666666,253.88457378666666,246.49022610666665,164.96431042666666,149.64691853333332,175.36039112,152.84697618666667,136.38514141333334,212.17917319999998,129.60827413333334,154.12776642666665,133.98994576,140.64623061333336,139.50509394666665,132.93456221333335,135.38061890666665,130.00284152,133.11389965333336,120.82034746666666,133.65970082666666,156.58329186666666,128.56072695999998,131.45351925333335,159.98849152,152.63194432,138.96524490666667,155.95755154666665,134.38924674666666,128.91595184,141.44840853333332,151.80063106666665,157.84340802666665,154.69820066666665,145.47739152,156.13072021333335,167.63654288,159.05258544,186.70258653333332,172.15650624,162.22169794666667,184.05823285333335,161.84410229333335,166.95007944,184.53575085333335,179.25422109333334,166.44358191999999,172.22796962666666,179.45726888,184.67013744,173.32591466666665,179.70825024,190.75132770666664,188.81667130666665,207.23339008000002,210.14307293333334,243.04315248,264.0713194666667,251.68781847999998,265.49869749333334,269.76029944,305.0054142666667,339.88544584,321.94752410666666,323.39768725333334,270.05956517333334,250.62500429333335,293.12792048,302.16849232,302.80047069333335],"out_bps":[966.5498993866665,940.1009979199999,942.3748410133335,885.2991121599999,853.65099704,862.3318411733334,831.9398873866666,894.1800653333335,939.6103083733335,946.6430814933335,945.4280681066666,908.8365065866666,856.61443816,877.2955765866666,875.0869024,889.6573913333335,913.9836416,852.68241232,863.3522439733334,879.6405442133334,841.8416312,866.65220704,928.0752914133334,932.9131062666665,911.5009517866665,890.1053479466666,884.5614238400001,866.6762396,920.44924664,853.5917863733334,836.6320170933335,875.3525940533334,849.1787257866665,814.9935081599999,922.7535783733334,864.7940812266665,851.2154704533335,884.9329837066666,929.35487976,874.8964330933335,861.3924550933335,874.4955854933335,808.9468595733334,630.8789864266666,609.6503256799999,896.7540334400001,675.1908610666666,578.49282,593.692838,545.9548853066667,590.5223728,774.0242840533334,812.1220071466665,886.9253919733335,776.7943119733334,857.5464174666665,839.8405443466665,784.10072312,866.9819668533335,782.3027814400001,903.1467134933334,724.5879761599999,446.6803789066667,335.056384,333.1644056533333,359.56026506666666,330.7988205866667,353.72922954666666,365.3131202666667,410.18383495999996,434.2680860266667,412.2275104533333,413.2098702666667,366.7142545333333,388.34577149333336,381.64581293333333,393.83131301333333,365.63105224000003,357.7154528533333,354.94881794666674,359.75977136,365.3387558133333,372.6264754133333,356.55758304,332.65321584,303.6723840266667,306.9306525866667,327.0710565866667,306.46690813333333,308.81809005333326,318.3831737066667,315.06618424,286.7993802666667,302.8782912533333,299.01120760000003,306.01118722666666,281.21728978666664,233.85880970666665,261.2932013066666,292.29295751999996,230.18047861333335,179.83568463999998,189.8084504,214.26147445333334,196.14621018666668,207.67601797333336,206.46547349333335,212.35209517333334,225.02894936,247.85520986666666,225.77315776,277.63286264,226.77318341333336,195.18475746666667,187.23623026666664,220.25655192,337.12786064,468.80418762666665,197.42699503999998,163.25935176,137.37236741333336,130.52732189333335,129.37277701333335,155.31243744,143.97347344,170.14654509333334,194.46675557333336,182.78838157333334,181.06854352000002,160.67922114666663,164.28963802666664,258.9864568533334,191.29592376,220.76394405333335,253.39264538666666,247.32837472,164.52697837333332,148.89365837333332,174.95464733333336,152.58079106666665,136.46091445333334,209.85225776,131.15252309333334,153.28297408,135.03236848,140.17425730666665,139.11656565333334,132.78579312,135.44537266666666,130.25061861333336,132.55387090666665,120.5197812,134.06576922666665,155.18761229333336,129.16120632,133.36067656,157.78507333333334,153.10555749333335,137.59023029333335,156.25661663999998,134.67524797333337,128.06703402666665,141.44655909333332,154.29098917333334,155.64630168,154.96939410666664,144.96122930666664,155.27486541333334,168.26777938666666,159.42827298666666,184.43042746666666,172.80825109333333,163.43519509333333,183.91818304,161.00052261333335,167.47118061333333,184.81714002666664,177.15810042666664,167.37701005333335,172.18791557333336,179.02651272,185.60027480000002,172.59899928000002,179.29208816,191.09809050666667,186.99216069333335,211.94894997333336,207.50791656,243.08913608,263.39315616,252.82765818666667,266.30429885333336,268.01839770666663,306.7931968533333,337.7307096,323.55250981333336,324.15747762666666,268.05295272,251.45331136000001,294.16485264,301.1705084266667,302.3244011733333],"in_packets":[],"out_packets":[],"in_errors":[],"out_errors":[]}}