{"message":"Aggregated IX data for Toronto IX","data":{"nServiceId":null,"width":214,"jServiceId":null,"start":1499976300000,"end":1500040500000,"name":"Toronto IX","in_octets":[],"out_octets":[],"in_bps":[299.24929154666665,288.8989252,294.44448656000003,275.88791370666667,280.87571973333337,285.2258170133333,288.9936949066667,290.17563138666674,283.2632144533333,280.85663578666663,273.23804221333336,282.074994,283.6575898666667,299.8026748533333,346.53141312,310.69607912,311.50599149333334,295.80672032,280.48723408,281.1938769866667,279.57931277333336,279.445044,275.33048792,285.4258879733334,295.91068042666666,279.97383986666665,293.1225147733333,288.12038565333336,291.9120245333333,274.05464450666665,276.57258728,270.66417512,286.9525393866667,290.79581976,278.15072616000003,283.11704144,295.82289509333333,295.3773583466667,316.80978898666666,276.7086936266667,274.87590375999997,287.7418577066666,281.31045888,277.8809615733333,268.7434710133333,282.52265013333334,301.75242789333333,279.8161407466667,294.5618874666667,273.0826088,277.58853552,263.1580464,280.98337968,292.22284456,297.7880580266667,285.0177821866667,287.80909312,284.8619198933333,295.23031496,300.8839048266667,285.3006309866667,299.8458937333333,285.70223319999997,287.27884848,276.34007162666666,271.5448833066667,281.28769002666667,276.54856032,300.34678850666666,271.57679472,275.52262626666663,276.95568696,274.48055626666667,286.1243831466667,271.33581952,268.00236464,264.0889156,267.39511618666666,260.1117450666667,259.89442424000003,265.15948813333335,252.20364906666666,243.14450733333334,246.17835421333334,266.09048128,265.23073581333335,234.09532909333333,260.92161568,229.90559056,230.44736189333335,230.15547778666667,222.71816509333334,220.97329466666665,218.7411508,204.80767247999998,202.66674208,206.75875703999998,210.87533744,210.83416184,200.61042149333335,194.21877229333336,183.25467058666663,180.95569848,166.08137309333333,171.75905021333332,173.90170608000003,165.83472642666663,177.69181189333335,174.56475591999998,181.78304416,190.42212487999998,151.24252858666665,148.75244082666666,153.0291364,158.71658440000002,156.66177130666665,135.63946536,145.69523789333334,139.40038810666667,135.90450058666664,134.30254453333333,138.50344301333334,147.85426322666666,123.53542474666665,127.44017717333335,116.51782509333334,110.49342090666666,114.28742016,112.78825352,113.75086650666665,110.96825114666666,113.50773368,122.71182490666665,129.69297426666665,128.94503709333335,111.20941962666664,94.88394904,98.88597384,98.25150426666666,92.91539237333335,98.56685994666665,98.98276197333334,97.88628677333334,105.88886725333334,112.78073466666666,123.28522685333334,120.50248274666666,110.00054693333334,112.88775421333334,113.89048293333333,117.42734408,133.08894154666666,110.27792354666666,123.32288914666665,100.87770973333335,84.40920805333334,86.16261530666665,96.21972720000001,93.14964981333334,109.27409669333335,124.59449474666665,110.07942170666666,112.49066802666665,116.80581034666665,110.76832725333334,113.45626261333335,109.78899354666665,110.83096349333334,136.81285448,112.63392128,132.13402874666664,129.15430421333335,140.19982842666664,130.31731234666665,130.82948354666667,143.52817424,138.06442602666664,143.93797445333334,150.75537541333335,178.41283208000002,162.32745184,165.28105002666663,162.89540752000002,183.51749133333334,182.9218684,186.70177997333334,188.07386509333332,183.45623525333332,196.48060797333335,204.02084626666664,201.3743744,215.18198786666665,220.49736072,216.63578365333333,228.65194125333332,236.22703853333334,237.346064,242.83927501333335,241.72957437333332,225.69853885333336,242.64003442666666,256.06503754666664,255.87722608,237.78452565333333,230.89641354666665,245.41915512,240.42427528,248.73975522666666,233.96257349333334,241.90764410666665,241.34378994666665,255.77197488,248.35775162666667,277.99776584],"out_bps":[314.4545204533333,297.93209682666674,287.3625461866667,293.9535046133333,273.44742613333335,280.57829418666665,285.13470757333334,287.82528909333337,288.13896557333334,282.01132824,279.26852104,272.2219913333334,281.28661258666665,283.23932669333334,298.7960607466667,344.1497499466667,309.5834587466667,310.8390885333333,294.93739727999997,279.90765053333337,279.1351028,278.63889306666664,279.20943853333335,273.91394002666664,283.1142296533334,295.42768189333333,278.79816717333335,292.4990924,287.06863319999997,289.80728896,271.61320946666666,277.71994872000005,268.45014685333337,286.96595469333334,274.41863144,284.80083487999997,293.3339774666667,293.96931632,315.5891500533333,274.10552288,275.1274178933333,286.9587086666666,287.7377298133333,280.82980853333333,275.2902533866667,269.1030450933334,282.43349338666667,297.17912749333334,280.01749168000003,294.03906448000004,271.97781263999997,275.3353578666667,261.57697501333337,281.2253670133333,291.0770060266667,296.3798902133333,283.38825813333335,287.10621997333334,282.8586589066666,292.3268966666667,302.9903903466667,280.16716242666666,298.22089450666664,286.2338400533333,285.1222806133333,274.36407490666664,270.8411339466667,279.8508824533333,277.35559538666666,298.51713576,268.58589813333333,274.64482474666664,275.07350584,273.9364141333333,283.22211210666666,271.99997634666664,265.60251256,262.83274029333336,266.19580176,258.48428136,260.2848308,263.1482252,251.1952512,241.01256445333334,245.36931088,263.47881936,264.754228,231.86040703999998,261.82253224,227.13861954666666,228.29939205333335,230.19007229333334,221.61316186666664,220.12552677333335,216.25160384,203.52053866666665,202.06637885333336,205.90228045333336,209.27226968,210.0720784,197.74471410666666,194.33952653333333,183.05738013333337,177.86043378666668,165.13439714666666,171.82904250666667,171.34795333333335,165.90267578666666,175.69361466666666,172.46372002666664,181.19198533333335,188.31782194666667,150.74728149333333,147.91390098666665,152.06141906666667,158.06039701333336,155.95640050666665,134.08348813333333,144.31904224000002,138.42066458666665,134.10956917333334,133.34189509333333,137.75455037333333,146.79976581333332,122.28863893333333,126.62480802666666,115.36115066666666,109.42407984,112.58468912000001,112.46279330666665,112.49314624,109.89540720000001,113.21114077333334,120.01154936,128.47353405333334,127.96696738666665,110.31791805333334,94.29486202666665,97.77355712,97.09988994666666,91.79263522666666,97.50339837333335,97.87316304000001,97.20369184,104.079994,111.31890944,121.68492165333335,119.12006109333335,108.93795370666666,111.05032888,113.08041218666665,114.96949,132.31184562666664,108.80712016,121.94389624,99.54287573333335,83.82161722666666,85.20899138666665,95.46055613333334,91.89036648,108.14381064,123.58672872,108.91715850666667,111.72013885333334,115.08844293333334,109.65520909333335,112.1317816,108.62277029333333,109.95976189333335,135.46837218666667,112.03668418666665,130.41925914666666,127.78662312,139.48352896,129.2683264,129.64133437333334,142.34561325333334,136.54334034666667,143.21757242666664,149.94360877333335,176.49542176,161.88024453333333,163.10315362666665,162.20234789333335,181.12285512,183.35458514666664,184.19620285333335,187.07422765333334,182.20763336000002,195.77431856,201.97097568,199.04511290666667,215.04375165333335,218.39330813333336,215.09445904,226.86008263999997,234.76615794666665,236.17983616,241.11817696,239.98212488,224.62142205333333,241.30703133333336,254.05116592,255.00097202666663,235.75073952000002,229.38909306666667,244.86530877333334,238.82812904,247.51720466666666,233.02848064,240.73566858666663,238.76207792,255.19931786666663,246.66226416],"in_packets":[],"out_packets":[],"in_errors":[],"out_errors":[]}}