{"message":"Aggregated IX data for Toronto IX","data":{"nServiceId":null,"width":215,"jServiceId":null,"start":1487275500000,"end":1487339700000,"name":"Toronto IX","in_octets":[],"out_octets":[],"in_bps":[240.35958917333335,242.91008064,250.24756066666666,236.00138122666667,227.8377164,225.85047594666665,240.91518173333336,235.77529386666666,268.60862727999995,262.61827258666665,261.13510069333336,243.68984266666666,231.32997877333335,267.1442692,262.14815784,269.2348386933333,252.4232508,268.11202898666664,241.13014778666667,268.28061333333335,241.00067669333336,232.40301525333334,243.15588322666665,247.74756437333335,237.73142869333336,240.01624597333335,241.98420181333333,233.02106752,235.55236834666667,243.7017068,245.95188469333337,247.95381056,241.07515074666668,219.42099426666664,221.58552871999999,219.94002978666666,248.02843906666666,230.79959272,255.31135493333335,222.79291354666665,236.34684704,235.80282386666664,235.25899040000002,259.56868928,249.50564218666668,219.54359090666668,235.82224232,234.22123173333335,233.4165536,230.26452312,241.63334194666666,243.97203837333333,245.54539306666666,261.0398272,268.4596889333333,236.27248296000002,245.51925506666666,255.65935661333336,255.23508733333335,278.3220111466666,247.07636592,240.80493946666667,239.17119744,253.73347,298.9840243466667,265.1680120533333,253.72611597333335,257.25788944,251.84056434666667,242.04453962666668,264.98841869333336,243.27169338666667,259.25423125333333,247.79461805333335,249.02087928,239.25346594666667,275.5691776533334,255.59519570666666,246.06443882666665,260.2859754666667,269.59847149333336,274.27804688,237.22767554666666,238.84056594666666,240.5406024,249.244214,236.31411754666667,252.55003149333334,244.27821818666666,236.94206581333333,241.00580138666666,215.89174045333334,223.92188218666666,219.45054,208.47736445333334,208.47162090666666,229.76636405333335,222.69967776,225.53733394666665,215.14578141333337,193.86539231999998,210.19275024,197.52088757333334,185.45335989333336,182.70821538666667,165.52330831999998,181.81059346666666,177.08052912,163.77158210666664,151.64055493333333,159.26426632,152.35700136000003,148.26123432,179.11308970666664,143.42490418666668,144.51545501333334,141.79438365333334,125.34755058666666,137.04255736000002,119.23965250666666,117.07387829333334,129.35809338666667,141.41287189333335,125.15560458666666,135.08708970666666,127.21722856000001,132.8767244,120.11311456,114.41989829333333,107.87224256,116.65343877333333,97.02477344,98.45550304000001,98.22998032,92.94572714666666,104.07669245333335,103.13580328,94.47842453333335,93.78801389333334,95.02191434666665,105.24636896,94.56826085333334,97.43688384000001,84.54134994666666,91.23795768000001,82.55348384,88.06597216,92.60811189333334,102.32682605333335,80.03600157333334,77.03123674666666,72.82394823999999,78.98159797333335,82.57761608,83.88902712000001,79.23279754666666,81.50866565333335,69.13840328,69.92746605333335,70.11843482666667,66.6651224,71.56603095999999,76.94104445333333,79.27358997333334,69.61532994666666,114.94352304,68.72189186666667,61.9374724,62.13884882666666,69.83091712000001,69.88939640000001,67.11481984000001,68.28716725333334,64.60186818666666,66.76817882666666,58.06925186666666,61.31841282666666,71.65900234666667,66.18430856,70.73036626666666,73.61491013333334,79.23665946666667,84.62372082666666,78.56722856,92.57806615999999,87.81697095999999,99.26369392000001,97.39842973333334,96.46383272,99.70002423999999,113.99832405333335,110.41873792,119.83392,116.97128042666667,118.44195101333335,118.71884450666666,128.73230557333335,144.14498618666667,151.05528261333333,149.76409413333334,145.92335157333335,148.89678264,138.56559274666668,150.17560421333334,155.82653928,147.10836253333332,156.83480322666665,157.28034429333334,170.25726610666666,188.58478373333335,189.24978256,180.21975461333335,189.03025298666665,189.99651714666663,195.69601149333334],"out_bps":[242.9525116,240.41731661333336,250.66717922666666,234.33937168,227.14709159999998,224.65104309333333,238.56064103999998,235.35215072,270.1468686933333,260.07382584,262.42377261333337,242.78417210666666,229.06467709333333,263.87043050666665,266.22484610666663,273.7083192266666,241.94041389333336,268.7947172533333,238.25469338666664,270.75587824,240.04792519999998,232.468312,239.73860690666666,248.54546154666664,236.28930365333335,239.17331314666666,240.82365952,234.2843508,232.69117837333334,241.17457138666666,247.00542357333336,246.83958922666665,237.13442648,221.12671138666664,220.55128864,216.84935224,244.98573653333332,233.364086,252.20158509333334,224.40606050666665,236.28305245333334,235.44328408,233.08943384,259.00258,248.3469576,220.04033176,234.36385719999998,233.53625346666666,230.62154997333337,229.34109632,240.98352074666667,240.74442008000003,246.47019381333334,260.5255044533333,267.79436805333336,233.92243709333334,244.48112063999997,255.00066816,256.17225424000003,274.87369528,246.15246280000002,239.5433136,240.39502034666666,250.71170898666665,295.82364448000004,267.85671616,251.02309698666664,257.52216016,249.21553938666665,240.6018632,263.8034696533333,241.97543357333336,258.1401105333333,247.5598144,248.91563818666665,237.27383016,272.3910408,256.19856144,245.45524730666665,259.038828,268.32945701333335,272.35344768,236.42888349333333,237.31118514666665,243.66497328,243.78686837333333,237.46307042666666,250.31276701333334,243.87150928,236.10180775999999,240.35296578666666,216.06996514666665,222.87231010666665,218.54639344,206.50145791999998,208.57029912000002,228.03798608000002,219.76467552,227.89935224,212.61135919999998,192.65731805333334,209.29031405333333,196.21519466666666,184.58886074666668,181.13424096,166.72174552,179.65000778666666,175.58763962666666,163.86318698666665,150.17751034666665,160.01956488,151.56516992,146.59417986666665,176.74265504,142.8237128,145.40971957333335,139.69923808000001,126.73851093333333,135.68541314666663,119.30692248,115.72955458666665,128.63386018666665,141.02125709333333,124.52476602666665,134.81712189333334,126.56908984,132.4509732,119.72037637333335,113.66887053333335,107.69982282666665,115.34275218666666,97.11955376,97.9303116,96.31055479999999,93.3071092,102.94686090666666,102.81217277333334,94.91947682666665,91.92828538666666,95.33288541333334,106.02580568,92.45462426666666,95.98744064,86.09761408,88.77161256000001,83.504378,86.25071629333334,93.00309578666666,101.54295232,80.41535282666665,76.08287789333333,72.57551002666666,78.67716370666666,82.98492810666666,81.77308157333334,79.69652677333335,80.72613165333335,68.63592637333333,70.16909023999999,69.48370744,65.05335685333334,72.33592834666666,76.13052322666665,79.50435658666666,69.23655893333334,114.49856701333336,68.23015735999999,61.10337202666666,62.59837874666666,69.09008295999999,69.90584189333333,66.60903909333334,68.17261461333335,64.05705760000001,66.18361205333333,57.55685184,61.55741346666666,69.4770704,67.52929821333333,70.47602592,74.07785688,78.901882,83.55634631999999,78.47061277333334,91.26261744,88.27885957333334,99.07080157333334,97.79409101333336,94.71847373333335,99.74979882666665,113.25947725333334,110.14954562666665,119.42256376,116.62647784,118.6962912,117.49773826666664,128.27924594666666,144.16355024,151.91191528,147.98944330666663,145.44931994666666,148.86333728,136.96583146666666,150.14382906666665,155.12646021333333,147.05568050666665,155.58681114666663,157.26553768,169.41186869333336,188.14232626666666,188.68216482666665,178.55127085333336,189.85244224000002,191.32991791999999,191.19953861333335],"in_packets":[],"out_packets":[],"in_errors":[],"out_errors":[]}}