{"message":"Aggregated IX data for Toronto IX","data":{"nServiceId":null,"width":286,"jServiceId":null,"start":1509235800000,"end":1509321300000,"name":"Toronto IX","in_octets":[],"out_octets":[],"in_bps":[162.46164946666667,155.11959096,153.19717101333336,154.36821845333336,151.06032744,163.64588464,169.58140490666668,173.95946709333333,163.92316045333334,175.71690816,173.61454192,173.61154602666664,165.94251754666666,155.27838941333334,158.36824845333334,182.62806952,161.17131709333333,165.17885453333332,180.44985565333334,169.09798456000001,171.08233490666666,161.34423493333333,166.309592,156.69186165333335,159.93898,158.4591036,143.34249949333335,163.49991104,152.50813042666664,153.14769696000002,145.45208629333334,154.57807408000002,159.75132442666666,150.64127005333333,154.64940325333333,152.3090872,143.63084501333336,142.56720533333333,140.36837784,134.49633888,129.01225133333335,147.85371045333335,138.80119306666666,132.94473744,144.44383445333335,125.36677666666665,124.83980010666666,117.53520616,127.79436061333334,119.33810970666666,115.77536618666666,121.7087144,100.64616789333334,104.12119192,100.58815178666666,107.33319730666666,105.7893184,92.06832912,123.73179904000001,102.93173544,97.54746898666664,86.22240074666665,91.52802472,90.50218736,93.94278234666665,95.14057064,106.84452376,101.36488336,96.68583917333335,85.75721298666664,82.19780008,82.81434258666665,76.12150725333333,67.28375941333334,73.32502677333333,73.80701328,73.2471296,73.06559242666667,75.12671962666667,74.74076685333334,71.38341237333333,74.08051856,62.51127962666666,69.89606322666666,59.524792293333334,68.21647554666667,56.38567696,58.85264029333334,56.29869461333333,55.391374240000005,48.62361706666667,49.966383840000006,46.61260248,46.737573733333335,50.681639813333334,45.46982541333333,51.082668399999996,46.91759210666667,46.12300458666667,44.24211882666667,52.20385856,41.391837280000004,39.649819146666665,39.78043032,41.27009533333333,43.59658045333333,40.37708232,39.86667016,41.064167733333335,39.136831333333326,36.73394272,42.08963512,36.915719306666674,42.07016373333333,40.08247896,42.674956826666666,38.4599716,44.69428882666667,40.20378941333333,39.29168354666667,36.2528172,37.976172479999995,43.12662024,49.28233152000001,41.04802834666667,40.27510544,47.20672741333333,51.86776282666667,51.59643984,64.84458234666667,55.398110906666666,55.97713144,56.37888304,57.79053789333334,58.20207757333334,60.05732586666666,66.93564034666666,62.64893016,71.15212434666667,62.30542898666666,69.74205341333334,73.33329104,64.37313037333334,70.34207781333333,81.33027317333335,81.15343290666665,89.22256754666665,95.90952424,86.16197242666667,94.84933088,99.06533578666667,111.88678216,107.58245954666666,101.58170397333335,100.15846797333334,130.73980509333336,108.04942869333334,107.11534677333334,114.14086005333334,108.87425421333334,114.89715837333335,120.51928485333335,112.47148301333335,114.36599874666665,118.66787829333333,123.21568522666666,118.65896285333334,141.83287704,130.66806525333334,127.25085032,127.07359778666667,135.63647042666665,134.96540901333336,126.97390472,153.21509346666667,145.71789133333334,152.01312890666668,148.79755906666665,140.31072250666665,142.21741122666666,153.30022029333335,150.84115584,145.16885997333335,146.19625381333333,150.84254613333334,164.53098863999998,157.12838685333335,159.77810794666667,170.6211644,160.44485880000002,180.24910466666665,163.58705346666667,156.16819762666665,163.68919874666668,154.66634704,160.26883154666666,155.95713397333336,162.09513061333334,177.70562650666665,175.98206376,175.88659266666664,166.65005914666665,165.74879096,176.64638149333334,173.80518296,175.78752314666664,180.39949021333334,161.09195621333333,184.86168250666665,181.89397485333336,180.34890034666665,176.12223112,181.4089832,165.93893498666665,165.72048248,169.48156002666664,165.68216784,176.62977373333334,165.11881706666665,168.1452504,187.29894544,185.63457450666667,169.33252832,181.39142944,169.89012674666668,185.25877663999998,172.50889157333336,174.57369965333334,174.57650959999998,196.86532744,185.14427456,175.14350565333334,170.75106250666667,172.51160570666664,163.79726837333334,176.37959421333335,176.80429965333335,209.78235063999998,180.56877128,172.45917789333333,177.37147733333333,164.79836096,188.73512501333335,175.80009112000002,183.19603650666667,169.33358338666665,170.64060024,188.30110450666666,179.68183981333334,199.74910015999998,185.17156872,188.61995792,188.04722063999998,172.24941349333335,183.56536890666666,173.42890901333334,171.72221618666666,187.42907509333332,180.62899042666666,176.58893333333333,182.10216370666666,186.10523168,173.42466706666667,180.18261602666664,173.09211429333334,160.9111808,170.00419429333334,174.63270391999998,181.45675205333333,189.86932453333333,186.10199096,178.36373130666664,183.03693031999998,175.96180941333336,172.07356250666666,190.26969277333333,161.62858213333337,167.69208976,165.46352384,176.97198903999998,174.27534368000002,176.78785231999998,185.28384312,161.19296810666665,167.38776856,156.75338256],