{"message":"Aggregated IX data for Toronto IX","data":{"nServiceId":null,"width":287,"jServiceId":null,"start":1503129900000,"end":1503215700000,"name":"Toronto IX","in_octets":[],"out_octets":[],"in_bps":[76.87441226666667,82.40382656,77.93423309333333,72.42074856,66.26125965333334,67.59252992,60.755453173333336,64.11935677333334,63.680345706666664,61.449114693333335,70.95423287999999,64.24194861333334,66.79673815999999,65.91946381333334,59.94938304,67.25598645333334,67.5333944,64.04966586666666,54.44636104,64.23495610666666,59.41830536,68.00113677333334,61.34017341333333,67.98809178666666,70.42470250666666,69.55641189333333,78.25554712,89.91502194666666,70.23180794666666,73.12064882666667,70.947406,77.842536,75.04011674666667,76.89944309333333,80.22272864,84.85358210666665,86.07633925333334,94.02884410666665,93.70757882666665,105.52882312,111.55018234666665,110.63145648,107.39353448,108.11230482666666,98.07985605333334,116.24176533333335,106.22219901333335,121.60739906666666,118.49991210666666,139.22997536000003,130.40750248,123.8182044,128.9214348,130.92003498666665,120.27000082666666,127.92361432,126.35487533333334,134.2200984,137.13784653333335,135.4836892,139.38368370666666,142.79148208,149.67249562666666,140.78329632,150.17422794666666,151.76093725333334,153.14148290666665,156.62692834666666,166.00244218666666,166.17625885333337,160.69504394666666,173.04961032,163.74132903999998,177.14077464,179.03850106666667,162.01411376,163.51973392,171.65223154666666,203.44299893333334,162.78382901333336,167.90836063999998,173.36856997333336,167.97273261333333,175.02724842666666,172.51574589333333,182.13700994666667,190.44909256,178.76493904,176.630156,181.40842591999998,190.24515722666666,175.88343997333337,173.60547344,166.79954418666668,158.77999114666665,175.84890573333334,184.06671669333335,183.50459768000002,167.15986170666665,185.02794472,194.1933856,201.34670509333333,212.41776133333335,204.57778463999998,192.02441792,188.41351618666667,194.81679781333332,187.55497813333335,196.86015218666668,232.63956885333334,196.34210312000002,186.25226749333333,180.10942549333333,188.28552261333334,180.77775975999998,184.74583573333334,213.50585848,198.08369282666666,215.49522418666666,229.27872906666667,194.96804629333334,208.83437197333336,188.56202786666665,207.2100136,221.83209357333337,221.20997943999998,210.43041842666665,197.39293957333336,192.25714194666665,198.51488776,199.65816605333333,188.26643933333335,203.95087074666668,218.97265941333336,217.44031152000002,212.22076074666666,202.78165328,195.93559928,189.93918498666665,194.73715386666663,186.47396365333333,199.23721368,177.23534578666667,186.11470544,187.79623224000002,195.97663058666663,201.17229906666665,199.80491122666666,196.52077978666665,189.37905432,195.66088815999998,182.28818514666665,194.82533618666668,202.2480896,198.24930042666665,192.6908216,180.94980514666665,181.10501624,175.95420912,182.82814381333333,196.19772189333335,181.13458791999997,183.84373754666666,184.37763010666666,188.77493424000002,180.22144317333334,183.85286634666667,188.6701988,189.44200850666667,183.37084941333336,184.35345693333335,193.19249186666664,181.78069962666666,190.02502469333336,196.70438338666665,189.88737301333336,191.05056448,188.97357824000002,192.29980786666664,180.56299847999998,196.91300789333334,188.97378232,182.653624,187.54197818666665,188.64264488,183.90160629333334,189.99927229333335,193.99011258666664,181.57423077333334,192.78532237333334,186.99487562666667,186.00463072,194.08923381333332,189.17968861333335,169.30850597333335,177.9761,175.72303874666667,174.39924896,180.3364004,201.19509743999998,182.48249394666666,179.54100581333333,196.84603048,182.88853168,208.75686,198.30790746666668,184.33478663999998,185.93605709333335,201.54362429333335,182.83242997333335,204.05391293333335,201.41506909333333,203.64742152000002,195.91443829333335,180.52877397333336,191.57602287999998,203.05072301333334,186.24087421333334,185.15883229333335,172.76222056,182.80227074666666,176.19366997333336,174.37712373333335,171.08333815999998,182.38548661333334,175.87402309333334,182.87511085333335,179.29891738666666,191.44664744,176.23385037333333,183.06629424000002,185.19558322666666,176.99583306666668,184.94111490666666,174.93986263999997,168.31575706666666,172.20858791999999,166.05727226666664,177.08630632,156.90512263999997,160.00579528,158.74748456,151.22907181333332,155.56066080000002,146.72627261333335,139.89188450666666,137.53106901333334,140.94433704,152.28949738666665,139.91855957333334,130.83999957333333,137.09265490666667,134.86788218666666,117.83192349333333,119.95099869333335,115.33166272,128.23736312,120.29957146666665,116.31339312,116.27707970666667,115.33146488,100.95769418666666,98.26556976,101.12262114666666,108.73652736,100.52532834666665,92.06710584000001,89.87477426666665,94.26104946666665,84.92032466666666,85.96606159999999,90.18997405333334,92.4553332,79.44651365333334,85.07272117333335,79.39624040000001,131.9199368,102.90055573333335,76.45610973333334,82.14661773333334,88.59725210666666,77.86996250666667,71.98014090666666,89.04503442666666,92.03806626666665,84.39748698666665,96.97600061333334],