{"message":"Aggregated IX data for Toronto IX","data":{"nServiceId":null,"width":285,"jServiceId":null,"start":1508069100000,"end":1508154900000,"name":"Toronto IX","in_octets":[],"out_octets":[],"in_bps":[86.37062741333334,88.31336010666665,98.58493037333335,91.02641741333335,110.25485949333334,112.42335834666665,109.26192879999999,110.23748581333335,108.28168138666666,118.05375066666666,114.28886442666666,111.95801282666665,109.91210469333335,116.52637464,115.40747312,128.56076869333333,141.62604581333332,131.96924016,122.67118093333333,134.14229474666666,121.81696445333334,132.27306751999998,134.42619458666664,143.15054672,132.76679074666666,142.60138584,143.07928773333336,142.04612477333333,150.23793397333336,151.32502373333335,144.61802064,164.39359098666665,164.3230012,153.16031397333336,166.49648224,160.77234933333335,183.78431042666665,162.20497456,167.97216154666665,152.66232437333335,155.37146464,169.10913021333334,165.74571944,183.39063402666665,186.03177581333333,161.08223962666668,173.09242528000001,167.86275194666666,162.99665277333335,151.79840002666663,171.16543930666666,175.53892037333333,175.9435928,175.06678818666666,168.48718373333335,182.13336218666666,176.26447696,182.74976749333334,166.15187789333334,174.23008229333334,189.43979224,177.59787029333336,181.19497165333334,189.27572002666665,189.76857552,183.56979413333335,177.92273074666667,178.51637184,167.46929256,175.43306058666664,186.17409904,210.45828064,199.33275669333335,184.39485810666665,179.44068125333334,211.56611421333335,193.06296165333333,195.18497058666665,182.20850432,186.546854,187.84490373333335,178.63436303999998,181.75556325333332,194.69601256,180.43885138666664,184.07106101333335,175.33833098666665,196.852168,194.19125293333335,208.28236616,201.33804632,207.17859504,201.54026509333335,199.22790410666664,187.55498538666666,202.87128661333335,206.23269914666665,214.71387063999998,208.35603944,194.76843818666666,195.217854,208.22328922666665,236.81313432,246.30787722666665,240.2176656,236.94446224,246.90441282666666,260.73682589333333,257.2977034666667,232.80643869333335,224.19412301333335,243.03438149333334,212.56340266666666,196.94186624,193.25543048,178.22517968,179.29743674666668,184.91941162666666,183.92520226666664,170.12126266666667,185.30654029333334,179.97620853333333,180.46743797333335,172.21540381333332,189.60737333333336,211.24546752,203.38122941333336,199.41563829333336,180.94840605333334,176.84412954666666,175.76983093333334,172.65814589333334,173.46273690666666,176.39997570666665,190.83448752,183.24951733333333,181.59483584,189.56658373333335,171.35658453333332,172.9850784,175.41176375999999,196.56271088,199.89246426666665,192.83566552000002,183.35384304,192.42772165333335,182.07694970666665,196.51780768,180.94634157333334,178.74303853333333,191.20626146666666,191.62708765333335,187.93962757333335,178.72745653333334,187.00641824000002,186.87659904,204.27320880000002,201.74995410666665,189.36487352,186.19328165333334,174.29334490666668,175.68376744,182.06510746666666,173.51446592,175.22797168,177.08130925333333,169.96808450666666,175.91105816,184.28969418666668,164.54504330666666,163.92343930666664,175.72228709333334,175.84844213333335,189.74068232,195.01751080000003,173.61461093333332,176.22641224,166.71991754666666,159.41898487999998,148.07185050666666,141.0501916,147.29579058666664,146.77961488,148.37433370666665,158.92824954666665,132.55119962666666,137.69509482666666,163.19109354666665,162.83535658666665,155.16896066666666,165.79535405333334,168.72093245333335,146.40226549333335,132.61557965333336,132.21042466666665,128.23507320000002,121.26538997333334,118.82704776,117.06974938666666,120.01128970666666,101.70540168000001,106.3757672,88.96348416,92.126014,102.15473632,82.80097272,90.35148672,79.78092256000001,81.21802314666667,83.53372437333336,86.02840946666666,83.46813301333336,82.53239037333336,82.11750866666665,84.78138189333335,83.19455733333335,77.31605397333334,71.85736346666667,69.12775184,75.41955066666665,69.18203184000001,78.08457877333333,70.92491397333335,66.25256170666667,67.84676925333333,70.85280415999999,60.23239317333334,60.26441232,58.15663005333334,75.93869738666666,63.180608906666656,65.0200116,54.18304133333333,68.45554256,53.82197373333334,49.36211632,76.77572506666667,81.68760437333334,74.15234821333334,54.47226664,68.89700898666666,67.65562565333333,49.17306250666667,62.124618586666664,58.300963786666664,70.82508821333334,54.799640186666664,56.350126960000004,70.50623101333333,48.51367992,55.11781573333334,54.73440128,58.17388850666666,55.131822799999995,57.39019557333333,72.51676405333335,68.37177445333333,60.65083072,55.52185202666667,70.74230888,68.26806896,65.28478122666665,59.42192445333334,63.71221682666666,69.13627461333334,66.20785013333334,83.71537378666666,73.01705658666665,76.06047221333334,79.48942168,88.7873276,87.86118850666666,93.21838045333335,98.31883965333336,106.32604712,90.46470909333335,90.03175864,96.16112309333334,132.33376114666666,113.96413831999999,110.92589650666666,116.76949581333335,124.91854061333335,116.06562213333333,132.02808690666666],