{"message":"Aggregated IX data for Toronto IX","data":{"nServiceId":null,"width":213,"jServiceId":null,"start":1496606700000,"end":1496670900000,"name":"Toronto IX","in_octets":[],"out_octets":[],"in_bps":[230.21998936000003,250.89955136,266.3451011733333,279.20463872000005,296.8456632,241.51388224000002,285.71638072,262.88784202666665,264.9787248,260.67609544,283.66364837333333,292.61964744,273.59008650666664,266.6473053066666,268.98086557333335,261.27701048,277.67653461333333,278.60810632,233.74742274666667,295.82543112,289.06044168,303.51187312,239.91967378666666,238.09569725333333,259.69146064,265.88939482666666,265.35979280000004,238.86442357333334,257.2850552,261.78666050666664,246.18317482666666,265.85685421333335,256.69298191999997,230.83306050666667,261.49333975999997,241.41693557333335,269.54405768,265.83205568,312.37564154666666,306.6187988533333,284.7798915466667,254.28976901333334,250.33653117333336,251.57454826666665,239.2839068,240.86652509333334,239.40207736000002,253.02628109333332,265.31662509333336,252.71424541333334,252.78354498666664,257.92117261333334,242.11083272,262.44260842666665,253.37952088,247.56385362666666,246.13373682666665,247.68310410666666,254.15820768,259.8731664,289.6618568533333,277.07357986666665,280.65010674666667,270.18466517333337,264.6860564533333,283.79864018666666,269.7195477866666,275.76130832,270.387334,275.52191912,269.8016089066666,311.5816870933333,374.93140405333327,366.4914770666667,342.7095885333333,320.6208922666667,309.3888818933333,310.00084154666666,309.6318140266667,302.93937208,289.00011056,305.28941448,295.64260413333335,307.73851186666667,277.48946248000004,232.37524522666666,243.33584666666667,265.67134797333335,265.5851189333333,257.52784045333334,263.76536336000004,194.20447402666665,179.68276906666665,193.23354304,213.27391712,209.20274786666664,211.7613048,236.78895621333334,240.75685322666666,282.72845613333334,317.13296183999995,245.66353984,231.80740872,198.33967602666664,169.79867133333335,143.72601178666667,188.13762648,144.93439192,146.75093882666664,147.90059154666665,131.02649141333333,135.16524274666668,130.83222469333333,138.97870138666664,137.15470845333334,134.14240714666667,122.28095666666665,120.41358122666666,114.14123797333335,111.14085645333334,116.72999333333334,124.95449925333334,135.12990728,128.20405656,130.06486442666667,156.09579189333334,153.75497061333334,165.80799581333332,182.12382856,152.79263653333334,140.97081909333335,142.93292808,144.87644317333334,113.70429485333334,109.29667730666665,100.49448122666666,101.34144618666666,98.26212634666665,116.07743594666665,98.42101349333333,93.21613074666665,94.51622976,90.69133736,97.92191330666665,101.50512157333334,98.65088173333335,104.61904610666666,88.09821645333335,91.11357714666666,88.45998328,82.99825240000001,94.99163450666666,92.59337893333334,93.74649805333334,81.64543498666664,83.56935674666666,84.3900572,82.58134288,94.12757031999999,88.51234954666666,92.70186893333334,98.38824818666666,101.00911008,93.05927250666666,92.26832213333334,94.40933559999999,102.91133216,100.2691564,101.11002917333334,106.83519992000001,116.04159114666666,0.0,0.0,123.99958637333334,120.8264872,133.93832106666667,144.19393328,146.66371754666665,147.69856285333336,155.86666768,159.2148204,160.18147391999997,177.61297602666664,167.12464975999998,168.79453194666667,178.16757341333334,201.56886047999998,197.62297117333335,201.32872968,190.9390964,225.17008050666666,221.6346144,210.38882314666665,238.38769453333333,222.78219293333333,215.51034896000002,229.52409605333335,228.42304061333334,232.98248266666667,231.62523445333335,243.49638362666667,238.20814994666665,239.67987346666666,248.93971282666666,261.68749813333335,242.34048853333334,255.49504229333334,257.43001536,292.7499095733333,260.63110674666666,275.0768224533333,321.56601992000003,268.63152914666665],"out_bps":[229.77621362666667,248.24261362666667,266.02283418666667,276.90977848,294.7742332266667,242.62988922666665,281.6954930133333,265.67552458666665,262.6931005866666,257.16345498666664,283.4440526666666,291.23362034666667,273.81319941333334,262.69455858666663,270.6659637866666,258.68847784,276.19903048000003,277.76408786666667,234.08899354666664,293.0207732,288.0800624266667,301.4860366133333,240.65230498666665,235.64610869333336,258.57515765333335,264.98674504,263.65916458666663,237.56944608,256.08589912,258.70108616,248.60957493333333,265.1863391466666,253.17284914666664,228.44512629333335,262.07946021333333,239.27721538666665,266.80573245333335,265.4804811733334,312.6082277333333,305.09235528,284.01516792,251.8319068,250.80364319999998,251.65219093333334,236.50614509333334,241.17622053333332,237.313158,251.15590722666667,263.56800237333334,251.78727447999998,251.38249602666664,255.60972597333335,241.12639912,261.85434229333333,251.60394775999998,247.49409757333336,245.57327264,244.01355773333336,254.3278088,258.04642077333335,287.00662141333333,276.1837882666666,280.48363557333334,268.46676202666663,263.10958170666663,283.61858077333335,266.96396773333333,275.09565037333334,267.7988053066666,275.08608319999996,269.73645053333337,309.09891719999996,371.6729697066667,364.86816072000005,341.2045762133333,317.4537427733333,308.61263272,307.64590504,310.2166295466667,303.4406507733333,286.62161968,299.3240203466667,297.4332011466667,305.9116625866667,277.65163728,229.95430562666667,242.48441096000002,264.68163298666667,263.10059016,258.34558453333335,259.36783008000003,196.49919663999998,178.03603866666666,192.68293672,212.80929069333337,205.80479066666666,209.47819901333335,236.40244778666667,239.18776189333335,277.2258445333334,320.7395737866667,242.69047104,229.70372840000002,200.00431709333333,168.10000077333333,143.39552370666664,186.44469784,144.38143453333333,145.50027042666665,146.42469650666666,130.52333786666665,134.57049149333335,129.69714853333335,137.32292717333334,136.46622738666665,133.65438442666667,121.54285941333335,119.87756789333335,113.54040861333334,110.01984301333336,115.95571005333335,122.23720245333335,135.81965413333336,126.93034253333335,129.52352256,153.97285413333336,151.84436858666663,165.24503152,182.65303733333334,150.38940661333334,141.54782898666664,141.35995962666667,144.11354789333333,112.21306381333335,108.84626789333335,99.95255866666666,100.07829120000001,97.36633741333334,115.93129071999999,97.20064546666666,92.74357618666666,94.04785736,89.35598373333335,97.23173090666666,100.66855128,97.61161754666665,103.66674816,87.09799528,89.87839085333334,88.56974213333334,82.24549031999999,93.94194973333335,92.25525631999999,92.11455133333334,80.53955125333334,82.40883090666665,84.42897576,81.60597333333334,93.82602373333334,87.84076717333335,91.86264466666665,97.34851317333334,100.17905762666665,92.08894845333334,91.53126050666665,93.43591309333335,102.43164250666666,99.82057378666666,99.97937997333334,106.18838370666667,115.51197909333335,0.0,0.0,122.84024554666665,120.38038813333334,133.11214664,142.74918693333333,145.82289442666664,147.02047765333333,155.55773202666663,157.91652263999998,159.15510866666665,176.99575063999998,165.35592319999998,168.08428237333334,177.56993146666667,200.04719903999998,197.20606589333335,200.4638544,190.12410144,225.03810869333336,219.49776973333334,208.58075898666664,237.11643066666664,222.43980824000002,214.29639949333335,229.31035810666665,226.48736682666666,231.80482328,230.05503674666667,242.60567848,237.578956,237.80232432,246.01359549333333,262.08441991999996,240.19270824,254.59138853333334,255.53636834666668,291.9948452266667,260.25931541333335,273.19656485333337,319.5487128266667,268.5657438933333],"in_packets":[],"out_packets":[],"in_errors":[],"out_errors":[]}}