{"message":"Aggregated IX data for Toronto IX","data":{"nServiceId":null,"width":287,"jServiceId":null,"start":1493021100000,"end":1493106900000,"name":"Toronto IX","in_octets":[],"out_octets":[],"in_bps":[187.04678581333334,193.43869925333334,172.89635789333335,194.53943816,195.10111573333336,186.77478957333335,182.80788312,145.97519496,96.72080850666666,94.40594389333334,83.82809554666665,88.16863677333335,81.06795669333334,89.51363778666666,198.93526119999999,189.33286613333337,199.12508541333335,198.70213968000002,205.36369813333334,188.97604898666665,187.74797306666667,184.53035637333335,193.22049194666667,193.47743709333332,206.98817106666667,205.76237663999999,207.26462141333334,196.12047512,203.02646575999998,203.38380058666664,208.56116834666668,197.97280143999998,224.46297405333334,210.45358397333337,226.70473109333332,191.73105088,146.01546290666667,146.46701613333335,203.32492218666667,240.21813802666665,252.46829029333335,250.56626247999998,252.39772690666666,269.36310498666666,251.93408232,249.55949922666665,246.05861613333335,268.52047639999995,213.92227370666666,184.24476373333334,265.21367618666665,271.9448002666667,259.12192824,190.21065253333333,199.6323644,203.49182509333335,207.10169944,208.23081191999998,194.12819752000001,202.47268141333336,223.09065976,231.73724672,277.9641267466667,317.5210755466667,319.65012482666674,335.93641176,323.8551268,327.4811272266667,304.64659919999997,335.02142858666673,322.58752216000005,323.10239530666666,339.4006154133333,339.46909074666667,355.1378446133333,323.72125893333333,350.6973876533333,336.3981938133333,349.5917322933333,344.5818538666667,336.3253932266667,317.16357704,334.29439722666666,327.8265242666667,331.35805936,336.7434881333333,359.08030106666666,353.6539145333333,344.3546594133333,366.1663671733333,333.29308912,349.42573488,357.7125414666667,359.57889461333326,350.7149188533333,366.9661405866667,362.8332564,387.9830529866667,344.37037074666665,371.5281438933333,334.03070149333337,314.2438556266667,396.99807218666666,370.99529386666666,385.23246002666673,362.35784056,379.8302073866667,383.6251629866667,393.75254186666666,359.7465999733333,382.8526780266667,301.8704931733333,274.75689639999996,301.5731188266667,288.3657154666667,371.0230269333333,373.95578919999997,356.1781354133333,348.59556536,366.1531279733333,287.61344904000003,280.4152039466667,299.7362462133333,274.8714090666667,265.71105717333336,273.10957149333336,260.32803061333334,266.12124856,256.18923858666665,273.59115544,276.44164370666664,265.0534569866667,260.0928470933333,259.02341706666664,275.36119994666666,264.40758050666665,263.2876125066667,284.61220360000004,281.73755338666666,268.0673371733333,266.23185522666665,281.59882946666664,272.65282951999995,261.36014501333335,272.13921482666666,262.58873458666665,267.71778658666665,268.29518808,286.1400917066666,277.46836965333335,289.15953648000004,253.30954282666664,258.8724247466667,279.40496765333336,260.2744770666667,253.15114376,277.09855904,258.95170429333336,269.83661712,275.4685364266667,254.79036578666665,261.42963506666666,257.58836432,259.44149909333333,245.86293050666666,241.95463106666665,245.0384432,239.52582759999999,257.6127566933334,272.65888176,267.5798141066667,275.24618272000004,257.06665194666664,243.76704464,252.77328530666665,247.33642175999998,240.00203098666665,270.3773215466667,255.40537266666666,253.86640056,262.74360570666664,267.0274475466667,260.62970287999997,264.08151597333335,265.01876824,249.31230381333333,243.43644493333335,255.35620698666665,269.78457829333337,288.42234192,263.1990864,255.99377394666666,265.8866144,266.57782768,263.3758100266666,263.55301557333337,259.5615589066667,257.67853434666665,265.16586968,254.11979698666664,252.17245912,268.91765194666664,254.91814629333336,270.36360378666666,282.57895560000003,292.6049652266667,288.14585093333335,281.53460752,297.78990704,264.4941148533334,276.84580021333335,268.8986078666667,270.7021495733333,285.89767882666666,279.1162940533333,279.92310101333334,260.9409085066667,269.7899572,299.5709902133333,279.06433138666665,267.4939672,345.96963368,341.7676541866667,329.12091578666667,348.30886154666666,338.83151088,307.54730888,301.7916002133333,272.69881898666665,275.48139861333334,296.3643228533333,265.59015149333334,263.12844114666666,266.28529477333336,266.12288773333336,234.74622463999998,204.05380157333335,215.95394088,216.77274301333335,215.13724861333336,209.82137498666665,219.83306706666667,207.38483047999998,207.34127272,222.96522191999998,224.04575618666667,200.56704485333336,188.77242421333335,180.59606554666667,174.09671968,177.21503690666665,182.13888970666665,189.31708184000001,168.00713637333334,173.52369442666665,171.45091850666665,159.46470322666667,156.33635784,162.38970277333334,142.33543421333334,137.76378805333334,143.02642301333336,118.96231413333334,136.14283389333335,211.50968218666668,188.49613152,181.70139024000002,183.92426397333335,170.31849357333334,177.66196226666665,187.70096309333334,161.80831858666664,161.64879506666665,180.54737944,170.64876536000003,156.52149232,157.98960469333335,158.98429674666667,149.9520732,134.36346229333336,146.90211624,150.99550794666666,151.52664536,136.86477216,129.22905933333334,107.11527994666666,141.63250986666665],